predicted,truth,output,top,path
7,9,"[0.0243, 0.0583, 0.1332, 0.1041, 0.1425, 0.1437, 0.0786, 0.1450, 0.0932, 0.0770]",0.1449543833732605,2024-07-29-17-46-25/SITE483_ORNT95_VIS15mi.png
8,8,"[0.0003, 0.0013, 0.0027, 0.0037, 0.0050, 0.0157, 0.0154, 0.0086, 0.8657, 0.0817]",0.8656941056251526,2024-06-17-10-37-40/SITE324_ORNT115_VIS9mi.png
9,2,"[0.0087, 0.0130, 0.0447, 0.0381, 0.0280, 0.0348, 0.0354, 0.0856, 0.0256, 0.6861]",0.6861329078674316,2024-12-29-16-00-12/SITE59_ORNT333_VIS3mi.png
1,3,"[0.1091, 0.2426, 0.1897, 0.1837, 0.1150, 0.0772, 0.0419, 0.0333, 0.0060, 0.0015]",0.24255642294883728,2024-08-01-10-54-34/SITE86_ORNT239_VIS4mi.png
8,4,"[0.0074, 0.0321, 0.0807, 0.0282, 0.1097, 0.2150, 0.0481, 0.0565, 0.4048, 0.0174]",0.40481218695640564,2025-02-01-12-44-07/SITE385_ORNT50_VIS5mi.png
9,7,"[0.0094, 0.0165, 0.0609, 0.0621, 0.0527, 0.0604, 0.0724, 0.1436, 0.0419, 0.4800]",0.4800083041191101,2025-04-10-17-56-44/SITE215_ORNT130_VIS8mi.png
2,3,"[0.0352, 0.0842, 0.1684, 0.1419, 0.1464, 0.1432, 0.1197, 0.1007, 0.0305, 0.0299]",0.16837620735168457,2024-07-04-10-22-12/SITE239_ORNT202_VIS4mi.png
8,8,"[0.0073, 0.0332, 0.0838, 0.0290, 0.1206, 0.2379, 0.0530, 0.0574, 0.3651, 0.0125]",0.3650863468647003,2025-02-14-15-24-27/SITE355_ORNT130_VIS9mi.png
1,0,"[0.1955, 0.3028, 0.1823, 0.1493, 0.0744, 0.0480, 0.0233, 0.0200, 0.0031, 0.0013]",0.30279624462127686,2024-05-07-15-42-07/SITE116_ORNT108_VIS1-25mi.png
4,1,"[0.0303, 0.0784, 0.1492, 0.1118, 0.1629, 0.1524, 0.0761, 0.1251, 0.0708, 0.0430]",0.1628573089838028,2025-01-29-12-01-12/SITE607_ORNT90_VIS2mi.png
8,7,"[0.0006, 0.0023, 0.0049, 0.0073, 0.0086, 0.0217, 0.0219, 0.0183, 0.7607, 0.1538]",0.7606619596481323,2024-07-24-16-43-44/SITE366_ORNT40_VIS8mi.png
2,1,"[0.1228, 0.1775, 0.1957, 0.1583, 0.1105, 0.0803, 0.0619, 0.0606, 0.0093, 0.0229]",0.19574247300624847,2025-03-01-18-07-41/SITE86_ORNT321_VIS2-5mi.png
3,6,"[0.0934, 0.1302, 0.1525, 0.1796, 0.1248, 0.0828, 0.0830, 0.1049, 0.0136, 0.0353]",0.17964133620262146,2024-07-23-13-08-12/SITE584_ORNT225_VIS7mi.png
3,7,"[0.0338, 0.0824, 0.1380, 0.1740, 0.1616, 0.1280, 0.1250, 0.1146, 0.0231, 0.0196]",0.17395317554473877,2024-07-14-13-28-24/SITE251_ORNT335_VIS8mi.png
8,8,"[0.0004, 0.0021, 0.0039, 0.0045, 0.0083, 0.0257, 0.0192, 0.0093, 0.8841, 0.0425]",0.8841440677642822,2024-08-10-09-44-28/SITE324_ORNT225_VIS9mi.png
9,2,"[0.0082, 0.0136, 0.0477, 0.0473, 0.0341, 0.0411, 0.0433, 0.1036, 0.0454, 0.6158]",0.6157664656639099,2024-12-23-15-38-40/SITE446_ORNT165_VIS3mi.png
2,9,"[0.0842, 0.1111, 0.1863, 0.1296, 0.1073, 0.0868, 0.0682, 0.0963, 0.0202, 0.1100]",0.1863098442554474,2025-02-19-12-18-05/SITE586_ORNT100_VIS10+mi.png
9,9,"[0.0079, 0.0127, 0.0465, 0.0472, 0.0346, 0.0405, 0.0482, 0.1156, 0.0349, 0.6120]",0.6120197772979736,2025-03-15-15-41-34/SITE578_ORNT0_VIS10+mi.png
6,4,"[0.0106, 0.0331, 0.0853, 0.1326, 0.1587, 0.1533, 0.2129, 0.1618, 0.0352, 0.0165]",0.21291962265968323,2024-06-06-17-01-51/SITE12_ORNT200_VIS5mi.png
8,9,"[0.0013, 0.0053, 0.0095, 0.0114, 0.0175, 0.0424, 0.0284, 0.0197, 0.7953, 0.0691]",0.7952566146850586,2024-07-05-14-33-31/SITE406_ORNT190_VIS14mi.png
9,0,"[0.0209, 0.0358, 0.1201, 0.0883, 0.0873, 0.1004, 0.1000, 0.1345, 0.0460, 0.2667]",0.26674050092697144,2025-02-02-12-13-03/SITE831_ORNT0_VIS1mi.png
1,5,"[0.1580, 0.2639, 0.1839, 0.1692, 0.0923, 0.0599, 0.0340, 0.0310, 0.0050, 0.0028]",0.2638877034187317,2024-09-08-13-07-06/SITE557_ORNT8_VIS6mi.png
1,1,"[0.1702, 0.2783, 0.1957, 0.1456, 0.0859, 0.0612, 0.0310, 0.0253, 0.0040, 0.0027]",0.27831634879112244,2025-03-01-18-07-41/SITE86_ORNT75_VIS2-5mi.png
8,9,"[0.0037, 0.0142, 0.0389, 0.0386, 0.0594, 0.1141, 0.0554, 0.0760, 0.5114, 0.0883]",0.5113948583602905,2024-05-03-12-14-06/SITE485_ORNT20_VIS15mi.png
8,8,"[0.0008, 0.0034, 0.0056, 0.0030, 0.0061, 0.0257, 0.0157, 0.0064, 0.8171, 0.1162]",0.8170690536499023,2024-04-25-17-48-06/SITE377_ORNT110_VIS9mi.png
1,7,"[0.0840, 0.2025, 0.1778, 0.1959, 0.1330, 0.0938, 0.0587, 0.0437, 0.0077, 0.0028]",0.20254738628864288,2024-07-28-13-48-26/SITE417_ORNT220_VIS8mi.png
1,0,"[0.1742, 0.2662, 0.2177, 0.1287, 0.0863, 0.0637, 0.0289, 0.0262, 0.0048, 0.0032]",0.2662343680858612,2025-03-26-12-24-08/SITE251_ORNT25_VIS1mi.png
2,3,"[0.0813, 0.1552, 0.2175, 0.1088, 0.1343, 0.1282, 0.0484, 0.0609, 0.0392, 0.0261]",0.21745729446411133,2025-04-16-13-54-24/SITE460_ORNT165_VIS4mi.png
2,5,"[0.0716, 0.1005, 0.2069, 0.1146, 0.1215, 0.1222, 0.0867, 0.0862, 0.0202, 0.0694]",0.20691479742527008,2024-08-10-09-44-28/SITE747_ORNT0_VIS6mi.png
1,1,"[0.1681, 0.2692, 0.2012, 0.1523, 0.0889, 0.0579, 0.0297, 0.0267, 0.0048, 0.0013]",0.26915159821510315,2024-07-18-14-04-18/SITE73_ORNT335_VIS2mi.png
1,1,"[0.2744, 0.2755, 0.1516, 0.1267, 0.0680, 0.0353, 0.0245, 0.0337, 0.0051, 0.0054]",0.2754564881324768,2025-02-04-15-47-48/SITE33_ORNT215_VIS2mi.png
8,8,"[0.0108, 0.0366, 0.1133, 0.0556, 0.1278, 0.1851, 0.0630, 0.1148, 0.2380, 0.0549]",0.23803932964801788,2025-04-14-19-44-02/SITE362_ORNT25_VIS9mi.png
9,6,"[0.0118, 0.0241, 0.0777, 0.0771, 0.0835, 0.1136, 0.1580, 0.1616, 0.0325, 0.2602]",0.2602154612541199,2025-01-29-12-01-12/SITE25_ORNT320_VIS7mi.png
7,6,"[0.0098, 0.0249, 0.0876, 0.0932, 0.1137, 0.1299, 0.1238, 0.1895, 0.1042, 0.1235]",0.1894875019788742,2025-04-11-14-52-32/SITE507_ORNT0_VIS7mi.png
9,9,"[0.0150, 0.0142, 0.0343, 0.0146, 0.0120, 0.0222, 0.0127, 0.0253, 0.0068, 0.8431]",0.8430534601211548,2025-02-15-15-20-00/SITE583_ORNT40_VIS10+mi.png
9,3,"[0.0341, 0.0453, 0.1004, 0.0586, 0.0504, 0.0581, 0.0341, 0.0750, 0.0425, 0.5017]",0.501656711101532,2025-02-16-12-49-10/SITE658_ORNT25_VIS4mi.png
2,2,"[0.0550, 0.1485, 0.2100, 0.0973, 0.1518, 0.1586, 0.0480, 0.0622, 0.0575, 0.0111]",0.21002160012722015,2024-05-30-17-47-26/SITE394_ORNT180_VIS3mi.png
2,4,"[0.0720, 0.1077, 0.1681, 0.1523, 0.1065, 0.0844, 0.0812, 0.1043, 0.0178, 0.1058]",0.16808709502220154,2025-03-29-15-28-57/SITE598_ORNT285_VIS5mi.png
2,3,"[0.0866, 0.1879, 0.1967, 0.1677, 0.1291, 0.1029, 0.0649, 0.0481, 0.0092, 0.0069]",0.19667206704616547,2025-03-05-12-08-53/SITE40_ORNT295_VIS4mi.png
9,1,"[0.0095, 0.0172, 0.0597, 0.0555, 0.0528, 0.0747, 0.0924, 0.1311, 0.0318, 0.4752]",0.47524550557136536,2025-02-05-13-59-56/SITE59_ORNT10_VIS2mi.png
2,5,"[0.0889, 0.1402, 0.1806, 0.1576, 0.1156, 0.0812, 0.0664, 0.0975, 0.0204, 0.0516]",0.18057821691036224,2025-03-28-10-38-15/SITE658_ORNT305_VIS6mi.png
9,0,"[0.0173, 0.0293, 0.1002, 0.0806, 0.0703, 0.0789, 0.0817, 0.1322, 0.0389, 0.3706]",0.37058335542678833,2025-04-01-16-59-16/SITE97_ORNT98_VIS1-25mi.png
6,6,"[0.0045, 0.0152, 0.0257, 0.0526, 0.0987, 0.2169, 0.4312, 0.1043, 0.0202, 0.0306]",0.43118441104888916,2024-07-01-19-28-49/SITE19_ORNT170_VIS7mi.png
2,7,"[0.1132, 0.1639, 0.1759, 0.1578, 0.1184, 0.0769, 0.0590, 0.0851, 0.0161, 0.0337]",0.17585262656211853,2025-01-15-15-33-17/SITE602_ORNT175_VIS8mi.png
2,1,"[0.0913, 0.1700, 0.2203, 0.0757, 0.1217, 0.1208, 0.0344, 0.0583, 0.0653, 0.0422]",0.22026591002941132,2025-02-16-12-49-10/SITE411_ORNT220_VIS2mi.png
9,9,"[0.0127, 0.0142, 0.0357, 0.0197, 0.0178, 0.0372, 0.0227, 0.0339, 0.0086, 0.7975]",0.7975347638130188,2025-01-28-16-10-28/SITE658_ORNT120_VIS10+mi.png
1,0,"[0.1886, 0.2265, 0.1902, 0.1397, 0.0854, 0.0580, 0.0405, 0.0443, 0.0070, 0.0197]",0.2264532893896103,2025-03-23-13-51-54/SITE116_ORNT3_VIS1-25mi.png
9,9,"[0.0074, 0.0114, 0.0396, 0.0390, 0.0266, 0.0317, 0.0353, 0.0918, 0.0295, 0.6876]",0.6876007318496704,2025-01-23-15-05-27/SITE616_ORNT0_VIS10+mi.png
9,5,"[0.0182, 0.0215, 0.0519, 0.0158, 0.0185, 0.0350, 0.0152, 0.0253, 0.0370, 0.7618]",0.7617717385292053,2025-02-19-12-18-05/SITE564_ORNT18_VIS6mi.png
9,9,"[0.0048, 0.0091, 0.0310, 0.0496, 0.0350, 0.0400, 0.0623, 0.1475, 0.0587, 0.5619]",0.5618534684181213,2024-10-11-15-41-13/SITE595_ORNT270_VIS10+mi.png
6,6,"[0.0156, 0.0411, 0.0681, 0.1409, 0.1735, 0.1625, 0.2212, 0.1404, 0.0204, 0.0161]",0.22123019397258759,2024-07-22-20-17-56/SITE437_ORNT340_VIS7mi.png
1,1,"[0.2423, 0.3053, 0.1835, 0.1370, 0.0612, 0.0340, 0.0163, 0.0167, 0.0030, 0.0006]",0.3052951693534851,2024-07-05-10-36-13/SITE48_ORNT275_VIS2mi.png
9,6,"[0.0165, 0.0283, 0.0929, 0.0796, 0.0725, 0.0822, 0.0915, 0.1351, 0.0339, 0.3674]",0.3674120008945465,2025-03-31-15-41-11/SITE59_ORNT333_VIS7mi.png
7,3,"[0.0053, 0.0142, 0.0468, 0.0954, 0.1168, 0.1122, 0.2109, 0.2639, 0.0584, 0.0761]",0.26394742727279663,2024-07-07-15-01-32/SITE19_ORNT260_VIS4mi.png
8,4,"[0.0093, 0.0424, 0.1168, 0.0409, 0.1307, 0.2439, 0.0562, 0.0631, 0.2841, 0.0125]",0.2841113805770874,2024-05-27-19-19-47/SITE490_ORNT280_VIS5mi.png
9,6,"[0.0284, 0.0413, 0.1162, 0.0938, 0.0848, 0.0881, 0.0880, 0.1293, 0.0280, 0.3020]",0.30202916264533997,2025-02-04-15-47-48/SITE598_ORNT180_VIS7mi.png
6,5,"[0.0080, 0.0238, 0.0707, 0.1126, 0.1432, 0.1465, 0.2262, 0.1929, 0.0423, 0.0337]",0.22619210183620453,2024-09-08-13-07-06/SITE623_ORNT180_VIS6mi.png
7,4,"[0.0067, 0.0159, 0.0519, 0.0924, 0.1131, 0.1097, 0.2092, 0.2543, 0.0545, 0.0923]",0.25426962971687317,2024-08-11-09-28-59/SITE581_ORNT350_VIS5mi.png
8,8,"[0.0011, 0.0040, 0.0103, 0.0161, 0.0174, 0.0351, 0.0297, 0.0445, 0.6303, 0.2115]",0.6303108930587769,2024-05-08-14-34-39/SITE310_ORNT284_VIS9mi.png
7,6,"[0.0093, 0.0292, 0.0766, 0.1236, 0.1811, 0.1513, 0.1628, 0.1860, 0.0679, 0.0124]",0.18595510721206665,2024-07-20-15-11-13/SITE332_ORNT15_VIS7mi.png
2,3,"[0.0366, 0.0811, 0.1633, 0.1335, 0.1464, 0.1414, 0.1111, 0.1102, 0.0371, 0.0392]",0.16329576075077057,2025-02-14-15-24-27/SITE844_ORNT200_VIS4mi.png
9,9,"[0.0076, 0.0145, 0.0589, 0.0621, 0.0530, 0.0625, 0.0803, 0.1593, 0.0551, 0.4466]",0.44660621881484985,2025-04-11-14-52-32/SITE831_ORNT260_VIS10+mi.png
8,8,"[0.0086, 0.0270, 0.0287, 0.0123, 0.0365, 0.1108, 0.0308, 0.0138, 0.6911, 0.0405]",0.6911377906799316,2025-03-01-18-07-41/SITE520_ORNT90_VIS9mi.png
2,3,"[0.1642, 0.1694, 0.2297, 0.0977, 0.0925, 0.0804, 0.0400, 0.0513, 0.0127, 0.0620]",0.22973854839801788,2025-02-04-15-47-48/SITE24_ORNT330_VIS4mi.png
1,3,"[0.1142, 0.1885, 0.1805, 0.1630, 0.1150, 0.0745, 0.0508, 0.0768, 0.0167, 0.0200]",0.18853618204593658,2024-05-22-13-05-54/SITE205_ORNT100_VIS4mi.png
6,5,"[0.0220, 0.0677, 0.1256, 0.1333, 0.1549, 0.1813, 0.1863, 0.0887, 0.0204, 0.0198]",0.18632619082927704,2024-08-16-20-03-50/SITE194_ORNT194_VIS6mi.png
3,4,"[0.0707, 0.1888, 0.1533, 0.2214, 0.1433, 0.0956, 0.0687, 0.0482, 0.0077, 0.0024]",0.22137480974197388,2024-08-01-10-54-34/SITE5_ORNT320_VIS5mi.png
0,4,"[0.3347, 0.2617, 0.1645, 0.0616, 0.0779, 0.0493, 0.0165, 0.0224, 0.0084, 0.0030]",0.33467188477516174,2025-01-23-15-05-27/SITE508_ORNT135_VIS5mi.png
2,1,"[0.0614, 0.1287, 0.1938, 0.1302, 0.1373, 0.1248, 0.0642, 0.0856, 0.0406, 0.0334]",0.1937771588563919,2025-02-04-15-47-48/SITE33_ORNT280_VIS2mi.png
8,8,"[0.0010, 0.0051, 0.0105, 0.0054, 0.0249, 0.0836, 0.0306, 0.0143, 0.8145, 0.0101]",0.8145194053649902,2024-07-28-13-48-26/SITE386_ORNT290_VIS9mi.png
7,3,"[0.0064, 0.0168, 0.0407, 0.0992, 0.1061, 0.1150, 0.1919, 0.2066, 0.0979, 0.1195]",0.2065516710281372,2024-06-16-19-09-40/SITE722_ORNT315_VIS4mi.png
4,1,"[0.0343, 0.0941, 0.1564, 0.1631, 0.1641, 0.1376, 0.0957, 0.1034, 0.0345, 0.0168]",0.1641450673341751,2024-07-05-14-33-31/SITE217_ORNT100_VIS2mi.png
8,2,"[0.0003, 0.0016, 0.0033, 0.0037, 0.0074, 0.0235, 0.0173, 0.0094, 0.9002, 0.0333]",0.90020352602005,2025-04-16-13-54-24/SITE366_ORNT95_VIS3mi.png
1,1,"[0.1480, 0.2791, 0.2234, 0.0871, 0.1013, 0.0912, 0.0286, 0.0268, 0.0132, 0.0014]",0.2790558934211731,2025-03-31-13-29-12/SITE383_ORNT215_VIS2-25mi.png
3,7,"[0.0379, 0.1139, 0.1557, 0.1866, 0.1656, 0.1332, 0.1109, 0.0749, 0.0161, 0.0051]",0.18663406372070312,2024-08-02-10-36-13/SITE45_ORNT290_VIS8mi.png
0,0,"[0.2880, 0.2708, 0.1488, 0.1318, 0.0632, 0.0319, 0.0238, 0.0320, 0.0039, 0.0058]",0.28804126381874084,2025-03-29-15-28-57/SITE198_ORNT80_VIS1-25mi.png
9,0,"[0.0322, 0.0510, 0.1231, 0.1132, 0.0982, 0.0957, 0.1073, 0.1368, 0.0260, 0.2164]",0.216378316283226,2025-01-28-16-10-28/SITE132_ORNT305_VIS1mi.png
8,5,"[0.0129, 0.0330, 0.1039, 0.0692, 0.1166, 0.1457, 0.0718, 0.1429, 0.1736, 0.1305]",0.17360037565231323,2025-02-02-12-13-03/SITE325_ORNT280_VIS6mi.png
9,7,"[0.0162, 0.0205, 0.0566, 0.0359, 0.0293, 0.0405, 0.0322, 0.0592, 0.0163, 0.6931]",0.6931261420249939,2025-02-10-14-47-56/SITE268_ORNT355_VIS8mi.png
5,7,"[0.0257, 0.0898, 0.1620, 0.0604, 0.1577, 0.2049, 0.0483, 0.0780, 0.1582, 0.0148]",0.20493696630001068,2025-02-01-12-44-07/SITE332_ORNT155_VIS8mi.png
3,2,"[0.0256, 0.0612, 0.1182, 0.1636, 0.1591, 0.1311, 0.1433, 0.1425, 0.0310, 0.0245]",0.1636330485343933,2024-09-07-11-42-21/SITE421_ORNT240_VIS3mi.png
8,8,"[0.0019, 0.0096, 0.0140, 0.0051, 0.0293, 0.0972, 0.0263, 0.0094, 0.7981, 0.0092]",0.7980550527572632,2025-03-05-12-08-53/SITE528_ORNT235_VIS9mi.png
8,8,"[0.0004, 0.0018, 0.0032, 0.0023, 0.0043, 0.0200, 0.0139, 0.0047, 0.8647, 0.0848]",0.8646759390830994,2024-06-03-13-44-33/SITE522_ORNT270_VIS9mi.png
8,8,"[0.0028, 0.0116, 0.0354, 0.0327, 0.0720, 0.1352, 0.0663, 0.0771, 0.5302, 0.0367]",0.530231773853302,2024-10-13-15-24-41/SITE471_ORNT255_VIS9mi.png
9,7,"[0.0110, 0.0182, 0.0699, 0.0583, 0.0476, 0.0571, 0.0646, 0.1229, 0.0360, 0.5145]",0.514476478099823,2025-04-13-19-09-12/SITE203_ORNT70_VIS8mi.png
4,4,"[0.0449, 0.1057, 0.1628, 0.1199, 0.1751, 0.1472, 0.0699, 0.1032, 0.0494, 0.0217]",0.1751348227262497,2025-02-27-11-22-46/SITE385_ORNT230_VIS5mi.png
0,0,"[0.3361, 0.2943, 0.1502, 0.1006, 0.0503, 0.0274, 0.0167, 0.0193, 0.0028, 0.0023]",0.33610275387763977,2024-07-02-16-22-41/SITE198_ORNT248_VIS1-75mi.png
8,8,"[0.0007, 0.0028, 0.0062, 0.0086, 0.0108, 0.0251, 0.0219, 0.0205, 0.7976, 0.1057]",0.797597348690033,2024-09-22-16-46-10/SITE454_ORNT90_VIS9mi.png
2,5,"[0.0747, 0.1794, 0.1879, 0.1771, 0.1404, 0.1093, 0.0697, 0.0485, 0.0089, 0.0041]",0.1879100799560547,2024-05-09-16-15-37/SITE8_ORNT278_VIS6mi.png
8,7,"[0.0065, 0.0248, 0.0799, 0.0472, 0.1088, 0.1812, 0.0673, 0.1013, 0.3361, 0.0471]",0.3360930383205414,2024-08-24-13-47-04/SITE340_ORNT230_VIS8mi.png
6,1,"[0.0075, 0.0190, 0.0487, 0.0935, 0.1262, 0.1484, 0.2530, 0.1961, 0.0363, 0.0713]",0.25302547216415405,2024-08-01-13-32-05/SITE575_ORNT85_VIS2-5mi.png
3,2,"[0.0571, 0.1091, 0.1634, 0.1695, 0.1368, 0.1039, 0.0922, 0.1085, 0.0221, 0.0372]",0.1694832295179367,2024-12-24-15-14-57/SITE45_ORNT180_VIS3mi.png
9,3,"[0.0331, 0.0454, 0.1067, 0.1103, 0.0915, 0.0800, 0.0872, 0.1505, 0.0278, 0.2675]",0.267490953207016,2025-03-18-13-52-55/SITE13_ORNT185_VIS4mi.png
1,3,"[0.1347, 0.2484, 0.1647, 0.2031, 0.1022, 0.0607, 0.0401, 0.0379, 0.0057, 0.0025]",0.2484312802553177,2024-07-26-10-22-16/SITE203_ORNT70_VIS4mi.png
9,7,"[0.0236, 0.0467, 0.1158, 0.1082, 0.1029, 0.1157, 0.1273, 0.1318, 0.0266, 0.2015]",0.20147041976451874,2025-03-17-19-09-03/SITE25_ORNT150_VIS8mi.png
6,5,"[0.0075, 0.0217, 0.0663, 0.1000, 0.1358, 0.1467, 0.2521, 0.1915, 0.0415, 0.0368]",0.2520712912082672,2024-08-18-13-20-24/SITE203_ORNT220_VIS6mi.png
8,8,"[0.0010, 0.0041, 0.0063, 0.0033, 0.0091, 0.0364, 0.0171, 0.0070, 0.8575, 0.0582]",0.8575318455696106,2024-08-29-14-11-27/SITE343_ORNT360_VIS9mi.png
1,3,"[0.1471, 0.2761, 0.1704, 0.1886, 0.0981, 0.0568, 0.0301, 0.0276, 0.0043, 0.0010]",0.27607813477516174,2024-07-05-14-33-31/SITE129_ORNT266_VIS4mi.png
1,0,"[0.1757, 0.2930, 0.1863, 0.1564, 0.0841, 0.0523, 0.0239, 0.0232, 0.0042, 0.0009]",0.29296013712882996,2024-09-08-13-07-06/SITE111_ORNT336_VIS1-5mi.png
1,4,"[0.0905, 0.2068, 0.1893, 0.1865, 0.1310, 0.0909, 0.0534, 0.0414, 0.0085, 0.0017]",0.20684108138084412,2024-08-31-14-30-34/SITE8_ORNT278_VIS5mi.png
1,1,"[0.1345, 0.2575, 0.1631, 0.2031, 0.1057, 0.0606, 0.0369, 0.0326, 0.0046, 0.0014]",0.257477343082428,2024-08-02-10-36-13/SITE29_ORNT200_VIS2-5mi.png
9,0,"[0.0059, 0.0117, 0.0400, 0.0668, 0.0515, 0.0556, 0.0887, 0.1863, 0.0671, 0.4263]",0.4262899160385132,2024-07-01-19-28-49/SITE239_ORNT110_VIS1-5mi.png
6,8,"[0.0195, 0.0419, 0.1130, 0.1103, 0.1247, 0.1352, 0.1629, 0.1492, 0.0331, 0.1102]",0.1628883332014084,2025-03-02-13-12-40/SITE53_ORNT223_VIS9mi.png
1,2,"[0.1400, 0.2523, 0.1681, 0.1943, 0.1037, 0.0621, 0.0375, 0.0347, 0.0053, 0.0022]",0.25225338339805603,2024-08-18-13-20-24/SITE179_ORNT185_VIS3mi.png
9,7,"[0.0094, 0.0192, 0.0682, 0.0862, 0.0787, 0.0789, 0.0944, 0.2010, 0.0640, 0.3000]",0.2999902069568634,2024-04-25-17-48-06/SITE241_ORNT214_VIS8mi.png
8,8,"[0.0071, 0.0282, 0.0411, 0.0130, 0.0689, 0.1843, 0.0422, 0.0192, 0.5816, 0.0144]",0.5815703272819519,2025-02-02-12-13-03/SITE343_ORNT360_VIS9mi.png
8,8,"[0.0096, 0.0261, 0.0627, 0.0457, 0.0716, 0.1244, 0.0585, 0.0794, 0.3257, 0.1962]",0.32573214173316956,2025-02-02-12-13-03/SITE281_ORNT20_VIS9mi.png
3,3,"[0.0516, 0.1668, 0.1793, 0.1859, 0.1559, 0.1258, 0.0755, 0.0459, 0.0110, 0.0023]",0.18587689101696014,2024-06-17-10-37-40/SITE234_ORNT350_VIS4mi.png
9,0,"[0.0107, 0.0187, 0.0592, 0.0814, 0.0675, 0.0695, 0.0953, 0.1760, 0.0484, 0.3732]",0.3731935918331146,2024-07-22-20-17-56/SITE20_ORNT226_VIS1-5mi.png
1,0,"[0.1357, 0.2682, 0.1768, 0.1864, 0.0999, 0.0621, 0.0353, 0.0296, 0.0046, 0.0014]",0.26816850900650024,2024-05-07-15-42-07/SITE545_ORNT20_VIS1-25mi.png
8,8,"[0.0048, 0.0135, 0.0378, 0.0500, 0.0563, 0.0834, 0.0619, 0.1227, 0.3152, 0.2544]",0.3151593506336212,2024-07-05-14-33-31/SITE324_ORNT115_VIS9mi.png
5,6,"[0.0096, 0.0259, 0.0301, 0.0363, 0.0831, 0.3733, 0.3520, 0.0419, 0.0082, 0.0397]",0.37325698137283325,2025-03-23-13-51-54/SITE17_ORNT340_VIS7mi.png
2,0,"[0.0992, 0.2066, 0.2153, 0.1369, 0.1260, 0.1103, 0.0481, 0.0392, 0.0129, 0.0054]",0.21533244848251343,2024-05-08-14-34-39/SITE205_ORNT305_VIS1mi.png
8,5,"[0.0105, 0.0412, 0.1035, 0.0336, 0.1206, 0.2161, 0.0467, 0.0618, 0.3457, 0.0204]",0.3456519544124603,2025-01-15-15-33-17/SITE339_ORNT90_VIS6mi.png
2,1,"[0.0462, 0.1372, 0.1995, 0.0580, 0.1405, 0.1828, 0.0388, 0.0584, 0.1276, 0.0110]",0.19951309263706207,2025-02-01-12-44-07/SITE324_ORNT225_VIS2mi.png
3,0,"[0.0404, 0.0983, 0.1428, 0.1871, 0.1618, 0.1201, 0.1162, 0.1025, 0.0182, 0.0127]",0.1870567500591278,2024-09-08-13-07-06/SITE45_ORNT180_VIS1-5mi.png
1,9,"[0.2012, 0.2333, 0.1668, 0.1502, 0.0835, 0.0459, 0.0377, 0.0567, 0.0082, 0.0164]",0.2332683503627777,2025-02-15-15-20-00/SITE193_ORNT5_VIS10+mi.png
3,5,"[0.0341, 0.1175, 0.1562, 0.1870, 0.1700, 0.1427, 0.1092, 0.0646, 0.0153, 0.0035]",0.18696799874305725,2024-07-28-13-48-26/SITE205_ORNT230_VIS6mi.png
5,5,"[0.1335, 0.1331, 0.1160, 0.0655, 0.1145, 0.2386, 0.0835, 0.0356, 0.0121, 0.0677]",0.23856167495250702,2025-03-31-15-41-11/SITE205_ORNT305_VIS6mi.png
5,4,"[0.0270, 0.0728, 0.1674, 0.0693, 0.1597, 0.2022, 0.0611, 0.0849, 0.1262, 0.0294]",0.20220839977264404,2024-12-10-14-08-09/SITE376_ORNT70_VIS5mi.png
1,3,"[0.2584, 0.3006, 0.1732, 0.0968, 0.0675, 0.0411, 0.0209, 0.0293, 0.0081, 0.0041]",0.3006192445755005,2025-01-31-13-49-43/SITE324_ORNT45_VIS4mi.png
8,9,"[0.0051, 0.0162, 0.0534, 0.0609, 0.1009, 0.1305, 0.0910, 0.1708, 0.2815, 0.0898]",0.28145527839660645,2024-06-06-17-01-51/SITE463_ORNT340_VIS15mi.png
8,8,"[0.0008, 0.0033, 0.0060, 0.0064, 0.0119, 0.0325, 0.0207, 0.0130, 0.8508, 0.0546]",0.8507685661315918,2024-07-07-11-04-33/SITE471_ORNT90_VIS9mi.png
1,0,"[0.2049, 0.2461, 0.1842, 0.1421, 0.0822, 0.0523, 0.0350, 0.0373, 0.0053, 0.0106]",0.2461298108100891,2025-03-23-13-51-54/SITE9_ORNT200_VIS1mi.png
9,4,"[0.0152, 0.0259, 0.0899, 0.0840, 0.0783, 0.0856, 0.0994, 0.1560, 0.0393, 0.3264]",0.32641708850860596,2025-02-17-14-46-26/SITE607_ORNT180_VIS5mi.png
1,4,"[0.1339, 0.2178, 0.2116, 0.1410, 0.1082, 0.0839, 0.0414, 0.0427, 0.0105, 0.0090]",0.2177799642086029,2024-10-13-15-24-41/SITE58_ORNT90_VIS5mi.png
1,3,"[0.2353, 0.2572, 0.1635, 0.1376, 0.0747, 0.0410, 0.0307, 0.0427, 0.0064, 0.0108]",0.25722208619117737,2024-12-24-15-14-57/SITE193_ORNT295_VIS4mi.png
1,2,"[0.1764, 0.2667, 0.1606, 0.1888, 0.0847, 0.0470, 0.0337, 0.0344, 0.0044, 0.0032]",0.2666563391685486,2024-10-05-11-04-16/SITE595_ORNT180_VIS3mi.png
9,9,"[0.0078, 0.0121, 0.0425, 0.0439, 0.0349, 0.0420, 0.0508, 0.1144, 0.0314, 0.6202]",0.6201789975166321,2025-04-13-19-09-12/SITE111_ORNT61_VIS10+mi.png
1,0,"[0.2226, 0.2985, 0.2093, 0.1073, 0.0680, 0.0498, 0.0204, 0.0185, 0.0036, 0.0021]",0.2984938323497772,2025-04-13-19-09-12/SITE439_ORNT90_VIS1-75mi.png
2,0,"[0.0817, 0.1004, 0.1455, 0.1371, 0.1063, 0.0669, 0.0655, 0.1310, 0.0220, 0.1435]",0.14554184675216675,2025-03-15-15-41-34/SITE13_ORNT240_VIS1mi.png
8,8,"[0.0008, 0.0031, 0.0057, 0.0067, 0.0099, 0.0286, 0.0226, 0.0148, 0.7982, 0.1097]",0.7981988787651062,2024-07-07-15-01-32/SITE376_ORNT170_VIS9mi.png
9,6,"[0.0125, 0.0214, 0.0636, 0.0601, 0.0603, 0.0914, 0.1140, 0.1302, 0.0322, 0.4144]",0.41441041231155396,2024-08-11-09-28-59/SITE747_ORNT0_VIS7mi.png
9,6,"[0.0117, 0.0157, 0.0513, 0.0315, 0.0242, 0.0321, 0.0251, 0.0581, 0.0216, 0.7287]",0.728736162185669,2025-03-26-14-35-40/SITE84_ORNT336_VIS7mi.png
1,0,"[0.1925, 0.2478, 0.1765, 0.1511, 0.0860, 0.0523, 0.0360, 0.0410, 0.0064, 0.0104]",0.2478022277355194,2024-12-17-16-15-56/SITE576_ORNT235_VIS1-75mi.png
6,6,"[0.0055, 0.0161, 0.0514, 0.0955, 0.1268, 0.1286, 0.2547, 0.2263, 0.0508, 0.0443]",0.25466281175613403,2024-07-02-10-19-43/SITE411_ORNT75_VIS7mi.png
3,6,"[0.0713, 0.1743, 0.1677, 0.2051, 0.1454, 0.0987, 0.0694, 0.0541, 0.0099, 0.0040]",0.20513905584812164,2024-09-08-13-07-06/SITE241_ORNT120_VIS7mi.png
1,2,"[0.2408, 0.2601, 0.1724, 0.1322, 0.0719, 0.0432, 0.0301, 0.0352, 0.0049, 0.0093]",0.2600787281990051,2024-12-23-15-38-40/SITE258_ORNT125_VIS3mi.png
7,7,"[0.0056, 0.0140, 0.0474, 0.0972, 0.1156, 0.1051, 0.1919, 0.2807, 0.0632, 0.0793]",0.28071606159210205,2024-06-01-16-58-02/SITE442_ORNT40_VIS8mi.png
1,0,"[0.2126, 0.2298, 0.1795, 0.1303, 0.0776, 0.0445, 0.0343, 0.0522, 0.0086, 0.0306]",0.22975699603557587,2025-03-06-15-10-58/SITE217_ORNT100_VIS1-25mi.png
1,0,"[0.1913, 0.2306, 0.1805, 0.1398, 0.0907, 0.0552, 0.0367, 0.0486, 0.0093, 0.0172]",0.23063747584819794,2025-02-16-12-49-10/SITE617_ORNT40_VIS1-75mi.png
2,5,"[0.0413, 0.1332, 0.2193, 0.1107, 0.1649, 0.1731, 0.0593, 0.0528, 0.0419, 0.0036]",0.21930654346942902,2024-05-08-14-34-39/SITE388_ORNT115_VIS6mi.png
3,5,"[0.0336, 0.0993, 0.1525, 0.1697, 0.1627, 0.1484, 0.1337, 0.0762, 0.0149, 0.0089]",0.16971634328365326,2024-07-07-11-04-33/SITE49_ORNT315_VIS6mi.png
9,9,"[0.0249, 0.0260, 0.0639, 0.0298, 0.0253, 0.0301, 0.0220, 0.0436, 0.0137, 0.7207]",0.7207291722297668,2025-01-15-15-33-17/SITE240_ORNT286_VIS10+mi.png
9,9,"[0.0167, 0.0219, 0.0712, 0.0499, 0.0455, 0.0655, 0.0630, 0.1030, 0.0247, 0.5386]",0.53859543800354,2025-03-31-13-29-12/SITE80_ORNT274_VIS10+mi.png
9,9,"[0.0162, 0.0257, 0.0869, 0.0748, 0.0592, 0.0625, 0.0721, 0.1328, 0.0329, 0.4369]",0.4369150400161743,2024-12-17-16-15-56/SITE69_ORNT39_VIS10+mi.png
6,4,"[0.0174, 0.0620, 0.1291, 0.1465, 0.1692, 0.1697, 0.1802, 0.0956, 0.0237, 0.0066]",0.18022489547729492,2024-08-15-16-44-48/SITE215_ORNT330_VIS5mi.png
3,0,"[0.0674, 0.1580, 0.1491, 0.2137, 0.1474, 0.0978, 0.0857, 0.0651, 0.0096, 0.0061]",0.21374362707138062,2024-06-09-10-51-06/SITE13_ORNT10_VIS1-5mi.png
8,0,"[0.0244, 0.0506, 0.0944, 0.0202, 0.0785, 0.1580, 0.0400, 0.0386, 0.3568, 0.1385]",0.3568418323993683,2025-02-27-11-22-46/SITE455_ORNT0_VIS1-25mi.png
3,2,"[0.0537, 0.1500, 0.1645, 0.1996, 0.1545, 0.1143, 0.0863, 0.0610, 0.0117, 0.0043]",0.19960686564445496,2024-06-01-11-15-19/SITE161_ORNT141_VIS3mi.png
2,2,"[0.1026, 0.1827, 0.1933, 0.1653, 0.1211, 0.0911, 0.0668, 0.0545, 0.0089, 0.0137]",0.19328123331069946,2025-01-31-13-49-43/SITE106_ORNT12_VIS3mi.png
8,5,"[0.0171, 0.0585, 0.1173, 0.0366, 0.1220, 0.2244, 0.0462, 0.0498, 0.3047, 0.0234]",0.30465418100357056,2025-01-28-16-10-28/SITE377_ORNT200_VIS6mi.png
8,8,"[0.0099, 0.0269, 0.0549, 0.0251, 0.0609, 0.1416, 0.0519, 0.0441, 0.4380, 0.1465]",0.43802279233932495,2024-08-31-14-30-34/SITE314_ORNT35_VIS9mi.png
7,4,"[0.0060, 0.0155, 0.0433, 0.1005, 0.1389, 0.1294, 0.2390, 0.2475, 0.0423, 0.0376]",0.24752113223075867,2024-08-15-16-44-48/SITE624_ORNT145_VIS5mi.png
1,3,"[0.1423, 0.1973, 0.1816, 0.1267, 0.1142, 0.0721, 0.0460, 0.0736, 0.0172, 0.0289]",0.19731777906417847,2025-03-23-13-51-54/SITE29_ORNT350_VIS4mi.png
8,8,"[0.0008, 0.0037, 0.0098, 0.0143, 0.0285, 0.0665, 0.0418, 0.0379, 0.7757, 0.0212]",0.7756649255752563,2024-06-27-10-23-10/SITE380_ORNT220_VIS9mi.png
9,4,"[0.0103, 0.0171, 0.0416, 0.0395, 0.0278, 0.0425, 0.0395, 0.0636, 0.0421, 0.6762]",0.676158607006073,2024-07-07-15-01-32/SITE251_ORNT335_VIS5mi.png
1,0,"[0.1524, 0.2346, 0.1981, 0.1091, 0.1059, 0.0764, 0.0379, 0.0535, 0.0202, 0.0119]",0.2346477210521698,2025-03-31-15-41-11/SITE5_ORNT155_VIS1-25mi.png
1,3,"[0.2041, 0.2680, 0.1609, 0.1698, 0.0807, 0.0446, 0.0312, 0.0329, 0.0041, 0.0037]",0.2679654657840729,2024-05-08-14-34-39/SITE684_ORNT179_VIS4mi.png
7,5,"[0.0059, 0.0139, 0.0484, 0.0865, 0.0874, 0.0881, 0.1627, 0.2488, 0.0683, 0.1899]",0.24881300330162048,2024-08-30-17-21-54/SITE22_ORNT100_VIS6mi.png
8,8,"[0.0006, 0.0025, 0.0044, 0.0038, 0.0073, 0.0263, 0.0191, 0.0082, 0.8602, 0.0677]",0.8601810932159424,2024-07-05-10-36-13/SITE366_ORNT200_VIS9mi.png
9,9,"[0.0115, 0.0208, 0.0706, 0.0697, 0.0644, 0.0710, 0.0699, 0.1468, 0.0596, 0.4156]",0.4155975878238678,2025-04-02-15-05-32/SITE417_ORNT50_VIS10+mi.png
2,1,"[0.0766, 0.1520, 0.1726, 0.1245, 0.1500, 0.1079, 0.0560, 0.0973, 0.0394, 0.0237]",0.1725708395242691,2025-02-04-15-47-48/SITE871_ORNT170_VIS2mi.png
7,5,"[0.0179, 0.0296, 0.0738, 0.1146, 0.1172, 0.1051, 0.1539, 0.2178, 0.0333, 0.1368]",0.21781612932682037,2024-10-14-13-08-27/SITE692_ORNT335_VIS6mi.png
1,4,"[0.1663, 0.2757, 0.1806, 0.1700, 0.0889, 0.0549, 0.0302, 0.0275, 0.0042, 0.0017]",0.275735467672348,2024-07-26-10-22-16/SITE13_ORNT10_VIS5mi.png
4,6,"[0.0272, 0.0962, 0.1633, 0.1568, 0.1768, 0.1560, 0.1023, 0.0810, 0.0350, 0.0053]",0.17684350907802582,2024-08-16-20-03-50/SITE111_ORNT246_VIS7mi.png
3,6,"[0.0753, 0.1584, 0.1517, 0.2044, 0.1387, 0.0963, 0.0857, 0.0692, 0.0100, 0.0102]",0.20442365109920502,2024-09-19-14-23-02/SITE94_ORNT180_VIS7mi.png
9,6,"[0.0207, 0.0381, 0.1129, 0.0985, 0.0988, 0.1106, 0.1259, 0.1463, 0.0327, 0.2155]",0.21551764011383057,2025-02-17-14-46-26/SITE40_ORNT295_VIS7mi.png
2,7,"[0.0584, 0.0869, 0.1949, 0.1109, 0.1233, 0.1327, 0.1010, 0.0968, 0.0246, 0.0705]",0.19491560757160187,2024-05-30-17-47-26/SITE747_ORNT255_VIS8mi.png
9,7,"[0.0040, 0.0071, 0.0258, 0.0329, 0.0207, 0.0255, 0.0361, 0.0965, 0.0373, 0.7139]",0.7139315009117126,2025-04-13-19-09-12/SITE203_ORNT155_VIS8mi.png
8,6,"[0.0068, 0.0274, 0.0757, 0.0313, 0.0984, 0.1783, 0.0471, 0.0723, 0.4266, 0.0360]",0.42660829424858093,2025-02-12-14-37-35/SITE324_ORNT225_VIS7mi.png
1,7,"[0.1558, 0.2019, 0.1811, 0.1323, 0.0948, 0.0559, 0.0409, 0.0752, 0.0170, 0.0452]",0.20189276337623596,2025-03-05-12-08-53/SITE808_ORNT235_VIS8mi.png
2,3,"[0.0713, 0.1932, 0.2236, 0.0749, 0.1382, 0.1587, 0.0397, 0.0452, 0.0515, 0.0038]",0.22364433109760284,2025-03-05-12-08-53/SITE386_ORNT30_VIS4mi.png
5,5,"[0.0231, 0.0720, 0.1652, 0.1013, 0.1657, 0.1894, 0.0779, 0.0942, 0.0922, 0.0190]",0.1894422173500061,2024-10-06-12-31-10/SITE276_ORNT225_VIS6mi.png
2,9,"[0.0984, 0.1632, 0.1962, 0.0859, 0.1236, 0.1033, 0.0473, 0.0741, 0.0492, 0.0588]",0.19620436429977417,2025-02-12-14-37-35/SITE485_ORNT120_VIS15mi.png
1,7,"[0.1031, 0.2326, 0.1839, 0.1863, 0.1196, 0.0842, 0.0463, 0.0356, 0.0065, 0.0020]",0.232605442404747,2024-06-10-14-33-22/SITE40_ORNT180_VIS8mi.png
6,3,"[0.0069, 0.0223, 0.0581, 0.1076, 0.1424, 0.1531, 0.2707, 0.1783, 0.0340, 0.0266]",0.27066928148269653,2024-07-28-19-40-21/SITE215_ORNT235_VIS4mi.png
9,7,"[0.0142, 0.0266, 0.0867, 0.0801, 0.0909, 0.1133, 0.1509, 0.1618, 0.0342, 0.2414]",0.24135544896125793,2025-02-27-11-22-46/SITE693_ORNT65_VIS8mi.png
2,4,"[0.0692, 0.1940, 0.2027, 0.1653, 0.1386, 0.1167, 0.0579, 0.0410, 0.0119, 0.0028]",0.2026509940624237,2024-08-02-13-37-25/SITE241_ORNT34_VIS5mi.png
2,0,"[0.1175, 0.2000, 0.2062, 0.1521, 0.1098, 0.0870, 0.0562, 0.0481, 0.0084, 0.0147]",0.20619049668312073,2025-04-07-16-10-10/SITE75_ORNT270_VIS1mi.png
2,1,"[0.0854, 0.1661, 0.1814, 0.1727, 0.1274, 0.1012, 0.0796, 0.0595, 0.0095, 0.0171]",0.18144924938678741,2025-01-15-15-33-17/SITE129_ORNT356_VIS2mi.png
9,5,"[0.0172, 0.0259, 0.0428, 0.0355, 0.0473, 0.1599, 0.1050, 0.0556, 0.0125, 0.4983]",0.49832820892333984,2025-03-18-13-52-55/SITE22_ORNT285_VIS6mi.png
3,3,"[0.0711, 0.1840, 0.1737, 0.2033, 0.1425, 0.1005, 0.0648, 0.0483, 0.0092, 0.0026]",0.20326903462409973,2024-07-14-10-21-23/SITE134_ORNT294_VIS4mi.png
7,1,"[0.0229, 0.0554, 0.1299, 0.1212, 0.1492, 0.1448, 0.0956, 0.1525, 0.0722, 0.0563]",0.1524989902973175,2025-04-16-13-54-24/SITE508_ORNT225_VIS2mi.png
2,0,"[0.1048, 0.2026, 0.2270, 0.1444, 0.1210, 0.0973, 0.0509, 0.0395, 0.0089, 0.0037]",0.2269851565361023,2024-05-31-11-53-14/SITE66_ORNT95_VIS1mi.png
1,2,"[0.2841, 0.3087, 0.1592, 0.0920, 0.0641, 0.0360, 0.0196, 0.0269, 0.0068, 0.0026]",0.3087194263935089,2025-03-02-13-12-40/SITE397_ORNT270_VIS3mi.png
2,1,"[0.0869, 0.1481, 0.1836, 0.1653, 0.1226, 0.0911, 0.0763, 0.0800, 0.0141, 0.0320]",0.1835567057132721,2025-03-02-13-12-40/SITE171_ORNT315_VIS2mi.png
9,9,"[0.0133, 0.0157, 0.0427, 0.0189, 0.0163, 0.0225, 0.0160, 0.0356, 0.0197, 0.7993]",0.7993249893188477,2025-03-05-12-08-53/SITE722_ORNT15_VIS10+mi.png
9,9,"[0.0091, 0.0154, 0.0443, 0.0442, 0.0429, 0.0744, 0.0903, 0.1117, 0.0261, 0.5416]",0.5415904521942139,2025-05-16-12-18-46/SITE59_ORNT10_VIS10+mi.png
1,5,"[0.1948, 0.2500, 0.1686, 0.1418, 0.0898, 0.0497, 0.0349, 0.0494, 0.0097, 0.0113]",0.24998712539672852,2025-03-02-13-12-40/SITE5_ORNT230_VIS6mi.png
9,7,"[0.0151, 0.0238, 0.0724, 0.0671, 0.0493, 0.0572, 0.0556, 0.1060, 0.0338, 0.5199]",0.5198678970336914,2024-04-30-13-21-52/SITE215_ORNT330_VIS8mi.png
9,9,"[0.0652, 0.0823, 0.1458, 0.1057, 0.0764, 0.0598, 0.0493, 0.1039, 0.0277, 0.2838]",0.2838371694087982,2025-02-14-15-24-27/SITE725_ORNT295_VIS10+mi.png
0,5,"[0.3718, 0.2929, 0.1537, 0.0813, 0.0420, 0.0236, 0.0129, 0.0160, 0.0029, 0.0029]",0.37176576256752014,2024-12-17-16-15-56/SITE561_ORNT145_VIS6mi.png
8,8,"[0.0004, 0.0017, 0.0033, 0.0040, 0.0058, 0.0197, 0.0177, 0.0083, 0.8603, 0.0787]",0.8602877259254456,2024-10-13-12-27-42/SITE295_ORNT315_VIS9mi.png
7,6,"[0.0103, 0.0228, 0.0716, 0.0945, 0.1095, 0.1191, 0.1865, 0.2037, 0.0424, 0.1397]",0.20374652743339539,2024-05-14-16-18-20/SITE760_ORNT190_VIS7mi.png
8,8,"[0.0006, 0.0030, 0.0044, 0.0017, 0.0068, 0.0330, 0.0154, 0.0043, 0.9066, 0.0244]",0.9065845608711243,2024-04-30-13-21-52/SITE528_ORNT235_VIS9mi.png
8,8,"[0.0006, 0.0029, 0.0071, 0.0071, 0.0143, 0.0382, 0.0223, 0.0215, 0.8376, 0.0484]",0.8376336693763733,2025-03-28-10-38-15/SITE363_ORNT345_VIS9mi.png
1,3,"[0.1823, 0.2804, 0.1707, 0.1725, 0.0824, 0.0494, 0.0295, 0.0272, 0.0037, 0.0021]",0.28036704659461975,2024-05-08-14-34-39/SITE684_ORNT267_VIS4mi.png
9,9,"[0.0172, 0.0159, 0.0363, 0.0143, 0.0122, 0.0218, 0.0113, 0.0221, 0.0081, 0.8408]",0.8408114910125732,2025-03-02-11-48-27/SITE684_ORNT267_VIS10+mi.png
9,7,"[0.0122, 0.0201, 0.0706, 0.0819, 0.0715, 0.0722, 0.0926, 0.1853, 0.0466, 0.3470]",0.3469908833503723,2024-05-14-16-18-20/SITE629_ORNT210_VIS8mi.png
9,2,"[0.0141, 0.0213, 0.0756, 0.0644, 0.0570, 0.0646, 0.0716, 0.1293, 0.0343, 0.4677]",0.4677254855632782,2025-02-12-14-37-35/SITE837_ORNT90_VIS3mi.png
6,6,"[0.0120, 0.0278, 0.0715, 0.0998, 0.1220, 0.1506, 0.2013, 0.1602, 0.0338, 0.1210]",0.20126189291477203,2024-07-23-16-31-18/SITE578_ORNT295_VIS7mi.png
8,8,"[0.0002, 0.0012, 0.0028, 0.0026, 0.0061, 0.0201, 0.0150, 0.0089, 0.9133, 0.0298]",0.913307785987854,2024-06-16-19-09-40/SITE424_ORNT180_VIS9mi.png
8,8,"[0.0002, 0.0012, 0.0024, 0.0017, 0.0039, 0.0189, 0.0154, 0.0043, 0.9036, 0.0483]",0.9035984873771667,2024-10-07-12-00-07/SITE508_ORNT315_VIS9mi.png
3,6,"[0.0946, 0.1592, 0.1599, 0.1798, 0.1350, 0.0842, 0.0640, 0.0906, 0.0167, 0.0161]",0.17981673777103424,2024-12-16-12-39-30/SITE834_ORNT280_VIS7mi.png
7,3,"[0.0142, 0.0329, 0.0799, 0.1309, 0.1470, 0.1314, 0.1794, 0.1960, 0.0385, 0.0499]",0.1959715187549591,2024-06-15-10-59-58/SITE422_ORNT180_VIS4mi.png
8,9,"[0.0011, 0.0040, 0.0084, 0.0123, 0.0137, 0.0343, 0.0321, 0.0230, 0.6908, 0.1805]",0.6907647252082825,2024-06-20-11-19-17/SITE455_ORNT270_VIS15mi.png
1,3,"[0.1957, 0.3079, 0.1745, 0.1592, 0.0736, 0.0439, 0.0216, 0.0197, 0.0032, 0.0008]",0.3079259693622589,2024-10-14-13-08-27/SITE610_ORNT260_VIS4mi.png
0,0,"[0.2998, 0.2794, 0.1675, 0.1092, 0.0572, 0.0330, 0.0200, 0.0242, 0.0036, 0.0060]",0.2998063266277313,2025-02-04-15-47-48/SITE639_ORNT10_VIS1mi.png
5,6,"[0.0209, 0.0869, 0.2018, 0.0706, 0.1638, 0.2381, 0.0602, 0.0554, 0.0973, 0.0049]",0.23813645541667938,2024-08-19-19-34-52/SITE388_ORNT325_VIS7mi.png
1,0,"[0.1256, 0.2536, 0.1848, 0.1829, 0.1075, 0.0705, 0.0365, 0.0315, 0.0056, 0.0015]",0.2535850405693054,2024-06-30-10-21-08/SITE7_ORNT221_VIS1-25mi.png
9,5,"[0.0294, 0.0511, 0.0907, 0.0880, 0.0988, 0.1574, 0.1230, 0.0839, 0.0576, 0.2201]",0.22011615335941315,2024-07-23-10-10-08/SITE739_ORNT340_VIS6mi.png
0,6,"[0.2539, 0.2537, 0.2179, 0.0561, 0.0868, 0.0744, 0.0201, 0.0219, 0.0112, 0.0040]",0.2539322078227997,2024-07-23-16-31-18/SITE739_ORNT135_VIS7mi.png
9,3,"[0.0370, 0.0659, 0.1448, 0.1285, 0.1072, 0.0949, 0.0817, 0.1343, 0.0390, 0.1667]",0.16665560007095337,2025-03-29-15-28-57/SITE215_ORNT330_VIS4mi.png
0,2,"[0.3539, 0.2906, 0.1626, 0.0922, 0.0468, 0.0231, 0.0118, 0.0155, 0.0026, 0.0009]",0.3538643419742584,2024-10-13-15-24-41/SITE65_ORNT290_VIS3mi.png
5,4,"[0.0226, 0.0919, 0.1822, 0.0539, 0.1626, 0.2458, 0.0476, 0.0560, 0.1311, 0.0063]",0.2458285093307495,2024-10-07-14-17-08/SITE490_ORNT280_VIS5mi.png
9,9,"[0.0062, 0.0095, 0.0335, 0.0315, 0.0238, 0.0332, 0.0378, 0.0880, 0.0258, 0.7106]",0.7106110453605652,2025-04-01-16-59-16/SITE617_ORNT315_VIS10+mi.png
7,1,"[0.0147, 0.0367, 0.1151, 0.1002, 0.1205, 0.1443, 0.1148, 0.1465, 0.0912, 0.1159]",0.14649789035320282,2024-07-29-17-46-25/SITE426_ORNT250_VIS2-25mi.png
5,3,"[0.0369, 0.1058, 0.1927, 0.0691, 0.1611, 0.1976, 0.0501, 0.0647, 0.1066, 0.0155]",0.197576105594635,2024-12-16-12-39-30/SITE343_ORNT360_VIS4mi.png
8,8,"[0.0019, 0.0074, 0.0183, 0.0212, 0.0426, 0.0805, 0.0465, 0.0547, 0.6756, 0.0513]",0.6756131649017334,2024-07-02-10-19-43/SITE385_ORNT50_VIS9mi.png
2,2,"[0.0544, 0.0997, 0.1604, 0.1552, 0.1455, 0.1147, 0.0884, 0.1100, 0.0279, 0.0441]",0.16035838425159454,2025-01-31-13-49-43/SITE438_ORNT30_VIS3mi.png
2,4,"[0.0408, 0.1149, 0.1808, 0.1618, 0.1575, 0.1395, 0.0968, 0.0758, 0.0230, 0.0092]",0.18075506389141083,2024-05-01-16-21-18/SITE483_ORNT5_VIS5mi.png
9,4,"[0.0091, 0.0147, 0.0550, 0.0514, 0.0384, 0.0440, 0.0491, 0.1194, 0.0376, 0.5814]",0.5814053416252136,2025-02-15-15-20-00/SITE215_ORNT330_VIS5mi.png
3,0,"[0.0681, 0.1755, 0.1588, 0.2003, 0.1443, 0.1086, 0.0803, 0.0509, 0.0084, 0.0048]",0.20029188692569733,2024-09-08-16-00-24/SITE94_ORNT80_VIS1mi.png
9,9,"[0.0049, 0.0133, 0.0469, 0.0532, 0.0660, 0.0865, 0.0638, 0.1629, 0.2256, 0.2768]",0.27679285407066345,2024-05-13-18-48-49/SITE453_ORNT135_VIS15mi.png
6,4,"[0.0150, 0.0490, 0.0956, 0.1605, 0.1791, 0.1480, 0.1823, 0.1339, 0.0282, 0.0085]",0.1822671890258789,2024-08-18-19-28-16/SITE42_ORNT330_VIS5mi.png
2,7,"[0.0509, 0.1367, 0.1830, 0.0962, 0.1540, 0.1490, 0.0525, 0.0839, 0.0767, 0.0171]",0.1830466091632843,2024-12-23-15-38-40/SITE332_ORNT315_VIS8mi.png
5,2,"[0.0090, 0.0413, 0.1145, 0.0540, 0.1507, 0.2549, 0.0775, 0.0711, 0.2174, 0.0097]",0.25488758087158203,2024-07-02-16-22-41/SITE340_ORNT230_VIS3mi.png
5,0,"[0.0361, 0.1146, 0.1843, 0.0646, 0.1626, 0.1973, 0.0453, 0.0669, 0.1168, 0.0114]",0.19732654094696045,2025-02-05-13-59-56/SITE376_ORNT70_VIS1mi.png
3,4,"[0.0612, 0.1660, 0.1607, 0.2087, 0.1520, 0.1066, 0.0778, 0.0542, 0.0096, 0.0033]",0.2086673527956009,2024-05-09-16-15-37/SITE418_ORNT138_VIS5mi.png
6,5,"[0.0172, 0.0611, 0.1033, 0.1626, 0.1751, 0.1597, 0.1864, 0.1048, 0.0218, 0.0079]",0.18639494478702545,2024-09-29-15-43-38/SITE203_ORNT220_VIS6mi.png
9,9,"[0.0048, 0.0066, 0.0144, 0.0139, 0.0105, 0.0288, 0.0223, 0.0300, 0.0149, 0.8538]",0.8538435101509094,2025-04-02-15-05-32/SITE575_ORNT85_VIS10+mi.png
9,4,"[0.0171, 0.0351, 0.0894, 0.0342, 0.0631, 0.1114, 0.0426, 0.0639, 0.2059, 0.3374]",0.3373751938343048,2025-01-29-12-01-12/SITE397_ORNT270_VIS5mi.png
8,5,"[0.0007, 0.0035, 0.0093, 0.0117, 0.0240, 0.0577, 0.0333, 0.0343, 0.8014, 0.0241]",0.8014315962791443,2024-06-07-11-09-12/SITE355_ORNT130_VIS6mi.png
1,2,"[0.1264, 0.2191, 0.1689, 0.1994, 0.1095, 0.0672, 0.0506, 0.0472, 0.0064, 0.0053]",0.21905212104320526,2024-06-10-10-43-57/SITE411_ORNT135_VIS3mi.png
7,4,"[0.0066, 0.0180, 0.0569, 0.0998, 0.1269, 0.1260, 0.2241, 0.2307, 0.0539, 0.0572]",0.23071856796741486,2024-07-18-11-32-15/SITE19_ORNT325_VIS5mi.png
9,9,"[0.0077, 0.0097, 0.0308, 0.0194, 0.0140, 0.0235, 0.0180, 0.0416, 0.0149, 0.8203]",0.8203010559082031,2025-02-11-14-30-47/SITE544_ORNT58_VIS10+mi.png
8,8,"[0.0009, 0.0036, 0.0058, 0.0075, 0.0108, 0.0336, 0.0258, 0.0119, 0.8197, 0.0804]",0.8196595311164856,2024-10-13-12-27-42/SITE510_ORNT0_VIS9mi.png
7,6,"[0.0072, 0.0183, 0.0499, 0.1096, 0.1472, 0.1314, 0.2197, 0.2355, 0.0459, 0.0354]",0.23549766838550568,2024-07-25-18-03-52/SITE569_ORNT138_VIS7mi.png
9,8,"[0.0159, 0.0299, 0.0974, 0.0978, 0.0977, 0.1032, 0.1237, 0.1725, 0.0421, 0.2199]",0.21986018121242523,2025-02-15-15-20-00/SITE65_ORNT234_VIS9mi.png
1,2,"[0.0995, 0.2299, 0.1706, 0.2066, 0.1178, 0.0787, 0.0497, 0.0387, 0.0065, 0.0019]",0.2299337387084961,2024-08-31-14-30-34/SITE58_ORNT15_VIS3mi.png
3,2,"[0.0569, 0.1562, 0.1631, 0.2016, 0.1558, 0.1117, 0.0806, 0.0586, 0.0116, 0.0041]",0.20156985521316528,2024-07-05-10-36-13/SITE420_ORNT170_VIS3mi.png
2,2,"[0.0374, 0.0754, 0.1855, 0.0676, 0.1327, 0.1761, 0.0568, 0.0745, 0.1179, 0.0762]",0.18546447157859802,2025-02-01-12-44-07/SITE405_ORNT35_VIS3mi.png
9,5,"[0.0175, 0.0267, 0.0851, 0.0695, 0.0703, 0.0870, 0.0984, 0.1322, 0.0328, 0.3806]",0.38055139780044556,2025-03-31-15-41-11/SITE829_ORNT100_VIS6mi.png
6,4,"[0.0130, 0.0457, 0.0974, 0.1568, 0.1766, 0.1558, 0.1886, 0.1288, 0.0291, 0.0082]",0.18860389292240143,2024-07-05-14-33-31/SITE86_ORNT239_VIS5mi.png
2,1,"[0.0930, 0.1543, 0.2062, 0.1498, 0.1127, 0.0952, 0.0710, 0.0676, 0.0128, 0.0375]",0.2062412053346634,2025-04-11-14-52-32/SITE12_ORNT60_VIS2-5mi.png
0,1,"[0.3162, 0.2715, 0.1528, 0.1173, 0.0578, 0.0294, 0.0205, 0.0262, 0.0032, 0.0050]",0.3162288963794708,2025-01-31-13-49-43/SITE230_ORNT280_VIS2mi.png
1,1,"[0.2285, 0.2410, 0.2255, 0.0986, 0.0788, 0.0572, 0.0256, 0.0300, 0.0063, 0.0086]",0.24100284278392792,2024-07-02-10-19-43/SITE747_ORNT255_VIS2-5mi.png
6,2,"[0.0153, 0.0352, 0.0644, 0.1175, 0.1534, 0.1629, 0.2543, 0.1519, 0.0207, 0.0244]",0.2543201148509979,2024-08-18-13-20-24/SITE446_ORNT165_VIS3mi.png
9,4,"[0.0359, 0.0540, 0.1322, 0.1014, 0.0770, 0.0703, 0.0681, 0.1192, 0.0295, 0.3124]",0.31241926550865173,2025-01-17-15-10-02/SITE842_ORNT230_VIS5mi.png
3,1,"[0.0547, 0.1818, 0.1867, 0.1872, 0.1526, 0.1192, 0.0643, 0.0414, 0.0105, 0.0015]",0.18723852932453156,2024-08-15-16-44-48/SITE22_ORNT0_VIS2-5mi.png
8,8,"[0.0002, 0.0012, 0.0023, 0.0022, 0.0052, 0.0199, 0.0154, 0.0054, 0.9223, 0.0258]",0.9223236441612244,2024-07-02-10-19-43/SITE353_ORNT245_VIS9mi.png
4,0,"[0.0318, 0.0898, 0.1474, 0.1696, 0.1728, 0.1389, 0.1157, 0.0989, 0.0268, 0.0083]",0.1728169471025467,2024-07-04-10-22-12/SITE76_ORNT60_VIS1-75mi.png
2,1,"[0.1145, 0.1826, 0.2149, 0.1441, 0.1085, 0.0876, 0.0575, 0.0539, 0.0104, 0.0260]",0.21487757563591003,2025-03-31-15-41-11/SITE12_ORNT5_VIS2mi.png
2,7,"[0.0335, 0.0767, 0.1702, 0.0931, 0.1387, 0.1516, 0.0673, 0.1049, 0.0833, 0.0806]",0.1702336072921753,2024-11-19-11-24-38/SITE463_ORNT230_VIS8mi.png
9,1,"[0.0250, 0.0301, 0.0775, 0.0505, 0.0408, 0.0424, 0.0391, 0.0767, 0.0200, 0.5979]",0.5978586673736572,2025-02-12-14-37-35/SITE259_ORNT205_VIS2mi.png
1,2,"[0.1251, 0.2276, 0.1574, 0.2095, 0.1104, 0.0655, 0.0499, 0.0449, 0.0058, 0.0039]",0.2276151329278946,2024-09-07-13-37-18/SITE167_ORNT60_VIS3mi.png
4,0,"[0.0230, 0.0592, 0.1202, 0.1513, 0.1644, 0.1412, 0.1535, 0.1352, 0.0316, 0.0204]",0.164381206035614,2024-07-28-13-48-26/SITE73_ORNT20_VIS1-25mi.png
3,7,"[0.0605, 0.1301, 0.1539, 0.1922, 0.1468, 0.1025, 0.0926, 0.0908, 0.0156, 0.0149]",0.1921783685684204,2024-07-29-17-46-25/SITE6_ORNT115_VIS8mi.png
8,8,"[0.0005, 0.0027, 0.0064, 0.0067, 0.0204, 0.0541, 0.0329, 0.0228, 0.8383, 0.0152]",0.8383007049560547,2024-07-02-10-19-43/SITE341_ORNT350_VIS9mi.png
9,5,"[0.0173, 0.0199, 0.0553, 0.0296, 0.0255, 0.0322, 0.0263, 0.0500, 0.0154, 0.7285]",0.7285153865814209,2025-02-17-14-46-26/SITE129_ORNT266_VIS6mi.png
6,7,"[0.0141, 0.0341, 0.0858, 0.1225, 0.1389, 0.1393, 0.1900, 0.1740, 0.0334, 0.0678]",0.19000081717967987,2024-06-06-17-01-51/SITE258_ORNT170_VIS8mi.png
2,2,"[0.0843, 0.1731, 0.1914, 0.1655, 0.1317, 0.1062, 0.0731, 0.0539, 0.0096, 0.0113]",0.19138246774673462,2025-04-01-16-59-16/SITE18_ORNT135_VIS3mi.png
6,7,"[0.0067, 0.0182, 0.0452, 0.0817, 0.1178, 0.1577, 0.2930, 0.1747, 0.0441, 0.0610]",0.29297521710395813,2024-08-02-10-36-13/SITE747_ORNT315_VIS8mi.png
2,1,"[0.0413, 0.0982, 0.1870, 0.1130, 0.1531, 0.1614, 0.0793, 0.0883, 0.0525, 0.0259]",0.1870153844356537,2024-05-30-17-47-26/SITE94_ORNT180_VIS2-5mi.png
1,7,"[0.1025, 0.2092, 0.1962, 0.1691, 0.1218, 0.0914, 0.0561, 0.0414, 0.0072, 0.0052]",0.20918789505958557,2025-03-20-11-55-50/SITE8_ORNT123_VIS8mi.png
6,3,"[0.0122, 0.0390, 0.1057, 0.1205, 0.1506, 0.1648, 0.2028, 0.1395, 0.0413, 0.0236]",0.2027827650308609,2024-08-02-13-37-25/SITE19_ORNT170_VIS4mi.png
2,8,"[0.0278, 0.0647, 0.1557, 0.1118, 0.1436, 0.1540, 0.0917, 0.1206, 0.0659, 0.0642]",0.15570282936096191,2024-05-28-11-05-32/SITE309_ORNT130_VIS9mi.png
7,1,"[0.0147, 0.0330, 0.0922, 0.1192, 0.1234, 0.1237, 0.1609, 0.1868, 0.0378, 0.1082]",0.18682126700878143,2024-10-11-15-41-13/SITE446_ORNT101_VIS2-5mi.png
9,9,"[0.0076, 0.0105, 0.0334, 0.0242, 0.0171, 0.0227, 0.0204, 0.0523, 0.0212, 0.7906]",0.7906101942062378,2025-02-02-12-13-03/SITE629_ORNT125_VIS10+mi.png
9,5,"[0.0144, 0.0223, 0.0743, 0.0686, 0.0558, 0.0580, 0.0618, 0.1324, 0.0366, 0.4759]",0.4759131968021393,2025-03-15-15-41-34/SITE437_ORNT260_VIS6mi.png
7,7,"[0.0059, 0.0148, 0.0463, 0.0949, 0.1278, 0.1177, 0.2292, 0.2631, 0.0503, 0.0501]",0.26308295130729675,2024-06-17-10-37-40/SITE132_ORNT141_VIS8mi.png
1,1,"[0.2392, 0.2681, 0.1736, 0.1238, 0.0796, 0.0456, 0.0265, 0.0329, 0.0060, 0.0047]",0.2681373655796051,2025-04-02-15-05-32/SITE169_ORNT57_VIS2mi.png
1,3,"[0.2194, 0.2625, 0.1693, 0.1265, 0.0788, 0.0440, 0.0304, 0.0481, 0.0090, 0.0122]",0.2624692916870117,2025-03-04-14-20-15/SITE629_ORNT300_VIS4mi.png
9,7,"[0.0596, 0.0648, 0.1236, 0.0583, 0.0550, 0.0503, 0.0398, 0.0747, 0.0243, 0.4497]",0.4497135579586029,2025-02-10-14-47-56/SITE684_ORNT27_VIS8mi.png
9,9,"[0.0063, 0.0135, 0.0492, 0.0742, 0.0727, 0.0812, 0.1355, 0.2201, 0.0507, 0.2966]",0.29663580656051636,2025-04-22-15-39-35/SITE229_ORNT202_VIS10+mi.png
2,2,"[0.0397, 0.0764, 0.1591, 0.1306, 0.1319, 0.1276, 0.1184, 0.1106, 0.0258, 0.0800]",0.15910010039806366,2025-04-01-16-59-16/SITE786_ORNT255_VIS3mi.png
2,3,"[0.1221, 0.1370, 0.2008, 0.1136, 0.0774, 0.0573, 0.0440, 0.0740, 0.0140, 0.1600]",0.20079249143600464,2024-12-24-15-14-57/SITE719_ORNT180_VIS4mi.png
8,8,"[0.0013, 0.0063, 0.0160, 0.0175, 0.0376, 0.0898, 0.0438, 0.0384, 0.7246, 0.0247]",0.7245890498161316,2024-08-02-10-36-13/SITE332_ORNT315_VIS9mi.png
1,2,"[0.0767, 0.2150, 0.1919, 0.1836, 0.1383, 0.0985, 0.0498, 0.0366, 0.0085, 0.0012]",0.21499833464622498,2024-10-06-12-31-10/SITE117_ORNT43_VIS3mi.png
7,7,"[0.0083, 0.0177, 0.0602, 0.0870, 0.0989, 0.1043, 0.1830, 0.2341, 0.0482, 0.1582]",0.23409996926784515,2024-10-06-17-04-59/SITE215_ORNT235_VIS8mi.png
7,3,"[0.0098, 0.0231, 0.0594, 0.1095, 0.1291, 0.1355, 0.1979, 0.2015, 0.0393, 0.0947]",0.20149537920951843,2024-07-30-16-52-29/SITE19_ORNT260_VIS4mi.png
2,4,"[0.0683, 0.1342, 0.1787, 0.1706, 0.1363, 0.1043, 0.0841, 0.0842, 0.0177, 0.0215]",0.17870619893074036,2024-05-21-12-02-34/SITE219_ORNT160_VIS5mi.png
9,9,"[0.0057, 0.0092, 0.0166, 0.0186, 0.0145, 0.0426, 0.0334, 0.0329, 0.0204, 0.8061]",0.8061230182647705,2024-12-24-15-14-57/SITE581_ORNT160_VIS10+mi.png
6,4,"[0.0117, 0.0309, 0.0804, 0.0864, 0.1166, 0.1760, 0.2443, 0.1333, 0.0267, 0.0938]",0.2442774772644043,2025-03-17-19-09-03/SITE73_ORNT335_VIS5mi.png
3,6,"[0.0705, 0.2092, 0.1647, 0.2131, 0.1407, 0.0966, 0.0564, 0.0396, 0.0080, 0.0013]",0.21309426426887512,2024-07-14-13-28-24/SITE48_ORNT275_VIS7mi.png
6,7,"[0.0168, 0.0548, 0.1022, 0.1621, 0.1773, 0.1518, 0.1826, 0.1201, 0.0236, 0.0087]",0.18255092203617096,2024-08-01-10-54-34/SITE6_ORNT355_VIS8mi.png
9,6,"[0.0310, 0.0414, 0.1071, 0.0708, 0.0555, 0.0680, 0.0574, 0.0856, 0.0167, 0.4664]",0.46643930673599243,2025-01-26-15-53-06/SITE834_ORNT15_VIS7mi.png
6,4,"[0.0055, 0.0149, 0.0420, 0.0935, 0.1275, 0.1320, 0.2421, 0.2366, 0.0466, 0.0591]",0.24211201071739197,2024-06-14-11-11-00/SITE18_ORNT210_VIS5mi.png
1,1,"[0.1963, 0.2907, 0.1766, 0.1622, 0.0743, 0.0451, 0.0260, 0.0236, 0.0033, 0.0020]",0.2906547784805298,2024-06-07-15-28-05/SITE620_ORNT225_VIS2mi.png
7,6,"[0.0114, 0.0227, 0.0729, 0.1003, 0.1131, 0.1098, 0.1533, 0.2231, 0.0500, 0.1434]",0.22308920323848724,2024-06-15-10-59-58/SITE45_ORNT5_VIS7mi.png
9,6,"[0.0336, 0.0410, 0.0951, 0.0632, 0.0538, 0.0506, 0.0449, 0.0910, 0.0271, 0.4996]",0.49960336089134216,2025-03-26-14-35-40/SITE5_ORNT155_VIS7mi.png
2,2,"[0.1334, 0.1876, 0.1986, 0.1480, 0.1085, 0.0757, 0.0516, 0.0604, 0.0120, 0.0241]",0.19856469333171844,2025-04-22-15-39-35/SITE602_ORNT270_VIS3mi.png
1,0,"[0.1653, 0.2149, 0.1953, 0.1360, 0.0975, 0.0639, 0.0407, 0.0543, 0.0118, 0.0203]",0.21489399671554565,2025-01-23-15-05-27/SITE262_ORNT124_VIS1mi.png
1,7,"[0.1220, 0.2062, 0.1814, 0.1829, 0.1111, 0.0718, 0.0518, 0.0542, 0.0089, 0.0097]",0.20621050894260406,2024-05-23-15-19-49/SITE15_ORNT265_VIS8mi.png
2,2,"[0.0725, 0.1155, 0.1816, 0.1412, 0.1147, 0.0879, 0.0675, 0.1015, 0.0267, 0.0909]",0.18160408735275269,2025-03-31-13-29-12/SITE446_ORNT230_VIS3mi.png
2,5,"[0.0829, 0.1131, 0.2072, 0.1229, 0.1180, 0.1132, 0.0798, 0.0815, 0.0164, 0.0649]",0.20720970630645752,2024-08-10-09-44-28/SITE747_ORNT315_VIS6mi.png
1,0,"[0.2614, 0.3068, 0.1837, 0.1208, 0.0576, 0.0334, 0.0158, 0.0167, 0.0029, 0.0009]",0.306795597076416,2025-01-31-13-49-43/SITE658_ORNT260_VIS1mi.png
2,4,"[0.1222, 0.1831, 0.1950, 0.1574, 0.1085, 0.0760, 0.0570, 0.0651, 0.0119, 0.0239]",0.19496354460716248,2025-01-31-13-49-43/SITE229_ORNT329_VIS5mi.png
6,7,"[0.0218, 0.0616, 0.1225, 0.1468, 0.1607, 0.1524, 0.1749, 0.1185, 0.0250, 0.0157]",0.1749359667301178,2024-10-10-15-17-15/SITE17_ORNT340_VIS8mi.png
6,3,"[0.0138, 0.0414, 0.0994, 0.1352, 0.1501, 0.1532, 0.1892, 0.1474, 0.0332, 0.0370]",0.1892499178647995,2024-08-18-13-20-24/SITE241_ORNT311_VIS4mi.png
1,2,"[0.2580, 0.2976, 0.1695, 0.1389, 0.0617, 0.0328, 0.0180, 0.0195, 0.0029, 0.0011]",0.2976493239402771,2024-07-04-10-22-12/SITE198_ORNT80_VIS3mi.png
2,0,"[0.0586, 0.1645, 0.2070, 0.0707, 0.1536, 0.1710, 0.0414, 0.0553, 0.0725, 0.0054]",0.2069653570652008,2025-01-29-12-01-12/SITE389_ORNT120_VIS1mi.png
9,9,"[0.0056, 0.0104, 0.0331, 0.0423, 0.0310, 0.0385, 0.0501, 0.1037, 0.0536, 0.6316]",0.6316379308700562,2024-12-17-16-15-56/SITE595_ORNT0_VIS10+mi.png
9,9,"[0.0043, 0.0060, 0.0172, 0.0143, 0.0098, 0.0220, 0.0159, 0.0341, 0.0158, 0.8606]",0.8606029152870178,2025-04-13-19-09-12/SITE446_ORNT165_VIS10+mi.png
1,1,"[0.2424, 0.2555, 0.1694, 0.1217, 0.0792, 0.0443, 0.0301, 0.0403, 0.0071, 0.0099]",0.25546154379844666,2025-02-05-13-59-56/SITE43_ORNT190_VIS2mi.png
9,7,"[0.0089, 0.0174, 0.0644, 0.0828, 0.0776, 0.0790, 0.1044, 0.2080, 0.0606, 0.2968]",0.29680100083351135,2024-05-21-12-02-34/SITE545_ORNT95_VIS8mi.png
1,6,"[0.1232, 0.2501, 0.2278, 0.1191, 0.1085, 0.0924, 0.0330, 0.0308, 0.0128, 0.0023]",0.25013381242752075,2025-02-19-12-18-05/SITE276_ORNT225_VIS7mi.png
3,7,"[0.0620, 0.1373, 0.1748, 0.1762, 0.1419, 0.1091, 0.0862, 0.0798, 0.0168, 0.0158]",0.17622488737106323,2024-07-29-16-41-43/SITE261_ORNT270_VIS8mi.png
3,2,"[0.0392, 0.1374, 0.1713, 0.1852, 0.1672, 0.1374, 0.0934, 0.0539, 0.0126, 0.0024]",0.18517813086509705,2024-07-26-10-22-16/SITE160_ORNT237_VIS3mi.png
3,6,"[0.0640, 0.1227, 0.1498, 0.1905, 0.1409, 0.0983, 0.0930, 0.1007, 0.0163, 0.0238]",0.19046328961849213,2024-08-18-19-28-16/SITE259_ORNT314_VIS7mi.png
9,6,"[0.0077, 0.0151, 0.0545, 0.0600, 0.0598, 0.0818, 0.1275, 0.1693, 0.0365, 0.3877]",0.38769203424453735,2025-04-22-15-39-35/SITE760_ORNT140_VIS7mi.png
1,1,"[0.2251, 0.2906, 0.1852, 0.1398, 0.0694, 0.0416, 0.0210, 0.0219, 0.0035, 0.0017]",0.2906450629234314,2024-09-02-17-43-28/SITE167_ORNT60_VIS2-5mi.png
9,8,"[0.0157, 0.0253, 0.0868, 0.0659, 0.0542, 0.0661, 0.0692, 0.1108, 0.0276, 0.4786]",0.478597491979599,2025-01-26-13-23-03/SITE834_ORNT220_VIS9mi.png
1,1,"[0.1607, 0.2710, 0.1775, 0.1747, 0.0927, 0.0574, 0.0318, 0.0284, 0.0041, 0.0016]",0.27095383405685425,2024-08-19-19-34-52/SITE253_ORNT280_VIS2mi.png
9,9,"[0.0086, 0.0137, 0.0336, 0.0299, 0.0238, 0.0496, 0.0390, 0.0504, 0.0319, 0.7194]",0.7194198966026306,2024-12-29-16-00-12/SITE595_ORNT100_VIS10+mi.png
9,3,"[0.0233, 0.0368, 0.1163, 0.0841, 0.0765, 0.0895, 0.0821, 0.1166, 0.0360, 0.3389]",0.3388579487800598,2025-01-28-16-10-28/SITE19_ORNT60_VIS4mi.png
3,4,"[0.0548, 0.0886, 0.1460, 0.1571, 0.1285, 0.1001, 0.0937, 0.1295, 0.0273, 0.0745]",0.15712159872055054,2025-04-02-15-05-32/SITE178_ORNT40_VIS5mi.png
9,9,"[0.0053, 0.0137, 0.0421, 0.0737, 0.0800, 0.1059, 0.2075, 0.2032, 0.0542, 0.2145]",0.21453651785850525,2025-01-26-15-53-06/SITE73_ORNT110_VIS10+mi.png
9,1,"[0.0207, 0.0336, 0.0950, 0.0940, 0.0734, 0.0719, 0.0753, 0.1398, 0.0393, 0.3569]",0.35694634914398193,2025-03-04-14-20-15/SITE606_ORNT270_VIS2mi.png
9,4,"[0.0100, 0.0185, 0.0629, 0.0746, 0.0617, 0.0644, 0.0728, 0.1652, 0.0576, 0.4122]",0.41223758459091187,2024-05-23-15-19-49/SITE43_ORNT115_VIS5mi.png
8,8,"[0.0007, 0.0034, 0.0053, 0.0024, 0.0071, 0.0313, 0.0160, 0.0057, 0.8737, 0.0544]",0.8737300634384155,2024-09-21-11-24-11/SITE371_ORNT315_VIS9mi.png
6,2,"[0.0093, 0.0344, 0.0820, 0.1252, 0.1659, 0.1682, 0.2461, 0.1327, 0.0288, 0.0075]",0.24608692526817322,2024-07-26-10-22-16/SITE262_ORNT10_VIS3mi.png
3,6,"[0.0396, 0.1219, 0.1567, 0.1933, 0.1685, 0.1304, 0.1014, 0.0686, 0.0152, 0.0044]",0.19327710568904877,2024-06-30-10-21-08/SITE417_ORNT315_VIS7mi.png
6,6,"[0.0130, 0.0326, 0.0765, 0.1236, 0.1482, 0.1444, 0.2123, 0.1774, 0.0312, 0.0407]",0.21234247088432312,2024-07-28-11-17-19/SITE557_ORNT8_VIS7mi.png
9,9,"[0.0150, 0.0208, 0.0650, 0.0473, 0.0401, 0.0471, 0.0421, 0.0867, 0.0241, 0.6119]",0.6118812561035156,2025-04-10-17-56-44/SITE606_ORNT180_VIS10+mi.png
2,4,"[0.0685, 0.1470, 0.1863, 0.1565, 0.1328, 0.1069, 0.0625, 0.0832, 0.0301, 0.0263]",0.18626876175403595,2024-07-02-16-22-41/SITE417_ORNT140_VIS5mi.png
7,7,"[0.0109, 0.0250, 0.0611, 0.1219, 0.1540, 0.1297, 0.1985, 0.2230, 0.0384, 0.0375]",0.22300565242767334,2024-07-18-11-32-15/SITE94_ORNT280_VIS8mi.png
6,6,"[0.0054, 0.0180, 0.0323, 0.0681, 0.1212, 0.2086, 0.3781, 0.1181, 0.0248, 0.0254]",0.3781455159187317,2024-07-20-15-11-13/SITE543_ORNT126_VIS7mi.png
9,8,"[0.0100, 0.0211, 0.0496, 0.0230, 0.0352, 0.0750, 0.0329, 0.0447, 0.2547, 0.4536]",0.4536232650279999,2025-02-10-14-47-56/SITE477_ORNT160_VIS9mi.png
2,3,"[0.0315, 0.0631, 0.1433, 0.1358, 0.1362, 0.1267, 0.1252, 0.1340, 0.0315, 0.0729]",0.1432880461215973,2025-01-26-15-53-06/SITE7_ORNT312_VIS4mi.png
9,7,"[0.0106, 0.0149, 0.0423, 0.0336, 0.0307, 0.0555, 0.0468, 0.0692, 0.0173, 0.6790]",0.6789520382881165,2025-03-23-13-51-54/SITE10_ORNT255_VIS8mi.png
9,6,"[0.0548, 0.0736, 0.1401, 0.0869, 0.0691, 0.1018, 0.0670, 0.0687, 0.0125, 0.3256]",0.3255864679813385,2024-12-29-16-00-12/SITE892_ORNT205_VIS7mi.png
2,5,"[0.0347, 0.1176, 0.1788, 0.1680, 0.1693, 0.1475, 0.1041, 0.0616, 0.0154, 0.0029]",0.1788414865732193,2024-07-07-11-04-33/SITE49_ORNT265_VIS6mi.png
3,7,"[0.0268, 0.0702, 0.1370, 0.1529, 0.1520, 0.1441, 0.1465, 0.1153, 0.0269, 0.0283]",0.15289407968521118,2024-09-08-16-00-24/SITE203_ORNT335_VIS8mi.png
4,7,"[0.0226, 0.0724, 0.1202, 0.1644, 0.1744, 0.1557, 0.1671, 0.0960, 0.0188, 0.0085]",0.1744178831577301,2024-05-08-14-34-39/SITE25_ORNT150_VIS8mi.png
9,2,"[0.0218, 0.0389, 0.1091, 0.0775, 0.0842, 0.0903, 0.0614, 0.1377, 0.0687, 0.3105]",0.3104669451713562,2025-01-15-15-33-17/SITE41_ORNT235_VIS3mi.png
0,1,"[0.3308, 0.2772, 0.1590, 0.1044, 0.0530, 0.0279, 0.0176, 0.0226, 0.0031, 0.0044]",0.3307918310165405,2025-01-22-12-38-15/SITE801_ORNT155_VIS2mi.png
9,7,"[0.0092, 0.0164, 0.0575, 0.0721, 0.0655, 0.0667, 0.0841, 0.1802, 0.0553, 0.3930]",0.39304739236831665,2024-07-22-20-17-56/SITE241_ORNT311_VIS8mi.png
3,6,"[0.0547, 0.1395, 0.1572, 0.1966, 0.1506, 0.1147, 0.0982, 0.0674, 0.0118, 0.0093]",0.19659680128097534,2024-06-30-10-21-08/SITE80_ORNT0_VIS7mi.png
1,4,"[0.1186, 0.2594, 0.1939, 0.1746, 0.1079, 0.0727, 0.0366, 0.0294, 0.0060, 0.0009]",0.2594231069087982,2024-07-25-18-03-52/SITE21_ORNT125_VIS5mi.png
7,6,"[0.0135, 0.0321, 0.0885, 0.1242, 0.1336, 0.1278, 0.1681, 0.1928, 0.0438, 0.0757]",0.19283345341682434,2024-10-06-17-04-59/SITE253_ORNT195_VIS7mi.png
9,5,"[0.0088, 0.0158, 0.0569, 0.0720, 0.0613, 0.0645, 0.0879, 0.1771, 0.0531, 0.4027]",0.4026681184768677,2025-01-15-15-33-17/SITE629_ORNT125_VIS6mi.png
9,9,"[0.0093, 0.0102, 0.0266, 0.0148, 0.0118, 0.0247, 0.0147, 0.0285, 0.0081, 0.8513]",0.8512532711029053,2025-02-05-13-59-56/SITE834_ORNT220_VIS10+mi.png
2,6,"[0.0537, 0.0913, 0.1957, 0.1174, 0.1190, 0.1282, 0.0902, 0.0883, 0.0268, 0.0894]",0.19572636485099792,2025-01-22-12-38-15/SITE802_ORNT150_VIS7mi.png
3,2,"[0.0835, 0.1944, 0.1505, 0.2246, 0.1363, 0.0845, 0.0645, 0.0514, 0.0076, 0.0028]",0.22457708418369293,2024-08-29-14-11-27/SITE29_ORNT200_VIS3mi.png
5,5,"[0.0126, 0.0576, 0.1466, 0.0437, 0.1546, 0.2617, 0.0521, 0.0627, 0.1999, 0.0085]",0.2616722285747528,2024-07-05-10-36-13/SITE468_ORNT170_VIS6mi.png
6,3,"[0.0077, 0.0252, 0.0632, 0.1190, 0.1572, 0.1497, 0.2541, 0.1765, 0.0337, 0.0137]",0.2541320323944092,2024-09-08-16-00-24/SITE19_ORNT325_VIS4mi.png
9,9,"[0.0114, 0.0166, 0.0566, 0.0396, 0.0309, 0.0415, 0.0371, 0.0776, 0.0233, 0.6655]",0.6655316352844238,2025-02-27-11-22-46/SITE684_ORNT267_VIS10+mi.png
2,4,"[0.1424, 0.1625, 0.1744, 0.1218, 0.0870, 0.0534, 0.0447, 0.0882, 0.0178, 0.1078]",0.17438405752182007,2025-01-15-12-14-16/SITE557_ORNT191_VIS5mi.png
6,6,"[0.0217, 0.0464, 0.0796, 0.0658, 0.1103, 0.2633, 0.2745, 0.0756, 0.0126, 0.0501]",0.2745265066623688,2025-04-11-14-52-32/SITE760_ORNT140_VIS7mi.png
9,1,"[0.0835, 0.0952, 0.1538, 0.1082, 0.0832, 0.0606, 0.0538, 0.1059, 0.0221, 0.2338]",0.23378951847553253,2025-04-10-17-56-44/SITE198_ORNT80_VIS2-5mi.png
9,9,"[0.0186, 0.0203, 0.0505, 0.0244, 0.0208, 0.0298, 0.0193, 0.0365, 0.0139, 0.7659]",0.7658904790878296,2025-01-28-16-10-28/SITE80_ORNT274_VIS10+mi.png
3,3,"[0.0758, 0.1863, 0.1713, 0.2089, 0.1396, 0.0939, 0.0627, 0.0495, 0.0093, 0.0027]",0.20892810821533203,2024-07-23-10-10-08/SITE434_ORNT230_VIS4mi.png
7,4,"[0.0081, 0.0184, 0.0611, 0.0964, 0.1124, 0.1111, 0.1919, 0.2432, 0.0522, 0.1053]",0.2431751787662506,2024-07-29-17-46-25/SITE272_ORNT67_VIS5mi.png
1,7,"[0.2063, 0.2505, 0.2210, 0.0606, 0.1060, 0.0853, 0.0241, 0.0281, 0.0157, 0.0024]",0.2504836916923523,2025-03-05-12-08-53/SITE468_ORNT80_VIS8mi.png
2,1,"[0.1295, 0.1974, 0.2223, 0.1372, 0.1069, 0.0883, 0.0518, 0.0440, 0.0082, 0.0145]",0.22233295440673828,2024-12-29-16-00-12/SITE561_ORNT60_VIS2-5mi.png
8,2,"[0.0004, 0.0019, 0.0050, 0.0060, 0.0119, 0.0326, 0.0222, 0.0188, 0.8756, 0.0255]",0.8756052255630493,2024-08-19-10-27-18/SITE334_ORNT95_VIS3mi.png
7,9,"[0.0053, 0.0130, 0.0443, 0.0827, 0.0887, 0.0935, 0.1908, 0.2514, 0.0581, 0.1722]",0.25141385197639465,2024-10-13-15-24-41/SITE722_ORNT15_VIS10+mi.png
9,8,"[0.0011, 0.0033, 0.0083, 0.0106, 0.0076, 0.0179, 0.0178, 0.0234, 0.3315, 0.5785]",0.5784807205200195,2024-06-28-13-30-05/SITE486_ORNT220_VIS9mi.png
9,3,"[0.0081, 0.0130, 0.0458, 0.0518, 0.0415, 0.0487, 0.0662, 0.1357, 0.0373, 0.5518]",0.551841139793396,2025-03-05-12-08-53/SITE719_ORNT180_VIS4mi.png
8,8,"[0.0031, 0.0121, 0.0153, 0.0042, 0.0269, 0.0902, 0.0261, 0.0093, 0.7984, 0.0143]",0.798366904258728,2025-02-19-12-18-05/SITE528_ORNT35_VIS9mi.png
4,5,"[0.0176, 0.0515, 0.1204, 0.1481, 0.1614, 0.1500, 0.1507, 0.1376, 0.0396, 0.0231]",0.16135117411613464,2024-07-25-18-03-52/SITE24_ORNT30_VIS6mi.png
2,2,"[0.1323, 0.1739, 0.1779, 0.1590, 0.1029, 0.0663, 0.0562, 0.0770, 0.0126, 0.0420]",0.17792454361915588,2025-03-02-13-12-40/SITE48_ORNT20_VIS3mi.png
7,4,"[0.0098, 0.0284, 0.0832, 0.1208, 0.1473, 0.1419, 0.1789, 0.1928, 0.0556, 0.0413]",0.19281400740146637,2024-06-03-13-44-33/SITE25_ORNT30_VIS5mi.png
3,7,"[0.0552, 0.1610, 0.1713, 0.1972, 0.1634, 0.1126, 0.0724, 0.0531, 0.0118, 0.0020]",0.1972120702266693,2024-10-14-13-08-27/SITE73_ORNT110_VIS8mi.png
7,8,"[0.0112, 0.0314, 0.0848, 0.1325, 0.1644, 0.1407, 0.1723, 0.1910, 0.0491, 0.0227]",0.19104035198688507,2024-07-23-16-31-18/SITE251_ORNT25_VIS9mi.png
1,0,"[0.2074, 0.2433, 0.1649, 0.1400, 0.0840, 0.0454, 0.0342, 0.0553, 0.0092, 0.0163]",0.2433171272277832,2025-02-16-12-49-10/SITE593_ORNT10_VIS1-5mi.png
9,2,"[0.0207, 0.0365, 0.1055, 0.0899, 0.0862, 0.1002, 0.1073, 0.1297, 0.0283, 0.2957]",0.29572755098342896,2025-04-02-15-05-32/SITE22_ORNT100_VIS3mi.png
6,6,"[0.0044, 0.0144, 0.0424, 0.0976, 0.1389, 0.1376, 0.2625, 0.2280, 0.0462, 0.0280]",0.2625044584274292,2024-08-02-13-37-25/SITE116_ORNT3_VIS7mi.png
3,3,"[0.0670, 0.1392, 0.1579, 0.1941, 0.1384, 0.1011, 0.0952, 0.0795, 0.0121, 0.0154]",0.19411885738372803,2024-06-06-17-01-51/SITE620_ORNT30_VIS4mi.png
5,4,"[0.0429, 0.1014, 0.1156, 0.0891, 0.1361, 0.2695, 0.1794, 0.0480, 0.0088, 0.0092]",0.2695046365261078,2025-02-15-15-20-00/SITE129_ORNT109_VIS5mi.png
9,0,"[0.0217, 0.0309, 0.0862, 0.0680, 0.0610, 0.0720, 0.0638, 0.0973, 0.0226, 0.4766]",0.4766087234020233,2025-03-05-12-08-53/SITE66_ORNT162_VIS1-75mi.png
1,6,"[0.2535, 0.2745, 0.1679, 0.1181, 0.0732, 0.0406, 0.0255, 0.0345, 0.0065, 0.0058]",0.274541974067688,2025-03-15-15-41-34/SITE735_ORNT265_VIS7mi.png
1,0,"[0.2288, 0.2667, 0.1733, 0.1430, 0.0729, 0.0417, 0.0282, 0.0340, 0.0049, 0.0065]",0.26670488715171814,2025-03-31-13-29-12/SITE15_ORNT90_VIS1-25mi.png
8,8,"[0.0159, 0.0447, 0.0544, 0.0432, 0.0768, 0.1276, 0.0438, 0.0357, 0.5230, 0.0350]",0.5229684710502625,2024-07-07-11-04-33/SITE299_ORNT260_VIS9mi.png
9,9,"[0.0044, 0.0062, 0.0158, 0.0131, 0.0086, 0.0174, 0.0148, 0.0284, 0.0169, 0.8743]",0.8743122220039368,2025-03-26-12-24-08/SITE694_ORNT35_VIS10+mi.png
5,0,"[0.0307, 0.0549, 0.1106, 0.0835, 0.1149, 0.1983, 0.1917, 0.0943, 0.0182, 0.1029]",0.1983097940683365,2025-04-01-16-59-16/SITE896_ORNT280_VIS1-75mi.png
4,5,"[0.0174, 0.0674, 0.1089, 0.1779, 0.1907, 0.1541, 0.1629, 0.0956, 0.0218, 0.0031]",0.19071222841739655,2024-07-07-15-01-32/SITE22_ORNT190_VIS6mi.png
9,4,"[0.0159, 0.0275, 0.0990, 0.0816, 0.0780, 0.0883, 0.0966, 0.1452, 0.0454, 0.3225]",0.32254958152770996,2025-02-27-11-22-46/SITE25_ORNT30_VIS5mi.png
9,9,"[0.0091, 0.0089, 0.0229, 0.0099, 0.0082, 0.0187, 0.0096, 0.0187, 0.0065, 0.8874]",0.8874221444129944,2025-03-26-14-35-40/SITE570_ORNT52_VIS10+mi.png
9,5,"[0.0075, 0.0137, 0.0539, 0.0608, 0.0547, 0.0662, 0.1005, 0.1735, 0.0376, 0.4317]",0.43168726563453674,2025-02-15-15-20-00/SITE86_ORNT75_VIS6mi.png
9,6,"[0.0189, 0.0380, 0.1099, 0.1127, 0.1050, 0.1035, 0.1042, 0.1704, 0.0517, 0.1857]",0.18565092980861664,2024-06-06-10-38-22/SITE156_ORNT294_VIS7mi.png
8,8,"[0.0005, 0.0022, 0.0056, 0.0085, 0.0104, 0.0236, 0.0202, 0.0245, 0.8032, 0.1014]",0.8031767010688782,2024-07-22-11-13-59/SITE301_ORNT275_VIS9mi.png
7,7,"[0.0084, 0.0193, 0.0591, 0.1054, 0.1226, 0.1135, 0.1906, 0.2520, 0.0479, 0.0813]",0.2519778311252594,2024-06-30-10-21-08/SITE587_ORNT280_VIS8mi.png
7,8,"[0.0177, 0.0419, 0.1301, 0.0969, 0.1192, 0.1393, 0.0915, 0.1415, 0.0951, 0.1270]",0.14146922528743744,2025-03-26-12-24-08/SITE522_ORNT270_VIS9mi.png
9,8,"[0.0091, 0.0180, 0.0274, 0.0110, 0.0141, 0.0382, 0.0144, 0.0152, 0.2630, 0.5897]",0.5897017121315002,2025-01-31-13-49-43/SITE380_ORNT55_VIS9mi.png
1,4,"[0.1031, 0.2268, 0.1603, 0.2193, 0.1210, 0.0721, 0.0473, 0.0418, 0.0067, 0.0017]",0.2267691045999527,2024-07-20-15-11-13/SITE234_ORNT260_VIS5mi.png
0,5,"[0.3909, 0.2880, 0.1501, 0.0741, 0.0432, 0.0227, 0.0122, 0.0150, 0.0028, 0.0010]",0.390896201133728,2025-02-15-15-20-00/SITE397_ORNT145_VIS6mi.png
1,3,"[0.1699, 0.2147, 0.1813, 0.1471, 0.0944, 0.0564, 0.0424, 0.0605, 0.0104, 0.0229]",0.21471503376960754,2025-03-29-15-28-57/SITE15_ORNT90_VIS4mi.png
5,1,"[0.0131, 0.0504, 0.1264, 0.0565, 0.1629, 0.2203, 0.0584, 0.0939, 0.1990, 0.0191]",0.22026647627353668,2024-07-18-14-04-18/SITE397_ORNT345_VIS2-25mi.png
2,0,"[0.0464, 0.1194, 0.1870, 0.1040, 0.1561, 0.1564, 0.0571, 0.0831, 0.0701, 0.0204]",0.1870143711566925,2025-02-10-14-47-56/SITE467_ORNT135_VIS1-5mi.png
1,1,"[0.2311, 0.3036, 0.1800, 0.1443, 0.0637, 0.0362, 0.0186, 0.0185, 0.0030, 0.0010]",0.3035973906517029,2024-10-07-14-17-08/SITE622_ORNT285_VIS2mi.png
2,8,"[0.0955, 0.1333, 0.1949, 0.1411, 0.0954, 0.0747, 0.0613, 0.0838, 0.0164, 0.1035]",0.19490517675876617,2025-03-04-14-20-15/SITE821_ORNT50_VIS9mi.png
6,6,"[0.0055, 0.0165, 0.0517, 0.1065, 0.1450, 0.1362, 0.2393, 0.2290, 0.0461, 0.0243]",0.23925380408763885,2024-07-14-10-21-23/SITE177_ORNT260_VIS7mi.png
1,1,"[0.1673, 0.2823, 0.1696, 0.1833, 0.0875, 0.0503, 0.0285, 0.0263, 0.0037, 0.0012]",0.28230032324790955,2024-07-22-11-13-59/SITE179_ORNT230_VIS2mi.png
6,2,"[0.0077, 0.0268, 0.0713, 0.1330, 0.1684, 0.1525, 0.2113, 0.1740, 0.0442, 0.0109]",0.21131163835525513,2024-06-17-10-37-40/SITE447_ORNT295_VIS3mi.png
0,3,"[0.2639, 0.2638, 0.1622, 0.1280, 0.0676, 0.0370, 0.0271, 0.0363, 0.0050, 0.0092]",0.26386505365371704,2025-03-06-15-10-58/SITE193_ORNT295_VIS4mi.png
8,8,"[0.0036, 0.0181, 0.0534, 0.0275, 0.0856, 0.1836, 0.0556, 0.0588, 0.4965, 0.0174]",0.4964526891708374,2024-10-08-11-05-48/SITE506_ORNT270_VIS9mi.png
8,8,"[0.0005, 0.0021, 0.0045, 0.0064, 0.0079, 0.0206, 0.0182, 0.0154, 0.8180, 0.1063]",0.8180329203605652,2024-07-07-20-11-04/SITE455_ORNT90_VIS9mi.png
8,6,"[0.0082, 0.0326, 0.0971, 0.0435, 0.1267, 0.2035, 0.0574, 0.0929, 0.3078, 0.0303]",0.30780836939811707,2025-01-15-15-33-17/SITE358_ORNT120_VIS7mi.png
3,4,"[0.0633, 0.1788, 0.1761, 0.2008, 0.1484, 0.1068, 0.0658, 0.0473, 0.0102, 0.0024]",0.20080989599227905,2024-07-02-16-22-41/SITE169_ORNT57_VIS5mi.png
8,4,"[0.0048, 0.0170, 0.0558, 0.0539, 0.1049, 0.1513, 0.0887, 0.1342, 0.3358, 0.0536]",0.3357885181903839,2024-06-03-13-44-33/SITE327_ORNT145_VIS5mi.png
9,6,"[0.0288, 0.0429, 0.1207, 0.0953, 0.0893, 0.0964, 0.0985, 0.1319, 0.0280, 0.2682]",0.26820671558380127,2025-04-01-16-59-16/SITE897_ORNT300_VIS7mi.png
4,4,"[0.0203, 0.0582, 0.1148, 0.1550, 0.1710, 0.1455, 0.1624, 0.1298, 0.0307, 0.0124]",0.17096547782421112,2024-05-09-16-15-37/SITE418_ORNT260_VIS5mi.png
7,7,"[0.0067, 0.0178, 0.0583, 0.0982, 0.1183, 0.1199, 0.2139, 0.2364, 0.0503, 0.0803]",0.2364477962255478,2024-06-10-14-33-22/SITE411_ORNT280_VIS8mi.png
8,8,"[0.0002, 0.0011, 0.0025, 0.0031, 0.0053, 0.0172, 0.0154, 0.0089, 0.8968, 0.0495]",0.8968051075935364,2024-10-19-10-55-55/SITE464_ORNT90_VIS9mi.png
5,5,"[0.0193, 0.0461, 0.1275, 0.0720, 0.1435, 0.1723, 0.0741, 0.1314, 0.1380, 0.0759]",0.17227420210838318,2025-02-10-14-47-56/SITE461_ORNT110_VIS6mi.png
1,4,"[0.1327, 0.2345, 0.1636, 0.2039, 0.1058, 0.0633, 0.0461, 0.0412, 0.0054, 0.0035]",0.23451344668865204,2024-07-28-13-48-26/SITE119_ORNT96_VIS5mi.png
8,8,"[0.0016, 0.0049, 0.0123, 0.0190, 0.0175, 0.0323, 0.0330, 0.0520, 0.4409, 0.3865]",0.4409416615962982,2025-03-31-13-29-12/SITE309_ORNT130_VIS9mi.png
3,5,"[0.1002, 0.2089, 0.1625, 0.2119, 0.1240, 0.0770, 0.0562, 0.0491, 0.0071, 0.0032]",0.2119002342224121,2024-08-31-14-30-34/SITE10_ORNT255_VIS6mi.png
2,1,"[0.0598, 0.1113, 0.2246, 0.1016, 0.1368, 0.1470, 0.0675, 0.0744, 0.0471, 0.0298]",0.2245946228504181,2024-06-07-11-09-12/SITE508_ORNT135_VIS2-5mi.png
1,0,"[0.1745, 0.2671, 0.1844, 0.1637, 0.0840, 0.0550, 0.0331, 0.0301, 0.0044, 0.0037]",0.26711007952690125,2024-07-14-13-28-24/SITE156_ORNT294_VIS1-75mi.png
1,0,"[0.2031, 0.2974, 0.1723, 0.1647, 0.0743, 0.0412, 0.0218, 0.0212, 0.0032, 0.0008]",0.29740628600120544,2024-06-14-11-11-00/SITE209_ORNT150_VIS1-25mi.png
2,7,"[0.0867, 0.1272, 0.1809, 0.1510, 0.1158, 0.0858, 0.0732, 0.0973, 0.0191, 0.0630]",0.18087956309318542,2025-02-15-15-20-00/SITE168_ORNT205_VIS8mi.png
9,6,"[0.0180, 0.0302, 0.0929, 0.0897, 0.0911, 0.0985, 0.1194, 0.1628, 0.0358, 0.2617]",0.26174119114875793,2024-07-28-11-17-19/SITE557_ORNT291_VIS7mi.png
1,0,"[0.1175, 0.1851, 0.1822, 0.1615, 0.1163, 0.0758, 0.0545, 0.0723, 0.0145, 0.0204]",0.1850561946630478,2024-12-24-15-14-57/SITE658_ORNT305_VIS1mi.png
1,2,"[0.2291, 0.3025, 0.1665, 0.1451, 0.0685, 0.0405, 0.0218, 0.0213, 0.0032, 0.0014]",0.30245059728622437,2024-07-04-10-22-12/SITE198_ORNT248_VIS3mi.png
7,3,"[0.0075, 0.0175, 0.0642, 0.0910, 0.0978, 0.1024, 0.1644, 0.2300, 0.0609, 0.1643]",0.23003458976745605,2024-06-22-15-38-49/SITE117_ORNT165_VIS4mi.png
5,9,"[0.0112, 0.0266, 0.0394, 0.0450, 0.0800, 0.2944, 0.2686, 0.0635, 0.0113, 0.1600]",0.2943970859050751,2025-02-01-12-44-07/SITE586_ORNT180_VIS10+mi.png
9,8,"[0.0056, 0.0152, 0.0490, 0.0547, 0.0651, 0.0860, 0.0607, 0.1493, 0.2236, 0.2909]",0.29094231128692627,2024-05-23-15-19-49/SITE33_ORNT215_VIS9mi.png
1,1,"[0.2136, 0.2949, 0.2055, 0.1182, 0.0708, 0.0504, 0.0201, 0.0203, 0.0041, 0.0021]",0.2948560416698456,2024-07-02-10-19-43/SITE747_ORNT0_VIS2-5mi.png
9,9,"[0.0405, 0.0452, 0.1025, 0.0641, 0.0525, 0.0513, 0.0443, 0.0811, 0.0185, 0.4999]",0.4999033510684967,2025-02-10-14-47-56/SITE871_ORNT260_VIS10+mi.png
6,7,"[0.0113, 0.0326, 0.0540, 0.1123, 0.1623, 0.1949, 0.2706, 0.1232, 0.0193, 0.0196]",0.2705940306186676,2024-07-23-13-08-12/SITE215_ORNT235_VIS8mi.png
2,6,"[0.0383, 0.0726, 0.1472, 0.1412, 0.1397, 0.1217, 0.1042, 0.1327, 0.0341, 0.0683]",0.1472080498933792,2024-12-16-12-39-30/SITE721_ORNT140_VIS7mi.png
4,3,"[0.0258, 0.0566, 0.1091, 0.1523, 0.1663, 0.1285, 0.1387, 0.1588, 0.0328, 0.0311]",0.16633901000022888,2024-07-20-11-08-20/SITE722_ORNT255_VIS4mi.png
2,7,"[0.0454, 0.0865, 0.1599, 0.0968, 0.1382, 0.1365, 0.0649, 0.1067, 0.0782, 0.0869]",0.15988121926784515,2025-04-01-16-59-16/SITE469_ORNT80_VIS8mi.png
9,9,"[0.0055, 0.0087, 0.0320, 0.0359, 0.0251, 0.0306, 0.0388, 0.1039, 0.0310, 0.6884]",0.6884243488311768,2025-03-31-15-41-11/SITE539_ORNT205_VIS10+mi.png
1,2,"[0.0960, 0.2276, 0.2058, 0.0686, 0.1319, 0.1296, 0.0349, 0.0487, 0.0525, 0.0043]",0.22762419283390045,2025-02-17-14-46-26/SITE353_ORNT135_VIS3mi.png
6,6,"[0.0145, 0.0365, 0.0959, 0.1293, 0.1464, 0.1414, 0.1807, 0.1732, 0.0395, 0.0426]",0.1806759536266327,2024-07-14-16-38-50/SITE30_ORNT345_VIS7mi.png
9,7,"[0.0152, 0.0210, 0.0487, 0.0338, 0.0299, 0.0571, 0.0369, 0.0471, 0.0226, 0.6876]",0.6876351237297058,2025-01-28-16-10-28/SITE208_ORNT330_VIS8mi.png
6,5,"[0.0056, 0.0211, 0.0311, 0.0811, 0.1477, 0.2362, 0.3471, 0.0967, 0.0217, 0.0118]",0.3470982313156128,2024-06-16-15-28-51/SITE19_ORNT170_VIS6mi.png
8,8,"[0.0139, 0.0458, 0.1096, 0.0401, 0.1460, 0.2164, 0.0536, 0.0818, 0.2641, 0.0286]",0.2641143500804901,2025-04-10-17-56-44/SITE471_ORNT90_VIS9mi.png
0,0,"[0.2483, 0.2428, 0.1729, 0.1186, 0.0751, 0.0429, 0.0310, 0.0437, 0.0066, 0.0181]",0.24832099676132202,2025-03-31-15-41-11/SITE94_ORNT10_VIS1mi.png
9,9,"[0.0055, 0.0071, 0.0217, 0.0142, 0.0109, 0.0181, 0.0157, 0.0356, 0.0169, 0.8543]",0.8542523980140686,2025-03-02-11-48-27/SITE692_ORNT335_VIS10+mi.png
6,7,"[0.0152, 0.0370, 0.0800, 0.1287, 0.1574, 0.1401, 0.2072, 0.1744, 0.0301, 0.0299]",0.20719772577285767,2024-10-06-17-04-59/SITE215_ORNT40_VIS8mi.png
0,0,"[0.3638, 0.2866, 0.1515, 0.0819, 0.0489, 0.0263, 0.0149, 0.0197, 0.0035, 0.0027]",0.3638059198856354,2024-12-24-15-14-57/SITE65_ORNT64_VIS1-5mi.png
0,1,"[0.3347, 0.2838, 0.1499, 0.0979, 0.0532, 0.0279, 0.0180, 0.0253, 0.0041, 0.0052]",0.33471524715423584,2025-02-16-12-49-10/SITE626_ORNT195_VIS2mi.png
5,4,"[0.0405, 0.1281, 0.1969, 0.0656, 0.1674, 0.2039, 0.0454, 0.0565, 0.0892, 0.0064]",0.20390471816062927,2025-02-04-15-47-48/SITE490_ORNT280_VIS5mi.png
9,9,"[0.0074, 0.0101, 0.0310, 0.0205, 0.0145, 0.0214, 0.0177, 0.0423, 0.0185, 0.8165]",0.8165373206138611,2025-03-26-14-35-40/SITE629_ORNT125_VIS10+mi.png
1,3,"[0.1117, 0.2487, 0.1805, 0.1936, 0.1124, 0.0735, 0.0400, 0.0326, 0.0056, 0.0014]",0.248684361577034,2024-07-04-13-27-11/SITE421_ORNT170_VIS4mi.png
8,4,"[0.0025, 0.0105, 0.0293, 0.0207, 0.0572, 0.1156, 0.0451, 0.0583, 0.6229, 0.0380]",0.6228748559951782,2025-02-10-14-47-56/SITE388_ORNT325_VIS5mi.png
7,3,"[0.0268, 0.0548, 0.1325, 0.1309, 0.1370, 0.1229, 0.1141, 0.1529, 0.0418, 0.0864]",0.15286852419376373,2025-04-13-19-09-12/SITE7_ORNT312_VIS4mi.png
1,3,"[0.0872, 0.2081, 0.1718, 0.2051, 0.1331, 0.0872, 0.0551, 0.0428, 0.0073, 0.0022]",0.20813129842281342,2024-08-15-16-44-48/SITE171_ORNT315_VIS4mi.png
1,1,"[0.1834, 0.2845, 0.1856, 0.1617, 0.0834, 0.0487, 0.0240, 0.0238, 0.0040, 0.0009]",0.284542441368103,2024-06-17-10-37-40/SITE564_ORNT18_VIS2-5mi.png
1,0,"[0.2280, 0.3005, 0.1861, 0.1412, 0.0651, 0.0381, 0.0187, 0.0183, 0.0030, 0.0008]",0.3004666566848755,2024-07-04-10-22-12/SITE171_ORNT126_VIS1-5mi.png
1,5,"[0.1259, 0.2533, 0.2144, 0.1390, 0.1036, 0.0825, 0.0350, 0.0327, 0.0105, 0.0031]",0.25326699018478394,2024-10-14-13-08-27/SITE426_ORNT250_VIS6mi.png
5,6,"[0.0335, 0.0669, 0.1521, 0.0979, 0.1520, 0.1620, 0.0927, 0.1181, 0.0655, 0.0593]",0.1619921624660492,2024-10-11-15-41-13/SITE13_ORNT10_VIS7mi.png
9,9,"[0.0120, 0.0182, 0.0635, 0.0526, 0.0468, 0.0615, 0.0680, 0.1152, 0.0292, 0.5329]",0.532915472984314,2025-03-06-17-34-12/SITE10_ORNT255_VIS10+mi.png
2,2,"[0.0361, 0.0714, 0.1552, 0.1295, 0.1349, 0.1216, 0.0936, 0.1284, 0.0408, 0.0884]",0.15523536503314972,2025-04-13-19-09-12/SITE607_ORNT90_VIS3mi.png
0,0,"[0.2903, 0.2830, 0.1691, 0.1086, 0.0589, 0.0362, 0.0213, 0.0231, 0.0033, 0.0063]",0.29025325179100037,2025-01-31-13-49-43/SITE22_ORNT285_VIS1mi.png
8,8,"[0.0005, 0.0023, 0.0058, 0.0060, 0.0133, 0.0383, 0.0236, 0.0192, 0.8633, 0.0277]",0.8633265495300293,2024-07-18-11-32-15/SITE375_ORNT330_VIS9mi.png
3,0,"[0.1054, 0.1672, 0.1649, 0.1819, 0.1244, 0.0771, 0.0617, 0.0848, 0.0141, 0.0185]",0.1819375604391098,2024-12-10-14-08-09/SITE871_ORNT90_VIS1-75mi.png
2,6,"[0.0360, 0.0772, 0.1619, 0.1046, 0.1308, 0.1304, 0.0683, 0.1166, 0.0712, 0.1029]",0.1619250327348709,2025-02-15-16-53-20/SITE538_ORNT192_VIS7mi.png
9,6,"[0.0253, 0.0431, 0.1152, 0.1081, 0.1083, 0.1098, 0.1201, 0.1510, 0.0325, 0.1867]",0.18671365082263947,2025-04-07-16-10-10/SITE658_ORNT120_VIS7mi.png
7,5,"[0.0089, 0.0219, 0.0681, 0.1074, 0.1376, 0.1299, 0.2036, 0.2249, 0.0497, 0.0479]",0.22487729787826538,2024-07-29-16-41-43/SITE692_ORNT335_VIS6mi.png
9,7,"[0.0239, 0.0370, 0.0980, 0.0854, 0.0700, 0.0652, 0.0632, 0.1283, 0.0370, 0.3920]",0.39204275608062744,2025-02-04-15-47-48/SITE268_ORNT255_VIS8mi.png
1,4,"[0.0886, 0.2248, 0.1723, 0.2005, 0.1328, 0.0873, 0.0473, 0.0377, 0.0075, 0.0013]",0.22479334473609924,2024-07-27-10-27-08/SITE134_ORNT70_VIS5mi.png
1,5,"[0.2688, 0.2689, 0.1778, 0.1174, 0.0648, 0.0380, 0.0234, 0.0293, 0.0044, 0.0071]",0.26891690492630005,2025-01-22-12-38-15/SITE807_ORNT190_VIS6mi.png
0,3,"[0.3317, 0.3039, 0.1667, 0.0973, 0.0442, 0.0244, 0.0136, 0.0145, 0.0022, 0.0015]",0.33165788650512695,2025-04-13-19-09-12/SITE602_ORNT0_VIS4mi.png
3,1,"[0.0543, 0.1607, 0.1555, 0.2092, 0.1559, 0.1139, 0.0836, 0.0541, 0.0102, 0.0028]",0.20917457342147827,2024-08-11-09-28-59/SITE411_ORNT75_VIS2-5mi.png
3,4,"[0.1073, 0.1935, 0.1664, 0.1971, 0.1176, 0.0776, 0.0651, 0.0581, 0.0078, 0.0095]",0.1970968395471573,2024-05-09-16-15-37/SITE129_ORNT266_VIS5mi.png
2,5,"[0.0516, 0.1598, 0.2109, 0.0604, 0.1470, 0.1890, 0.0406, 0.0501, 0.0863, 0.0043]",0.21085205674171448,2025-03-02-11-48-27/SITE528_ORNT310_VIS6mi.png
1,4,"[0.1245, 0.2230, 0.1819, 0.1874, 0.1109, 0.0708, 0.0459, 0.0437, 0.0072, 0.0047]",0.2230268269777298,2024-04-25-17-48-06/SITE244_ORNT177_VIS5mi.png
2,2,"[0.0733, 0.1759, 0.1910, 0.1770, 0.1397, 0.1095, 0.0709, 0.0489, 0.0091, 0.0047]",0.1909632533788681,2024-07-26-10-22-16/SITE160_ORNT332_VIS3mi.png
6,8,"[0.0164, 0.0616, 0.1028, 0.1588, 0.1815, 0.1680, 0.1910, 0.0943, 0.0207, 0.0049]",0.19099998474121094,2024-08-11-13-07-09/SITE435_ORNT170_VIS9mi.png
7,4,"[0.0354, 0.0699, 0.1398, 0.1052, 0.1317, 0.1157, 0.0692, 0.1489, 0.0729, 0.1113]",0.14888721704483032,2025-01-31-13-49-43/SITE477_ORNT50_VIS5mi.png
1,2,"[0.1985, 0.2934, 0.1723, 0.1661, 0.0760, 0.0428, 0.0238, 0.0228, 0.0031, 0.0011]",0.2934305667877197,2024-07-14-10-21-23/SITE8_ORNT278_VIS3mi.png
1,2,"[0.0859, 0.2129, 0.1769, 0.1979, 0.1322, 0.0910, 0.0534, 0.0402, 0.0075, 0.0020]",0.21291743218898773,2024-08-31-14-30-34/SITE253_ORNT65_VIS3mi.png
9,7,"[0.0120, 0.0214, 0.0711, 0.0789, 0.0779, 0.0887, 0.1255, 0.1717, 0.0464, 0.3065]",0.30648741126060486,2025-02-14-15-24-27/SITE595_ORNT180_VIS8mi.png
6,5,"[0.0076, 0.0278, 0.0690, 0.1264, 0.1589, 0.1608, 0.2437, 0.1574, 0.0334, 0.0150]",0.24369336664676666,2024-08-02-10-36-13/SITE22_ORNT100_VIS6mi.png
8,6,"[0.0018, 0.0061, 0.0168, 0.0261, 0.0315, 0.0548, 0.0455, 0.0776, 0.5517, 0.1882]",0.5516837239265442,2025-04-10-17-56-44/SITE367_ORNT110_VIS7mi.png
8,8,"[0.0025, 0.0087, 0.0163, 0.0108, 0.0202, 0.0509, 0.0241, 0.0225, 0.7037, 0.1403]",0.7037240862846375,2024-09-18-18-13-42/SITE462_ORNT80_VIS9mi.png
1,7,"[0.2159, 0.2490, 0.1969, 0.1270, 0.0809, 0.0511, 0.0298, 0.0347, 0.0060, 0.0088]",0.2489502876996994,2025-01-31-13-49-43/SITE119_ORNT13_VIS8mi.png
8,8,"[0.0007, 0.0027, 0.0041, 0.0053, 0.0069, 0.0197, 0.0133, 0.0080, 0.8666, 0.0727]",0.8666287064552307,2024-09-19-14-23-02/SITE612_ORNT30_VIS9mi.png
8,7,"[0.0043, 0.0170, 0.0387, 0.0209, 0.0622, 0.1313, 0.0422, 0.0452, 0.6032, 0.0350]",0.6031970381736755,2025-01-31-13-49-43/SITE389_ORNT120_VIS8mi.png
1,1,"[0.1152, 0.2131, 0.1917, 0.1772, 0.1155, 0.0782, 0.0476, 0.0464, 0.0093, 0.0059]",0.21306850016117096,4-9-24-5-23-PM/SITE100_ORNT210_VIS2mi.png
1,4,"[0.1416, 0.2818, 0.1808, 0.1779, 0.0959, 0.0608, 0.0307, 0.0253, 0.0042, 0.0009]",0.28179439902305603,2024-08-01-10-54-34/SITE5_ORNT155_VIS5mi.png
9,7,"[0.0076, 0.0142, 0.0509, 0.0726, 0.0616, 0.0638, 0.0962, 0.1983, 0.0517, 0.3831]",0.38309431076049805,2024-07-30-14-06-06/SITE735_ORNT75_VIS8mi.png
1,4,"[0.0924, 0.1943, 0.1802, 0.1925, 0.1234, 0.0847, 0.0612, 0.0540, 0.0098, 0.0075]",0.19430865347385406,2024-07-02-16-22-41/SITE417_ORNT315_VIS5mi.png
9,9,"[0.0089, 0.0142, 0.0443, 0.0407, 0.0307, 0.0383, 0.0398, 0.0822, 0.0380, 0.6629]",0.6629338264465332,2024-07-20-15-11-13/SITE430_ORNT255_VIS15mi.png
9,7,"[0.0071, 0.0128, 0.0500, 0.0567, 0.0467, 0.0547, 0.0762, 0.1556, 0.0453, 0.4947]",0.4947039484977722,2025-03-31-13-29-12/SITE18_ORNT135_VIS8mi.png
7,7,"[0.0085, 0.0192, 0.0624, 0.1009, 0.1206, 0.1149, 0.1895, 0.2473, 0.0519, 0.0848]",0.24731890857219696,2024-07-26-10-22-16/SITE569_ORNT276_VIS8mi.png
2,2,"[0.0619, 0.1707, 0.2229, 0.0703, 0.1505, 0.1738, 0.0392, 0.0458, 0.0600, 0.0049]",0.22288228571414948,2025-02-17-14-46-26/SITE343_ORNT360_VIS3mi.png
5,3,"[0.0273, 0.1016, 0.1791, 0.0463, 0.1649, 0.2382, 0.0436, 0.0549, 0.1393, 0.0049]",0.2382025569677353,2025-02-01-12-44-07/SITE331_ORNT315_VIS4mi.png
3,6,"[0.0402, 0.1285, 0.1727, 0.1767, 0.1644, 0.1415, 0.0991, 0.0595, 0.0137, 0.0037]",0.17672081291675568,2024-07-02-16-22-41/SITE179_ORNT36_VIS7mi.png
8,8,"[0.0008, 0.0030, 0.0058, 0.0083, 0.0098, 0.0238, 0.0191, 0.0165, 0.8155, 0.0973]",0.8155331015586853,2024-10-14-13-08-27/SITE383_ORNT35_VIS9mi.png
1,6,"[0.2275, 0.3023, 0.1914, 0.1361, 0.0641, 0.0380, 0.0189, 0.0178, 0.0031, 0.0008]",0.30226728320121765,2024-09-08-16-00-24/SITE15_ORNT90_VIS7mi.png
3,3,"[0.0549, 0.1590, 0.1739, 0.1982, 0.1570, 0.1152, 0.0754, 0.0525, 0.0112, 0.0028]",0.19816821813583374,2024-09-08-16-00-24/SITE53_ORNT170_VIS4mi.png
1,7,"[0.2014, 0.3019, 0.1753, 0.1550, 0.0725, 0.0454, 0.0236, 0.0208, 0.0029, 0.0013]",0.3019145429134369,2024-07-28-13-48-26/SITE15_ORNT170_VIS8mi.png
1,3,"[0.0958, 0.2362, 0.1713, 0.2046, 0.1237, 0.0804, 0.0456, 0.0352, 0.0060, 0.0012]",0.2361706793308258,2024-10-13-15-24-41/SITE75_ORNT15_VIS4mi.png
9,1,"[0.0153, 0.0297, 0.0854, 0.0758, 0.0758, 0.0916, 0.0639, 0.1231, 0.0838, 0.3557]",0.35569077730178833,2025-02-15-16-53-20/SITE578_ORNT185_VIS2mi.png
7,6,"[0.0041, 0.0128, 0.0418, 0.0944, 0.1207, 0.1190, 0.2333, 0.2551, 0.0614, 0.0573]",0.2550766170024872,2024-06-28-13-30-05/SITE19_ORNT260_VIS7mi.png
1,6,"[0.1274, 0.2002, 0.1985, 0.1607, 0.1113, 0.0794, 0.0536, 0.0491, 0.0081, 0.0118]",0.20016512274742126,2025-04-11-14-52-32/SITE156_ORNT78_VIS7mi.png
8,8,"[0.0046, 0.0136, 0.0208, 0.0090, 0.0231, 0.0679, 0.0242, 0.0164, 0.6928, 0.1275]",0.6928260922431946,2024-12-24-15-14-57/SITE471_ORNT255_VIS9mi.png
3,8,"[0.0264, 0.0878, 0.1323, 0.1863, 0.1805, 0.1403, 0.1240, 0.0933, 0.0232, 0.0059]",0.1862543374300003,2024-06-17-10-37-40/SITE434_ORNT130_VIS9mi.png
9,9,"[0.0074, 0.0097, 0.0276, 0.0206, 0.0177, 0.0396, 0.0290, 0.0469, 0.0126, 0.7888]",0.7887677550315857,2025-04-07-16-10-10/SITE587_ORNT280_VIS10+mi.png
1,1,"[0.1529, 0.2318, 0.2057, 0.1486, 0.0971, 0.0703, 0.0403, 0.0384, 0.0067, 0.0081]",0.23179689049720764,2025-02-11-14-30-47/SITE568_ORNT349_VIS2mi.png
3,3,"[0.0316, 0.0939, 0.1378, 0.1925, 0.1718, 0.1318, 0.1221, 0.0921, 0.0193, 0.0071]",0.19254004955291748,2024-12-10-14-08-09/SITE117_ORNT165_VIS4mi.png
2,0,"[0.0801, 0.2012, 0.2173, 0.0811, 0.1441, 0.1437, 0.0386, 0.0461, 0.0431, 0.0046]",0.21733683347702026,2025-02-04-15-47-48/SITE377_ORNT110_VIS1mi.png
9,6,"[0.0144, 0.0312, 0.1015, 0.0830, 0.0899, 0.1090, 0.0768, 0.1396, 0.1028, 0.2518]",0.2517978847026825,2024-08-16-20-03-50/SITE358_ORNT290_VIS7mi.png
8,8,"[0.0012, 0.0052, 0.0113, 0.0089, 0.0221, 0.0607, 0.0302, 0.0243, 0.7889, 0.0473]",0.7889360785484314,2024-06-28-13-30-05/SITE336_ORNT180_VIS9mi.png
6,2,"[0.0097, 0.0293, 0.0790, 0.1131, 0.1512, 0.1567, 0.2545, 0.1602, 0.0325, 0.0139]",0.2544592320919037,2024-07-02-16-22-41/SITE13_ORNT240_VIS3mi.png
9,5,"[0.0071, 0.0122, 0.0452, 0.0600, 0.0475, 0.0515, 0.0763, 0.1705, 0.0476, 0.4821]",0.48213717341423035,2024-07-24-16-43-44/SITE719_ORNT300_VIS6mi.png
3,0,"[0.0506, 0.1190, 0.1485, 0.1940, 0.1571, 0.1090, 0.0931, 0.0974, 0.0188, 0.0127]",0.1939552277326584,2024-07-29-16-41-43/SITE19_ORNT60_VIS1-75mi.png
1,2,"[0.0856, 0.2153, 0.1849, 0.1896, 0.1303, 0.0938, 0.0494, 0.0398, 0.0092, 0.0022]",0.21532079577445984,2024-07-26-10-22-16/SITE198_ORNT80_VIS3mi.png
1,3,"[0.1507, 0.2489, 0.2077, 0.1482, 0.1011, 0.0704, 0.0327, 0.0316, 0.0062, 0.0025]",0.24889996647834778,2024-07-14-13-28-24/SITE58_ORNT90_VIS4mi.png
1,5,"[0.1715, 0.2165, 0.1635, 0.1481, 0.0956, 0.0513, 0.0414, 0.0739, 0.0125, 0.0256]",0.2165343016386032,2025-02-14-15-24-27/SITE821_ORNT225_VIS6mi.png
1,0,"[0.1663, 0.2900, 0.1743, 0.1811, 0.0854, 0.0494, 0.0259, 0.0230, 0.0038, 0.0008]",0.28997838497161865,2024-07-05-14-33-31/SITE241_ORNT120_VIS1-5mi.png
1,3,"[0.1234, 0.2574, 0.1736, 0.1989, 0.1079, 0.0664, 0.0353, 0.0307, 0.0054, 0.0011]",0.2573762834072113,2024-07-26-10-22-16/SITE258_ORNT125_VIS4mi.png
3,4,"[0.1184, 0.1670, 0.1628, 0.1741, 0.1160, 0.0695, 0.0580, 0.0899, 0.0150, 0.0294]",0.1741301566362381,2024-05-23-15-19-49/SITE58_ORNT245_VIS5mi.png
1,3,"[0.1147, 0.2367, 0.2340, 0.0967, 0.1192, 0.1089, 0.0333, 0.0343, 0.0192, 0.0030]",0.2366712987422943,2025-04-07-16-10-10/SITE314_ORNT35_VIS4mi.png
2,1,"[0.0382, 0.1087, 0.1684, 0.1646, 0.1581, 0.1450, 0.1171, 0.0731, 0.0169, 0.0101]",0.16835355758666992,2024-05-23-15-19-49/SITE104_ORNT325_VIS2mi.png
7,3,"[0.0103, 0.0264, 0.0722, 0.1204, 0.1343, 0.1314, 0.1956, 0.2048, 0.0413, 0.0633]",0.2048303782939911,2024-07-25-18-03-52/SITE411_ORNT280_VIS4mi.png
4,7,"[0.0212, 0.0638, 0.1185, 0.1599, 0.1659, 0.1490, 0.1654, 0.1172, 0.0247, 0.0143]",0.1659335345029831,2024-08-30-17-21-54/SITE40_ORNT295_VIS8mi.png
8,8,"[0.0039, 0.0109, 0.0315, 0.0479, 0.0486, 0.0742, 0.0602, 0.1080, 0.3712, 0.2436]",0.3712320625782013,2025-04-10-17-56-44/SITE522_ORNT270_VIS9mi.png
3,2,"[0.0296, 0.0980, 0.1396, 0.1892, 0.1794, 0.1388, 0.1233, 0.0800, 0.0178, 0.0043]",0.18915113806724548,2024-08-11-13-07-09/SITE81_ORNT326_VIS3mi.png
7,0,"[0.0046, 0.0112, 0.0397, 0.0803, 0.0745, 0.0731, 0.1234, 0.2530, 0.1038, 0.2363]",0.2530253827571869,2024-07-01-19-28-49/SITE239_ORNT245_VIS1-5mi.png
1,0,"[0.1664, 0.2908, 0.1787, 0.1714, 0.0858, 0.0521, 0.0267, 0.0236, 0.0036, 0.0009]",0.29078543186187744,2024-07-07-11-04-33/SITE65_ORNT290_VIS1-75mi.png
5,2,"[0.0218, 0.0551, 0.1385, 0.1200, 0.1528, 0.1575, 0.1115, 0.1358, 0.0652, 0.0419]",0.15745146572589874,2024-07-25-10-00-39/SITE331_ORNT135_VIS3mi.png
2,5,"[0.0558, 0.0870, 0.1590, 0.1452, 0.1054, 0.0843, 0.0882, 0.1267, 0.0225, 0.1259]",0.15896834433078766,2025-03-31-15-41-11/SITE178_ORNT300_VIS6mi.png
9,7,"[0.0251, 0.0377, 0.1099, 0.0872, 0.0804, 0.0884, 0.0886, 0.1216, 0.0278, 0.3332]",0.3332327604293823,2025-03-28-10-38-15/SITE205_ORNT230_VIS8mi.png
9,6,"[0.0149, 0.0222, 0.0646, 0.0526, 0.0460, 0.0589, 0.0564, 0.0888, 0.0302, 0.5652]",0.5652095079421997,2025-03-02-13-12-40/SITE268_ORNT255_VIS7mi.png
0,1,"[0.3180, 0.2872, 0.1521, 0.0982, 0.0564, 0.0298, 0.0196, 0.0282, 0.0048, 0.0056]",0.3179596960544586,2025-01-17-15-10-02/SITE852_ORNT135_VIS2mi.png
2,0,"[0.0935, 0.1466, 0.2298, 0.1195, 0.1083, 0.1124, 0.0667, 0.0589, 0.0135, 0.0506]",0.2298250049352646,2025-02-17-14-46-26/SITE19_ORNT170_VIS1-75mi.png
5,3,"[0.0163, 0.0577, 0.1422, 0.0733, 0.1697, 0.2117, 0.0693, 0.0980, 0.1440, 0.0177]",0.21170900762081146,2024-06-06-17-01-51/SITE339_ORNT90_VIS4mi.png
7,9,"[0.0067, 0.0142, 0.0479, 0.0853, 0.0845, 0.0826, 0.1470, 0.2476, 0.0734, 0.2107]",0.24757200479507446,2024-12-09-12-13-38/SITE581_ORNT250_VIS10+mi.png
6,5,"[0.0056, 0.0207, 0.0352, 0.0931, 0.1552, 0.2051, 0.3281, 0.1208, 0.0246, 0.0115]",0.32813751697540283,2024-06-16-11-08-10/SITE19_ORNT260_VIS6mi.png
8,8,"[0.0003, 0.0013, 0.0026, 0.0025, 0.0036, 0.0138, 0.0122, 0.0059, 0.8463, 0.1114]",0.8463401794433594,2024-08-30-17-21-54/SITE522_ORNT270_VIS9mi.png
9,9,"[0.0152, 0.0154, 0.0395, 0.0182, 0.0150, 0.0231, 0.0155, 0.0318, 0.0095, 0.8167]",0.8166545629501343,2025-02-19-12-18-05/SITE50_ORNT265_VIS10+mi.png
9,1,"[0.0075, 0.0118, 0.0365, 0.0360, 0.0281, 0.0367, 0.0430, 0.0848, 0.0328, 0.6827]",0.6827038526535034,2024-09-19-14-23-02/SITE575_ORNT85_VIS2-5mi.png
6,5,"[0.0104, 0.0387, 0.0939, 0.1349, 0.1665, 0.1671, 0.2164, 0.1309, 0.0328, 0.0084]",0.21641860902309418,2024-07-29-17-46-25/SITE623_ORNT180_VIS6mi.png
1,0,"[0.1759, 0.2521, 0.1964, 0.1511, 0.0891, 0.0592, 0.0331, 0.0328, 0.0054, 0.0050]",0.2521391808986664,2025-03-31-15-41-11/SITE606_ORNT180_VIS1-75mi.png
7,2,"[0.0349, 0.0626, 0.1294, 0.1188, 0.1373, 0.1170, 0.0848, 0.1475, 0.0468, 0.1209]",0.14751547574996948,2025-03-01-18-07-41/SITE45_ORNT5_VIS3mi.png
2,6,"[0.0456, 0.1043, 0.1628, 0.1508, 0.1505, 0.1226, 0.0788, 0.1141, 0.0396, 0.0310]",0.1628330796957016,2024-05-09-16-15-37/SITE94_ORNT180_VIS7mi.png
3,2,"[0.0516, 0.0933, 0.1530, 0.1666, 0.1234, 0.0963, 0.0933, 0.1241, 0.0239, 0.0745]",0.16660301387310028,2024-05-31-15-13-16/SITE203_ORNT70_VIS3mi.png
7,7,"[0.0132, 0.0274, 0.0695, 0.1051, 0.1173, 0.1299, 0.1850, 0.1883, 0.0300, 0.1344]",0.18830442428588867,2024-07-23-13-08-12/SITE580_ORNT270_VIS8mi.png
6,6,"[0.0197, 0.0548, 0.1280, 0.1280, 0.1461, 0.1626, 0.1912, 0.1155, 0.0255, 0.0287]",0.19118931889533997,2025-03-01-18-07-41/SITE26_ORNT180_VIS7mi.png
8,8,"[0.0024, 0.0111, 0.0322, 0.0257, 0.0605, 0.1230, 0.0534, 0.0635, 0.5948, 0.0334]",0.594792902469635,2024-06-09-10-51-06/SITE304_ORNT290_VIS9mi.png
9,9,"[0.0358, 0.0553, 0.1306, 0.1152, 0.0847, 0.0732, 0.0796, 0.1400, 0.0292, 0.2564]",0.25640156865119934,2025-02-15-16-53-20/SITE129_ORNT356_VIS10+mi.png
9,1,"[0.0042, 0.0062, 0.0116, 0.0076, 0.0050, 0.0165, 0.0080, 0.0118, 0.0289, 0.9001]",0.9000803232192993,2024-06-06-10-38-22/SITE725_ORNT180_VIS2mi.png
2,1,"[0.0506, 0.1047, 0.1638, 0.1583, 0.1371, 0.1055, 0.0773, 0.1219, 0.0344, 0.0463]",0.16378213465213776,2025-02-01-17-30-02/SITE328_ORNT0_VIS2mi.png
2,7,"[0.1020, 0.1568, 0.1652, 0.1254, 0.1257, 0.0814, 0.0558, 0.1090, 0.0310, 0.0477]",0.16515643894672394,2025-03-11-17-13-52/SITE198_ORNT80_VIS8mi.png
1,2,"[0.1548, 0.2798, 0.1939, 0.1599, 0.0915, 0.0603, 0.0293, 0.0251, 0.0044, 0.0011]",0.2797778248786926,2024-07-14-10-21-23/SITE106_ORNT280_VIS3mi.png
9,1,"[0.0477, 0.0628, 0.1343, 0.0988, 0.0751, 0.0767, 0.0650, 0.0931, 0.0178, 0.3287]",0.3287406265735626,2025-03-28-10-38-15/SITE33_ORNT215_VIS2-5mi.png
8,8,"[0.0029, 0.0097, 0.0246, 0.0421, 0.0482, 0.0816, 0.0665, 0.0885, 0.5019, 0.1340]",0.5018695592880249,2024-05-09-16-15-37/SITE528_ORNT35_VIS9mi.png
9,9,"[0.0074, 0.0183, 0.0315, 0.0622, 0.0444, 0.0743, 0.0841, 0.0733, 0.2353, 0.3692]",0.36921682953834534,2024-10-11-15-41-13/SITE405_ORNT250_VIS15mi.png
8,9,"[0.0003, 0.0016, 0.0037, 0.0043, 0.0091, 0.0262, 0.0193, 0.0131, 0.8945, 0.0278]",0.8944979310035706,2024-04-30-13-21-52/SITE533_ORNT120_VIS15mi.png
2,1,"[0.0898, 0.1691, 0.2146, 0.1308, 0.1371, 0.1194, 0.0567, 0.0531, 0.0194, 0.0100]",0.2146187424659729,2024-05-03-12-14-06/SITE205_ORNT305_VIS2mi.png
8,7,"[0.0053, 0.0145, 0.0306, 0.0226, 0.0399, 0.0821, 0.0409, 0.0469, 0.4793, 0.2378]",0.479286253452301,2025-03-06-15-10-58/SITE474_ORNT270_VIS8mi.png
9,8,"[0.0116, 0.0155, 0.0453, 0.0305, 0.0249, 0.0321, 0.0293, 0.0574, 0.0245, 0.7288]",0.7288345098495483,2024-10-15-10-59-57/SITE547_ORNT350_VIS9mi.png
1,1,"[0.0703, 0.2059, 0.1825, 0.1952, 0.1422, 0.1008, 0.0545, 0.0388, 0.0085, 0.0012]",0.20589037239551544,2024-07-05-10-36-13/SITE219_ORNT344_VIS2-5mi.png
5,4,"[0.0478, 0.1325, 0.1769, 0.0758, 0.1638, 0.1775, 0.0486, 0.0720, 0.0946, 0.0106]",0.1775384396314621,2025-03-28-10-38-15/SITE385_ORNT230_VIS5mi.png
9,7,"[0.0290, 0.0465, 0.1213, 0.1069, 0.0857, 0.0780, 0.0809, 0.1442, 0.0342, 0.2733]",0.27331987023353577,2025-04-14-19-44-02/SITE41_ORNT335_VIS8mi.png
1,2,"[0.1324, 0.2609, 0.1568, 0.2092, 0.1022, 0.0606, 0.0399, 0.0322, 0.0042, 0.0017]",0.26090046763420105,2024-09-29-15-43-38/SITE272_ORNT325_VIS3mi.png
1,1,"[0.1982, 0.2929, 0.1862, 0.1530, 0.0756, 0.0454, 0.0227, 0.0214, 0.0035, 0.0009]",0.2929401397705078,2024-08-30-17-21-54/SITE417_ORNT315_VIS2mi.png
3,4,"[0.0673, 0.1735, 0.1723, 0.2030, 0.1499, 0.1032, 0.0658, 0.0518, 0.0107, 0.0024]",0.20298472046852112,2024-07-14-10-21-23/SITE186_ORNT275_VIS5mi.png
3,5,"[0.0644, 0.1824, 0.1864, 0.1893, 0.1479, 0.1093, 0.0630, 0.0451, 0.0101, 0.0020]",0.1893339604139328,2024-08-30-17-21-54/SITE256_ORNT175_VIS6mi.png
2,4,"[0.0735, 0.2036, 0.2375, 0.0667, 0.1300, 0.1608, 0.0358, 0.0384, 0.0503, 0.0034]",0.23749256134033203,2025-02-19-12-18-05/SITE404_ORNT100_VIS5mi.png
8,8,"[0.0007, 0.0030, 0.0080, 0.0149, 0.0193, 0.0392, 0.0357, 0.0427, 0.7633, 0.0732]",0.7632629871368408,2025-03-26-12-24-08/SITE365_ORNT100_VIS9mi.png
9,9,"[0.0108, 0.0169, 0.0613, 0.0533, 0.0415, 0.0480, 0.0525, 0.1131, 0.0334, 0.5692]",0.5692309737205505,2025-04-16-13-54-24/SITE100_ORNT65_VIS10+mi.png
1,0,"[0.1860, 0.2930, 0.1890, 0.1547, 0.0778, 0.0484, 0.0247, 0.0218, 0.0035, 0.0010]",0.2930227220058441,2024-07-28-11-17-19/SITE13_ORNT240_VIS1-25mi.png
6,7,"[0.0122, 0.0445, 0.1012, 0.1403, 0.1709, 0.1640, 0.1988, 0.1260, 0.0346, 0.0075]",0.1988000124692917,2024-06-07-15-28-05/SITE98_ORNT245_VIS8mi.png
2,6,"[0.0834, 0.2057, 0.2189, 0.0525, 0.1211, 0.1523, 0.0317, 0.0425, 0.0866, 0.0053]",0.21887220442295074,2025-03-28-10-38-15/SITE375_ORNT330_VIS7mi.png
8,8,"[0.0004, 0.0022, 0.0057, 0.0066, 0.0157, 0.0394, 0.0259, 0.0237, 0.8590, 0.0214]",0.859032154083252,2024-10-06-14-34-22/SITE360_ORNT310_VIS9mi.png
1,1,"[0.2849, 0.2884, 0.1561, 0.1261, 0.0594, 0.0333, 0.0213, 0.0233, 0.0030, 0.0043]",0.288377583026886,2025-02-04-15-47-48/SITE219_ORNT160_VIS2-5mi.png
0,0,"[0.3978, 0.2861, 0.1420, 0.0931, 0.0368, 0.0163, 0.0115, 0.0136, 0.0020, 0.0009]",0.39776498079299927,2024-12-09-12-13-38/SITE542_ORNT350_VIS1-5mi.png
9,9,"[0.0044, 0.0072, 0.0262, 0.0336, 0.0224, 0.0272, 0.0365, 0.1071, 0.0345, 0.7009]",0.7009060382843018,2025-03-31-13-29-12/SITE578_ORNT230_VIS10+mi.png
6,5,"[0.0160, 0.0341, 0.1061, 0.1010, 0.1149, 0.1322, 0.1670, 0.1582, 0.0365, 0.1340]",0.1670038253068924,2025-03-05-12-08-53/SITE834_ORNT220_VIS6mi.png
8,2,"[0.0085, 0.0313, 0.0990, 0.0500, 0.1333, 0.2066, 0.0731, 0.1054, 0.2604, 0.0324]",0.260415643453598,2024-07-20-11-08-20/SITE528_ORNT235_VIS3mi.png
2,2,"[0.0897, 0.1271, 0.2113, 0.1297, 0.1053, 0.0946, 0.0659, 0.0760, 0.0171, 0.0834]",0.21134085953235626,2024-12-17-16-15-56/SITE442_ORNT300_VIS3mi.png
6,6,"[0.0085, 0.0253, 0.0568, 0.1153, 0.1556, 0.1529, 0.2588, 0.1764, 0.0303, 0.0202]",0.2587984800338745,2024-07-28-13-48-26/SITE760_ORNT190_VIS7mi.png
0,6,"[0.2530, 0.1987, 0.2253, 0.0696, 0.0785, 0.0784, 0.0307, 0.0322, 0.0076, 0.0260]",0.2529970407485962,2024-06-01-11-15-19/SITE694_ORNT315_VIS7mi.png
6,5,"[0.0071, 0.0238, 0.0559, 0.0926, 0.1448, 0.1813, 0.3012, 0.1416, 0.0364, 0.0153]",0.3012305796146393,2024-08-18-19-28-16/SITE203_ORNT335_VIS6mi.png
9,6,"[0.0191, 0.0330, 0.1038, 0.0971, 0.0842, 0.0852, 0.0876, 0.1605, 0.0435, 0.2861]",0.286093145608902,2024-10-10-15-17-15/SITE411_ORNT220_VIS7mi.png
9,6,"[0.0725, 0.1010, 0.1746, 0.1293, 0.0881, 0.0695, 0.0644, 0.1010, 0.0199, 0.1796]",0.17956551909446716,2025-03-31-15-41-11/SITE76_ORNT60_VIS7mi.png
9,5,"[0.0270, 0.0457, 0.1232, 0.1037, 0.0841, 0.0784, 0.0734, 0.1380, 0.0394, 0.2870]",0.28702783584594727,2025-03-26-12-24-08/SITE11_ORNT308_VIS6mi.png
1,1,"[0.2476, 0.2955, 0.1849, 0.1207, 0.0649, 0.0402, 0.0194, 0.0209, 0.0037, 0.0022]",0.2954787611961365,2024-05-08-14-34-39/SITE48_ORNT115_VIS2-5mi.png
5,3,"[0.0300, 0.0854, 0.1621, 0.0712, 0.1560, 0.1802, 0.0542, 0.0920, 0.1392, 0.0297]",0.1802067905664444,2025-03-28-10-38-15/SITE371_ORNT315_VIS4mi.png
8,3,"[0.0037, 0.0137, 0.0240, 0.0402, 0.0553, 0.1121, 0.0703, 0.0483, 0.5804, 0.0519]",0.5804306268692017,2024-09-08-13-07-06/SITE330_ORNT20_VIS4mi.png
2,6,"[0.0507, 0.0798, 0.1606, 0.1364, 0.1066, 0.0889, 0.0852, 0.1263, 0.0262, 0.1393]",0.1605856567621231,2025-01-15-15-33-17/SITE253_ORNT325_VIS7mi.png
9,9,"[0.0089, 0.0148, 0.0520, 0.0588, 0.0450, 0.0476, 0.0610, 0.1399, 0.0446, 0.5275]",0.5274841785430908,2025-03-26-14-35-40/SITE119_ORNT96_VIS10+mi.png
1,1,"[0.1246, 0.2508, 0.2078, 0.0880, 0.1192, 0.0989, 0.0334, 0.0450, 0.0284, 0.0038]",0.25080910325050354,2025-02-14-15-24-27/SITE394_ORNT0_VIS2-25mi.png
3,7,"[0.0396, 0.1245, 0.1659, 0.1887, 0.1710, 0.1318, 0.0945, 0.0648, 0.0161, 0.0030]",0.18872596323490143,2024-12-10-14-08-09/SITE186_ORNT275_VIS8mi.png
9,2,"[0.0100, 0.0178, 0.0566, 0.0612, 0.0498, 0.0597, 0.0656, 0.1188, 0.0574, 0.5030]",0.5030232071876526,2025-02-04-15-47-48/SITE18_ORNT210_VIS3mi.png
4,7,"[0.0261, 0.0595, 0.1169, 0.1564, 0.1565, 0.1311, 0.1414, 0.1488, 0.0302, 0.0332]",0.15652351081371307,2024-12-10-14-08-09/SITE442_ORNT300_VIS8mi.png
8,8,"[0.0005, 0.0025, 0.0048, 0.0040, 0.0108, 0.0377, 0.0234, 0.0103, 0.8801, 0.0260]",0.8800732493400574,2025-04-01-16-59-16/SITE407_ORNT50_VIS9mi.png
6,5,"[0.0043, 0.0137, 0.0357, 0.0943, 0.1134, 0.1166, 0.2599, 0.2240, 0.0734, 0.0647]",0.2599300742149353,2024-09-07-13-37-18/SITE209_ORNT260_VIS6mi.png
2,1,"[0.0751, 0.1834, 0.2158, 0.0953, 0.1455, 0.1425, 0.0436, 0.0521, 0.0408, 0.0060]",0.21583816409111023,2025-01-15-15-33-17/SITE483_ORNT95_VIS2mi.png
3,4,"[0.0392, 0.1225, 0.1645, 0.1901, 0.1677, 0.1305, 0.0941, 0.0689, 0.0179, 0.0046]",0.1900894194841385,2024-08-02-20-27-22/SITE111_ORNT181_VIS5mi.png
9,4,"[0.0102, 0.0212, 0.0785, 0.0896, 0.0896, 0.0965, 0.1318, 0.2001, 0.0514, 0.2311]",0.23112893104553223,2025-04-16-13-54-24/SITE624_ORNT145_VIS5mi.png
5,1,"[0.0102, 0.0396, 0.1164, 0.0652, 0.1622, 0.2157, 0.0796, 0.1057, 0.1890, 0.0164]",0.21566142141819,2024-06-29-10-50-12/SITE380_ORNT55_VIS2mi.png
1,3,"[0.1230, 0.2003, 0.1866, 0.1529, 0.1123, 0.0762, 0.0490, 0.0658, 0.0169, 0.0168]",0.20034603774547577,2025-03-29-15-28-57/SITE240_ORNT227_VIS4mi.png
7,5,"[0.0071, 0.0173, 0.0535, 0.0970, 0.1240, 0.1232, 0.2321, 0.2389, 0.0412, 0.0657]",0.23894484341144562,2024-07-25-18-03-52/SITE557_ORNT291_VIS6mi.png
1,6,"[0.2380, 0.2827, 0.1831, 0.1321, 0.0680, 0.0412, 0.0236, 0.0243, 0.0035, 0.0035]",0.28270789980888367,2025-02-05-13-59-56/SITE212_ORNT12_VIS7mi.png
3,0,"[0.0562, 0.1557, 0.1644, 0.2069, 0.1589, 0.1067, 0.0734, 0.0611, 0.0137, 0.0031]",0.20687878131866455,2024-07-22-20-17-56/SITE217_ORNT250_VIS1-5mi.png
8,6,"[0.0005, 0.0024, 0.0046, 0.0040, 0.0090, 0.0295, 0.0178, 0.0095, 0.8862, 0.0366]",0.8861604928970337,2025-02-01-17-30-02/SITE283_ORNT260_VIS7mi.png
3,2,"[0.0762, 0.2000, 0.1713, 0.2106, 0.1380, 0.0926, 0.0559, 0.0443, 0.0091, 0.0020]",0.21062621474266052,2024-06-20-11-19-17/SITE84_ORNT336_VIS3mi.png
1,1,"[0.1120, 0.2115, 0.1911, 0.1175, 0.1289, 0.0955, 0.0433, 0.0626, 0.0275, 0.0100]",0.21152165532112122,2025-02-01-12-44-07/SITE522_ORNT270_VIS2mi.png
8,2,"[0.0093, 0.0333, 0.0951, 0.0437, 0.1202, 0.1875, 0.0551, 0.0912, 0.3218, 0.0429]",0.3217654824256897,2025-02-04-15-47-48/SITE522_ORNT90_VIS3mi.png
3,4,"[0.0235, 0.0737, 0.1284, 0.1755, 0.1745, 0.1439, 0.1407, 0.1064, 0.0249, 0.0086]",0.1754947304725647,2024-08-02-13-37-25/SITE115_ORNT287_VIS5mi.png
9,4,"[0.0069, 0.0133, 0.0529, 0.0655, 0.0576, 0.0654, 0.1022, 0.1861, 0.0477, 0.4026]",0.40258610248565674,2025-03-28-10-38-15/SITE570_ORNT344_VIS5mi.png
6,6,"[0.0076, 0.0224, 0.0590, 0.1097, 0.1442, 0.1454, 0.2439, 0.1915, 0.0419, 0.0344]",0.2439153492450714,2024-07-18-14-04-18/SITE760_ORNT190_VIS7mi.png
3,2,"[0.0367, 0.1229, 0.1466, 0.1993, 0.1763, 0.1321, 0.1021, 0.0660, 0.0149, 0.0031]",0.19932207465171814,2024-08-18-13-20-24/SITE48_ORNT275_VIS3mi.png
6,9,"[0.0058, 0.0157, 0.0307, 0.0614, 0.0836, 0.1725, 0.2723, 0.1369, 0.0324, 0.1887]",0.2722816467285156,2025-02-12-14-37-35/SITE111_ORNT61_VIS10+mi.png
8,5,"[0.0082, 0.0264, 0.0774, 0.0477, 0.0963, 0.1570, 0.0637, 0.0992, 0.3303, 0.0938]",0.33029991388320923,2025-03-03-11-33-30/SITE510_ORNT90_VIS6mi.png
3,1,"[0.0516, 0.1455, 0.1606, 0.2007, 0.1588, 0.1166, 0.0896, 0.0613, 0.0113, 0.0038]",0.20072297751903534,2024-09-19-14-23-02/SITE262_ORNT124_VIS2mi.png
1,0,"[0.2735, 0.3075, 0.1790, 0.1202, 0.0543, 0.0306, 0.0157, 0.0158, 0.0025, 0.0009]",0.3074534237384796,2024-07-05-10-36-13/SITE217_ORNT250_VIS1-5mi.png
6,7,"[0.0060, 0.0182, 0.0391, 0.0773, 0.1263, 0.1891, 0.3264, 0.1510, 0.0263, 0.0403]",0.3264307379722595,2024-07-23-16-31-18/SITE545_ORNT95_VIS8mi.png
7,9,"[0.0057, 0.0142, 0.0527, 0.0807, 0.0907, 0.1015, 0.1865, 0.2416, 0.0501, 0.1763]",0.24161700904369354,2025-03-02-13-12-40/SITE177_ORNT260_VIS10+mi.png
0,4,"[0.3082, 0.3052, 0.1692, 0.1014, 0.0500, 0.0288, 0.0151, 0.0170, 0.0029, 0.0021]",0.3082129657268524,2024-12-29-16-00-12/SITE658_ORNT260_VIS5mi.png
8,3,"[0.0026, 0.0088, 0.0167, 0.0446, 0.0388, 0.0692, 0.0814, 0.0610, 0.5921, 0.0849]",0.5920753479003906,2024-06-03-13-44-33/SITE21_ORNT225_VIS4mi.png
1,5,"[0.1585, 0.1788, 0.1667, 0.1285, 0.0937, 0.0539, 0.0460, 0.0864, 0.0156, 0.0718]",0.1788361668586731,2025-04-14-19-44-02/SITE165_ORNT205_VIS6mi.png
0,2,"[0.3528, 0.2897, 0.1583, 0.1005, 0.0447, 0.0221, 0.0121, 0.0162, 0.0029, 0.0009]",0.3527792692184448,2024-05-27-19-19-47/SITE617_ORNT215_VIS3mi.png
3,5,"[0.0401, 0.1231, 0.1495, 0.1980, 0.1673, 0.1304, 0.1087, 0.0658, 0.0124, 0.0046]",0.19802521169185638,2024-08-19-10-27-18/SITE572_ORNT325_VIS6mi.png
5,6,"[0.0216, 0.0578, 0.1495, 0.0985, 0.1433, 0.1645, 0.0802, 0.1191, 0.1002, 0.0653]",0.16452212631702423,2025-03-23-13-51-54/SITE426_ORNT250_VIS7mi.png
6,9,"[0.0065, 0.0186, 0.0539, 0.0946, 0.1330, 0.1378, 0.2571, 0.2045, 0.0524, 0.0416]",0.2571052610874176,2024-08-31-14-30-34/SITE81_ORNT326_VIS25mi.png
8,4,"[0.0007, 0.0027, 0.0043, 0.0052, 0.0063, 0.0188, 0.0143, 0.0085, 0.8104, 0.1288]",0.8103954195976257,2024-08-16-20-03-50/SITE612_ORNT30_VIS5mi.png
6,1,"[0.0145, 0.0428, 0.0947, 0.1459, 0.1650, 0.1489, 0.1943, 0.1487, 0.0303, 0.0150]",0.19430500268936157,2024-09-07-11-42-21/SITE208_ORNT18_VIS2-5mi.png
2,5,"[0.0482, 0.0928, 0.1717, 0.1019, 0.1332, 0.1274, 0.0632, 0.1064, 0.0638, 0.0913]",0.1716899275779724,2025-02-05-13-59-56/SITE397_ORNT145_VIS6mi.png
8,5,"[0.0035, 0.0138, 0.0453, 0.0404, 0.0874, 0.1394, 0.0698, 0.1077, 0.4477, 0.0452]",0.4476819932460785,2024-05-22-13-05-54/SITE471_ORNT255_VIS6mi.png
1,0,"[0.0886, 0.2041, 0.1856, 0.1878, 0.1305, 0.0926, 0.0566, 0.0432, 0.0079, 0.0032]",0.20409135520458221,2024-07-28-13-48-26/SITE13_ORNT85_VIS1-25mi.png
5,5,"[0.0356, 0.1115, 0.1839, 0.0664, 0.1600, 0.1940, 0.0474, 0.0705, 0.1182, 0.0124]",0.19400566816329956,2025-03-31-13-29-12/SITE506_ORNT0_VIS6mi.png
9,9,"[0.0033, 0.0041, 0.0065, 0.0037, 0.0023, 0.0130, 0.0051, 0.0058, 0.0061, 0.9501]",0.9500762224197388,2025-02-05-13-59-56/SITE584_ORNT325_VIS10+mi.png
2,1,"[0.1416, 0.2125, 0.2171, 0.1344, 0.1094, 0.0835, 0.0455, 0.0402, 0.0071, 0.0088]",0.21706245839595795,2025-03-01-18-07-41/SITE212_ORNT80_VIS2mi.png
1,0,"[0.1570, 0.2080, 0.1853, 0.1566, 0.0971, 0.0660, 0.0499, 0.0518, 0.0076, 0.0207]",0.20797614753246307,2025-04-16-13-54-24/SITE9_ORNT200_VIS1-75mi.png
1,2,"[0.1926, 0.2275, 0.1734, 0.1355, 0.0889, 0.0518, 0.0393, 0.0601, 0.0105, 0.0202]",0.22751474380493164,2025-04-16-13-54-24/SITE45_ORNT290_VIS3mi.png
9,9,"[0.0153, 0.0268, 0.0848, 0.0935, 0.0954, 0.0989, 0.1275, 0.1827, 0.0414, 0.2338]",0.23376305401325226,2024-10-14-13-08-27/SITE593_ORNT160_VIS10+mi.png
9,5,"[0.0158, 0.0275, 0.0779, 0.0680, 0.0532, 0.0596, 0.0459, 0.1120, 0.0580, 0.4821]",0.482148140668869,2025-01-31-13-49-43/SITE557_ORNT191_VIS6mi.png
2,0,"[0.0523, 0.0926, 0.1771, 0.1414, 0.1159, 0.1048, 0.0875, 0.1070, 0.0260, 0.0954]",0.1771136373281479,2024-06-01-11-15-19/SITE205_ORNT230_VIS1-75mi.png
8,8,"[0.0031, 0.0104, 0.0224, 0.0230, 0.0315, 0.0669, 0.0413, 0.0422, 0.5764, 0.1828]",0.5764017105102539,2025-02-02-12-13-03/SITE276_ORNT45_VIS9mi.png
5,0,"[0.0331, 0.1053, 0.1758, 0.0691, 0.1467, 0.1887, 0.0492, 0.0777, 0.1379, 0.0165]",0.18873949348926544,2024-12-29-16-00-12/SITE345_ORNT225_VIS1-25mi.png
9,7,"[0.0114, 0.0215, 0.0715, 0.0928, 0.0804, 0.0805, 0.1122, 0.2022, 0.0421, 0.2854]",0.2853669822216034,2024-04-30-13-21-52/SITE734_ORNT75_VIS8mi.png
1,3,"[0.1228, 0.2387, 0.1792, 0.1859, 0.1101, 0.0730, 0.0453, 0.0368, 0.0057, 0.0025]",0.23872284591197968,2024-10-18-12-30-03/SITE8_ORNT278_VIS4mi.png
6,7,"[0.0151, 0.0397, 0.0916, 0.1231, 0.1363, 0.1540, 0.1960, 0.1444, 0.0269, 0.0730]",0.19595873355865479,2024-08-26-16-02-03/SITE215_ORNT235_VIS8mi.png
1,1,"[0.1571, 0.2808, 0.1748, 0.1794, 0.0934, 0.0544, 0.0285, 0.0265, 0.0041, 0.0010]",0.2808343768119812,2024-07-14-10-21-23/SITE421_ORNT110_VIS2-5mi.png
3,6,"[0.0322, 0.0999, 0.1370, 0.1910, 0.1758, 0.1332, 0.1217, 0.0865, 0.0178, 0.0049]",0.190988227725029,2024-05-03-19-33-18/SITE49_ORNT315_VIS7mi.png
1,9,"[0.2423, 0.2606, 0.1754, 0.1306, 0.0718, 0.0414, 0.0277, 0.0353, 0.0055, 0.0094]",0.2606058418750763,2025-03-05-12-08-53/SITE119_ORNT96_VIS10+mi.png
5,8,"[0.0217, 0.0527, 0.1411, 0.0808, 0.1222, 0.1455, 0.0661, 0.1217, 0.1236, 0.1247]",0.14551641047000885,2025-03-03-11-33-30/SITE333_ORNT280_VIS9mi.png
1,0,"[0.1023, 0.2157, 0.1966, 0.1116, 0.1354, 0.1086, 0.0421, 0.0548, 0.0273, 0.0057]",0.21567608416080475,2024-04-25-17-48-06/SITE399_ORNT45_VIS1-25mi.png
9,7,"[0.0108, 0.0212, 0.0709, 0.0885, 0.0928, 0.0913, 0.1012, 0.2108, 0.0718, 0.2406]",0.24064551293849945,2024-05-27-19-19-47/SITE168_ORNT285_VIS8mi.png
3,4,"[0.0296, 0.0952, 0.1536, 0.1703, 0.1697, 0.1504, 0.1283, 0.0785, 0.0190, 0.0052]",0.1703157126903534,2024-07-04-13-27-11/SITE422_ORNT85_VIS5mi.png
1,2,"[0.2292, 0.2814, 0.1734, 0.1238, 0.0763, 0.0468, 0.0273, 0.0316, 0.0063, 0.0040]",0.2813730239868164,2025-03-06-15-10-58/SITE397_ORNT30_VIS3mi.png
3,5,"[0.0594, 0.1653, 0.1669, 0.2001, 0.1522, 0.1119, 0.0781, 0.0526, 0.0100, 0.0034]",0.2001294642686844,2024-09-07-13-37-18/SITE607_ORNT180_VIS6mi.png
0,1,"[0.3355, 0.2870, 0.1459, 0.1075, 0.0511, 0.0255, 0.0174, 0.0232, 0.0032, 0.0036]",0.33553871512413025,2025-01-31-13-49-43/SITE230_ORNT90_VIS2mi.png
2,0,"[0.0726, 0.1928, 0.2057, 0.0706, 0.1468, 0.1542, 0.0385, 0.0519, 0.0625, 0.0044]",0.20574994385242462,2024-12-09-12-13-38/SITE508_ORNT315_VIS1-25mi.png
8,9,"[0.0037, 0.0127, 0.0280, 0.0216, 0.0490, 0.1100, 0.0543, 0.0480, 0.5797, 0.0928]",0.5797472596168518,2024-07-23-10-10-08/SITE483_ORNT5_VIS20mi.png
8,8,"[0.0004, 0.0018, 0.0045, 0.0067, 0.0120, 0.0318, 0.0255, 0.0197, 0.8643, 0.0334]",0.8643167614936829,2024-10-07-14-17-08/SITE480_ORNT310_VIS9mi.png
0,4,"[0.4028, 0.2911, 0.1385, 0.0875, 0.0364, 0.0167, 0.0110, 0.0130, 0.0020, 0.0010]",0.40278053283691406,2025-02-14-15-24-27/SITE807_ORNT90_VIS5mi.png
9,4,"[0.0070, 0.0123, 0.0250, 0.0308, 0.0318, 0.0907, 0.0767, 0.0665, 0.0168, 0.6423]",0.6423366069793701,2025-02-14-15-24-27/SITE22_ORNT190_VIS5mi.png
0,4,"[0.3020, 0.2720, 0.1539, 0.1176, 0.0596, 0.0316, 0.0219, 0.0295, 0.0041, 0.0077]",0.3020443916320801,2025-02-04-15-47-48/SITE807_ORNT295_VIS5mi.png
9,7,"[0.0129, 0.0214, 0.0665, 0.0818, 0.0612, 0.0634, 0.0828, 0.1608, 0.0407, 0.4085]",0.40851545333862305,2024-08-02-20-27-22/SITE203_ORNT70_VIS8mi.png
9,9,"[0.0071, 0.0111, 0.0392, 0.0384, 0.0285, 0.0349, 0.0396, 0.0979, 0.0299, 0.6734]",0.673376202583313,2025-04-02-15-05-32/SITE417_ORNT220_VIS10+mi.png
2,2,"[0.0435, 0.1062, 0.1755, 0.1578, 0.1503, 0.1328, 0.0997, 0.0879, 0.0256, 0.0209]",0.17548008263111115,2024-05-23-15-19-49/SITE117_ORNT165_VIS3mi.png
9,7,"[0.0505, 0.0776, 0.1561, 0.1303, 0.0965, 0.0778, 0.0755, 0.1301, 0.0296, 0.1761]",0.1761060655117035,2025-03-23-13-51-54/SITE86_ORNT239_VIS8mi.png
2,2,"[0.1142, 0.1712, 0.1885, 0.1623, 0.1080, 0.0743, 0.0597, 0.0756, 0.0132, 0.0330]",0.1885184794664383,2025-02-15-15-20-00/SITE719_ORNT180_VIS3mi.png
1,0,"[0.1285, 0.2345, 0.2067, 0.1576, 0.1108, 0.0786, 0.0384, 0.0351, 0.0070, 0.0027]",0.2345191389322281,2024-07-23-13-08-12/SITE58_ORNT90_VIS1mi.png
2,0,"[0.1591, 0.2135, 0.2185, 0.1305, 0.0978, 0.0751, 0.0401, 0.0423, 0.0086, 0.0147]",0.218470498919487,2025-04-14-19-44-02/SITE76_ORNT147_VIS1-5mi.png
3,6,"[0.0336, 0.1169, 0.1723, 0.1774, 0.1709, 0.1434, 0.0994, 0.0642, 0.0189, 0.0030]",0.17735260725021362,2024-07-25-18-03-52/SITE241_ORNT120_VIS7mi.png
9,3,"[0.0069, 0.0102, 0.0330, 0.0272, 0.0220, 0.0362, 0.0321, 0.0643, 0.0221, 0.7459]",0.7458658814430237,2025-04-01-16-59-16/SITE539_ORNT40_VIS4mi.png
1,1,"[0.2603, 0.2888, 0.1745, 0.1297, 0.0611, 0.0350, 0.0213, 0.0230, 0.0032, 0.0033]",0.2887546718120575,2025-02-04-15-47-48/SITE219_ORNT70_VIS2-5mi.png
9,7,"[0.0084, 0.0128, 0.0426, 0.0389, 0.0326, 0.0485, 0.0483, 0.0960, 0.0223, 0.6496]",0.6495905518531799,2025-02-04-15-47-48/SITE268_ORNT45_VIS8mi.png
1,5,"[0.2041, 0.2368, 0.1785, 0.1342, 0.0833, 0.0479, 0.0344, 0.0525, 0.0093, 0.0191]",0.23680952191352844,2025-03-06-15-10-58/SITE541_ORNT350_VIS6mi.png
9,7,"[0.0107, 0.0199, 0.0401, 0.0416, 0.0537, 0.1554, 0.1630, 0.0910, 0.0199, 0.4047]",0.40469497442245483,2025-01-17-15-10-02/SITE569_ORNT276_VIS8mi.png
6,3,"[0.0085, 0.0268, 0.0425, 0.0617, 0.1098, 0.2570, 0.3514, 0.0806, 0.0223, 0.0394]",0.3513951003551483,2024-07-27-10-27-08/SITE747_ORNT0_VIS4mi.png
2,0,"[0.1551, 0.1923, 0.2008, 0.1273, 0.1072, 0.0773, 0.0442, 0.0565, 0.0127, 0.0266]",0.20077401399612427,2025-02-01-17-30-02/SITE30_ORNT345_VIS1mi.png
6,3,"[0.0155, 0.0538, 0.1091, 0.1538, 0.1718, 0.1569, 0.1819, 0.1197, 0.0283, 0.0092]",0.18194323778152466,2024-08-01-10-54-34/SITE24_ORNT250_VIS4mi.png
8,8,"[0.0006, 0.0030, 0.0069, 0.0069, 0.0173, 0.0469, 0.0274, 0.0201, 0.8480, 0.0230]",0.8479660749435425,2024-08-30-10-00-55/SITE352_ORNT340_VIS9mi.png
2,5,"[0.1230, 0.1703, 0.1795, 0.1572, 0.1089, 0.0689, 0.0577, 0.0809, 0.0146, 0.0390]",0.17951545119285583,2025-03-31-15-41-11/SITE193_ORNT295_VIS6mi.png
2,4,"[0.0320, 0.0668, 0.1475, 0.1380, 0.1438, 0.1319, 0.1169, 0.1304, 0.0367, 0.0560]",0.14747527241706848,2025-03-06-15-10-58/SITE104_ORNT150_VIS5mi.png
7,3,"[0.0079, 0.0193, 0.0675, 0.1001, 0.1154, 0.1114, 0.1426, 0.2476, 0.0771, 0.1111]",0.2476121336221695,2024-07-29-17-46-25/SITE411_ORNT220_VIS4mi.png
9,9,"[0.0076, 0.0164, 0.0455, 0.0595, 0.0743, 0.1287, 0.2066, 0.1587, 0.0304, 0.2723]",0.2722783088684082,2025-04-13-19-09-12/SITE106_ORNT280_VIS10+mi.png
7,3,"[0.0183, 0.0394, 0.0892, 0.1348, 0.1512, 0.1336, 0.1676, 0.1833, 0.0366, 0.0460]",0.18325361609458923,2024-09-19-16-37-08/SITE161_ORNT316_VIS4mi.png
8,2,"[0.0050, 0.0169, 0.0471, 0.0373, 0.0647, 0.1121, 0.0497, 0.0862, 0.4701, 0.1107]",0.4700765907764435,2024-08-19-10-27-18/SITE322_ORNT0_VIS3mi.png
9,3,"[0.0097, 0.0148, 0.0517, 0.0534, 0.0418, 0.0472, 0.0582, 0.1261, 0.0330, 0.5640]",0.5640351176261902,2025-03-01-18-07-41/SITE437_ORNT260_VIS4mi.png
9,9,"[0.0172, 0.0286, 0.0886, 0.0668, 0.0558, 0.0628, 0.0483, 0.1109, 0.0451, 0.4758]",0.47577187418937683,2025-02-15-15-20-00/SITE557_ORNT191_VIS10+mi.png
3,3,"[0.0728, 0.1645, 0.1760, 0.1931, 0.1416, 0.0983, 0.0696, 0.0638, 0.0130, 0.0072]",0.193083256483078,2024-10-07-12-00-07/SITE595_ORNT100_VIS4mi.png
1,0,"[0.2566, 0.3011, 0.1637, 0.1351, 0.0611, 0.0351, 0.0210, 0.0209, 0.0029, 0.0025]",0.3010874092578888,2025-02-10-14-47-56/SITE719_ORNT20_VIS1mi.png
1,1,"[0.1343, 0.2189, 0.2175, 0.1416, 0.1055, 0.0825, 0.0452, 0.0384, 0.0073, 0.0089]",0.21893912553787231,2025-02-11-14-30-47/SITE417_ORNT140_VIS2-5mi.png
7,1,"[0.0072, 0.0169, 0.0553, 0.1002, 0.1122, 0.1076, 0.1848, 0.2608, 0.0495, 0.1055]",0.26077646017074585,2024-06-09-10-51-06/SITE581_ORNT350_VIS2-5mi.png
1,2,"[0.1624, 0.2210, 0.1833, 0.1442, 0.1020, 0.0653, 0.0437, 0.0555, 0.0104, 0.0122]",0.2209833413362503,2025-02-10-14-47-56/SITE786_ORNT130_VIS3mi.png
8,8,"[0.0003, 0.0017, 0.0030, 0.0019, 0.0049, 0.0246, 0.0167, 0.0043, 0.9012, 0.0414]",0.9012487530708313,2024-07-02-10-19-43/SITE508_ORNT315_VIS9mi.png
0,0,"[0.3009, 0.2817, 0.1524, 0.1162, 0.0600, 0.0311, 0.0209, 0.0285, 0.0042, 0.0043]",0.30085644125938416,2025-03-29-15-28-57/SITE171_ORNT184_VIS1-25mi.png
0,1,"[0.2686, 0.2597, 0.1507, 0.1287, 0.0740, 0.0373, 0.0274, 0.0405, 0.0054, 0.0076]",0.26859980821609497,2024-05-09-16-15-37/SITE58_ORNT245_VIS2-5mi.png
8,7,"[0.0060, 0.0170, 0.0278, 0.0427, 0.0496, 0.0945, 0.0666, 0.0481, 0.5264, 0.1212]",0.5263961553573608,2024-07-25-10-00-39/SITE405_ORNT250_VIS8mi.png
9,9,"[0.0056, 0.0103, 0.0385, 0.0449, 0.0323, 0.0410, 0.0523, 0.1185, 0.0445, 0.6120]",0.6120472550392151,2024-12-27-14-55-32/SITE15_ORNT350_VIS10+mi.png
8,7,"[0.0006, 0.0032, 0.0069, 0.0063, 0.0169, 0.0514, 0.0279, 0.0163, 0.8538, 0.0168]",0.8538064360618591,2024-04-30-13-21-52/SITE457_ORNT110_VIS8mi.png
2,0,"[0.0562, 0.1259, 0.1805, 0.1097, 0.1451, 0.1301, 0.0591, 0.0989, 0.0629, 0.0317]",0.18051685392856598,2025-04-02-15-05-32/SITE262_ORNT290_VIS1-5mi.png
8,8,"[0.0012, 0.0050, 0.0149, 0.0224, 0.0393, 0.0767, 0.0530, 0.0644, 0.6825, 0.0406]",0.6825029253959656,2024-05-23-15-19-49/SITE471_ORNT255_VIS9mi.png
4,0,"[0.0302, 0.0866, 0.1476, 0.1679, 0.1774, 0.1389, 0.0992, 0.1069, 0.0340, 0.0112]",0.17744363844394684,2024-05-08-14-34-39/SITE7_ORNT312_VIS1-75mi.png
8,5,"[0.0005, 0.0024, 0.0041, 0.0036, 0.0078, 0.0311, 0.0234, 0.0072, 0.8695, 0.0504]",0.8694977164268494,2024-06-23-11-02-14/SITE345_ORNT225_VIS6mi.png
9,9,"[0.0145, 0.0254, 0.0749, 0.0931, 0.0825, 0.0870, 0.1086, 0.1669, 0.0390, 0.3082]",0.3081621527671814,2024-10-13-12-27-42/SITE543_ORNT81_VIS10+mi.png
8,9,"[0.0036, 0.0137, 0.0443, 0.0434, 0.0798, 0.1333, 0.0756, 0.1160, 0.4131, 0.0771]",0.4131454527378082,2025-04-11-14-52-32/SITE467_ORNT55_VIS15mi.png
2,2,"[0.0571, 0.1580, 0.2071, 0.0823, 0.1567, 0.1681, 0.0455, 0.0571, 0.0613, 0.0067]",0.2071460336446762,2025-02-27-11-22-46/SITE463_ORNT340_VIS3mi.png
7,5,"[0.0059, 0.0149, 0.0569, 0.0838, 0.0882, 0.0917, 0.1104, 0.2392, 0.1079, 0.2011]",0.23920896649360657,2024-08-19-19-34-52/SITE251_ORNT140_VIS6mi.png
6,0,"[0.0055, 0.0156, 0.0489, 0.0935, 0.1303, 0.1271, 0.2566, 0.2332, 0.0506, 0.0386]",0.25664016604423523,2024-06-21-15-35-27/SITE87_ORNT329_VIS1-75mi.png
2,1,"[0.1596, 0.1845, 0.2109, 0.1288, 0.0925, 0.0666, 0.0447, 0.0569, 0.0108, 0.0449]",0.2108953297138214,2025-04-11-14-52-32/SITE96_ORNT45_VIS2mi.png
5,2,"[0.0259, 0.0975, 0.1920, 0.0614, 0.1653, 0.2347, 0.0516, 0.0576, 0.1074, 0.0065]",0.23473812639713287,2024-12-29-16-00-12/SITE361_ORNT170_VIS3mi.png
7,3,"[0.0057, 0.0141, 0.0428, 0.0866, 0.0826, 0.0875, 0.1566, 0.2229, 0.1039, 0.1974]",0.22287537157535553,2024-06-10-18-34-10/SITE617_ORNT125_VIS4mi.png
9,6,"[0.0060, 0.0134, 0.0470, 0.0597, 0.0467, 0.0565, 0.0582, 0.1448, 0.0940, 0.4737]",0.4736572802066803,2025-01-26-15-53-06/SITE734_ORNT225_VIS7mi.png
3,5,"[0.0308, 0.1070, 0.1681, 0.1696, 0.1692, 0.1479, 0.1060, 0.0725, 0.0244, 0.0047]",0.1695675551891327,2024-07-24-16-43-44/SITE111_ORNT246_VIS6mi.png
7,6,"[0.0087, 0.0207, 0.0730, 0.0995, 0.1000, 0.1026, 0.1368, 0.2222, 0.0643, 0.1723]",0.22216781973838806,2024-07-18-14-04-18/SITE411_ORNT220_VIS7mi.png
3,1,"[0.0813, 0.1684, 0.1718, 0.1884, 0.1356, 0.0897, 0.0651, 0.0729, 0.0148, 0.0120]",0.18836618959903717,2024-09-07-11-42-21/SITE607_ORNT90_VIS2-5mi.png
7,7,"[0.0049, 0.0138, 0.0442, 0.0932, 0.1130, 0.1080, 0.2236, 0.2612, 0.0615, 0.0766]",0.2612217664718628,2024-06-07-15-28-05/SITE18_ORNT5_VIS8mi.png
8,8,"[0.0005, 0.0027, 0.0041, 0.0016, 0.0065, 0.0316, 0.0150, 0.0042, 0.9076, 0.0263]",0.9075883030891418,2025-03-23-13-51-54/SITE332_ORNT315_VIS9mi.png
1,3,"[0.1351, 0.2575, 0.1652, 0.1991, 0.1007, 0.0627, 0.0403, 0.0328, 0.0046, 0.0021]",0.25751128792762756,2024-07-07-11-04-33/SITE411_ORNT280_VIS4mi.png
3,4,"[0.0533, 0.1108, 0.1531, 0.1733, 0.1470, 0.1172, 0.1157, 0.0924, 0.0150, 0.0223]",0.17327603697776794,2024-07-23-10-10-08/SITE19_ORNT170_VIS5mi.png
3,3,"[0.0413, 0.1196, 0.1681, 0.1729, 0.1583, 0.1415, 0.1101, 0.0658, 0.0141, 0.0083]",0.17292575538158417,2024-09-08-16-00-24/SITE19_ORNT170_VIS4mi.png
6,4,"[0.0047, 0.0174, 0.0276, 0.0550, 0.1086, 0.2424, 0.4241, 0.0846, 0.0169, 0.0187]",0.4240988790988922,2024-08-30-10-00-55/SITE749_ORNT315_VIS5mi.png
8,7,"[0.0049, 0.0169, 0.0429, 0.0289, 0.0788, 0.1526, 0.0712, 0.0740, 0.4585, 0.0713]",0.4584522545337677,2024-07-04-10-22-12/SITE333_ORNT200_VIS8mi.png
8,8,"[0.0005, 0.0028, 0.0040, 0.0013, 0.0073, 0.0353, 0.0159, 0.0037, 0.9191, 0.0101]",0.9191026091575623,2025-03-18-13-52-55/SITE331_ORNT315_VIS9mi.png
6,9,"[0.0058, 0.0184, 0.0499, 0.0838, 0.1226, 0.1576, 0.3008, 0.1723, 0.0423, 0.0466]",0.30078741908073425,2024-10-13-15-24-41/SITE721_ORNT320_VIS10+mi.png
3,5,"[0.0429, 0.1440, 0.1591, 0.1934, 0.1655, 0.1335, 0.0931, 0.0537, 0.0121, 0.0026]",0.19337604939937592,2024-08-30-17-21-54/SITE22_ORNT285_VIS6mi.png
8,8,"[0.0033, 0.0123, 0.0138, 0.0035, 0.0206, 0.0738, 0.0220, 0.0069, 0.8259, 0.0179]",0.8259077668190002,2025-03-31-13-29-12/SITE366_ORNT95_VIS9mi.png
1,6,"[0.1517, 0.2499, 0.2127, 0.0893, 0.1085, 0.0924, 0.0318, 0.0376, 0.0222, 0.0039]",0.24992159008979797,2024-12-03-11-18-04/SITE338_ORNT200_VIS7mi.png
1,2,"[0.0819, 0.2213, 0.1655, 0.2030, 0.1308, 0.0958, 0.0576, 0.0359, 0.0063, 0.0020]",0.22130078077316284,2024-07-05-14-33-31/SITE65_ORNT290_VIS3mi.png
7,5,"[0.0077, 0.0201, 0.0667, 0.1019, 0.1181, 0.1218, 0.1993, 0.2219, 0.0532, 0.0891]",0.2219013124704361,2024-08-18-19-28-16/SITE203_ORNT220_VIS6mi.png
6,4,"[0.0063, 0.0165, 0.0509, 0.0904, 0.1200, 0.1232, 0.2414, 0.2293, 0.0519, 0.0702]",0.2413690835237503,2024-10-20-11-35-46/SITE82_ORNT235_VIS5mi.png
4,0,"[0.0330, 0.1035, 0.1692, 0.1658, 0.1729, 0.1479, 0.1120, 0.0723, 0.0197, 0.0038]",0.1728704869747162,2024-10-05-11-04-16/SITE161_ORNT141_VIS1-5mi.png
2,4,"[0.0470, 0.0882, 0.1709, 0.1115, 0.1174, 0.1103, 0.0640, 0.1146, 0.0569, 0.1193]",0.17091181874275208,2024-05-23-15-19-49/SITE13_ORNT10_VIS5mi.png
1,2,"[0.1597, 0.2065, 0.1822, 0.1449, 0.0970, 0.0598, 0.0455, 0.0655, 0.0123, 0.0267]",0.2064523845911026,2025-03-06-15-10-58/SITE239_ORNT202_VIS3mi.png
3,0,"[0.0765, 0.1850, 0.1783, 0.1919, 0.1371, 0.1003, 0.0679, 0.0495, 0.0093, 0.0042]",0.19189946353435516,2024-05-28-11-05-32/SITE17_ORNT340_VIS1mi.png
8,8,"[0.0028, 0.0127, 0.0176, 0.0051, 0.0346, 0.1155, 0.0302, 0.0102, 0.7615, 0.0098]",0.7614977955818176,2024-08-10-09-44-28/SITE322_ORNT290_VIS9mi.png
2,3,"[0.1048, 0.1845, 0.1930, 0.1564, 0.1172, 0.0834, 0.0530, 0.0694, 0.0181, 0.0202]",0.1930037885904312,2024-08-18-13-20-24/SITE261_ORNT270_VIS4mi.png
9,9,"[0.0247, 0.0400, 0.1164, 0.0842, 0.0925, 0.1224, 0.1315, 0.1260, 0.0280, 0.2344]",0.234397754073143,2025-04-02-15-05-32/SITE73_ORNT20_VIS10+mi.png
6,7,"[0.0052, 0.0146, 0.0419, 0.0924, 0.1080, 0.1097, 0.2380, 0.2370, 0.0686, 0.0846]",0.23802906274795532,2024-05-07-15-42-07/SITE575_ORNT325_VIS8mi.png
1,0,"[0.1259, 0.2139, 0.2023, 0.1356, 0.1121, 0.0825, 0.0440, 0.0532, 0.0175, 0.0130]",0.21386581659317017,2025-02-04-15-47-48/SITE14_ORNT195_VIS1mi.png
7,3,"[0.0503, 0.0728, 0.1387, 0.1443, 0.1079, 0.0837, 0.0919, 0.1457, 0.0241, 0.1405]",0.14573070406913757,2024-05-08-14-34-39/SITE43_ORNT270_VIS4mi.png
1,0,"[0.2187, 0.2430, 0.1794, 0.1389, 0.0784, 0.0464, 0.0339, 0.0421, 0.0062, 0.0131]",0.242961123585701,2025-03-31-13-29-12/SITE272_ORNT325_VIS1-75mi.png
8,8,"[0.0104, 0.0314, 0.0749, 0.0531, 0.0915, 0.1620, 0.0661, 0.0700, 0.3349, 0.1057]",0.33494654297828674,2025-04-13-19-09-12/SITE343_ORNT90_VIS9mi.png
5,5,"[0.0193, 0.0670, 0.1399, 0.0752, 0.1706, 0.1961, 0.0621, 0.1073, 0.1405, 0.0221]",0.1960807889699936,2025-02-10-14-47-56/SITE362_ORNT25_VIS6mi.png
1,1,"[0.0935, 0.2231, 0.1743, 0.2003, 0.1275, 0.0842, 0.0500, 0.0386, 0.0067, 0.0018]",0.22310476005077362,2024-07-05-14-33-31/SITE116_ORNT277_VIS2-5mi.png
2,7,"[0.0707, 0.1234, 0.2190, 0.1171, 0.1230, 0.1389, 0.0905, 0.0651, 0.0146, 0.0377]",0.21901778876781464,2025-03-29-15-28-57/SITE802_ORNT235_VIS8mi.png
1,3,"[0.2221, 0.2967, 0.1788, 0.1529, 0.0666, 0.0374, 0.0211, 0.0202, 0.0031, 0.0012]",0.2966710329055786,2024-06-23-11-02-14/SITE620_ORNT225_VIS4mi.png
1,0,"[0.1360, 0.2295, 0.1928, 0.1426, 0.1062, 0.0936, 0.0517, 0.0336, 0.0057, 0.0084]",0.2294708788394928,2025-03-31-15-41-11/SITE111_ORNT246_VIS1-75mi.png
9,9,"[0.0203, 0.0254, 0.0708, 0.0454, 0.0339, 0.0402, 0.0352, 0.0681, 0.0175, 0.6431]",0.6431183218955994,2025-01-31-13-49-43/SITE259_ORNT314_VIS10+mi.png
8,8,"[0.0039, 0.0143, 0.0321, 0.0216, 0.0513, 0.1152, 0.0458, 0.0410, 0.6152, 0.0596]",0.6152299642562866,2025-03-31-15-41-11/SITE343_ORNT90_VIS9mi.png
5,2,"[0.0316, 0.0997, 0.1765, 0.0767, 0.1582, 0.1864, 0.0529, 0.0834, 0.1169, 0.0177]",0.18635877966880798,2024-12-16-12-39-30/SITE339_ORNT290_VIS3mi.png
6,4,"[0.0057, 0.0193, 0.0373, 0.0974, 0.1554, 0.1840, 0.3090, 0.1487, 0.0286, 0.0146]",0.3089901804924011,2024-06-17-10-37-40/SITE19_ORNT260_VIS5mi.png
8,4,"[0.0090, 0.0420, 0.1051, 0.0374, 0.1256, 0.2566, 0.0593, 0.0535, 0.2997, 0.0118]",0.2997479736804962,2024-09-18-18-13-42/SITE474_ORNT270_VIS5mi.png
6,4,"[0.0062, 0.0199, 0.0551, 0.1012, 0.1451, 0.1491, 0.2775, 0.1886, 0.0382, 0.0191]",0.27749261260032654,2024-08-02-10-36-13/SITE19_ORNT325_VIS5mi.png
8,3,"[0.0011, 0.0054, 0.0143, 0.0119, 0.0274, 0.0679, 0.0296, 0.0347, 0.7698, 0.0378]",0.7698129415512085,2024-07-25-18-03-52/SITE375_ORNT330_VIS4mi.png
2,7,"[0.0618, 0.1157, 0.1791, 0.1451, 0.1316, 0.1205, 0.0995, 0.0827, 0.0159, 0.0481]",0.17908093333244324,2025-03-05-12-08-53/SITE610_ORNT260_VIS8mi.png
8,8,"[0.0098, 0.0304, 0.0546, 0.0541, 0.0998, 0.1726, 0.0799, 0.0596, 0.3866, 0.0524]",0.38664811849594116,2024-07-23-10-10-08/SITE328_ORNT180_VIS9mi.png
8,8,"[0.0004, 0.0017, 0.0045, 0.0066, 0.0091, 0.0233, 0.0203, 0.0202, 0.8371, 0.0767]",0.8370989561080933,2024-08-30-10-00-55/SITE520_ORNT90_VIS9mi.png
1,1,"[0.2725, 0.3100, 0.1704, 0.1017, 0.0621, 0.0376, 0.0191, 0.0210, 0.0042, 0.0015]",0.3099762797355652,2025-03-06-15-10-58/SITE485_ORNT290_VIS2mi.png
9,4,"[0.0066, 0.0135, 0.0483, 0.0813, 0.0778, 0.0761, 0.1319, 0.2476, 0.0611, 0.2558]",0.25582459568977356,2024-08-11-09-28-59/SITE569_ORNT54_VIS5mi.png
6,3,"[0.0038, 0.0130, 0.0393, 0.0893, 0.1228, 0.1304, 0.2736, 0.2282, 0.0547, 0.0449]",0.2735711336135864,2024-08-02-20-27-22/SITE19_ORNT260_VIS4mi.png
3,3,"[0.0379, 0.1220, 0.1629, 0.1872, 0.1690, 0.1341, 0.0980, 0.0678, 0.0173, 0.0038]",0.18718194961547852,2024-05-07-15-42-07/SITE127_ORNT114_VIS4mi.png
3,6,"[0.0444, 0.1234, 0.1490, 0.2056, 0.1640, 0.1165, 0.1010, 0.0764, 0.0144, 0.0055]",0.20557278394699097,2024-06-09-10-51-06/SITE253_ORNT195_VIS7mi.png
1,1,"[0.1995, 0.2522, 0.1750, 0.1406, 0.0888, 0.0505, 0.0324, 0.0442, 0.0085, 0.0084]",0.25215744972229004,2025-03-06-15-10-58/SITE216_ORNT55_VIS2mi.png
8,5,"[0.0096, 0.0228, 0.0327, 0.0126, 0.0266, 0.0739, 0.0257, 0.0192, 0.5342, 0.2427]",0.534204363822937,2025-02-12-14-37-35/SITE397_ORNT270_VIS6mi.png
2,2,"[0.0804, 0.1522, 0.1974, 0.1494, 0.1354, 0.1124, 0.0651, 0.0700, 0.0198, 0.0178]",0.1974450945854187,2024-05-23-15-19-49/SITE422_ORNT85_VIS3mi.png
3,1,"[0.0469, 0.1235, 0.1744, 0.1761, 0.1554, 0.1277, 0.0923, 0.0753, 0.0201, 0.0084]",0.17612603306770325,2024-10-11-15-41-13/SITE98_ORNT80_VIS2mi.png
3,7,"[0.0456, 0.0764, 0.1364, 0.1452, 0.1281, 0.1024, 0.0876, 0.1382, 0.0360, 0.1041]",0.14522148668766022,2025-03-31-13-29-12/SITE14_ORNT240_VIS8mi.png
2,0,"[0.1096, 0.1838, 0.1909, 0.1689, 0.1193, 0.0847, 0.0624, 0.0579, 0.0097, 0.0129]",0.1909349411725998,2024-05-23-15-19-49/SITE253_ORNT195_VIS1mi.png
6,3,"[0.0180, 0.0652, 0.1213, 0.1623, 0.1732, 0.1613, 0.1741, 0.0965, 0.0218, 0.0062]",0.17405198514461517,2024-07-04-13-27-11/SITE12_ORNT200_VIS4mi.png
1,0,"[0.1628, 0.2399, 0.2280, 0.1188, 0.0974, 0.0775, 0.0340, 0.0308, 0.0061, 0.0048]",0.23989719152450562,2025-01-26-15-53-06/SITE40_ORNT120_VIS1mi.png
2,2,"[0.1632, 0.2054, 0.2438, 0.0669, 0.1160, 0.1045, 0.0300, 0.0366, 0.0261, 0.0075]",0.243792325258255,2024-12-03-11-18-04/SITE508_ORNT135_VIS3mi.png
0,5,"[0.3583, 0.2854, 0.1515, 0.0912, 0.0504, 0.0258, 0.0140, 0.0182, 0.0029, 0.0023]",0.3583235740661621,2025-02-17-14-46-26/SITE33_ORNT90_VIS6mi.png
6,1,"[0.0187, 0.0608, 0.1029, 0.1678, 0.1790, 0.1545, 0.1833, 0.1064, 0.0193, 0.0073]",0.1833067685365677,2024-06-09-10-51-06/SITE581_ORNT70_VIS2-5mi.png
8,8,"[0.0003, 0.0018, 0.0032, 0.0015, 0.0049, 0.0258, 0.0150, 0.0040, 0.9092, 0.0343]",0.9091553092002869,2024-05-07-15-42-07/SITE401_ORNT350_VIS9mi.png
8,8,"[0.0048, 0.0194, 0.0210, 0.0044, 0.0349, 0.1165, 0.0279, 0.0080, 0.7557, 0.0074]",0.7557178735733032,2025-03-29-15-28-57/SITE399_ORNT45_VIS9mi.png
5,8,"[0.0182, 0.0602, 0.1499, 0.0804, 0.1665, 0.2043, 0.0751, 0.0997, 0.1264, 0.0195]",0.2042820304632187,2024-04-30-13-21-52/SITE454_ORNT90_VIS9mi.png
4,7,"[0.0174, 0.0621, 0.1328, 0.1433, 0.1711, 0.1666, 0.1651, 0.1028, 0.0324, 0.0064]",0.1711130142211914,2024-07-24-16-43-44/SITE241_ORNT120_VIS8mi.png
0,1,"[0.3476, 0.2647, 0.1497, 0.0853, 0.0610, 0.0318, 0.0196, 0.0282, 0.0048, 0.0072]",0.34759536385536194,2025-04-22-15-39-35/SITE36_ORNT165_VIS2-5mi.png
1,7,"[0.2242, 0.2642, 0.1737, 0.1317, 0.0776, 0.0451, 0.0294, 0.0393, 0.0070, 0.0078]",0.26423031091690063,2025-03-04-14-20-15/SITE15_ORNT90_VIS8mi.png
7,6,"[0.0295, 0.0519, 0.1226, 0.1274, 0.1236, 0.1061, 0.1043, 0.1649, 0.0405, 0.1292]",0.1648654192686081,2025-02-04-15-47-48/SITE446_ORNT10_VIS7mi.png
9,3,"[0.0245, 0.0283, 0.0738, 0.0445, 0.0354, 0.0370, 0.0335, 0.0684, 0.0187, 0.6358]",0.6358331441879272,2025-04-11-14-52-32/SITE215_ORNT330_VIS4mi.png
9,9,"[0.0017, 0.0034, 0.0065, 0.0069, 0.0034, 0.0115, 0.0099, 0.0113, 0.0282, 0.9173]",0.9173062443733215,2025-02-16-12-49-10/SITE897_ORNT300_VIS10+mi.png
1,0,"[0.2166, 0.2762, 0.1970, 0.1309, 0.0735, 0.0479, 0.0247, 0.0255, 0.0041, 0.0036]",0.27617573738098145,2025-01-23-15-05-27/SITE7_ORNT312_VIS1mi.png
7,6,"[0.0056, 0.0149, 0.0495, 0.0929, 0.1051, 0.1053, 0.2081, 0.2458, 0.0655, 0.1073]",0.24581609666347504,2024-08-26-16-02-03/SITE411_ORNT75_VIS7mi.png
2,0,"[0.1234, 0.1829, 0.2327, 0.1063, 0.1112, 0.1210, 0.0592, 0.0412, 0.0084, 0.0137]",0.23269179463386536,2025-02-04-15-47-48/SITE41_ORNT335_VIS1mi.png
7,9,"[0.0052, 0.0133, 0.0434, 0.0831, 0.0903, 0.0956, 0.1946, 0.2447, 0.0610, 0.1688]",0.24472202360630035,2024-10-20-11-35-46/SITE542_ORNT305_VIS10+mi.png
6,3,"[0.0165, 0.0508, 0.1002, 0.1527, 0.1691, 0.1556, 0.1908, 0.1265, 0.0247, 0.0130]",0.19080273807048798,2024-10-11-15-41-13/SITE75_ORNT170_VIS4mi.png
1,0,"[0.2370, 0.2982, 0.1691, 0.1422, 0.0687, 0.0380, 0.0204, 0.0216, 0.0035, 0.0013]",0.298184335231781,2025-03-31-13-29-12/SITE521_ORNT240_VIS1-5mi.png
1,0,"[0.2681, 0.2682, 0.1760, 0.1097, 0.0694, 0.0407, 0.0234, 0.0317, 0.0058, 0.0070]",0.2682303190231323,2025-02-04-15-47-48/SITE12_ORNT270_VIS1mi.png
6,7,"[0.0162, 0.0453, 0.0922, 0.1365, 0.1603, 0.1527, 0.2210, 0.1383, 0.0231, 0.0144]",0.22099272906780243,2024-10-06-12-31-10/SITE22_ORNT285_VIS8mi.png
9,9,"[0.0119, 0.0278, 0.0948, 0.0773, 0.0992, 0.1168, 0.0769, 0.1676, 0.1211, 0.2065]",0.2065485268831253,2024-10-08-11-05-48/SITE455_ORNT0_VIS15mi.png
7,2,"[0.0082, 0.0187, 0.0646, 0.0873, 0.0970, 0.1072, 0.1731, 0.2099, 0.0628, 0.1714]",0.20989711582660675,2024-08-11-09-28-59/SITE556_ORNT223_VIS3mi.png
9,2,"[0.0096, 0.0138, 0.0447, 0.0431, 0.0330, 0.0414, 0.0456, 0.0997, 0.0318, 0.6373]",0.6373004913330078,2025-02-12-14-37-35/SITE568_ORNT349_VIS3mi.png
2,5,"[0.0495, 0.1186, 0.1725, 0.1705, 0.1530, 0.1275, 0.1013, 0.0788, 0.0170, 0.0112]",0.172544926404953,2024-08-18-13-20-24/SITE45_ORNT5_VIS6mi.png
9,9,"[0.0456, 0.0483, 0.0954, 0.0406, 0.0382, 0.0420, 0.0271, 0.0511, 0.0217, 0.5901]",0.590121865272522,2025-02-15-15-20-00/SITE239_ORNT30_VIS10+mi.png
1,0,"[0.1617, 0.2534, 0.2076, 0.1442, 0.0927, 0.0665, 0.0336, 0.0309, 0.0054, 0.0042]",0.25335776805877686,2025-01-31-13-49-43/SITE658_ORNT305_VIS1mi.png
6,7,"[0.0040, 0.0123, 0.0375, 0.0908, 0.1279, 0.1218, 0.2654, 0.2506, 0.0532, 0.0365]",0.26535266637802124,2024-07-29-17-46-25/SITE557_ORNT291_VIS8mi.png
7,4,"[0.0085, 0.0197, 0.0618, 0.1060, 0.1272, 0.1179, 0.1938, 0.2465, 0.0498, 0.0689]",0.24651843309402466,2024-08-11-09-28-59/SITE569_ORNT211_VIS5mi.png
9,7,"[0.0189, 0.0294, 0.0863, 0.0860, 0.0688, 0.0636, 0.0695, 0.1485, 0.0373, 0.3917]",0.39173266291618347,2024-05-21-12-02-34/SITE58_ORNT175_VIS8mi.png
2,3,"[0.2071, 0.2018, 0.2207, 0.0942, 0.0892, 0.0732, 0.0348, 0.0405, 0.0095, 0.0290]",0.2207186371088028,2025-03-26-12-24-08/SITE169_ORNT228_VIS4mi.png
0,5,"[0.3367, 0.2841, 0.1440, 0.1133, 0.0513, 0.0253, 0.0173, 0.0219, 0.0027, 0.0033]",0.33673369884490967,2025-02-04-15-47-48/SITE725_ORNT75_VIS6mi.png
6,4,"[0.0067, 0.0192, 0.0468, 0.1093, 0.1549, 0.1471, 0.2558, 0.2017, 0.0377, 0.0209]",0.2557545304298401,2024-07-25-10-00-39/SITE581_ORNT160_VIS5mi.png
6,5,"[0.0177, 0.0609, 0.1192, 0.1534, 0.1693, 0.1618, 0.1851, 0.1024, 0.0227, 0.0074]",0.1851004660129547,2024-07-29-17-46-25/SITE127_ORNT30_VIS6mi.png
1,0,"[0.1903, 0.2706, 0.2106, 0.1114, 0.0864, 0.0654, 0.0264, 0.0281, 0.0076, 0.0032]",0.2706438899040222,2024-08-19-10-27-18/SITE521_ORNT240_VIS1mi.png
8,8,"[0.0013, 0.0054, 0.0128, 0.0122, 0.0247, 0.0602, 0.0322, 0.0344, 0.7596, 0.0572]",0.7595804333686829,2024-05-22-13-05-54/SITE506_ORNT0_VIS9mi.png
9,9,"[0.0023, 0.0063, 0.0175, 0.0349, 0.0281, 0.0435, 0.0457, 0.0944, 0.3511, 0.3761]",0.3761271834373474,2024-07-04-13-27-11/SITE457_ORNT225_VIS12mi.png
8,4,"[0.0005, 0.0020, 0.0042, 0.0064, 0.0071, 0.0187, 0.0191, 0.0149, 0.7900, 0.1373]",0.7900004386901855,2024-06-09-10-51-06/SITE333_ORNT280_VIS5mi.png
3,6,"[0.0843, 0.1711, 0.1626, 0.1985, 0.1375, 0.0913, 0.0754, 0.0632, 0.0092, 0.0070]",0.1985076367855072,2024-07-22-11-13-59/SITE639_ORNT10_VIS7mi.png
4,7,"[0.0229, 0.0669, 0.1216, 0.1592, 0.1666, 0.1457, 0.1599, 0.1179, 0.0255, 0.0138]",0.16658134758472443,2024-07-25-18-03-52/SITE420_ORNT275_VIS8mi.png
9,7,"[0.0421, 0.0588, 0.1360, 0.1043, 0.0778, 0.0675, 0.0659, 0.1174, 0.0262, 0.3042]",0.30415359139442444,2025-02-14-15-24-27/SITE65_ORNT64_VIS8mi.png
1,0,"[0.1254, 0.2341, 0.1970, 0.1611, 0.1100, 0.0813, 0.0442, 0.0355, 0.0067, 0.0046]",0.23411047458648682,2024-06-29-10-50-12/SITE747_ORNT315_VIS1-25mi.png
9,2,"[0.0062, 0.0126, 0.0498, 0.0628, 0.0514, 0.0571, 0.0735, 0.1714, 0.0671, 0.4481]",0.4481317102909088,2025-03-23-13-51-54/SITE117_ORNT165_VIS3mi.png
0,0,"[0.3144, 0.2889, 0.1459, 0.1240, 0.0531, 0.0268, 0.0184, 0.0222, 0.0028, 0.0035]",0.3143686354160309,2025-01-17-15-10-02/SITE438_ORNT110_VIS1-5mi.png
1,4,"[0.1548, 0.2045, 0.1693, 0.1651, 0.1011, 0.0594, 0.0487, 0.0668, 0.0101, 0.0202]",0.20448468625545502,2025-04-22-15-39-35/SITE94_ORNT10_VIS5mi.png
1,0,"[0.1547, 0.2554, 0.1732, 0.1845, 0.0940, 0.0567, 0.0367, 0.0357, 0.0054, 0.0036]",0.2554028630256653,2024-09-18-18-13-42/SITE561_ORNT145_VIS1-75mi.png
1,0,"[0.1744, 0.2855, 0.1743, 0.1742, 0.0839, 0.0502, 0.0275, 0.0250, 0.0037, 0.0013]",0.2855096757411957,2024-07-25-10-00-39/SITE434_ORNT325_VIS1-25mi.png
8,8,"[0.0007, 0.0029, 0.0047, 0.0027, 0.0054, 0.0243, 0.0153, 0.0056, 0.8400, 0.0985]",0.8400000929832458,2024-04-30-13-21-52/SITE528_ORNT35_VIS9mi.png
1,6,"[0.1340, 0.2631, 0.1626, 0.2040, 0.0999, 0.0608, 0.0385, 0.0314, 0.0043, 0.0014]",0.2630690634250641,2024-07-25-18-03-52/SITE245_ORNT132_VIS7mi.png
7,5,"[0.0056, 0.0137, 0.0445, 0.0889, 0.1072, 0.1032, 0.2078, 0.2718, 0.0553, 0.1019]",0.2717879116535187,2024-07-25-18-03-52/SITE557_ORNT191_VIS6mi.png
7,5,"[0.0129, 0.0274, 0.0813, 0.1113, 0.1316, 0.1279, 0.1878, 0.2089, 0.0439, 0.0672]",0.20887519419193268,2024-09-15-16-06-51/SITE19_ORNT170_VIS6mi.png
1,2,"[0.1729, 0.2877, 0.1646, 0.1822, 0.0832, 0.0500, 0.0291, 0.0251, 0.0036, 0.0016]",0.2876620888710022,2024-09-27-16-12-40/SITE438_ORNT110_VIS3mi.png
2,2,"[0.0871, 0.1243, 0.1830, 0.1444, 0.1036, 0.0747, 0.0668, 0.1027, 0.0207, 0.0927]",0.1829676628112793,2025-03-26-14-35-40/SITE76_ORNT250_VIS3mi.png
8,8,"[0.0070, 0.0324, 0.0844, 0.0364, 0.1108, 0.2251, 0.0576, 0.0610, 0.3659, 0.0194]",0.3658619225025177,2024-05-28-11-05-32/SITE480_ORNT140_VIS9mi.png
9,2,"[0.0610, 0.0759, 0.1444, 0.1053, 0.0816, 0.0632, 0.0593, 0.1146, 0.0252, 0.2695]",0.26947012543678284,2025-01-28-16-10-28/SITE437_ORNT110_VIS3mi.png
1,2,"[0.1099, 0.2242, 0.1970, 0.1092, 0.1319, 0.1059, 0.0401, 0.0484, 0.0271, 0.0062]",0.2241945117712021,2025-02-11-14-30-47/SITE324_ORNT115_VIS3mi.png
1,2,"[0.1353, 0.2528, 0.1517, 0.2093, 0.1050, 0.0619, 0.0420, 0.0354, 0.0046, 0.0020]",0.2527690827846527,2024-09-08-13-07-06/SITE98_ORNT245_VIS3mi.png
5,5,"[0.0276, 0.0697, 0.1610, 0.1186, 0.1540, 0.1675, 0.1026, 0.1088, 0.0606, 0.0295]",0.16750222444534302,2024-06-16-15-28-51/SITE426_ORNT130_VIS6mi.png
1,3,"[0.2254, 0.2774, 0.1525, 0.1652, 0.0746, 0.0384, 0.0275, 0.0319, 0.0040, 0.0031]",0.2774203419685364,2024-05-14-16-18-20/SITE438_ORNT208_VIS4mi.png
8,5,"[0.0013, 0.0057, 0.0152, 0.0150, 0.0347, 0.0774, 0.0415, 0.0463, 0.7229, 0.0401]",0.7228817939758301,2025-04-16-13-54-24/SITE404_ORNT180_VIS6mi.png
6,4,"[0.0061, 0.0181, 0.0573, 0.0950, 0.1261, 0.1365, 0.2515, 0.2108, 0.0460, 0.0526]",0.25153306126594543,2024-10-18-12-30-03/SITE539_ORNT310_VIS5mi.png
1,0,"[0.2786, 0.2984, 0.1766, 0.1264, 0.0544, 0.0289, 0.0165, 0.0168, 0.0026, 0.0009]",0.2983567416667938,2024-07-02-16-22-41/SITE198_ORNT20_VIS1-75mi.png
9,9,"[0.0181, 0.0302, 0.0936, 0.0782, 0.0765, 0.0922, 0.1012, 0.1284, 0.0280, 0.3534]",0.35343387722969055,2025-03-31-13-29-12/SITE871_ORNT260_VIS10+mi.png
3,1,"[0.0428, 0.1453, 0.1593, 0.2040, 0.1682, 0.1241, 0.0853, 0.0559, 0.0130, 0.0022]",0.20395375788211823,2024-08-02-13-37-25/SITE26_ORNT85_VIS2mi.png
9,8,"[0.0210, 0.0339, 0.1097, 0.0802, 0.0790, 0.0945, 0.0978, 0.1248, 0.0306, 0.3285]",0.32846373319625854,2025-02-11-14-30-47/SITE98_ORNT80_VIS9mi.png
9,5,"[0.0176, 0.0295, 0.0993, 0.0707, 0.0709, 0.0931, 0.1016, 0.1222, 0.0295, 0.3656]",0.36557677388191223,2025-01-17-15-10-02/SITE22_ORNT285_VIS6mi.png
2,7,"[0.0525, 0.0900, 0.1616, 0.1377, 0.1185, 0.1086, 0.1046, 0.1064, 0.0203, 0.0998]",0.1616325080394745,2025-02-17-14-46-26/SITE53_ORNT15_VIS8mi.png
8,8,"[0.0125, 0.0496, 0.1175, 0.0377, 0.1489, 0.2423, 0.0489, 0.0635, 0.2671, 0.0120]",0.26713043451309204,2025-03-15-15-41-34/SITE508_ORNT315_VIS9mi.png
2,0,"[0.0631, 0.1077, 0.1711, 0.1517, 0.1406, 0.1158, 0.0997, 0.0972, 0.0181, 0.0350]",0.1711340993642807,2025-01-15-15-33-17/SITE186_ORNT275_VIS1-75mi.png
2,4,"[0.0645, 0.0841, 0.1859, 0.1032, 0.0930, 0.1095, 0.0844, 0.0866, 0.0176, 0.1713]",0.1859264373779297,2025-04-16-13-54-24/SITE96_ORNT135_VIS5mi.png
3,2,"[0.0811, 0.1851, 0.1692, 0.2049, 0.1330, 0.0905, 0.0692, 0.0539, 0.0085, 0.0047]",0.20490829646587372,2024-09-08-13-07-06/SITE129_ORNT266_VIS3mi.png
1,1,"[0.1822, 0.2940, 0.1792, 0.1650, 0.0808, 0.0472, 0.0242, 0.0229, 0.0036, 0.0009]",0.2939927577972412,2024-07-04-10-22-12/SITE437_ORNT260_VIS2mi.png
2,2,"[0.1700, 0.2007, 0.2489, 0.1033, 0.0954, 0.0815, 0.0374, 0.0389, 0.0086, 0.0152]",0.24887482821941376,2024-07-14-10-21-23/SITE747_ORNT255_VIS3mi.png
1,0,"[0.2465, 0.2733, 0.1733, 0.1307, 0.0711, 0.0417, 0.0257, 0.0289, 0.0045, 0.0044]",0.2733135223388672,2025-04-01-16-59-16/SITE59_ORNT10_VIS1-25mi.png
6,7,"[0.0205, 0.0534, 0.1229, 0.1350, 0.1475, 0.1493, 0.1703, 0.1322, 0.0299, 0.0391]",0.1702824831008911,2025-01-28-16-10-28/SITE186_ORNT217_VIS8mi.png
3,6,"[0.0400, 0.1190, 0.1469, 0.1956, 0.1685, 0.1310, 0.1115, 0.0692, 0.0126, 0.0056]",0.19561278820037842,2024-07-28-13-48-26/SITE25_ORNT150_VIS7mi.png
2,7,"[0.0780, 0.1883, 0.1895, 0.1833, 0.1365, 0.1035, 0.0633, 0.0453, 0.0086, 0.0036]",0.18951207399368286,2024-08-31-14-30-34/SITE73_ORNT335_VIS8mi.png
7,6,"[0.0121, 0.0278, 0.0765, 0.1093, 0.1129, 0.1244, 0.1731, 0.1870, 0.0346, 0.1423]",0.18695643544197083,2024-08-18-19-28-16/SITE616_ORNT0_VIS7mi.png
3,7,"[0.0686, 0.1559, 0.1609, 0.2039, 0.1477, 0.0979, 0.0778, 0.0690, 0.0120, 0.0062]",0.20385898649692535,2024-05-09-16-15-37/SITE132_ORNT30_VIS8mi.png
6,6,"[0.0102, 0.0241, 0.0678, 0.1022, 0.1259, 0.1339, 0.2213, 0.1993, 0.0364, 0.0788]",0.22132542729377747,2025-01-31-13-49-43/SITE760_ORNT310_VIS7mi.png
8,8,"[0.0003, 0.0016, 0.0029, 0.0021, 0.0059, 0.0265, 0.0172, 0.0051, 0.9119, 0.0266]",0.9118829965591431,2024-07-28-11-17-19/SITE375_ORNT330_VIS9mi.png
2,1,"[0.1099, 0.1794, 0.2104, 0.1450, 0.1179, 0.0970, 0.0595, 0.0523, 0.0110, 0.0176]",0.2104107141494751,2024-05-23-15-19-49/SITE203_ORNT220_VIS2mi.png
3,2,"[0.0363, 0.0860, 0.1375, 0.1798, 0.1613, 0.1215, 0.1200, 0.1171, 0.0226, 0.0178]",0.1798175424337387,2024-08-24-13-47-04/SITE45_ORNT180_VIS3mi.png
8,8,"[0.0006, 0.0024, 0.0064, 0.0106, 0.0125, 0.0270, 0.0266, 0.0331, 0.7353, 0.1455]",0.7352935671806335,2024-06-14-14-13-33/SITE508_ORNT225_VIS9mi.png
8,8,"[0.0079, 0.0291, 0.0646, 0.0228, 0.0912, 0.1805, 0.0481, 0.0529, 0.4671, 0.0357]",0.46706515550613403,2025-02-10-14-47-56/SITE454_ORNT90_VIS9mi.png
8,8,"[0.0006, 0.0021, 0.0051, 0.0088, 0.0086, 0.0193, 0.0202, 0.0245, 0.7176, 0.1933]",0.7176137566566467,2024-08-16-20-03-50/SITE328_ORNT0_VIS9mi.png
8,8,"[0.0002, 0.0013, 0.0024, 0.0023, 0.0048, 0.0185, 0.0149, 0.0057, 0.9096, 0.0402]",0.9095972776412964,2024-08-01-13-32-05/SITE295_ORNT315_VIS9mi.png
2,1,"[0.0357, 0.1119, 0.2119, 0.0704, 0.1541, 0.2081, 0.0490, 0.0542, 0.0962, 0.0085]",0.2118677794933319,2025-02-19-12-18-05/SITE424_ORNT0_VIS2mi.png
1,1,"[0.2137, 0.3131, 0.2054, 0.0811, 0.0739, 0.0611, 0.0211, 0.0208, 0.0086, 0.0012]",0.31308844685554504,2025-03-20-11-55-50/SITE477_ORNT50_VIS2-25mi.png
9,5,"[0.0145, 0.0338, 0.1018, 0.0801, 0.0990, 0.1093, 0.0643, 0.1557, 0.1197, 0.2217]",0.22174102067947388,2025-03-04-14-20-15/SITE421_ORNT240_VIS6mi.png
8,6,"[0.0005, 0.0022, 0.0049, 0.0053, 0.0105, 0.0285, 0.0208, 0.0173, 0.8560, 0.0540]",0.8559679985046387,2025-03-31-15-41-11/SITE310_ORNT314_VIS7mi.png
7,7,"[0.0273, 0.0515, 0.1279, 0.1294, 0.1205, 0.1107, 0.1235, 0.1540, 0.0335, 0.1217]",0.1539989560842514,2025-03-02-13-12-40/SITE117_ORNT128_VIS8mi.png
9,1,"[0.0117, 0.0218, 0.0839, 0.0775, 0.0754, 0.0873, 0.1097, 0.1638, 0.0445, 0.3245]",0.32445645332336426,2025-01-23-15-05-27/SITE98_ORNT80_VIS2mi.png
0,4,"[0.2909, 0.2844, 0.1608, 0.1208, 0.0579, 0.0322, 0.0208, 0.0240, 0.0032, 0.0051]",0.2909383773803711,2025-02-17-14-46-26/SITE119_ORNT13_VIS5mi.png
1,2,"[0.1462, 0.2295, 0.1735, 0.1878, 0.0990, 0.0604, 0.0451, 0.0457, 0.0061, 0.0068]",0.22950585186481476,2024-07-05-10-36-13/SITE193_ORNT80_VIS3mi.png
8,7,"[0.0098, 0.0371, 0.1085, 0.0408, 0.1169, 0.1974, 0.0495, 0.0801, 0.3233, 0.0366]",0.32327163219451904,2025-01-22-12-38-15/SITE324_ORNT225_VIS8mi.png
7,7,"[0.0074, 0.0151, 0.0515, 0.0823, 0.0868, 0.0901, 0.1687, 0.2378, 0.0529, 0.2074]",0.23778867721557617,2024-07-24-16-43-44/SITE579_ORNT210_VIS8mi.png
3,3,"[0.0322, 0.0850, 0.1406, 0.1748, 0.1636, 0.1326, 0.1219, 0.1096, 0.0251, 0.0145]",0.1747916340827942,2024-08-18-13-20-24/SITE11_ORNT253_VIS4mi.png
3,5,"[0.0794, 0.1924, 0.1751, 0.2014, 0.1363, 0.0948, 0.0631, 0.0464, 0.0080, 0.0031]",0.20137538015842438,2024-08-24-13-47-04/SITE58_ORNT175_VIS6mi.png
6,7,"[0.0067, 0.0170, 0.0449, 0.0826, 0.0991, 0.1284, 0.2441, 0.1945, 0.0486, 0.1340]",0.2441393882036209,2024-05-13-18-48-49/SITE575_ORNT325_VIS8mi.png
3,7,"[0.0279, 0.0900, 0.1404, 0.1734, 0.1697, 0.1481, 0.1386, 0.0864, 0.0189, 0.0066]",0.17340539395809174,2024-10-06-17-04-59/SITE442_ORNT40_VIS8mi.png
1,5,"[0.1407, 0.2734, 0.1715, 0.1924, 0.0985, 0.0581, 0.0319, 0.0281, 0.0043, 0.0010]",0.27342870831489563,2024-07-04-10-22-12/SITE421_ORNT170_VIS6mi.png
9,6,"[0.0056, 0.0103, 0.0380, 0.0512, 0.0426, 0.0523, 0.0813, 0.1610, 0.0440, 0.5136]",0.5135618448257446,2025-03-31-15-41-11/SITE818_ORNT40_VIS7mi.png
2,3,"[0.0647, 0.0971, 0.1480, 0.1296, 0.1104, 0.0927, 0.0710, 0.1102, 0.0323, 0.1439]",0.14804908633232117,2024-04-25-17-48-06/SITE36_ORNT350_VIS4mi.png
9,6,"[0.0112, 0.0256, 0.0857, 0.0754, 0.0856, 0.0996, 0.0671, 0.1560, 0.1269, 0.2669]",0.2669256925582886,2024-05-22-13-05-54/SITE41_ORNT235_VIS7mi.png
2,3,"[0.0879, 0.1506, 0.1866, 0.1619, 0.1226, 0.0983, 0.0789, 0.0713, 0.0124, 0.0295]",0.18656055629253387,2025-03-02-13-12-40/SITE40_ORNT295_VIS4mi.png
7,4,"[0.0197, 0.0355, 0.0780, 0.1354, 0.1369, 0.1149, 0.1613, 0.2121, 0.0324, 0.0737]",0.21214133501052856,2024-07-30-16-52-29/SITE722_ORNT115_VIS5mi.png
7,7,"[0.0069, 0.0156, 0.0510, 0.0904, 0.1007, 0.1001, 0.1834, 0.2540, 0.0538, 0.1442]",0.2540307939052582,2024-06-16-15-28-51/SITE215_ORNT235_VIS8mi.png
3,2,"[0.0259, 0.0897, 0.1377, 0.1794, 0.1730, 0.1492, 0.1317, 0.0854, 0.0212, 0.0070]",0.179353266954422,2024-07-27-10-27-08/SITE411_ORNT280_VIS3mi.png
1,1,"[0.1548, 0.2680, 0.1884, 0.1682, 0.0939, 0.0600, 0.0318, 0.0286, 0.0045, 0.0018]",0.2679801285266876,2024-07-28-11-17-19/SITE117_ORNT320_VIS2mi.png
6,5,"[0.0056, 0.0158, 0.0466, 0.0988, 0.1392, 0.1299, 0.2444, 0.2402, 0.0467, 0.0328]",0.244358628988266,2024-06-29-15-18-41/SITE19_ORNT325_VIS6mi.png
0,0,"[0.3356, 0.2667, 0.1765, 0.0891, 0.0528, 0.0308, 0.0173, 0.0221, 0.0034, 0.0057]",0.33564239740371704,2025-01-31-13-49-43/SITE178_ORNT300_VIS1-25mi.png
9,9,"[0.0116, 0.0238, 0.0626, 0.0826, 0.0785, 0.1043, 0.1366, 0.1408, 0.0687, 0.2905]",0.29052990674972534,2024-10-13-15-24-41/SITE540_ORNT178_VIS10+mi.png
7,7,"[0.0108, 0.0230, 0.0753, 0.1056, 0.1061, 0.1038, 0.1463, 0.2249, 0.0503, 0.1539]",0.22489392757415771,2024-06-17-10-37-40/SITE683_ORNT180_VIS8mi.png
7,5,"[0.0065, 0.0153, 0.0538, 0.0858, 0.0872, 0.0898, 0.1220, 0.2324, 0.1076, 0.1995]",0.23237481713294983,2024-05-13-18-48-49/SITE26_ORNT250_VIS6mi.png
1,3,"[0.0831, 0.2060, 0.1696, 0.2056, 0.1338, 0.0904, 0.0597, 0.0425, 0.0070, 0.0023]",0.20597174763679504,2024-07-14-16-38-50/SITE194_ORNT145_VIS4mi.png
3,3,"[0.0323, 0.1075, 0.1632, 0.1715, 0.1658, 0.1510, 0.1160, 0.0686, 0.0181, 0.0059]",0.17152777314186096,2024-09-08-16-00-24/SITE177_ORNT200_VIS4mi.png
9,2,"[0.0130, 0.0173, 0.0552, 0.0375, 0.0280, 0.0346, 0.0296, 0.0681, 0.0229, 0.6940]",0.6939861178398132,2025-02-04-15-47-48/SITE18_ORNT135_VIS3mi.png
9,5,"[0.0457, 0.0621, 0.1661, 0.0974, 0.0976, 0.1082, 0.0890, 0.1091, 0.0270, 0.1978]",0.1978219896554947,2024-05-28-11-05-32/SITE747_ORNT315_VIS6mi.png
3,5,"[0.0325, 0.1141, 0.1574, 0.1827, 0.1740, 0.1445, 0.1118, 0.0647, 0.0155, 0.0028]",0.1826571226119995,2024-10-14-13-08-27/SITE98_ORNT25_VIS6mi.png
8,8,"[0.0005, 0.0026, 0.0064, 0.0071, 0.0136, 0.0369, 0.0242, 0.0215, 0.8397, 0.0476]",0.8396544456481934,2024-05-28-11-05-32/SITE361_ORNT170_VIS9mi.png
7,0,"[0.0234, 0.0432, 0.1125, 0.1228, 0.1212, 0.1095, 0.1134, 0.1763, 0.0409, 0.1368]",0.17633232474327087,2024-05-07-15-42-07/SITE43_ORNT10_VIS1-75mi.png
1,3,"[0.2607, 0.2993, 0.1756, 0.1337, 0.0592, 0.0323, 0.0172, 0.0183, 0.0027, 0.0010]",0.29928505420684814,2024-07-23-10-10-08/SITE8_ORNT278_VIS4mi.png
1,3,"[0.2296, 0.2809, 0.1603, 0.1576, 0.0716, 0.0392, 0.0265, 0.0278, 0.0034, 0.0029]",0.28094998002052307,2025-02-16-12-49-10/SITE801_ORNT155_VIS4mi.png
5,7,"[0.0204, 0.0498, 0.1314, 0.1188, 0.1424, 0.1494, 0.1021, 0.1427, 0.0780, 0.0651]",0.14943695068359375,2024-07-22-20-17-56/SITE309_ORNT325_VIS8mi.png
1,6,"[0.2107, 0.2988, 0.1730, 0.1610, 0.0727, 0.0395, 0.0201, 0.0204, 0.0032, 0.0007]",0.29884693026542664,2024-07-23-13-08-12/SITE234_ORNT117_VIS7mi.png
1,4,"[0.1495, 0.2764, 0.1802, 0.1777, 0.0963, 0.0585, 0.0292, 0.0268, 0.0045, 0.0010]",0.27641087770462036,2024-07-02-16-22-41/SITE169_ORNT228_VIS5mi.png
7,9,"[0.0326, 0.0625, 0.1346, 0.1263, 0.1329, 0.1147, 0.0901, 0.1483, 0.0459, 0.1119]",0.14827369153499603,2025-02-15-16-53-20/SITE852_ORNT315_VIS10+mi.png
8,6,"[0.0002, 0.0012, 0.0023, 0.0025, 0.0044, 0.0166, 0.0143, 0.0055, 0.8975, 0.0555]",0.8975443243980408,2024-10-11-15-41-13/SITE494_ORNT270_VIS7mi.png
2,6,"[0.0431, 0.0802, 0.1645, 0.1398, 0.1256, 0.1132, 0.0937, 0.1216, 0.0334, 0.0848]",0.16454723477363586,2024-06-01-11-15-19/SITE98_ORNT135_VIS7mi.png
9,9,"[0.0113, 0.0227, 0.0758, 0.0903, 0.0920, 0.0934, 0.0993, 0.1961, 0.0733, 0.2459]",0.24587076902389526,2025-02-11-14-30-47/SITE561_ORNT350_VIS10+mi.png
2,3,"[0.0367, 0.1169, 0.1790, 0.1641, 0.1621, 0.1515, 0.1080, 0.0620, 0.0152, 0.0046]",0.179003044962883,2024-08-31-14-30-34/SITE194_ORNT237_VIS4mi.png
8,8,"[0.0012, 0.0041, 0.0063, 0.0112, 0.0108, 0.0265, 0.0215, 0.0145, 0.7985, 0.1055]",0.798453688621521,2024-08-02-13-37-25/SITE492_ORNT20_VIS9mi.png
0,4,"[0.2806, 0.2415, 0.1809, 0.1008, 0.0670, 0.0449, 0.0284, 0.0326, 0.0051, 0.0182]",0.2806464731693268,2025-03-17-19-09-03/SITE10_ORNT255_VIS5mi.png
3,6,"[0.0980, 0.1773, 0.1652, 0.1896, 0.1269, 0.0880, 0.0722, 0.0619, 0.0089, 0.0119]",0.18960407376289368,2024-07-22-20-17-56/SITE561_ORNT145_VIS7mi.png
1,0,"[0.2592, 0.2746, 0.1801, 0.1151, 0.0643, 0.0395, 0.0243, 0.0298, 0.0049, 0.0082]",0.274567186832428,2025-02-01-12-44-07/SITE721_ORNT320_VIS1-25mi.png
2,2,"[0.0846, 0.1148, 0.1579, 0.1464, 0.1323, 0.0939, 0.0808, 0.1086, 0.0198, 0.0609]",0.15793201327323914,2025-02-12-14-37-35/SITE837_ORNT310_VIS3mi.png
8,8,"[0.0047, 0.0144, 0.0198, 0.0073, 0.0232, 0.0697, 0.0231, 0.0134, 0.7433, 0.0810]",0.7433391809463501,2025-03-29-15-28-57/SITE377_ORNT200_VIS9mi.png
2,2,"[0.0534, 0.1349, 0.1679, 0.1266, 0.1632, 0.1341, 0.0605, 0.0964, 0.0486, 0.0145]",0.16786640882492065,2025-04-01-16-59-16/SITE485_ORNT290_VIS3mi.png
2,6,"[0.0673, 0.1227, 0.1947, 0.1383, 0.1347, 0.1235, 0.0806, 0.0766, 0.0228, 0.0388]",0.1946553736925125,2025-02-04-15-47-48/SITE13_ORNT85_VIS7mi.png
7,7,"[0.0066, 0.0144, 0.0516, 0.0947, 0.1123, 0.0995, 0.1663, 0.2874, 0.0673, 0.1000]",0.2873789966106415,2024-07-24-16-43-44/SITE241_ORNT214_VIS8mi.png
7,6,"[0.0059, 0.0127, 0.0474, 0.0816, 0.0815, 0.0780, 0.1208, 0.2625, 0.0771, 0.2324]",0.26253068447113037,2024-04-25-17-48-06/SITE676_ORNT70_VIS7mi.png
1,3,"[0.1225, 0.2363, 0.1930, 0.1746, 0.1094, 0.0742, 0.0438, 0.0368, 0.0063, 0.0032]",0.2362743765115738,2024-05-08-14-34-39/SITE86_ORNT12_VIS4mi.png
9,7,"[0.0089, 0.0147, 0.0565, 0.0524, 0.0479, 0.0602, 0.0778, 0.1375, 0.0317, 0.5123]",0.5123178362846375,2025-02-05-13-59-56/SITE41_ORNT25_VIS8mi.png
3,3,"[0.0593, 0.1622, 0.1601, 0.2134, 0.1479, 0.1035, 0.0802, 0.0590, 0.0109, 0.0035]",0.21338559687137604,2024-08-29-17-58-30/SITE98_ORNT80_VIS4mi.png
3,3,"[0.0769, 0.1802, 0.1795, 0.1924, 0.1415, 0.1019, 0.0638, 0.0506, 0.0098, 0.0034]",0.19239218533039093,2024-08-01-13-32-05/SITE43_ORNT190_VIS4mi.png
9,6,"[0.0105, 0.0201, 0.0686, 0.0754, 0.0609, 0.0701, 0.0861, 0.1518, 0.0425, 0.4140]",0.41402655839920044,2024-05-13-18-48-49/SITE129_ORNT109_VIS7mi.png
3,6,"[0.0380, 0.0953, 0.1443, 0.1732, 0.1597, 0.1287, 0.1139, 0.1052, 0.0230, 0.0186]",0.17320749163627625,2024-05-28-11-05-32/SITE411_ORNT280_VIS7mi.png
1,7,"[0.2369, 0.2569, 0.1729, 0.1306, 0.0783, 0.0453, 0.0294, 0.0365, 0.0057, 0.0074]",0.2569255828857422,2025-02-19-12-18-05/SITE253_ORNT280_VIS8mi.png
1,1,"[0.1972, 0.2473, 0.1828, 0.1463, 0.0829, 0.0537, 0.0366, 0.0372, 0.0053, 0.0107]",0.24733059108257294,2025-01-23-15-05-27/SITE422_ORNT300_VIS2-5mi.png
6,7,"[0.0164, 0.0514, 0.1027, 0.1526, 0.1677, 0.1550, 0.1882, 0.1263, 0.0258, 0.0140]",0.18819347023963928,2024-05-13-18-48-49/SITE7_ORNT135_VIS8mi.png
1,0,"[0.1409, 0.2165, 0.1729, 0.1277, 0.1188, 0.0728, 0.0437, 0.0721, 0.0195, 0.0149]",0.21652233600616455,2025-03-06-15-10-58/SITE45_ORNT290_VIS1mi.png
2,3,"[0.0853, 0.1533, 0.1847, 0.1665, 0.1256, 0.0961, 0.0731, 0.0749, 0.0151, 0.0254]",0.18465375900268555,2025-02-14-15-24-27/SITE207_ORNT235_VIS4mi.png
2,3,"[0.0305, 0.0907, 0.1614, 0.1526, 0.1588, 0.1597, 0.1406, 0.0780, 0.0178, 0.0099]",0.16139160096645355,2024-05-31-11-53-14/SITE84_ORNT147_VIS4mi.png
6,6,"[0.0113, 0.0329, 0.0882, 0.1073, 0.1320, 0.1568, 0.2395, 0.1501, 0.0307, 0.0511]",0.2395428568124771,2024-09-30-11-56-46/SITE760_ORNT190_VIS7mi.png
9,9,"[0.0061, 0.0096, 0.0346, 0.0341, 0.0259, 0.0372, 0.0442, 0.0990, 0.0314, 0.6780]",0.6779574751853943,2025-04-11-14-52-32/SITE693_ORNT315_VIS10+mi.png
9,7,"[0.0161, 0.0206, 0.0583, 0.0364, 0.0293, 0.0384, 0.0317, 0.0605, 0.0178, 0.6910]",0.6909876465797424,2025-02-11-14-30-47/SITE268_ORNT355_VIS8mi.png
2,0,"[0.0666, 0.1385, 0.1770, 0.1444, 0.1472, 0.1155, 0.0666, 0.0924, 0.0329, 0.0187]",0.17704245448112488,2025-03-01-18-07-41/SITE240_ORNT112_VIS1-75mi.png
8,8,"[0.0002, 0.0012, 0.0027, 0.0031, 0.0056, 0.0178, 0.0152, 0.0091, 0.8980, 0.0471]",0.8979936838150024,2024-07-04-13-27-11/SITE528_ORNT235_VIS9mi.png
9,8,"[0.0077, 0.0150, 0.0531, 0.0796, 0.0745, 0.0770, 0.1253, 0.2241, 0.0515, 0.2922]",0.2922194302082062,2024-09-22-16-46-10/SITE203_ORNT220_VIS9mi.png
3,7,"[0.0357, 0.0836, 0.1325, 0.1810, 0.1599, 0.1193, 0.1226, 0.1234, 0.0228, 0.0194]",0.18096016347408295,2024-07-02-10-19-43/SITE25_ORNT320_VIS8mi.png
1,1,"[0.1715, 0.2356, 0.2211, 0.0928, 0.0900, 0.1054, 0.0422, 0.0269, 0.0056, 0.0087]",0.2355910837650299,2025-01-28-16-10-28/SITE229_ORNT202_VIS2mi.png
6,9,"[0.0098, 0.0238, 0.0697, 0.0950, 0.1180, 0.1350, 0.2150, 0.1905, 0.0366, 0.1066]",0.21503426134586334,2024-12-10-14-08-09/SITE786_ORNT255_VIS10+mi.png
6,7,"[0.0174, 0.0588, 0.1182, 0.1495, 0.1674, 0.1627, 0.1886, 0.1054, 0.0231, 0.0089]",0.18858438730239868,2024-08-15-16-44-48/SITE40_ORNT180_VIS8mi.png
2,3,"[0.0990, 0.1623, 0.1789, 0.1749, 0.1186, 0.0807, 0.0664, 0.0808, 0.0137, 0.0249]",0.17892982065677643,2025-01-23-15-05-27/SITE156_ORNT294_VIS4mi.png
3,7,"[0.0392, 0.1286, 0.1666, 0.1887, 0.1668, 0.1362, 0.0974, 0.0594, 0.0137, 0.0034]",0.1887090653181076,2024-09-21-11-24-11/SITE117_ORNT43_VIS8mi.png
2,1,"[0.0671, 0.1213, 0.1718, 0.1383, 0.1346, 0.1058, 0.0710, 0.1112, 0.0371, 0.0417]",0.1718308925628662,2025-04-01-16-59-16/SITE240_ORNT112_VIS2-5mi.png
1,0,"[0.1069, 0.2308, 0.2034, 0.1725, 0.1166, 0.0827, 0.0436, 0.0348, 0.0069, 0.0018]",0.23079106211662292,2024-07-28-13-48-26/SITE13_ORNT185_VIS1-25mi.png
9,9,"[0.0145, 0.0216, 0.0644, 0.0501, 0.0465, 0.0749, 0.0743, 0.0972, 0.0272, 0.5295]",0.529528796672821,2025-02-04-15-47-48/SITE73_ORNT20_VIS10+mi.png
9,8,"[0.0748, 0.0925, 0.1483, 0.1320, 0.0949, 0.0658, 0.0651, 0.1237, 0.0219, 0.1810]",0.1810249537229538,2025-03-23-13-51-54/SITE45_ORNT5_VIS9mi.png
8,5,"[0.0070, 0.0284, 0.0834, 0.0522, 0.1380, 0.2167, 0.0863, 0.0897, 0.2839, 0.0145]",0.2838800251483917,2024-07-20-11-08-20/SITE332_ORNT155_VIS6mi.png
8,8,"[0.0004, 0.0020, 0.0036, 0.0045, 0.0072, 0.0217, 0.0170, 0.0088, 0.8906, 0.0442]",0.8906297087669373,2024-09-19-16-37-08/SITE508_ORNT135_VIS9mi.png
8,8,"[0.0003, 0.0014, 0.0026, 0.0021, 0.0042, 0.0192, 0.0153, 0.0048, 0.8940, 0.0561]",0.8939968943595886,2024-08-19-10-27-18/SITE464_ORNT90_VIS9mi.png
1,0,"[0.2261, 0.3049, 0.1772, 0.1474, 0.0659, 0.0376, 0.0186, 0.0185, 0.0029, 0.0008]",0.304941326379776,2024-05-07-15-42-07/SITE87_ORNT114_VIS1-5mi.png
6,5,"[0.0089, 0.0251, 0.0662, 0.1170, 0.1461, 0.1445, 0.2219, 0.1923, 0.0391, 0.0389]",0.22191733121871948,2024-06-29-15-18-41/SITE19_ORNT60_VIS6mi.png
1,1,"[0.1273, 0.2626, 0.1832, 0.1820, 0.1030, 0.0683, 0.0372, 0.0301, 0.0048, 0.0015]",0.2625895142555237,2024-06-10-18-34-10/SITE104_ORNT325_VIS2mi.png
9,7,"[0.0139, 0.0200, 0.0652, 0.0529, 0.0544, 0.0742, 0.0887, 0.1230, 0.0254, 0.4824]",0.48236116766929626,2025-04-13-19-09-12/SITE215_ORNT40_VIS8mi.png
7,7,"[0.0215, 0.0461, 0.1217, 0.1288, 0.1251, 0.1201, 0.1317, 0.1601, 0.0377, 0.1071]",0.16014495491981506,2025-01-28-16-10-28/SITE117_ORNT165_VIS8mi.png
9,5,"[0.0081, 0.0133, 0.0444, 0.0556, 0.0419, 0.0446, 0.0551, 0.1368, 0.0449, 0.5553]",0.5553109049797058,4-9-24-5-23-PM/SITE75_ORNT75_VIS6mi.png
2,0,"[0.0834, 0.1590, 0.1878, 0.1706, 0.1287, 0.0981, 0.0774, 0.0660, 0.0117, 0.0173]",0.18780143558979034,2025-02-04-15-47-48/SITE12_ORNT5_VIS1mi.png
8,8,"[0.0007, 0.0030, 0.0070, 0.0085, 0.0129, 0.0312, 0.0245, 0.0239, 0.7929, 0.0954]",0.7928565144538879,2024-07-28-11-17-19/SITE304_ORNT290_VIS9mi.png
0,0,"[0.3162, 0.2840, 0.1525, 0.1166, 0.0541, 0.0278, 0.0183, 0.0233, 0.0032, 0.0040]",0.3161739408969879,2025-03-05-12-08-53/SITE601_ORNT90_VIS1-75mi.png
3,6,"[0.0359, 0.1239, 0.1640, 0.1895, 0.1745, 0.1353, 0.0950, 0.0625, 0.0169, 0.0025]",0.18945281207561493,2024-08-31-14-30-34/SITE4_ORNT187_VIS7mi.png
7,1,"[0.0069, 0.0169, 0.0500, 0.1022, 0.1372, 0.1215, 0.2118, 0.2575, 0.0493, 0.0468]",0.2575437128543854,2024-06-14-14-13-33/SITE240_ORNT286_VIS2mi.png
7,4,"[0.0118, 0.0274, 0.0749, 0.1200, 0.1506, 0.1295, 0.1746, 0.2171, 0.0493, 0.0447]",0.2171357274055481,2024-08-11-09-28-59/SITE569_ORNT276_VIS5mi.png
9,9,"[0.0125, 0.0201, 0.0754, 0.0631, 0.0587, 0.0730, 0.0881, 0.1387, 0.0351, 0.4352]",0.4351523816585541,2025-04-11-14-52-32/SITE104_ORNT325_VIS10+mi.png
1,1,"[0.1801, 0.2830, 0.1864, 0.1612, 0.0830, 0.0503, 0.0257, 0.0248, 0.0041, 0.0014]",0.2829849123954773,2024-09-27-16-12-40/SITE42_ORNT205_VIS2-5mi.png
5,6,"[0.0369, 0.1039, 0.0902, 0.1127, 0.1480, 0.2675, 0.1738, 0.0423, 0.0098, 0.0149]",0.26754146814346313,2024-07-23-10-10-08/SITE578_ORNT295_VIS7mi.png
8,8,"[0.0005, 0.0021, 0.0047, 0.0076, 0.0093, 0.0237, 0.0221, 0.0174, 0.8328, 0.0798]",0.8328030705451965,2024-06-20-11-19-17/SITE377_ORNT110_VIS9mi.png
2,0,"[0.0610, 0.1101, 0.1718, 0.1572, 0.1368, 0.1080, 0.0854, 0.1022, 0.0234, 0.0441]",0.17181511223316193,2024-05-03-12-14-06/SITE41_ORNT170_VIS1-25mi.png
1,0,"[0.1635, 0.2384, 0.1882, 0.1521, 0.0941, 0.0675, 0.0424, 0.0368, 0.0059, 0.0110]",0.2384314239025116,2025-02-17-14-46-26/SITE78_ORNT189_VIS1-25mi.png
1,5,"[0.1110, 0.2435, 0.1730, 0.1994, 0.1156, 0.0735, 0.0424, 0.0344, 0.0056, 0.0015]",0.2434740960597992,2024-10-10-15-17-15/SITE128_ORNT135_VIS6mi.png
2,0,"[0.0439, 0.0789, 0.1711, 0.1152, 0.1160, 0.1292, 0.1073, 0.0965, 0.0215, 0.1204]",0.1711156815290451,2025-02-01-12-44-07/SITE59_ORNT10_VIS1mi.png
9,8,"[0.0223, 0.0362, 0.0957, 0.1128, 0.0948, 0.0868, 0.1105, 0.1787, 0.0337, 0.2285]",0.2284853607416153,2024-07-30-14-06-06/SITE203_ORNT70_VIS9mi.png
2,5,"[0.0475, 0.1251, 0.1845, 0.1419, 0.1537, 0.1581, 0.1078, 0.0602, 0.0132, 0.0080]",0.18449532985687256,2024-05-21-12-02-34/SITE543_ORNT126_VIS6mi.png
1,3,"[0.1262, 0.2649, 0.1903, 0.1716, 0.1073, 0.0709, 0.0328, 0.0289, 0.0061, 0.0010]",0.2649170160293579,2024-08-10-09-44-28/SITE117_ORNT43_VIS4mi.png
5,1,"[0.0264, 0.0588, 0.1192, 0.0976, 0.1253, 0.1916, 0.1857, 0.0932, 0.0193, 0.0828]",0.19163958728313446,2025-01-31-13-49-43/SITE19_ORNT325_VIS2-5mi.png
9,8,"[0.0094, 0.0167, 0.0637, 0.0561, 0.0482, 0.0608, 0.0734, 0.1311, 0.0342, 0.5063]",0.5063318014144897,2025-04-22-15-39-35/SITE18_ORNT290_VIS9mi.png
1,1,"[0.2068, 0.2940, 0.1872, 0.1268, 0.0748, 0.0564, 0.0269, 0.0207, 0.0033, 0.0031]",0.29395756125450134,2025-02-17-14-46-26/SITE84_ORNT43_VIS2mi.png
1,5,"[0.1744, 0.2210, 0.1697, 0.1423, 0.0976, 0.0548, 0.0403, 0.0654, 0.0121, 0.0223]",0.22103022038936615,2025-02-04-15-47-48/SITE725_ORNT295_VIS6mi.png
8,7,"[0.0002, 0.0011, 0.0025, 0.0029, 0.0051, 0.0172, 0.0152, 0.0084, 0.8937, 0.0537]",0.8936524987220764,2024-07-25-10-00-39/SITE388_ORNT325_VIS8mi.png
7,9,"[0.0069, 0.0164, 0.0536, 0.0915, 0.1112, 0.1105, 0.2063, 0.2482, 0.0547, 0.1006]",0.2481938898563385,2024-10-13-12-27-42/SITE573_ORNT260_VIS10+mi.png
7,6,"[0.0048, 0.0123, 0.0433, 0.0886, 0.1008, 0.0962, 0.1944, 0.2813, 0.0626, 0.1156]",0.28129246830940247,2024-08-19-10-27-18/SITE606_ORNT180_VIS7mi.png
9,7,"[0.0927, 0.1094, 0.1579, 0.1123, 0.0893, 0.0596, 0.0548, 0.1103, 0.0227, 0.1910]",0.19101324677467346,2025-03-26-14-35-40/SITE207_ORNT235_VIS8mi.png
1,1,"[0.2092, 0.2976, 0.1825, 0.1522, 0.0707, 0.0414, 0.0218, 0.0206, 0.0031, 0.0011]",0.2976353168487549,2024-07-25-18-03-52/SITE53_ORNT15_VIS2mi.png
9,2,"[0.0295, 0.0447, 0.1133, 0.0854, 0.0752, 0.0888, 0.0864, 0.1040, 0.0187, 0.3541]",0.35408297181129456,2025-02-11-14-30-47/SITE41_ORNT170_VIS3mi.png
0,0,"[0.3094, 0.2886, 0.1435, 0.1217, 0.0581, 0.0287, 0.0195, 0.0239, 0.0035, 0.0031]",0.30940717458724976,2024-12-29-16-00-12/SITE259_ORNT59_VIS1mi.png
1,2,"[0.1722, 0.2884, 0.1745, 0.1758, 0.0858, 0.0494, 0.0253, 0.0240, 0.0037, 0.0009]",0.2884257435798645,2024-07-14-10-21-23/SITE179_ORNT230_VIS3mi.png
6,2,"[0.0211, 0.0566, 0.1016, 0.1620, 0.1663, 0.1417, 0.1708, 0.1366, 0.0245, 0.0187]",0.1708441823720932,2024-08-29-14-11-27/SITE29_ORNT270_VIS3mi.png
2,4,"[0.0511, 0.1583, 0.1980, 0.1691, 0.1556, 0.1284, 0.0762, 0.0487, 0.0126, 0.0020]",0.19798177480697632,2024-08-18-13-20-24/SITE435_ORNT15_VIS5mi.png
6,8,"[0.0109, 0.0288, 0.0726, 0.1123, 0.1431, 0.1432, 0.2434, 0.1813, 0.0319, 0.0325]",0.24344120919704437,2024-07-26-10-22-16/SITE435_ORNT170_VIS9mi.png
7,2,"[0.0165, 0.0335, 0.0944, 0.1180, 0.1146, 0.1094, 0.1312, 0.1883, 0.0460, 0.1483]",0.18830807507038116,2025-01-17-15-10-02/SITE268_ORNT355_VIS3mi.png
5,1,"[0.0295, 0.1024, 0.1898, 0.0810, 0.1714, 0.2075, 0.0548, 0.0654, 0.0897, 0.0085]",0.2075347602367401,2024-07-25-10-00-39/SITE533_ORNT325_VIS2mi.png
1,7,"[0.1127, 0.2279, 0.1636, 0.2081, 0.1185, 0.0718, 0.0485, 0.0408, 0.0057, 0.0023]",0.2278859168291092,2024-06-06-17-01-51/SITE215_ORNT130_VIS8mi.png
2,2,"[0.0482, 0.0889, 0.1549, 0.1371, 0.1310, 0.1270, 0.1170, 0.0991, 0.0191, 0.0777]",0.15486373007297516,2025-02-14-15-24-27/SITE50_ORNT103_VIS3mi.png
1,7,"[0.1652, 0.2831, 0.1802, 0.1738, 0.0883, 0.0520, 0.0271, 0.0252, 0.0040, 0.0011]",0.2830602526664734,2024-07-02-16-22-41/SITE129_ORNT109_VIS8mi.png
7,5,"[0.0183, 0.0491, 0.1208, 0.1176, 0.1433, 0.1386, 0.0874, 0.1638, 0.0916, 0.0695]",0.16377295553684235,2024-06-05-18-49-24/SITE33_ORNT215_VIS6mi.png
3,2,"[0.0245, 0.0679, 0.1339, 0.1642, 0.1623, 0.1426, 0.1368, 0.1192, 0.0292, 0.0194]",0.16419944167137146,2024-05-03-19-33-18/SITE244_ORNT240_VIS3mi.png
8,5,"[0.0009, 0.0041, 0.0103, 0.0137, 0.0240, 0.0495, 0.0362, 0.0383, 0.7731, 0.0499]",0.773075520992279,2024-10-15-10-59-57/SITE385_ORNT50_VIS6mi.png
2,1,"[0.0777, 0.1927, 0.2213, 0.0752, 0.1455, 0.1527, 0.0386, 0.0451, 0.0469, 0.0042]",0.22130756080150604,2025-02-12-14-37-35/SITE322_ORNT180_VIS2-25mi.png
8,8,"[0.0014, 0.0051, 0.0081, 0.0046, 0.0079, 0.0303, 0.0166, 0.0084, 0.7424, 0.1751]",0.742427408695221,2024-07-01-19-28-49/SITE358_ORNT120_VIS9mi.png
9,0,"[0.0400, 0.0668, 0.1248, 0.1133, 0.1117, 0.1397, 0.1149, 0.0938, 0.0214, 0.1736]",0.17360162734985352,2025-02-05-13-59-56/SITE179_ORNT36_VIS1mi.png
3,2,"[0.0295, 0.0675, 0.1321, 0.1546, 0.1526, 0.1350, 0.1458, 0.1276, 0.0251, 0.0303]",0.15460239350795746,2024-08-11-13-07-09/SITE156_ORNT294_VIS3mi.png
9,9,"[0.0182, 0.0265, 0.0872, 0.0669, 0.0530, 0.0603, 0.0586, 0.1128, 0.0305, 0.4862]",0.48618489503860474,2025-03-05-12-08-53/SITE20_ORNT285_VIS10+mi.png
2,0,"[0.0957, 0.2042, 0.2068, 0.0861, 0.1341, 0.1223, 0.0377, 0.0541, 0.0489, 0.0101]",0.2067536562681198,2025-02-01-17-30-02/SITE309_ORNT30_VIS1mi.png
9,5,"[0.0089, 0.0151, 0.0573, 0.0572, 0.0530, 0.0643, 0.0881, 0.1511, 0.0366, 0.4684]",0.4683556854724884,2025-03-02-13-12-40/SITE203_ORNT220_VIS6mi.png
7,6,"[0.0109, 0.0244, 0.0831, 0.0946, 0.1025, 0.1158, 0.1648, 0.1878, 0.0426, 0.1735]",0.1877855658531189,2025-02-27-11-22-46/SITE253_ORNT195_VIS7mi.png
1,0,"[0.2454, 0.3034, 0.1921, 0.1233, 0.0609, 0.0364, 0.0175, 0.0171, 0.0029, 0.0009]",0.3034457266330719,2024-05-08-14-34-39/SITE17_ORNT95_VIS1mi.png
1,2,"[0.1155, 0.2557, 0.1743, 0.1954, 0.1135, 0.0707, 0.0364, 0.0315, 0.0061, 0.0009]",0.2556949853897095,2024-07-28-13-48-26/SITE116_ORNT277_VIS3mi.png
1,0,"[0.2894, 0.2904, 0.1605, 0.1029, 0.0616, 0.0352, 0.0221, 0.0286, 0.0052, 0.0041]",0.2904285490512848,2025-04-02-15-05-32/SITE208_ORNT18_VIS1-5mi.png
5,2,"[0.0119, 0.0509, 0.1402, 0.0578, 0.1613, 0.2448, 0.0683, 0.0767, 0.1779, 0.0103]",0.24484851956367493,2024-10-08-11-05-48/SITE360_ORNT115_VIS3mi.png
8,8,"[0.0037, 0.0156, 0.0308, 0.0318, 0.0584, 0.1280, 0.0576, 0.0392, 0.6141, 0.0209]",0.6141178607940674,2024-07-28-11-17-19/SITE424_ORNT0_VIS9mi.png
9,9,"[0.0051, 0.0077, 0.0262, 0.0248, 0.0171, 0.0233, 0.0261, 0.0681, 0.0255, 0.7760]",0.7759702801704407,2024-12-23-15-38-40/SITE547_ORNT170_VIS10+mi.png
1,0,"[0.1866, 0.2928, 0.2030, 0.1345, 0.0754, 0.0544, 0.0242, 0.0224, 0.0043, 0.0023]",0.2928377091884613,2024-05-21-12-02-34/SITE435_ORNT15_VIS1-25mi.png
9,9,"[0.0043, 0.0076, 0.0221, 0.0283, 0.0197, 0.0314, 0.0404, 0.0749, 0.0358, 0.7355]",0.7355351448059082,2025-02-02-12-13-03/SITE581_ORNT250_VIS10+mi.png
8,4,"[0.0137, 0.0470, 0.0885, 0.0261, 0.1236, 0.2191, 0.0456, 0.0458, 0.3701, 0.0204]",0.3700832724571228,2025-02-16-12-49-10/SITE338_ORNT200_VIS5mi.png
9,7,"[0.0075, 0.0114, 0.0394, 0.0313, 0.0235, 0.0322, 0.0332, 0.0722, 0.0244, 0.7248]",0.7247591018676758,2025-04-22-15-39-35/SITE203_ORNT155_VIS8mi.png
1,1,"[0.1331, 0.2595, 0.2061, 0.0960, 0.1168, 0.0968, 0.0333, 0.0369, 0.0193, 0.0023]",0.2594808042049408,2025-02-15-16-53-20/SITE365_ORNT100_VIS2mi.png
3,4,"[0.0256, 0.0779, 0.1283, 0.1827, 0.1770, 0.1391, 0.1392, 0.1023, 0.0210, 0.0069]",0.18274091184139252,2024-08-31-14-30-34/SITE251_ORNT140_VIS5mi.png
3,3,"[0.0391, 0.1269, 0.1616, 0.1893, 0.1689, 0.1342, 0.0982, 0.0632, 0.0154, 0.0031]",0.18933561444282532,2024-07-29-16-41-43/SITE443_ORNT275_VIS4mi.png
1,7,"[0.1554, 0.2579, 0.1778, 0.1735, 0.0963, 0.0615, 0.0369, 0.0327, 0.0048, 0.0031]",0.25789886713027954,2024-06-15-14-23-40/SITE593_ORNT160_VIS8mi.png
4,3,"[0.0249, 0.0609, 0.1334, 0.1438, 0.1553, 0.1457, 0.1506, 0.1291, 0.0316, 0.0246]",0.155270516872406,2024-05-09-16-15-37/SITE125_ORNT190_VIS4mi.png
6,1,"[0.0137, 0.0323, 0.0819, 0.0708, 0.1019, 0.1891, 0.2446, 0.1159, 0.0239, 0.1260]",0.2446153312921524,2025-02-11-14-30-47/SITE80_ORNT192_VIS2-5mi.png
7,3,"[0.0129, 0.0271, 0.0802, 0.1126, 0.1245, 0.1145, 0.1350, 0.2256, 0.0586, 0.1090]",0.22559481859207153,2024-06-06-17-01-51/SITE7_ORNT312_VIS4mi.png
9,4,"[0.0139, 0.0204, 0.0681, 0.0565, 0.0439, 0.0471, 0.0494, 0.1075, 0.0303, 0.5629]",0.5628554821014404,2025-02-01-17-30-02/SITE546_ORNT40_VIS5mi.png
8,8,"[0.0160, 0.0534, 0.1265, 0.0535, 0.1443, 0.1983, 0.0561, 0.0980, 0.2184, 0.0357]",0.21842065453529358,2025-02-16-12-49-10/SITE401_ORNT350_VIS9mi.png
8,3,"[0.0032, 0.0126, 0.0311, 0.0312, 0.0575, 0.1187, 0.0605, 0.0531, 0.6028, 0.0292]",0.6027665734291077,2024-05-28-11-05-32/SITE406_ORNT190_VIS4mi.png
6,3,"[0.0096, 0.0246, 0.0745, 0.1047, 0.1312, 0.1360, 0.2105, 0.1975, 0.0473, 0.0641]",0.2105070799589157,2024-07-25-18-03-52/SITE411_ORNT75_VIS4mi.png
3,5,"[0.0399, 0.1128, 0.1369, 0.2038, 0.1680, 0.1216, 0.1176, 0.0808, 0.0129, 0.0058]",0.2038177102804184,2024-07-28-11-17-19/SITE12_ORNT270_VIS6mi.png
1,6,"[0.2877, 0.2901, 0.1588, 0.0964, 0.0683, 0.0378, 0.0217, 0.0293, 0.0058, 0.0040]",0.2900815010070801,2025-02-17-14-46-26/SITE807_ORNT25_VIS7mi.png
1,1,"[0.2258, 0.2833, 0.1900, 0.1286, 0.0704, 0.0455, 0.0246, 0.0246, 0.0036, 0.0036]",0.2832922041416168,2025-02-04-15-47-48/SITE219_ORNT344_VIS2-5mi.png
2,3,"[0.0636, 0.1772, 0.2338, 0.1197, 0.1430, 0.1420, 0.0493, 0.0414, 0.0262, 0.0038]",0.2337927669286728,2025-04-07-16-10-10/SITE276_ORNT225_VIS4mi.png
6,9,"[0.0091, 0.0276, 0.0784, 0.1158, 0.1488, 0.1521, 0.2329, 0.1739, 0.0385, 0.0228]",0.2329142540693283,2024-12-10-14-08-09/SITE19_ORNT325_VIS10+mi.png
2,3,"[0.0966, 0.1328, 0.2266, 0.1195, 0.1104, 0.1022, 0.0585, 0.0699, 0.0198, 0.0637]",0.2266126573085785,2025-02-05-13-59-56/SITE747_ORNT0_VIS4mi.png
9,5,"[0.0129, 0.0227, 0.0691, 0.0925, 0.0931, 0.0939, 0.1297, 0.2016, 0.0404, 0.2441]",0.24412427842617035,2024-07-24-16-43-44/SITE45_ORNT5_VIS6mi.png
7,5,"[0.0081, 0.0173, 0.0582, 0.0877, 0.0946, 0.0996, 0.1797, 0.2282, 0.0554, 0.1711]",0.22823306918144226,2024-08-12-20-17-35/SITE22_ORNT0_VIS6mi.png
2,3,"[0.0550, 0.0990, 0.1771, 0.1151, 0.1285, 0.1175, 0.0728, 0.1081, 0.0437, 0.0832]",0.1770918071269989,2025-01-15-15-33-17/SITE262_ORNT10_VIS4mi.png
8,6,"[0.0036, 0.0141, 0.0306, 0.0204, 0.0544, 0.1153, 0.0424, 0.0402, 0.6388, 0.0401]",0.6387903094291687,2025-02-12-14-37-35/SITE362_ORNT305_VIS7mi.png
7,7,"[0.0088, 0.0175, 0.0519, 0.1037, 0.1222, 0.1054, 0.1735, 0.2768, 0.0486, 0.0917]",0.27681758999824524,2024-07-28-11-17-19/SITE595_ORNT270_VIS8mi.png
1,1,"[0.1519, 0.2199, 0.1782, 0.1761, 0.0981, 0.0607, 0.0466, 0.0513, 0.0071, 0.0102]",0.21987037360668182,2024-07-14-16-38-50/SITE178_ORNT300_VIS2mi.png
9,7,"[0.0117, 0.0217, 0.0749, 0.0836, 0.0771, 0.0806, 0.0898, 0.1793, 0.0598, 0.3213]",0.3213343024253845,2025-01-26-13-23-03/SITE578_ORNT185_VIS8mi.png
4,2,"[0.0146, 0.0453, 0.1042, 0.1504, 0.1697, 0.1467, 0.1596, 0.1510, 0.0421, 0.0164]",0.16970303654670715,2024-08-15-16-44-48/SITE21_ORNT10_VIS3mi.png
8,7,"[0.0046, 0.0130, 0.0363, 0.0508, 0.0586, 0.0893, 0.0684, 0.1137, 0.3654, 0.1999]",0.3654347360134125,2024-08-30-10-00-55/SITE457_ORNT225_VIS8mi.png
1,1,"[0.1274, 0.2234, 0.1834, 0.1739, 0.1089, 0.0776, 0.0519, 0.0404, 0.0060, 0.0071]",0.22339379787445068,2024-12-17-16-15-56/SITE41_ORNT235_VIS2mi.png
7,3,"[0.0174, 0.0339, 0.0921, 0.1217, 0.1185, 0.1095, 0.1440, 0.1988, 0.0367, 0.1272]",0.19875313341617584,2024-08-15-16-44-48/SITE439_ORNT200_VIS4mi.png
6,7,"[0.0083, 0.0288, 0.0732, 0.1211, 0.1576, 0.1610, 0.2504, 0.1546, 0.0319, 0.0130]",0.250442236661911,2024-10-06-17-04-59/SITE442_ORNT120_VIS8mi.png
2,7,"[0.0390, 0.1111, 0.1796, 0.1225, 0.1606, 0.1588, 0.0660, 0.0849, 0.0602, 0.0171]",0.1795998215675354,2024-06-01-16-58-02/SITE455_ORNT0_VIS8mi.png
7,6,"[0.0055, 0.0156, 0.0521, 0.1030, 0.1297, 0.1227, 0.2173, 0.2505, 0.0562, 0.0474]",0.2505187392234802,2024-07-14-10-21-23/SITE177_ORNT200_VIS7mi.png
9,2,"[0.0395, 0.0604, 0.1392, 0.1088, 0.0977, 0.0900, 0.0733, 0.1269, 0.0385, 0.2256]",0.22563688457012177,2025-01-31-13-49-43/SITE29_ORNT200_VIS3mi.png
9,9,"[0.0120, 0.0166, 0.0536, 0.0392, 0.0329, 0.0399, 0.0386, 0.0789, 0.0244, 0.6639]",0.6639109253883362,2025-03-11-17-13-52/SITE813_ORNT15_VIS10+mi.png
3,3,"[0.0404, 0.1131, 0.1580, 0.1802, 0.1678, 0.1345, 0.1075, 0.0759, 0.0172, 0.0054]",0.18016788363456726,2024-05-14-16-18-20/SITE41_ORNT235_VIS4mi.png
9,9,"[0.0506, 0.0511, 0.1056, 0.0474, 0.0455, 0.0700, 0.0346, 0.0595, 0.0222, 0.5135]",0.5134581327438354,2025-05-09-16-29-32/SITE694_ORNT240_VIS10+mi.png
3,6,"[0.0546, 0.1438, 0.1601, 0.2039, 0.1544, 0.1091, 0.0873, 0.0682, 0.0131, 0.0055]",0.20388928055763245,2024-07-28-13-48-26/SITE422_ORNT300_VIS7mi.png
2,6,"[0.1356, 0.1762, 0.2043, 0.1412, 0.0936, 0.0688, 0.0516, 0.0644, 0.0117, 0.0526]",0.2043302357196808,2025-03-15-15-41-34/SITE735_ORNT0_VIS7mi.png
6,6,"[0.0053, 0.0206, 0.0307, 0.0682, 0.1328, 0.2415, 0.3932, 0.0835, 0.0185, 0.0056]",0.39319702982902527,2024-07-30-16-52-29/SITE22_ORNT0_VIS7mi.png
2,0,"[0.0468, 0.0824, 0.1543, 0.1397, 0.1375, 0.1149, 0.0878, 0.1270, 0.0336, 0.0761]",0.15431849658489227,2025-01-17-15-10-02/SITE561_ORNT350_VIS1mi.png
0,2,"[0.2836, 0.2811, 0.1651, 0.1157, 0.0599, 0.0341, 0.0227, 0.0283, 0.0043, 0.0053]",0.28359130024909973,2025-03-02-11-48-27/SITE117_ORNT128_VIS3mi.png
1,2,"[0.1991, 0.2201, 0.1848, 0.1161, 0.0817, 0.0506, 0.0335, 0.0559, 0.0123, 0.0459]",0.22009582817554474,2025-04-11-14-52-32/SITE94_ORNT280_VIS3mi.png
1,7,"[0.1063, 0.2319, 0.1792, 0.1936, 0.1197, 0.0782, 0.0457, 0.0371, 0.0063, 0.0020]",0.23191308975219727,2024-07-28-13-48-26/SITE417_ORNT315_VIS8mi.png
2,8,"[0.0768, 0.1514, 0.1980, 0.0888, 0.1253, 0.1189, 0.0421, 0.0778, 0.0718, 0.0491]",0.19803200662136078,2025-03-01-18-07-41/SITE343_ORNT180_VIS9mi.png
9,9,"[0.0076, 0.0110, 0.0345, 0.0296, 0.0246, 0.0416, 0.0378, 0.0690, 0.0191, 0.7252]",0.7251825332641602,2025-03-05-12-08-53/SITE50_ORNT149_VIS10+mi.png
7,1,"[0.0121, 0.0263, 0.0874, 0.0974, 0.1050, 0.1103, 0.1111, 0.1971, 0.0795, 0.1737]",0.19712957739830017,2024-05-30-17-47-26/SITE25_ORNT320_VIS2mi.png
2,5,"[0.0724, 0.0881, 0.2024, 0.0896, 0.1090, 0.1329, 0.0853, 0.0850, 0.0266, 0.1088]",0.20235976576805115,2024-10-13-12-27-42/SITE747_ORNT0_VIS6mi.png
1,6,"[0.0982, 0.1945, 0.1758, 0.1709, 0.1334, 0.0864, 0.0542, 0.0657, 0.0142, 0.0065]",0.1944683939218521,2024-07-30-14-06-06/SITE43_ORNT270_VIS7mi.png
9,9,"[0.0643, 0.0792, 0.1429, 0.0852, 0.0687, 0.0761, 0.0504, 0.0689, 0.0227, 0.3416]",0.3415836691856384,2025-01-31-13-49-43/SITE7_ORNT312_VIS10+mi.png
8,8,"[0.0004, 0.0020, 0.0035, 0.0024, 0.0050, 0.0232, 0.0158, 0.0051, 0.8674, 0.0751]",0.8674123883247375,2024-08-30-10-00-55/SITE336_ORNT180_VIS9mi.png
1,5,"[0.1642, 0.2745, 0.1747, 0.1501, 0.0941, 0.0594, 0.0342, 0.0374, 0.0081, 0.0034]",0.27454715967178345,2024-12-16-12-39-30/SITE520_ORNT0_VIS6mi.png
6,5,"[0.0084, 0.0238, 0.0678, 0.1142, 0.1427, 0.1397, 0.2200, 0.2013, 0.0426, 0.0395]",0.21998393535614014,2024-07-28-13-48-26/SITE411_ORNT280_VIS6mi.png
8,4,"[0.0082, 0.0314, 0.0988, 0.0678, 0.1531, 0.1965, 0.0857, 0.1262, 0.2054, 0.0268]",0.2054457664489746,2025-04-11-14-52-32/SITE276_ORNT45_VIS5mi.png
1,5,"[0.1940, 0.2320, 0.1916, 0.1378, 0.0856, 0.0536, 0.0369, 0.0453, 0.0077, 0.0156]",0.2319694459438324,2025-03-15-15-41-34/SITE230_ORNT45_VIS6mi.png
9,7,"[0.0062, 0.0110, 0.0400, 0.0466, 0.0384, 0.0497, 0.0721, 0.1357, 0.0367, 0.5636]",0.5635511875152588,2025-03-23-13-51-54/SITE203_ORNT220_VIS8mi.png
0,0,"[0.3293, 0.2967, 0.1617, 0.0930, 0.0493, 0.0296, 0.0159, 0.0179, 0.0028, 0.0038]",0.3293268084526062,2025-03-18-13-52-55/SITE439_ORNT265_VIS1-5mi.png
7,7,"[0.0101, 0.0191, 0.0590, 0.0917, 0.1047, 0.1024, 0.1638, 0.2381, 0.0440, 0.1671]",0.23807348310947418,2024-06-16-19-09-40/SITE422_ORNT30_VIS8mi.png
6,7,"[0.0167, 0.0618, 0.1256, 0.1498, 0.1685, 0.1691, 0.1812, 0.0959, 0.0238, 0.0075]",0.18122829496860504,2024-07-14-16-38-50/SITE239_ORNT110_VIS8mi.png
8,8,"[0.0010, 0.0033, 0.0085, 0.0126, 0.0114, 0.0255, 0.0258, 0.0318, 0.5442, 0.3359]",0.544182300567627,2024-09-08-16-00-24/SITE358_ORNT290_VIS9mi.png
8,9,"[0.0003, 0.0015, 0.0033, 0.0050, 0.0062, 0.0172, 0.0175, 0.0132, 0.8389, 0.0969]",0.8388795256614685,2024-05-31-15-13-16/SITE327_ORNT45_VIS15mi.png
2,3,"[0.0351, 0.0934, 0.1597, 0.1561, 0.1562, 0.1474, 0.1349, 0.0850, 0.0181, 0.0141]",0.15973353385925293,2024-06-06-10-38-22/SITE84_ORNT147_VIS4mi.png
1,2,"[0.1447, 0.2720, 0.1776, 0.1857, 0.0964, 0.0594, 0.0304, 0.0276, 0.0048, 0.0012]",0.27203673124313354,2024-05-08-14-34-39/SITE563_ORNT5_VIS3mi.png
2,7,"[0.1088, 0.1378, 0.1987, 0.1209, 0.0834, 0.0630, 0.0459, 0.0778, 0.0190, 0.1448]",0.19872593879699707,2025-02-04-15-47-48/SITE802_ORNT235_VIS8mi.png
1,4,"[0.1471, 0.1958, 0.1896, 0.1495, 0.1075, 0.0719, 0.0487, 0.0591, 0.0108, 0.0200]",0.1958208531141281,2025-02-14-15-24-27/SITE807_ORNT190_VIS5mi.png
5,5,"[0.0278, 0.0957, 0.1668, 0.0508, 0.1539, 0.2089, 0.0429, 0.0674, 0.1725, 0.0133]",0.20894168317317963,2025-03-11-17-13-52/SITE494_ORNT270_VIS6mi.png
2,6,"[0.0443, 0.0871, 0.1655, 0.1344, 0.1377, 0.1346, 0.1195, 0.0991, 0.0214, 0.0564]",0.16550102829933167,2024-06-07-11-09-12/SITE760_ORNT190_VIS7mi.png
1,1,"[0.2511, 0.2753, 0.1675, 0.1185, 0.0727, 0.0425, 0.0261, 0.0339, 0.0062, 0.0062]",0.27525392174720764,2025-01-28-16-10-28/SITE78_ORNT322_VIS2-5mi.png
6,6,"[0.0070, 0.0199, 0.0620, 0.0959, 0.1218, 0.1358, 0.2394, 0.2025, 0.0434, 0.0722]",0.2394387125968933,2024-06-18-18-07-05/SITE22_ORNT285_VIS7mi.png
1,2,"[0.2213, 0.2384, 0.1695, 0.1365, 0.0780, 0.0436, 0.0345, 0.0514, 0.0075, 0.0193]",0.23836643993854523,2025-03-02-13-12-40/SITE217_ORNT25_VIS3mi.png
0,0,"[0.3659, 0.2909, 0.1405, 0.1014, 0.0433, 0.0215, 0.0145, 0.0176, 0.0023, 0.0022]",0.36585888266563416,2025-02-11-14-30-47/SITE545_ORNT240_VIS1-5mi.png
9,9,"[0.0102, 0.0193, 0.0722, 0.0681, 0.0616, 0.0692, 0.0681, 0.1568, 0.0607, 0.4138]",0.4137658178806305,2025-01-17-15-10-02/SITE721_ORNT0_VIS10+mi.png
9,9,"[0.0073, 0.0101, 0.0295, 0.0220, 0.0176, 0.0300, 0.0265, 0.0472, 0.0197, 0.7902]",0.7902284264564514,2025-03-17-19-09-03/SITE683_ORNT240_VIS10+mi.png
8,8,"[0.0051, 0.0187, 0.0253, 0.0159, 0.0385, 0.1005, 0.0347, 0.0210, 0.7025, 0.0379]",0.7024939656257629,2025-04-13-19-09-12/SITE477_ORNT240_VIS9mi.png
4,6,"[0.0199, 0.0567, 0.1315, 0.1437, 0.1601, 0.1497, 0.1327, 0.1341, 0.0440, 0.0277]",0.1601031869649887,2024-08-18-19-28-16/SITE45_ORNT130_VIS7mi.png
1,1,"[0.2008, 0.2380, 0.1843, 0.1205, 0.0873, 0.0548, 0.0355, 0.0502, 0.0114, 0.0173]",0.2379896342754364,2025-01-31-13-49-43/SITE30_ORNT345_VIS2mi.png
8,4,"[0.0216, 0.0660, 0.1119, 0.0719, 0.1248, 0.2003, 0.0699, 0.0542, 0.2450, 0.0343]",0.24495936930179596,2024-08-26-16-02-03/SITE405_ORNT250_VIS5mi.png
8,6,"[0.0038, 0.0163, 0.0345, 0.0167, 0.0630, 0.1500, 0.0437, 0.0331, 0.6181, 0.0209]",0.6180865168571472,2025-02-05-13-59-56/SITE490_ORNT280_VIS7mi.png
1,0,"[0.1545, 0.2672, 0.2202, 0.0987, 0.0973, 0.0820, 0.0293, 0.0321, 0.0157, 0.0030]",0.2671516537666321,2025-03-31-15-41-11/SITE506_ORNT0_VIS1-75mi.png
1,1,"[0.2815, 0.3057, 0.1655, 0.0961, 0.0621, 0.0367, 0.0192, 0.0248, 0.0058, 0.0026]",0.30572760105133057,2025-01-26-13-23-03/SITE471_ORNT90_VIS2-5mi.png
7,1,"[0.0197, 0.0476, 0.1275, 0.1041, 0.1279, 0.1369, 0.0829, 0.1502, 0.0973, 0.1058]",0.15022829174995422,2025-03-15-15-41-34/SITE471_ORNT0_VIS2-5mi.png
8,8,"[0.0029, 0.0107, 0.0346, 0.0351, 0.0653, 0.1063, 0.0625, 0.1112, 0.4784, 0.0928]",0.4784378707408905,2024-07-04-13-27-11/SITE367_ORNT165_VIS9mi.png
1,0,"[0.1971, 0.2279, 0.1795, 0.1323, 0.0925, 0.0548, 0.0374, 0.0518, 0.0093, 0.0173]",0.22794084250926971,2025-02-02-12-13-03/SITE821_ORNT225_VIS1-5mi.png
2,4,"[0.0566, 0.0827, 0.1743, 0.1142, 0.1148, 0.1187, 0.0903, 0.0978, 0.0262, 0.1244]",0.17429976165294647,2025-03-15-15-41-34/SITE538_ORNT139_VIS5mi.png
1,3,"[0.2463, 0.2634, 0.1697, 0.1251, 0.0712, 0.0399, 0.0275, 0.0388, 0.0065, 0.0116]",0.263427197933197,2025-03-06-15-10-58/SITE193_ORNT80_VIS4mi.png
1,4,"[0.2683, 0.2766, 0.1766, 0.1151, 0.0668, 0.0403, 0.0216, 0.0261, 0.0045, 0.0041]",0.2766481339931488,2025-03-11-17-13-52/SITE205_ORNT165_VIS5mi.png
7,4,"[0.0236, 0.0510, 0.1267, 0.1306, 0.1379, 0.1323, 0.1399, 0.1480, 0.0360, 0.0741]",0.14795497059822083,2024-05-21-12-02-34/SITE439_ORNT200_VIS5mi.png
8,8,"[0.0005, 0.0022, 0.0047, 0.0057, 0.0085, 0.0229, 0.0188, 0.0140, 0.8449, 0.0778]",0.844874382019043,2024-06-14-11-11-00/SITE528_ORNT310_VIS9mi.png
9,5,"[0.0091, 0.0133, 0.0428, 0.0339, 0.0247, 0.0309, 0.0301, 0.0698, 0.0256, 0.7197]",0.7196793556213379,2025-04-02-15-05-32/SITE215_ORNT130_VIS6mi.png
2,7,"[0.0741, 0.1172, 0.2041, 0.1274, 0.0973, 0.0833, 0.0601, 0.0888, 0.0245, 0.1232]",0.20414239168167114,2025-02-04-15-47-48/SITE802_ORNT150_VIS8mi.png
1,1,"[0.1020, 0.2358, 0.1703, 0.2076, 0.1186, 0.0762, 0.0446, 0.0367, 0.0067, 0.0015]",0.23575465381145477,2024-10-11-15-41-13/SITE40_ORNT295_VIS2-5mi.png
8,2,"[0.0069, 0.0217, 0.0740, 0.0733, 0.1461, 0.1664, 0.1135, 0.1798, 0.1808, 0.0374]",0.18080149590969086,2024-07-24-16-43-44/SITE528_ORNT35_VIS3mi.png
9,2,"[0.0311, 0.0384, 0.0985, 0.0572, 0.0627, 0.1011, 0.0809, 0.0852, 0.0192, 0.4257]",0.4257149398326874,2025-04-10-17-56-44/SITE443_ORNT67_VIS3mi.png
7,6,"[0.0215, 0.0391, 0.0977, 0.1145, 0.1277, 0.1273, 0.1354, 0.1648, 0.0454, 0.1266]",0.16481070220470428,2025-03-11-17-13-52/SITE760_ORNT310_VIS7mi.png
2,0,"[0.0449, 0.1238, 0.1892, 0.1652, 0.1561, 0.1353, 0.0885, 0.0689, 0.0211, 0.0070]",0.18920180201530457,2025-03-31-15-41-11/SITE48_ORNT115_VIS1mi.png
8,8,"[0.0036, 0.0142, 0.0408, 0.0261, 0.0755, 0.1394, 0.0536, 0.0709, 0.5280, 0.0479]",0.5279857516288757,2024-09-02-17-43-28/SITE362_ORNT25_VIS9mi.png
8,8,"[0.0043, 0.0182, 0.0567, 0.0394, 0.1052, 0.1739, 0.0702, 0.0993, 0.4053, 0.0273]",0.40534713864326477,2024-05-23-15-19-49/SITE506_ORNT90_VIS9mi.png
3,2,"[0.0777, 0.1816, 0.1673, 0.2113, 0.1335, 0.0888, 0.0670, 0.0580, 0.0105, 0.0044]",0.2112569510936737,2024-06-13-13-46-47/SITE115_ORNT36_VIS3mi.png
9,5,"[0.0152, 0.0254, 0.0808, 0.0619, 0.0521, 0.0632, 0.0512, 0.1039, 0.0520, 0.4944]",0.49442726373672485,2025-02-10-14-47-56/SITE17_ORNT340_VIS6mi.png
1,0,"[0.1545, 0.2730, 0.1816, 0.1749, 0.0914, 0.0576, 0.0318, 0.0286, 0.0046, 0.0019]",0.2730318009853363,2024-05-28-11-05-32/SITE620_ORNT150_VIS1-25mi.png
6,7,"[0.0117, 0.0354, 0.0892, 0.1372, 0.1578, 0.1457, 0.1872, 0.1693, 0.0415, 0.0250]",0.1872466802597046,2024-06-23-11-02-14/SITE253_ORNT325_VIS8mi.png
1,1,"[0.2379, 0.2776, 0.1636, 0.1279, 0.0743, 0.0408, 0.0273, 0.0378, 0.0066, 0.0061]",0.2776452302932739,2025-03-01-18-07-41/SITE207_ORNT235_VIS2mi.png
9,4,"[0.0151, 0.0292, 0.0957, 0.0868, 0.0893, 0.1057, 0.1302, 0.1551, 0.0355, 0.2575]",0.25746631622314453,2025-04-16-13-54-24/SITE807_ORNT90_VIS5mi.png
9,9,"[0.0307, 0.0519, 0.1392, 0.0975, 0.0859, 0.0990, 0.0890, 0.1078, 0.0265, 0.2725]",0.27252209186553955,2025-01-17-15-10-02/SITE786_ORNT315_VIS10+mi.png
2,0,"[0.1453, 0.1570, 0.1781, 0.1338, 0.0867, 0.0553, 0.0500, 0.0801, 0.0121, 0.1018]",0.1780916154384613,2025-02-14-15-24-27/SITE179_ORNT230_VIS1-25mi.png
5,1,"[0.0202, 0.0823, 0.1749, 0.0500, 0.1511, 0.2445, 0.0485, 0.0596, 0.1608, 0.0080]",0.2444888800382614,2025-03-26-12-24-08/SITE366_ORNT300_VIS2mi.png
9,9,"[0.0198, 0.0234, 0.0624, 0.0368, 0.0308, 0.0381, 0.0308, 0.0574, 0.0163, 0.6842]",0.6842118501663208,2025-01-28-16-10-28/SITE54_ORNT255_VIS10+mi.png
4,6,"[0.0284, 0.0810, 0.1439, 0.1634, 0.1638, 0.1421, 0.1250, 0.1060, 0.0288, 0.0176]",0.1637975126504898,2024-05-01-16-21-18/SITE542_ORNT140_VIS7mi.png
9,9,"[0.0204, 0.0203, 0.0494, 0.0202, 0.0180, 0.0242, 0.0155, 0.0327, 0.0134, 0.7858]",0.7857791185379028,2025-03-02-11-48-27/SITE648_ORNT220_VIS10+mi.png
3,0,"[0.0262, 0.0821, 0.1308, 0.1820, 0.1763, 0.1398, 0.1379, 0.0980, 0.0204, 0.0066]",0.1820288896560669,2024-08-11-13-07-09/SITE447_ORNT295_VIS1mi.png
8,8,"[0.0004, 0.0018, 0.0041, 0.0072, 0.0084, 0.0209, 0.0221, 0.0178, 0.8200, 0.0973]",0.8200215697288513,2024-07-25-10-00-39/SITE383_ORNT35_VIS9mi.png
9,5,"[0.0111, 0.0159, 0.0501, 0.0343, 0.0250, 0.0334, 0.0273, 0.0610, 0.0242, 0.7176]",0.717633843421936,2025-03-06-15-10-58/SITE215_ORNT330_VIS6mi.png
1,2,"[0.2606, 0.2883, 0.1630, 0.1366, 0.0640, 0.0350, 0.0219, 0.0243, 0.0033, 0.0030]",0.2883111238479614,2025-03-28-10-38-15/SITE602_ORNT270_VIS3mi.png
2,5,"[0.0648, 0.0939, 0.1628, 0.1423, 0.0956, 0.0761, 0.0762, 0.1126, 0.0202, 0.1556]",0.16280372440814972,2025-03-31-13-29-12/SITE76_ORNT60_VIS6mi.png
9,9,"[0.0175, 0.0250, 0.0765, 0.0723, 0.0704, 0.0726, 0.0823, 0.1410, 0.0313, 0.4111]",0.4110734760761261,2025-02-01-12-44-07/SITE561_ORNT60_VIS10+mi.png
1,2,"[0.1907, 0.2791, 0.1827, 0.1476, 0.0848, 0.0544, 0.0269, 0.0270, 0.0049, 0.0019]",0.27914005517959595,2025-03-05-12-08-53/SITE483_ORNT275_VIS3mi.png
2,5,"[0.0331, 0.0864, 0.1606, 0.0879, 0.1513, 0.1533, 0.0569, 0.1106, 0.1100, 0.0500]",0.16061162948608398,2025-02-17-14-46-26/SITE33_ORNT350_VIS6mi.png
3,4,"[0.0549, 0.1468, 0.1547, 0.2076, 0.1587, 0.1076, 0.0831, 0.0678, 0.0132, 0.0056]",0.20759457349777222,2024-05-09-16-15-37/SITE418_ORNT195_VIS5mi.png
9,9,"[0.0194, 0.0267, 0.0745, 0.0544, 0.0480, 0.0522, 0.0454, 0.0883, 0.0260, 0.5651]",0.5651395916938782,2025-01-26-13-23-03/SITE725_ORNT180_VIS10+mi.png
9,9,"[0.0054, 0.0079, 0.0260, 0.0267, 0.0174, 0.0219, 0.0257, 0.0709, 0.0247, 0.7732]",0.7732280492782593,2025-03-01-18-07-41/SITE897_ORNT205_VIS10+mi.png
7,3,"[0.0057, 0.0123, 0.0436, 0.0804, 0.0773, 0.0761, 0.1466, 0.2562, 0.0636, 0.2382]",0.2561701238155365,2024-08-01-13-32-05/SITE595_ORNT270_VIS4mi.png
2,2,"[0.0895, 0.1410, 0.1786, 0.1526, 0.1233, 0.0879, 0.0654, 0.0959, 0.0220, 0.0438]",0.17861422896385193,2025-03-15-15-41-34/SITE78_ORNT268_VIS3mi.png
8,8,"[0.0003, 0.0017, 0.0039, 0.0049, 0.0085, 0.0241, 0.0188, 0.0141, 0.8818, 0.0419]",0.8817716836929321,2024-06-06-10-38-22/SITE477_ORNT340_VIS9mi.png
8,9,"[0.0069, 0.0219, 0.0674, 0.0573, 0.0906, 0.1308, 0.0684, 0.1337, 0.2894, 0.1337]",0.2893633544445038,2025-02-14-15-24-27/SITE327_ORNT45_VIS10+mi.png
1,4,"[0.1073, 0.2469, 0.1841, 0.1858, 0.1131, 0.0794, 0.0428, 0.0329, 0.0058, 0.0018]",0.24692589044570923,2024-05-01-16-21-18/SITE41_ORNT335_VIS5mi.png
2,4,"[0.0545, 0.1440, 0.1982, 0.1008, 0.1527, 0.1529, 0.0507, 0.0716, 0.0611, 0.0136]",0.1981864869594574,2025-01-17-15-10-02/SITE521_ORNT60_VIS5mi.png
1,3,"[0.0912, 0.2100, 0.1678, 0.2036, 0.1294, 0.0874, 0.0574, 0.0438, 0.0070, 0.0023]",0.2100379914045334,2024-08-30-17-21-54/SITE123_ORNT67_VIS4mi.png
1,7,"[0.0774, 0.2141, 0.1853, 0.1939, 0.1344, 0.0961, 0.0519, 0.0376, 0.0079, 0.0014]",0.21413205564022064,2024-07-25-18-03-52/SITE437_ORNT260_VIS8mi.png
2,2,"[0.0622, 0.0903, 0.1675, 0.1352, 0.1076, 0.0879, 0.0796, 0.1150, 0.0239, 0.1309]",0.1674567013978958,2024-12-17-16-15-56/SITE442_ORNT210_VIS3mi.png
8,3,"[0.0118, 0.0410, 0.1118, 0.0421, 0.1364, 0.2147, 0.0546, 0.0839, 0.2725, 0.0312]",0.2724902927875519,2025-01-29-12-01-12/SITE461_ORNT20_VIS4mi.png
6,3,"[0.0091, 0.0327, 0.0840, 0.1281, 0.1619, 0.1608, 0.2259, 0.1492, 0.0363, 0.0121]",0.22589616477489471,2024-09-20-16-20-08/SITE25_ORNT30_VIS4mi.png
1,0,"[0.1125, 0.2462, 0.1789, 0.1894, 0.1125, 0.0757, 0.0441, 0.0334, 0.0055, 0.0019]",0.2461891919374466,2024-07-05-14-33-31/SITE94_ORNT80_VIS1-75mi.png
1,0,"[0.1011, 0.2043, 0.1865, 0.1719, 0.1210, 0.0946, 0.0626, 0.0433, 0.0069, 0.0077]",0.20428024232387543,2025-03-03-11-33-30/SITE251_ORNT140_VIS1mi.png
1,0,"[0.1158, 0.2432, 0.1759, 0.1937, 0.1145, 0.0724, 0.0423, 0.0349, 0.0058, 0.0017]",0.24315087497234344,2024-07-14-16-38-50/SITE13_ORNT240_VIS1-5mi.png
3,3,"[0.0386, 0.1317, 0.1686, 0.1851, 0.1678, 0.1382, 0.0961, 0.0573, 0.0141, 0.0024]",0.1851157248020172,2024-08-16-20-03-50/SITE208_ORNT330_VIS4mi.png
3,4,"[0.0520, 0.1067, 0.1616, 0.1626, 0.1451, 0.1177, 0.0883, 0.1028, 0.0282, 0.0351]",0.1626031994819641,2024-10-13-15-24-41/SITE58_ORNT245_VIS5mi.png
4,6,"[0.0181, 0.0740, 0.1208, 0.1675, 0.1822, 0.1666, 0.1619, 0.0829, 0.0220, 0.0038]",0.18224845826625824,2024-06-17-10-37-40/SITE17_ORNT95_VIS7mi.png
1,8,"[0.1394, 0.2608, 0.2028, 0.0873, 0.1151, 0.0933, 0.0329, 0.0405, 0.0245, 0.0036]",0.2607814073562622,2025-02-16-12-49-10/SITE376_ORNT170_VIS9mi.png
7,7,"[0.0101, 0.0218, 0.0564, 0.1112, 0.1342, 0.1225, 0.2043, 0.2371, 0.0355, 0.0669]",0.23713622987270355,2024-07-24-16-43-44/SITE584_ORNT225_VIS8mi.png
8,8,"[0.0015, 0.0062, 0.0171, 0.0225, 0.0398, 0.0834, 0.0506, 0.0553, 0.6842, 0.0394]",0.6842299699783325,2024-06-07-11-09-12/SITE353_ORNT135_VIS9mi.png
9,9,"[0.0124, 0.0135, 0.0343, 0.0166, 0.0140, 0.0272, 0.0156, 0.0262, 0.0119, 0.8283]",0.828253448009491,2025-04-10-17-56-44/SITE852_ORNT315_VIS10+mi.png
9,9,"[0.0544, 0.0822, 0.1751, 0.1164, 0.0915, 0.0836, 0.0705, 0.1037, 0.0249, 0.1978]",0.1977931559085846,2025-03-04-14-20-15/SITE219_ORNT264_VIS10+mi.png
8,9,"[0.0019, 0.0066, 0.0143, 0.0265, 0.0236, 0.0504, 0.0448, 0.0425, 0.6276, 0.1617]",0.6275638341903687,2024-08-10-09-44-28/SITE483_ORNT185_VIS20mi.png
2,5,"[0.0843, 0.1939, 0.2055, 0.1309, 0.1337, 0.1145, 0.0472, 0.0558, 0.0269, 0.0073]",0.20548813045024872,2024-06-29-10-50-12/SITE276_ORNT225_VIS6mi.png
3,5,"[0.0317, 0.1076, 0.1610, 0.1761, 0.1720, 0.1477, 0.1154, 0.0682, 0.0168, 0.0034]",0.176119863986969,2024-08-02-13-37-25/SITE438_ORNT208_VIS6mi.png
0,6,"[0.3241, 0.2910, 0.1506, 0.1066, 0.0528, 0.0272, 0.0176, 0.0228, 0.0036, 0.0036]",0.32410115003585815,2025-04-01-16-59-16/SITE561_ORNT145_VIS7mi.png
6,3,"[0.0091, 0.0295, 0.0681, 0.1249, 0.1621, 0.1555, 0.2493, 0.1601, 0.0293, 0.0121]",0.24930456280708313,2024-07-05-14-33-31/SITE19_ORNT325_VIS4mi.png
8,8,"[0.0002, 0.0013, 0.0025, 0.0025, 0.0047, 0.0164, 0.0133, 0.0064, 0.9011, 0.0516]",0.9010518789291382,2024-07-23-13-08-12/SITE380_ORNT220_VIS9mi.png
2,3,"[0.0863, 0.1489, 0.1638, 0.1637, 0.1257, 0.0817, 0.0640, 0.1091, 0.0243, 0.0326]",0.16375811398029327,2025-02-15-15-20-00/SITE194_ORNT237_VIS4mi.png
3,5,"[0.0424, 0.1075, 0.1470, 0.1750, 0.1618, 0.1339, 0.1267, 0.0834, 0.0140, 0.0084]",0.17503805458545685,2024-07-23-10-10-08/SITE719_ORNT300_VIS6mi.png
1,1,"[0.1203, 0.2289, 0.1627, 0.2043, 0.1101, 0.0705, 0.0504, 0.0430, 0.0065, 0.0033]",0.22886070609092712,2024-04-30-13-21-52/SITE10_ORNT90_VIS2-5mi.png
9,6,"[0.0863, 0.1114, 0.1870, 0.1216, 0.0785, 0.0691, 0.0600, 0.0818, 0.0140, 0.1903]",0.1902649700641632,2025-03-15-15-41-34/SITE735_ORNT75_VIS7mi.png
2,2,"[0.0761, 0.1194, 0.1955, 0.1324, 0.1049, 0.0897, 0.0621, 0.0869, 0.0264, 0.1066]",0.1954922080039978,2025-01-28-16-10-28/SITE98_ORNT135_VIS3mi.png
1,3,"[0.1460, 0.2588, 0.1674, 0.1928, 0.0960, 0.0591, 0.0393, 0.0335, 0.0044, 0.0028]",0.2587616443634033,2024-06-06-17-01-51/SITE620_ORNT225_VIS4mi.png
7,3,"[0.0078, 0.0176, 0.0633, 0.0872, 0.0967, 0.0965, 0.1075, 0.2344, 0.0932, 0.1959]",0.23443934321403503,2024-08-26-16-02-03/SITE598_ORNT0_VIS4mi.png
7,3,"[0.0083, 0.0189, 0.0496, 0.1053, 0.1358, 0.1278, 0.2192, 0.2423, 0.0376, 0.0552]",0.24233311414718628,2024-05-28-11-05-32/SITE439_ORNT200_VIS4mi.png
6,1,"[0.0198, 0.0598, 0.1101, 0.1465, 0.1638, 0.1634, 0.1932, 0.1075, 0.0203, 0.0156]",0.1932043731212616,2024-09-08-13-07-06/SITE171_ORNT23_VIS2-5mi.png
2,0,"[0.0555, 0.0978, 0.1807, 0.1201, 0.1013, 0.0882, 0.0599, 0.1137, 0.0478, 0.1351]",0.18069107830524445,2024-06-10-18-34-10/SITE94_ORNT80_VIS1-25mi.png
1,1,"[0.1615, 0.2542, 0.1663, 0.1878, 0.0922, 0.0533, 0.0371, 0.0383, 0.0053, 0.0040]",0.2541889250278473,2024-04-25-17-48-06/SITE115_ORNT287_VIS2mi.png
1,0,"[0.2285, 0.2929, 0.1634, 0.1547, 0.0678, 0.0387, 0.0245, 0.0237, 0.0032, 0.0026]",0.2929311692714691,2024-12-10-14-08-09/SITE735_ORNT170_VIS1-5mi.png
8,9,"[0.0006, 0.0027, 0.0056, 0.0072, 0.0102, 0.0271, 0.0226, 0.0159, 0.8276, 0.0806]",0.8275582790374756,2024-07-23-13-08-12/SITE404_ORNT270_VIS14mi.png
5,5,"[0.0178, 0.0448, 0.1102, 0.1038, 0.1676, 0.1732, 0.1157, 0.1429, 0.0923, 0.0317]",0.17316320538520813,2024-07-25-18-03-52/SITE327_ORNT145_VIS6mi.png
9,9,"[0.0136, 0.0170, 0.0515, 0.0329, 0.0276, 0.0403, 0.0333, 0.0628, 0.0149, 0.7062]",0.7061593532562256,2025-03-18-13-52-55/SITE212_ORNT170_VIS10+mi.png
2,4,"[0.0738, 0.1106, 0.1760, 0.1492, 0.1081, 0.0837, 0.0782, 0.1052, 0.0189, 0.0962]",0.17601773142814636,2025-03-31-13-29-12/SITE261_ORNT270_VIS5mi.png
3,4,"[0.0316, 0.0756, 0.1393, 0.1592, 0.1561, 0.1338, 0.1368, 0.1162, 0.0237, 0.0277]",0.1591542363166809,2025-01-23-15-05-27/SITE420_ORNT275_VIS5mi.png
4,1,"[0.0279, 0.0610, 0.1183, 0.1498, 0.1545, 0.1309, 0.1459, 0.1418, 0.0271, 0.0427]",0.1544741988182068,2024-07-05-14-33-31/SITE217_ORNT150_VIS2mi.png
1,0,"[0.1553, 0.2858, 0.1697, 0.1842, 0.0889, 0.0549, 0.0308, 0.0255, 0.0037, 0.0012]",0.28578001260757446,2024-07-05-10-36-13/SITE41_ORNT25_VIS1-5mi.png
1,4,"[0.0973, 0.1982, 0.1933, 0.1784, 0.1266, 0.0881, 0.0519, 0.0496, 0.0115, 0.0051]",0.19816280901432037,2024-09-08-13-07-06/SITE178_ORNT110_VIS5mi.png
7,6,"[0.0126, 0.0278, 0.0838, 0.1090, 0.1263, 0.1263, 0.1781, 0.2004, 0.0466, 0.0891]",0.20041097700595856,2024-10-10-15-17-15/SITE411_ORNT280_VIS7mi.png
9,2,"[0.0131, 0.0218, 0.0739, 0.0629, 0.0638, 0.0862, 0.1036, 0.1364, 0.0336, 0.4047]",0.40466174483299255,2025-02-16-12-49-10/SITE66_ORNT162_VIS3mi.png
8,9,"[0.0006, 0.0031, 0.0068, 0.0067, 0.0163, 0.0469, 0.0287, 0.0183, 0.8438, 0.0288]",0.8438370823860168,2024-07-23-16-31-18/SITE463_ORNT230_VIS15mi.png
8,4,"[0.0006, 0.0032, 0.0050, 0.0020, 0.0072, 0.0322, 0.0157, 0.0053, 0.8908, 0.0380]",0.890785276889801,2024-05-31-11-53-14/SITE343_ORNT270_VIS5mi.png
9,2,"[0.0030, 0.0082, 0.0217, 0.0274, 0.0289, 0.0484, 0.0396, 0.0730, 0.3665, 0.3831]",0.38311612606048584,2025-04-16-13-54-24/SITE366_ORNT200_VIS3mi.png
9,4,"[0.0360, 0.0607, 0.1496, 0.1161, 0.1127, 0.1112, 0.1044, 0.1240, 0.0301, 0.1551]",0.1551404893398285,2025-03-31-13-29-12/SITE261_ORNT150_VIS5mi.png
1,2,"[0.2886, 0.2920, 0.1585, 0.0903, 0.0666, 0.0374, 0.0223, 0.0318, 0.0074, 0.0052]",0.29199934005737305,2025-01-17-15-10-02/SITE844_ORNT15_VIS3mi.png
1,5,"[0.2016, 0.2762, 0.1642, 0.1623, 0.0796, 0.0489, 0.0316, 0.0285, 0.0036, 0.0036]",0.27615779638290405,2025-01-28-16-10-28/SITE171_ORNT126_VIS6mi.png
5,7,"[0.0246, 0.0697, 0.1491, 0.0708, 0.1508, 0.1725, 0.0557, 0.1061, 0.1479, 0.0529]",0.17248649895191193,2025-02-17-14-46-26/SITE389_ORNT300_VIS8mi.png
9,9,"[0.0044, 0.0053, 0.0157, 0.0110, 0.0081, 0.0157, 0.0122, 0.0307, 0.0119, 0.8850]",0.8850297927856445,2025-03-29-15-28-57/SITE582_ORNT345_VIS10+mi.png
8,8,"[0.0002, 0.0012, 0.0024, 0.0017, 0.0048, 0.0214, 0.0148, 0.0045, 0.9240, 0.0250]",0.9239878058433533,2024-06-29-15-18-41/SITE345_ORNT225_VIS9mi.png
7,4,"[0.0170, 0.0352, 0.0808, 0.1402, 0.1495, 0.1224, 0.1633, 0.2049, 0.0366, 0.0501]",0.2048540711402893,2024-07-29-16-41-43/SITE722_ORNT315_VIS5mi.png
3,1,"[0.0454, 0.1411, 0.1583, 0.2052, 0.1652, 0.1193, 0.0882, 0.0613, 0.0132, 0.0028]",0.20516450703144073,2024-07-14-10-21-23/SITE7_ORNT312_VIS2mi.png
9,5,"[0.0123, 0.0168, 0.0525, 0.0388, 0.0276, 0.0323, 0.0276, 0.0721, 0.0253, 0.6948]",0.6947807669639587,2025-02-15-15-20-00/SITE86_ORNT12_VIS6mi.png
9,3,"[0.0359, 0.0606, 0.1321, 0.1343, 0.0995, 0.0851, 0.0811, 0.1432, 0.0370, 0.1912]",0.19117017090320587,2024-04-30-13-21-52/SITE41_ORNT235_VIS4mi.png
1,4,"[0.1301, 0.2543, 0.2123, 0.0951, 0.1150, 0.1004, 0.0330, 0.0363, 0.0209, 0.0026]",0.2542530298233032,2025-02-14-15-24-27/SITE377_ORNT0_VIS5mi.png
8,8,"[0.0081, 0.0227, 0.0387, 0.0152, 0.0427, 0.1061, 0.0370, 0.0293, 0.5759, 0.1244]",0.5759260058403015,2024-06-29-15-18-41/SITE324_ORNT310_VIS9mi.png
0,0,"[0.3474, 0.2871, 0.1570, 0.0915, 0.0509, 0.0272, 0.0149, 0.0184, 0.0028, 0.0027]",0.3474496603012085,2025-03-04-14-20-15/SITE134_ORNT165_VIS1mi.png
3,3,"[0.0634, 0.1159, 0.1563, 0.1813, 0.1302, 0.0904, 0.0792, 0.1174, 0.0238, 0.0420]",0.18133145570755005,2025-03-06-15-10-58/SITE207_ORNT235_VIS4mi.png
9,0,"[0.0116, 0.0141, 0.0409, 0.0249, 0.0204, 0.0366, 0.0261, 0.0480, 0.0117, 0.7657]",0.7656989097595215,2024-12-23-15-38-40/SITE128_ORNT242_VIS1-5mi.png
6,5,"[0.0141, 0.0300, 0.0769, 0.1085, 0.1305, 0.1321, 0.1866, 0.1854, 0.0350, 0.1009]",0.18658146262168884,2024-09-07-13-37-18/SITE209_ORNT335_VIS6mi.png
7,2,"[0.0093, 0.0196, 0.0643, 0.0968, 0.0997, 0.1001, 0.1489, 0.2248, 0.0531, 0.1833]",0.22481219470500946,2024-07-02-10-19-43/SITE542_ORNT350_VIS3mi.png
9,3,"[0.0370, 0.0622, 0.1407, 0.1265, 0.0980, 0.0874, 0.0880, 0.1306, 0.0296, 0.2000]",0.19995708763599396,2025-03-31-13-29-12/SITE602_ORNT270_VIS4mi.png
2,2,"[0.1145, 0.2000, 0.2013, 0.1606, 0.1152, 0.0868, 0.0571, 0.0467, 0.0079, 0.0100]",0.2013295292854309,2025-01-23-15-05-27/SITE19_ORNT170_VIS3mi.png
2,7,"[0.0422, 0.1454, 0.2292, 0.0774, 0.1612, 0.1987, 0.0450, 0.0429, 0.0547, 0.0033]",0.22922520339488983,2024-05-23-15-19-49/SITE362_ORNT135_VIS8mi.png
2,4,"[0.0589, 0.1123, 0.2105, 0.1331, 0.1424, 0.1349, 0.0908, 0.0774, 0.0208, 0.0189]",0.21050816774368286,2024-08-01-10-54-34/SITE5_ORNT50_VIS5mi.png
1,0,"[0.1980, 0.2958, 0.1896, 0.1506, 0.0749, 0.0445, 0.0218, 0.0205, 0.0036, 0.0007]",0.2957993745803833,2024-08-02-10-36-13/SITE215_ORNT40_VIS1-75mi.png
8,8,"[0.0015, 0.0072, 0.0170, 0.0119, 0.0298, 0.0783, 0.0307, 0.0298, 0.7570, 0.0368]",0.7569757103919983,2024-06-15-14-23-40/SITE407_ORNT215_VIS9mi.png
3,2,"[0.0269, 0.0895, 0.1427, 0.1803, 0.1743, 0.1439, 0.1232, 0.0892, 0.0239, 0.0062]",0.180269256234169,2024-05-09-16-15-37/SITE117_ORNT165_VIS3mi.png
8,7,"[0.0065, 0.0167, 0.0251, 0.0480, 0.0415, 0.0795, 0.0791, 0.0493, 0.4242, 0.2302]",0.4241797626018524,2024-06-17-10-37-40/SITE405_ORNT250_VIS8mi.png
1,5,"[0.1116, 0.2260, 0.1783, 0.1929, 0.1206, 0.0765, 0.0455, 0.0395, 0.0067, 0.0023]",0.22598496079444885,2024-06-06-17-01-51/SITE40_ORNT120_VIS6mi.png
1,2,"[0.0913, 0.1869, 0.1835, 0.1124, 0.1417, 0.1090, 0.0464, 0.0756, 0.0396, 0.0136]",0.18694593012332916,2025-04-01-16-59-16/SITE394_ORNT0_VIS3mi.png
9,4,"[0.0145, 0.0281, 0.0892, 0.1016, 0.0952, 0.0952, 0.1119, 0.1866, 0.0507, 0.2270]",0.22703683376312256,2025-04-07-16-10-10/SITE117_ORNT320_VIS5mi.png
1,1,"[0.1348, 0.2579, 0.1764, 0.1897, 0.1029, 0.0637, 0.0360, 0.0318, 0.0051, 0.0017]",0.2579003572463989,2024-08-15-16-44-48/SITE53_ORNT223_VIS2mi.png
2,7,"[0.1072, 0.1736, 0.1937, 0.1570, 0.1215, 0.0887, 0.0604, 0.0669, 0.0138, 0.0172]",0.1937370002269745,2025-01-28-16-10-28/SITE117_ORNT320_VIS8mi.png
8,8,"[0.0086, 0.0382, 0.0995, 0.0426, 0.1271, 0.2323, 0.0608, 0.0739, 0.2975, 0.0194]",0.29750707745552063,2025-03-18-13-52-55/SITE397_ORNT345_VIS9mi.png
8,8,"[0.0038, 0.0100, 0.0240, 0.0319, 0.0389, 0.0627, 0.0454, 0.0846, 0.4429, 0.2559]",0.4428735077381134,2024-07-20-11-08-20/SITE328_ORNT0_VIS9mi.png
3,3,"[0.0602, 0.1812, 0.1763, 0.2000, 0.1514, 0.1104, 0.0638, 0.0446, 0.0102, 0.0019]",0.19999538362026215,2024-07-05-14-33-31/SITE439_ORNT265_VIS4mi.png
8,8,"[0.0034, 0.0125, 0.0146, 0.0045, 0.0247, 0.0793, 0.0236, 0.0083, 0.8124, 0.0167]",0.8124098777770996,2025-02-12-14-37-35/SITE338_ORNT120_VIS9mi.png
6,5,"[0.0175, 0.0377, 0.0768, 0.1350, 0.1604, 0.1357, 0.1892, 0.1851, 0.0290, 0.0337]",0.18917137384414673,2024-10-06-17-04-59/SITE593_ORNT10_VIS6mi.png
4,4,"[0.0223, 0.0764, 0.1343, 0.1661, 0.1734, 0.1566, 0.1536, 0.0899, 0.0210, 0.0064]",0.17341290414333344,2024-07-23-13-08-12/SITE22_ORNT0_VIS5mi.png
8,8,"[0.0023, 0.0079, 0.0228, 0.0327, 0.0432, 0.0726, 0.0532, 0.0915, 0.5376, 0.1362]",0.53757643699646,2024-09-22-16-46-10/SITE380_ORNT55_VIS9mi.png
3,2,"[0.0237, 0.0929, 0.1306, 0.1918, 0.1880, 0.1457, 0.1260, 0.0780, 0.0205, 0.0028]",0.19180476665496826,2024-06-09-10-51-06/SITE442_ORNT210_VIS3mi.png
1,6,"[0.1294, 0.2440, 0.1667, 0.2017, 0.1108, 0.0648, 0.0386, 0.0363, 0.0059, 0.0017]",0.2440178096294403,2024-06-23-11-02-14/SITE595_ORNT180_VIS7mi.png
2,0,"[0.0984, 0.1265, 0.2172, 0.1166, 0.1157, 0.1113, 0.0687, 0.0700, 0.0170, 0.0588]",0.21719592809677124,2025-03-06-15-10-58/SITE896_ORNT210_VIS1mi.png
8,8,"[0.0022, 0.0094, 0.0113, 0.0037, 0.0194, 0.0735, 0.0239, 0.0070, 0.8333, 0.0163]",0.8332964777946472,2025-03-31-13-29-12/SITE340_ORNT55_VIS9mi.png
2,6,"[0.0374, 0.1015, 0.1664, 0.1649, 0.1588, 0.1343, 0.0951, 0.0933, 0.0291, 0.0192]",0.1664130836725235,2024-07-29-16-41-43/SITE205_ORNT305_VIS7mi.png
6,5,"[0.0050, 0.0179, 0.0332, 0.0760, 0.1341, 0.1980, 0.3749, 0.1240, 0.0246, 0.0123]",0.37491375207901,2024-09-20-16-20-08/SITE22_ORNT285_VIS6mi.png
9,8,"[0.0136, 0.0222, 0.0762, 0.0856, 0.0845, 0.0872, 0.1187, 0.1927, 0.0387, 0.2806]",0.28064173460006714,2024-09-02-17-43-28/SITE593_ORNT110_VIS9mi.png
1,2,"[0.1791, 0.2756, 0.1894, 0.1556, 0.0835, 0.0539, 0.0281, 0.0274, 0.0047, 0.0026]",0.27561965584754944,2024-06-23-11-02-14/SITE626_ORNT290_VIS3mi.png
2,3,"[0.0631, 0.1690, 0.1928, 0.1742, 0.1496, 0.1185, 0.0711, 0.0481, 0.0106, 0.0031]",0.19277219474315643,2024-09-02-17-43-28/SITE209_ORNT335_VIS4mi.png
7,5,"[0.0119, 0.0301, 0.1013, 0.0715, 0.1106, 0.1402, 0.0793, 0.1523, 0.1509, 0.1520]",0.15233248472213745,2025-02-10-14-47-56/SITE472_ORNT95_VIS6mi.png
2,8,"[0.0632, 0.0921, 0.1630, 0.1412, 0.1018, 0.0797, 0.0770, 0.1155, 0.0220, 0.1445]",0.16299013793468475,2025-03-02-13-12-40/SITE6_ORNT55_VIS9mi.png
9,9,"[0.0055, 0.0094, 0.0312, 0.0365, 0.0291, 0.0454, 0.0591, 0.1092, 0.0302, 0.6443]",0.6443108320236206,2025-02-04-15-47-48/SITE581_ORNT250_VIS10+mi.png
2,7,"[0.0316, 0.1157, 0.2021, 0.0942, 0.1741, 0.2008, 0.0593, 0.0563, 0.0619, 0.0040]",0.20207303762435913,2024-07-25-10-00-39/SITE477_ORNT50_VIS8mi.png
2,5,"[0.1041, 0.1904, 0.1932, 0.1358, 0.1309, 0.0962, 0.0518, 0.0651, 0.0206, 0.0119]",0.19317211210727692,2025-01-28-16-10-28/SITE5_ORNT155_VIS6mi.png
7,1,"[0.0085, 0.0214, 0.0608, 0.1138, 0.1489, 0.1281, 0.1925, 0.2338, 0.0542, 0.0380]",0.23376137018203735,2024-06-09-10-51-06/SITE581_ORNT250_VIS2-5mi.png
7,4,"[0.0206, 0.0449, 0.1156, 0.0963, 0.1226, 0.1240, 0.0776, 0.1593, 0.0917, 0.1473]",0.15927378833293915,2024-09-08-13-07-06/SITE327_ORNT330_VIS5mi.png
9,9,"[0.0047, 0.0052, 0.0096, 0.0049, 0.0034, 0.0155, 0.0060, 0.0080, 0.0062, 0.9365]",0.9364785552024841,2025-03-26-14-35-40/SITE584_ORNT325_VIS10+mi.png
2,1,"[0.0510, 0.0852, 0.1718, 0.1266, 0.1195, 0.1068, 0.0843, 0.1077, 0.0295, 0.1175]",0.17179644107818604,2025-04-22-15-39-35/SITE606_ORNT90_VIS2-5mi.png
6,6,"[0.0149, 0.0325, 0.0839, 0.1136, 0.1305, 0.1328, 0.1989, 0.1858, 0.0321, 0.0749]",0.19889992475509644,2024-07-26-10-22-16/SITE584_ORNT225_VIS7mi.png
9,2,"[0.0182, 0.0253, 0.0804, 0.0585, 0.0491, 0.0572, 0.0573, 0.0995, 0.0218, 0.5327]",0.5326763987541199,2025-04-02-15-05-32/SITE86_ORNT239_VIS3mi.png
1,0,"[0.2751, 0.2970, 0.1915, 0.0952, 0.0593, 0.0396, 0.0177, 0.0186, 0.0032, 0.0027]",0.29695022106170654,2025-03-31-13-29-12/SITE106_ORNT12_VIS1-5mi.png
1,7,"[0.1694, 0.2849, 0.1950, 0.1521, 0.0886, 0.0559, 0.0245, 0.0241, 0.0047, 0.0008]",0.28494271636009216,2024-07-26-10-22-16/SITE443_ORNT275_VIS8mi.png
1,9,"[0.1969, 0.2112, 0.1914, 0.1329, 0.0808, 0.0516, 0.0387, 0.0516, 0.0081, 0.0368]",0.21115419268608093,2025-01-26-15-53-06/SITE602_ORNT60_VIS10+mi.png
1,1,"[0.1970, 0.2891, 0.1587, 0.1809, 0.0767, 0.0426, 0.0264, 0.0241, 0.0030, 0.0014]",0.2891366183757782,2024-07-25-10-00-39/SITE616_ORNT0_VIS2mi.png
2,5,"[0.0857, 0.1440, 0.1818, 0.1590, 0.1189, 0.0828, 0.0624, 0.0961, 0.0223, 0.0469]",0.18183782696723938,2025-03-02-11-48-27/SITE203_ORNT70_VIS6mi.png
3,3,"[0.0541, 0.1445, 0.1609, 0.1912, 0.1500, 0.1200, 0.0988, 0.0619, 0.0109, 0.0077]",0.19119055569171906,2024-07-04-10-22-12/SITE13_ORNT10_VIS4mi.png
1,1,"[0.1666, 0.2940, 0.1866, 0.1621, 0.0856, 0.0532, 0.0244, 0.0227, 0.0040, 0.0008]",0.2939808666706085,2024-08-15-16-44-48/SITE435_ORNT15_VIS2mi.png
2,5,"[0.0458, 0.1272, 0.2065, 0.1439, 0.1498, 0.1459, 0.0858, 0.0634, 0.0232, 0.0085]",0.20647723972797394,2024-06-28-13-30-05/SITE312_ORNT240_VIS6mi.png
2,2,"[0.0921, 0.1509, 0.1897, 0.1515, 0.1185, 0.1001, 0.0772, 0.0671, 0.0118, 0.0410]",0.18969811499118805,2025-03-31-13-29-12/SITE128_ORNT303_VIS3mi.png
6,3,"[0.0052, 0.0149, 0.0439, 0.0781, 0.0975, 0.1309, 0.2500, 0.1985, 0.0488, 0.1321]",0.25002801418304443,2024-12-29-16-00-12/SITE834_ORNT100_VIS4mi.png
9,7,"[0.0061, 0.0101, 0.0378, 0.0414, 0.0291, 0.0350, 0.0452, 0.1117, 0.0349, 0.6488]",0.6487691402435303,2024-12-24-15-14-57/SITE18_ORNT210_VIS8mi.png
6,4,"[0.0048, 0.0180, 0.0313, 0.0640, 0.1219, 0.2210, 0.4065, 0.1013, 0.0216, 0.0096]",0.40649843215942383,2024-09-08-16-00-24/SITE545_ORNT320_VIS5mi.png
8,8,"[0.0002, 0.0011, 0.0023, 0.0024, 0.0045, 0.0153, 0.0132, 0.0069, 0.9078, 0.0463]",0.9077666401863098,2024-07-24-16-43-44/SITE464_ORNT90_VIS9mi.png
8,7,"[0.0098, 0.0322, 0.0971, 0.0538, 0.1104, 0.1617, 0.0582, 0.1151, 0.2793, 0.0824]",0.2792976498603821,2024-07-22-20-17-56/SITE533_ORNT120_VIS8mi.png
2,1,"[0.0499, 0.0907, 0.1557, 0.1536, 0.1258, 0.1022, 0.0841, 0.1238, 0.0356, 0.0787]",0.1556500643491745,2024-05-31-11-53-14/SITE203_ORNT155_VIS2-5mi.png
1,4,"[0.0749, 0.1950, 0.1886, 0.1861, 0.1378, 0.1020, 0.0619, 0.0430, 0.0085, 0.0023]",0.19503259658813477,2024-07-14-16-38-50/SITE40_ORNT180_VIS5mi.png
4,4,"[0.0217, 0.0602, 0.1272, 0.1562, 0.1611, 0.1461, 0.1459, 0.1280, 0.0326, 0.0210]",0.16112937033176422,2024-07-04-10-22-12/SITE20_ORNT26_VIS5mi.png
9,9,"[0.0034, 0.0053, 0.0153, 0.0154, 0.0093, 0.0134, 0.0142, 0.0394, 0.0300, 0.8542]",0.8541812300682068,2025-04-07-16-10-10/SITE164_ORNT68_VIS10+mi.png
9,9,"[0.0371, 0.0542, 0.1368, 0.0931, 0.0806, 0.0847, 0.0755, 0.1017, 0.0234, 0.3130]",0.3129597306251526,2025-02-01-17-30-02/SITE128_ORNT135_VIS10+mi.png
1,1,"[0.1568, 0.2876, 0.1658, 0.1810, 0.0903, 0.0574, 0.0313, 0.0247, 0.0037, 0.0014]",0.28762999176979065,2024-09-08-13-07-06/SITE22_ORNT285_VIS2-5mi.png
2,6,"[0.0358, 0.0686, 0.1546, 0.1362, 0.1287, 0.1222, 0.1128, 0.1268, 0.0306, 0.0837]",0.15456266701221466,2024-09-08-16-00-24/SITE96_ORNT135_VIS7mi.png
2,3,"[0.0624, 0.1094, 0.1846, 0.1461, 0.1278, 0.1081, 0.0863, 0.0967, 0.0231, 0.0555]",0.1846121847629547,2025-04-01-16-59-16/SITE127_ORNT30_VIS4mi.png
8,8,"[0.0002, 0.0012, 0.0023, 0.0016, 0.0042, 0.0190, 0.0133, 0.0042, 0.9185, 0.0356]",0.9185386300086975,2024-06-28-13-30-05/SITE386_ORNT130_VIS9mi.png
8,5,"[0.0082, 0.0377, 0.0967, 0.0299, 0.1295, 0.2520, 0.0520, 0.0552, 0.3307, 0.0081]",0.33070579171180725,2025-02-11-14-30-47/SITE340_ORNT55_VIS6mi.png
1,6,"[0.1705, 0.2176, 0.1796, 0.1486, 0.0954, 0.0591, 0.0446, 0.0588, 0.0100, 0.0158]",0.21764437854290009,2025-03-31-15-41-11/SITE256_ORNT290_VIS7mi.png
6,5,"[0.0092, 0.0221, 0.0591, 0.1020, 0.1320, 0.1389, 0.2293, 0.2045, 0.0364, 0.0666]",0.22931703925132751,2024-07-20-15-11-13/SITE198_ORNT248_VIS6mi.png
4,2,"[0.0253, 0.0859, 0.1432, 0.1684, 0.1762, 0.1549, 0.1409, 0.0814, 0.0194, 0.0045]",0.17616792023181915,2024-07-14-10-21-23/SITE411_ORNT75_VIS3mi.png
1,0,"[0.2490, 0.2523, 0.1542, 0.1460, 0.0718, 0.0378, 0.0310, 0.0433, 0.0050, 0.0096]",0.2522888779640198,2025-03-06-15-10-58/SITE194_ORNT194_VIS1-5mi.png
6,9,"[0.0075, 0.0214, 0.0575, 0.1150, 0.1416, 0.1384, 0.2241, 0.2151, 0.0389, 0.0406]",0.22409608960151672,2024-10-19-10-55-55/SITE539_ORNT110_VIS10+mi.png
6,4,"[0.0287, 0.0542, 0.1264, 0.1194, 0.1180, 0.1231, 0.1369, 0.1331, 0.0259, 0.1343]",0.1369195133447647,2025-01-28-16-10-28/SITE25_ORNT225_VIS5mi.png
9,2,"[0.0619, 0.0835, 0.1773, 0.0988, 0.0826, 0.0837, 0.0635, 0.0822, 0.0178, 0.2488]",0.2488347291946411,2025-02-11-14-30-47/SITE59_ORNT10_VIS3mi.png
2,7,"[0.0851, 0.1188, 0.1883, 0.1332, 0.1121, 0.0894, 0.0704, 0.0940, 0.0207, 0.0879]",0.1883266568183899,2025-03-05-12-08-53/SITE610_ORNT0_VIS8mi.png
2,2,"[0.0641, 0.0922, 0.1928, 0.1099, 0.1194, 0.1250, 0.0852, 0.0876, 0.0255, 0.0983]",0.19279569387435913,2025-04-14-19-44-02/SITE13_ORNT85_VIS3mi.png
9,4,"[0.0098, 0.0108, 0.0307, 0.0147, 0.0122, 0.0202, 0.0131, 0.0277, 0.0117, 0.8491]",0.8491293787956238,2025-02-01-12-44-07/SITE734_ORNT75_VIS5mi.png
8,8,"[0.0002, 0.0013, 0.0024, 0.0012, 0.0044, 0.0246, 0.0148, 0.0033, 0.9279, 0.0200]",0.9279157519340515,2024-08-29-14-11-27/SITE386_ORNT290_VIS9mi.png
3,2,"[0.0654, 0.1834, 0.1751, 0.2018, 0.1465, 0.1053, 0.0647, 0.0461, 0.0093, 0.0023]",0.20178847014904022,2024-09-08-16-00-24/SITE21_ORNT10_VIS3mi.png
9,6,"[0.0061, 0.0112, 0.0408, 0.0481, 0.0342, 0.0413, 0.0551, 0.1250, 0.0431, 0.5952]",0.595194399356842,2025-04-22-15-39-35/SITE156_ORNT135_VIS7mi.png
2,5,"[0.0583, 0.0897, 0.1667, 0.1283, 0.1163, 0.1138, 0.1067, 0.0990, 0.0175, 0.1036]",0.1667032092809677,2025-03-04-14-20-15/SITE22_ORNT285_VIS6mi.png
9,7,"[0.0032, 0.0093, 0.0337, 0.0598, 0.0593, 0.0730, 0.0812, 0.1840, 0.2305, 0.2660]",0.265965074300766,2024-05-23-15-19-49/SITE623_ORNT10_VIS8mi.png
9,9,"[0.0575, 0.0720, 0.1397, 0.1095, 0.0840, 0.0657, 0.0631, 0.1176, 0.0247, 0.2662]",0.26618069410324097,2025-04-22-15-39-35/SITE167_ORNT60_VIS10+mi.png
7,4,"[0.0086, 0.0189, 0.0625, 0.0987, 0.1179, 0.1128, 0.1844, 0.2465, 0.0535, 0.0962]",0.24649649858474731,2024-07-28-13-48-26/SITE616_ORNT90_VIS5mi.png
1,1,"[0.1045, 0.2270, 0.1590, 0.2140, 0.1216, 0.0753, 0.0507, 0.0402, 0.0057, 0.0020]",0.22697435319423676,2024-06-20-11-19-17/SITE50_ORNT149_VIS2-5mi.png
6,4,"[0.0100, 0.0277, 0.0641, 0.1347, 0.1724, 0.1383, 0.2016, 0.1979, 0.0390, 0.0143]",0.20158472657203674,2024-07-23-10-10-08/SITE581_ORNT160_VIS5mi.png
6,5,"[0.0128, 0.0420, 0.0924, 0.1406, 0.1616, 0.1580, 0.2125, 0.1377, 0.0276, 0.0148]",0.21252593398094177,2024-07-05-10-36-13/SITE7_ORNT55_VIS6mi.png
8,8,"[0.0068, 0.0253, 0.0642, 0.0301, 0.0841, 0.1591, 0.0465, 0.0661, 0.4644, 0.0534]",0.46441009640693665,2025-03-31-15-41-11/SITE377_ORNT200_VIS9mi.png
9,0,"[0.0238, 0.0410, 0.1174, 0.0961, 0.0821, 0.0900, 0.0926, 0.1254, 0.0295, 0.3020]",0.30203747749328613,2025-04-01-16-59-16/SITE97_ORNT200_VIS1-25mi.png
8,8,"[0.0040, 0.0157, 0.0479, 0.0366, 0.0869, 0.1508, 0.0660, 0.0888, 0.4679, 0.0354]",0.4678630232810974,2024-07-26-10-22-16/SITE477_ORNT160_VIS9mi.png
8,9,"[0.0011, 0.0043, 0.0071, 0.0033, 0.0075, 0.0293, 0.0161, 0.0077, 0.8060, 0.1177]",0.8060079216957092,2025-03-20-11-55-50/SITE483_ORNT275_VIS20mi.png
1,5,"[0.1427, 0.2746, 0.1742, 0.1867, 0.0979, 0.0590, 0.0316, 0.0278, 0.0044, 0.0012]",0.27459093928337097,2024-07-04-10-22-12/SITE241_ORNT120_VIS6mi.png
1,1,"[0.2007, 0.2641, 0.1679, 0.1420, 0.0845, 0.0477, 0.0322, 0.0456, 0.0082, 0.0070]",0.2641240656375885,2025-03-01-18-07-41/SITE207_ORNT120_VIS2mi.png
1,0,"[0.2196, 0.2790, 0.1698, 0.1475, 0.0749, 0.0452, 0.0279, 0.0283, 0.0040, 0.0039]",0.2789791524410248,2024-10-13-12-27-42/SITE13_ORNT240_VIS1mi.png
9,5,"[0.0180, 0.0225, 0.0629, 0.0410, 0.0292, 0.0320, 0.0269, 0.0693, 0.0231, 0.6749]",0.6748701333999634,2025-03-06-15-10-58/SITE22_ORNT0_VIS6mi.png
4,4,"[0.0245, 0.0615, 0.1222, 0.1597, 0.1606, 0.1362, 0.1415, 0.1383, 0.0316, 0.0238]",0.16064675152301788,2024-06-20-14-40-34/SITE253_ORNT280_VIS5mi.png
8,8,"[0.0020, 0.0091, 0.0224, 0.0154, 0.0491, 0.1154, 0.0448, 0.0413, 0.6745, 0.0260]",0.6745492219924927,2024-08-01-13-32-05/SITE353_ORNT135_VIS9mi.png
8,5,"[0.0041, 0.0175, 0.0523, 0.0341, 0.0790, 0.1579, 0.0617, 0.0675, 0.4892, 0.0366]",0.48924747109413147,2024-06-17-10-37-40/SITE377_ORNT0_VIS6mi.png
1,0,"[0.1662, 0.2792, 0.1861, 0.1642, 0.0889, 0.0552, 0.0294, 0.0256, 0.0044, 0.0010]",0.2791517674922943,2024-07-05-10-36-13/SITE167_ORNT312_VIS1mi.png
8,6,"[0.0139, 0.0427, 0.1292, 0.0712, 0.1180, 0.1563, 0.0590, 0.1228, 0.2036, 0.0831]",0.20363332331180573,2024-07-18-11-32-15/SITE519_ORNT5_VIS7mi.png
7,5,"[0.0215, 0.0390, 0.0834, 0.1258, 0.1434, 0.1284, 0.1702, 0.1876, 0.0303, 0.0705]",0.18757207691669464,2024-10-14-13-08-27/SITE692_ORNT205_VIS6mi.png
2,3,"[0.0762, 0.1269, 0.2035, 0.1291, 0.1205, 0.1268, 0.0906, 0.0671, 0.0126, 0.0467]",0.2034686654806137,2025-04-01-16-59-16/SITE852_ORNT45_VIS4mi.png
9,9,"[0.0084, 0.0109, 0.0319, 0.0220, 0.0171, 0.0263, 0.0207, 0.0461, 0.0156, 0.8009]",0.8009351491928101,2024-12-29-16-00-12/SITE818_ORNT95_VIS10+mi.png
2,1,"[0.0366, 0.0961, 0.1663, 0.1565, 0.1522, 0.1410, 0.1171, 0.0898, 0.0236, 0.0208]",0.1662919670343399,2024-12-24-15-14-57/SITE40_ORNT295_VIS2mi.png
9,6,"[0.0054, 0.0098, 0.0360, 0.0390, 0.0305, 0.0444, 0.0563, 0.1097, 0.0365, 0.6324]",0.6323517560958862,2025-03-31-15-41-11/SITE760_ORNT255_VIS7mi.png
6,4,"[0.0065, 0.0217, 0.0601, 0.1127, 0.1498, 0.1486, 0.2493, 0.1888, 0.0407, 0.0217]",0.2492971271276474,2024-08-26-16-02-03/SITE417_ORNT220_VIS5mi.png
7,8,"[0.0138, 0.0289, 0.0843, 0.1084, 0.1121, 0.1167, 0.1497, 0.1852, 0.0398, 0.1610]",0.1852312535047531,2024-08-15-16-44-48/SITE179_ORNT108_VIS9mi.png
9,5,"[0.0058, 0.0118, 0.0279, 0.0474, 0.0322, 0.0433, 0.0550, 0.0901, 0.1033, 0.5831]",0.5831061005592346,2024-05-13-18-48-49/SITE203_ORNT335_VIS6mi.png
7,7,"[0.0087, 0.0166, 0.0557, 0.0870, 0.0870, 0.0854, 0.1379, 0.2364, 0.0509, 0.2344]",0.23639145493507385,2024-05-07-15-42-07/SITE569_ORNT211_VIS8mi.png
8,8,"[0.0003, 0.0014, 0.0033, 0.0041, 0.0070, 0.0207, 0.0177, 0.0121, 0.8850, 0.0484]",0.8849948048591614,2024-10-07-14-17-08/SITE407_ORNT50_VIS9mi.png
7,6,"[0.0128, 0.0288, 0.0708, 0.1185, 0.1457, 0.1334, 0.2020, 0.2034, 0.0358, 0.0488]",0.20343512296676636,2024-08-15-16-44-48/SITE683_ORNT325_VIS7mi.png
9,5,"[0.0134, 0.0230, 0.0799, 0.0762, 0.0671, 0.0750, 0.0960, 0.1519, 0.0351, 0.3826]",0.38259318470954895,2025-03-04-14-20-15/SITE542_ORNT305_VIS6mi.png
1,3,"[0.2805, 0.3042, 0.1745, 0.1129, 0.0556, 0.0328, 0.0172, 0.0176, 0.0026, 0.0021]",0.3042447566986084,2025-03-02-13-12-40/SITE40_ORNT120_VIS4mi.png
1,3,"[0.1337, 0.2559, 0.1766, 0.1911, 0.1048, 0.0632, 0.0358, 0.0324, 0.0052, 0.0015]",0.2558816075325012,2024-08-01-10-54-34/SITE217_ORNT150_VIS4mi.png
3,2,"[0.0981, 0.1881, 0.1689, 0.1979, 0.1226, 0.0790, 0.0647, 0.0625, 0.0092, 0.0089]",0.1978665590286255,2024-10-05-11-04-16/SITE595_ORNT270_VIS3mi.png
1,6,"[0.2437, 0.2520, 0.1910, 0.0988, 0.0757, 0.0500, 0.0268, 0.0370, 0.0088, 0.0162]",0.25204959511756897,2025-03-02-13-12-40/SITE98_ORNT80_VIS7mi.png
0,0,"[0.2817, 0.2663, 0.1932, 0.0962, 0.0591, 0.0404, 0.0218, 0.0257, 0.0046, 0.0110]",0.281694620847702,2025-02-15-16-53-20/SITE547_ORNT260_VIS1mi.png
3,6,"[0.0576, 0.1469, 0.1766, 0.1820, 0.1521, 0.1201, 0.0840, 0.0617, 0.0132, 0.0058]",0.1819707602262497,2024-07-28-13-48-26/SITE422_ORNT85_VIS7mi.png
1,5,"[0.1536, 0.1953, 0.1853, 0.1523, 0.0929, 0.0591, 0.0485, 0.0658, 0.0101, 0.0373]",0.19531819224357605,2025-02-14-15-24-27/SITE821_ORNT135_VIS6mi.png
1,1,"[0.1479, 0.2749, 0.1810, 0.1783, 0.0957, 0.0587, 0.0310, 0.0269, 0.0046, 0.0009]",0.27491381764411926,2024-08-15-16-44-48/SITE437_ORNT340_VIS2-5mi.png
9,9,"[0.0684, 0.0803, 0.1473, 0.0980, 0.0727, 0.0566, 0.0508, 0.1013, 0.0219, 0.3026]",0.3026053309440613,2024-12-29-16-00-12/SITE76_ORNT60_VIS10+mi.png
8,8,"[0.0003, 0.0013, 0.0033, 0.0049, 0.0072, 0.0197, 0.0182, 0.0145, 0.8774, 0.0532]",0.8774142861366272,2024-10-07-12-00-07/SITE472_ORNT275_VIS9mi.png
2,5,"[0.0753, 0.1434, 0.1844, 0.1332, 0.1319, 0.1037, 0.0588, 0.0962, 0.0391, 0.0341]",0.18436485528945923,2025-03-02-13-12-40/SITE207_ORNT75_VIS6mi.png
5,6,"[0.0155, 0.0632, 0.1416, 0.0380, 0.1528, 0.2469, 0.0452, 0.0612, 0.2266, 0.0090]",0.24692615866661072,2025-04-02-15-05-32/SITE331_ORNT315_VIS7mi.png
1,2,"[0.1287, 0.2200, 0.1752, 0.1890, 0.1077, 0.0671, 0.0478, 0.0500, 0.0078, 0.0067]",0.22001425921916962,2024-10-10-15-17-15/SITE193_ORNT240_VIS3mi.png
9,9,"[0.0096, 0.0152, 0.0434, 0.0307, 0.0300, 0.0415, 0.0323, 0.0614, 0.0640, 0.6720]",0.6719679236412048,2025-04-10-17-56-44/SITE453_ORNT135_VIS15mi.png
9,4,"[0.0259, 0.0456, 0.1170, 0.1043, 0.0985, 0.0947, 0.0763, 0.1372, 0.0488, 0.2517]",0.25171130895614624,2025-03-26-12-24-08/SITE519_ORNT200_VIS5mi.png
8,5,"[0.0005, 0.0022, 0.0041, 0.0049, 0.0087, 0.0264, 0.0183, 0.0106, 0.8792, 0.0451]",0.879223108291626,2024-08-10-09-44-28/SITE407_ORNT215_VIS6mi.png
1,0,"[0.2764, 0.2915, 0.1842, 0.1172, 0.0593, 0.0319, 0.0177, 0.0179, 0.0031, 0.0007]",0.29152077436447144,2024-06-14-11-11-00/SITE205_ORNT230_VIS1mi.png
6,5,"[0.0123, 0.0406, 0.0973, 0.1390, 0.1629, 0.1588, 0.2049, 0.1390, 0.0314, 0.0138]",0.2049044370651245,2024-07-29-16-41-43/SITE623_ORNT180_VIS6mi.png
1,4,"[0.1261, 0.2336, 0.1671, 0.2023, 0.1077, 0.0645, 0.0451, 0.0435, 0.0063, 0.0037]",0.23359563946723938,2024-08-02-20-27-22/SITE178_ORNT110_VIS5mi.png
8,8,"[0.0016, 0.0068, 0.0180, 0.0236, 0.0434, 0.0898, 0.0544, 0.0540, 0.6738, 0.0347]",0.6737989783287048,2024-06-10-14-33-22/SITE377_ORNT110_VIS9mi.png
9,9,"[0.0103, 0.0159, 0.0442, 0.0288, 0.0257, 0.0335, 0.0249, 0.0573, 0.0565, 0.7027]",0.7027105689048767,2024-06-10-18-34-10/SITE426_ORNT70_VIS30mi.png
1,3,"[0.1301, 0.2059, 0.1678, 0.1862, 0.1109, 0.0671, 0.0522, 0.0610, 0.0088, 0.0099]",0.20591405034065247,2024-04-25-17-48-06/SITE435_ORNT15_VIS4mi.png
9,3,"[0.0225, 0.0363, 0.1063, 0.0926, 0.0894, 0.0955, 0.1084, 0.1430, 0.0294, 0.2765]",0.2764580547809601,2025-01-28-16-10-28/SITE19_ORNT325_VIS4mi.png
8,8,"[0.0010, 0.0045, 0.0118, 0.0133, 0.0285, 0.0644, 0.0387, 0.0386, 0.7624, 0.0367]",0.7623523473739624,2024-07-28-13-48-26/SITE360_ORNT115_VIS9mi.png
1,3,"[0.2369, 0.2557, 0.1784, 0.1284, 0.0697, 0.0405, 0.0284, 0.0400, 0.0065, 0.0157]",0.25571852922439575,2024-06-06-17-01-51/SITE622_ORNT230_VIS4mi.png
9,7,"[0.0165, 0.0251, 0.0798, 0.0647, 0.0544, 0.0635, 0.0593, 0.1065, 0.0352, 0.4950]",0.49498629570007324,2024-12-29-16-00-12/SITE808_ORNT135_VIS8mi.png
9,6,"[0.0638, 0.0719, 0.1301, 0.0609, 0.0593, 0.0554, 0.0405, 0.0730, 0.0267, 0.4184]",0.41843369603157043,2025-03-26-14-35-40/SITE5_ORNT230_VIS7mi.png
7,5,"[0.0065, 0.0181, 0.0554, 0.1009, 0.1279, 0.1294, 0.2297, 0.2304, 0.0446, 0.0570]",0.23042400181293488,2024-07-14-10-21-23/SITE12_ORNT200_VIS6mi.png
2,2,"[0.0475, 0.1511, 0.1997, 0.0579, 0.1546, 0.1959, 0.0408, 0.0523, 0.0951, 0.0050]",0.19970667362213135,2025-02-17-14-46-26/SITE386_ORNT290_VIS3mi.png
6,6,"[0.0098, 0.0326, 0.0500, 0.0759, 0.1187, 0.2377, 0.3203, 0.0854, 0.0350, 0.0346]",0.32027894258499146,2024-07-05-10-36-13/SITE747_ORNT0_VIS7mi.png
9,9,"[0.0035, 0.0072, 0.0225, 0.0420, 0.0250, 0.0301, 0.0449, 0.1163, 0.0739, 0.6347]",0.6346556544303894,2024-12-20-15-16-09/SITE802_ORNT315_VIS10+mi.png
3,5,"[0.0372, 0.1166, 0.1506, 0.1926, 0.1708, 0.1334, 0.1102, 0.0697, 0.0144, 0.0044]",0.19257470965385437,2024-09-15-16-06-51/SITE262_ORNT124_VIS6mi.png
9,3,"[0.1103, 0.1192, 0.1835, 0.1058, 0.0659, 0.0515, 0.0450, 0.0755, 0.0115, 0.2317]",0.23170405626296997,2025-03-04-14-20-15/SITE629_ORNT125_VIS4mi.png
1,5,"[0.1508, 0.2163, 0.1726, 0.1650, 0.1017, 0.0607, 0.0449, 0.0622, 0.0109, 0.0150]",0.2163114845752716,2025-03-02-13-12-40/SITE207_ORNT235_VIS6mi.png
9,4,"[0.0113, 0.0196, 0.0652, 0.0866, 0.0767, 0.0761, 0.1069, 0.2019, 0.0441, 0.3116]",0.3115883469581604,2024-05-07-15-42-07/SITE580_ORNT65_VIS5mi.png
2,3,"[0.0756, 0.0985, 0.2232, 0.0978, 0.1047, 0.1246, 0.0786, 0.0768, 0.0190, 0.1012]",0.22315770387649536,2025-02-05-13-59-56/SITE747_ORNT255_VIS4mi.png
9,4,"[0.0055, 0.0125, 0.0441, 0.0751, 0.0741, 0.0806, 0.1585, 0.2379, 0.0545, 0.2573]",0.2573412358760834,2024-07-01-19-28-49/SITE557_ORNT291_VIS5mi.png
1,3,"[0.1592, 0.2114, 0.1805, 0.1579, 0.0952, 0.0604, 0.0478, 0.0575, 0.0087, 0.0215]",0.2113575041294098,2024-12-17-16-15-56/SITE692_ORNT60_VIS4mi.png
9,5,"[0.0163, 0.0267, 0.0775, 0.0663, 0.0532, 0.0623, 0.0475, 0.1034, 0.0485, 0.4985]",0.4984772801399231,2024-11-19-11-24-38/SITE542_ORNT80_VIS6mi.png
1,6,"[0.1649, 0.2875, 0.1965, 0.1514, 0.0856, 0.0576, 0.0271, 0.0238, 0.0041, 0.0013]",0.2875131666660309,2024-09-08-16-00-24/SITE169_ORNT157_VIS7mi.png
3,3,"[0.0256, 0.0818, 0.1360, 0.1760, 0.1735, 0.1433, 0.1343, 0.0976, 0.0232, 0.0088]",0.17601202428340912,2024-08-18-13-20-24/SITE261_ORNT90_VIS4mi.png
1,6,"[0.1137, 0.2424, 0.1698, 0.2036, 0.1139, 0.0713, 0.0421, 0.0355, 0.0060, 0.0016]",0.24239590764045715,2024-06-09-10-51-06/SITE253_ORNT65_VIS7mi.png
8,5,"[0.0092, 0.0307, 0.0949, 0.0573, 0.1195, 0.1678, 0.0671, 0.1285, 0.2538, 0.0712]",0.2537743151187897,2024-12-17-16-15-56/SITE366_ORNT40_VIS6mi.png
6,4,"[0.0065, 0.0176, 0.0478, 0.0992, 0.1313, 0.1371, 0.2323, 0.2208, 0.0431, 0.0643]",0.23229718208312988,2024-06-16-19-09-40/SITE19_ORNT325_VIS5mi.png
7,9,"[0.0073, 0.0174, 0.0532, 0.0959, 0.1166, 0.1129, 0.2060, 0.2438, 0.0582, 0.0886]",0.2438080757856369,2024-10-13-15-24-41/SITE50_ORNT265_VIS10+mi.png
3,3,"[0.0528, 0.1051, 0.1443, 0.1843, 0.1474, 0.1045, 0.0973, 0.1185, 0.0220, 0.0240]",0.18425309658050537,2024-10-07-14-17-08/SITE598_ORNT285_VIS4mi.png
9,9,"[0.0164, 0.0280, 0.0830, 0.0771, 0.0593, 0.0649, 0.0575, 0.1203, 0.0486, 0.4449]",0.44486770033836365,2025-02-04-15-47-48/SITE78_ORNT268_VIS10+mi.png
9,7,"[0.0045, 0.0097, 0.0306, 0.0601, 0.0425, 0.0475, 0.0777, 0.1680, 0.0812, 0.4781]",0.4781273603439331,2024-06-07-15-28-05/SITE18_ORNT210_VIS8mi.png
9,9,"[0.0047, 0.0093, 0.0285, 0.0404, 0.0268, 0.0329, 0.0371, 0.1008, 0.0821, 0.6375]",0.6374872326850891,2025-03-18-13-52-55/SITE426_ORNT310_VIS25mi.png
2,1,"[0.0824, 0.1437, 0.1920, 0.1408, 0.1241, 0.0985, 0.0626, 0.0886, 0.0282, 0.0393]",0.1919623613357544,2025-04-01-16-59-16/SITE421_ORNT240_VIS2mi.png
9,9,"[0.0335, 0.0403, 0.1008, 0.0674, 0.0604, 0.0587, 0.0476, 0.0967, 0.0247, 0.4699]",0.46985968947410583,2025-02-12-14-37-35/SITE597_ORNT170_VIS10+mi.png
9,3,"[0.0301, 0.0429, 0.1202, 0.0961, 0.0829, 0.0842, 0.0845, 0.1316, 0.0278, 0.2997]",0.2997244596481323,2025-03-15-15-41-34/SITE601_ORNT250_VIS4mi.png
7,6,"[0.0073, 0.0168, 0.0565, 0.0927, 0.1071, 0.1034, 0.1432, 0.2486, 0.0980, 0.1264]",0.24859459698200226,2024-04-30-13-21-52/SITE760_ORNT310_VIS7mi.png
8,7,"[0.0041, 0.0175, 0.0469, 0.0367, 0.1086, 0.1856, 0.0785, 0.0771, 0.4338, 0.0112]",0.4338269829750061,2024-10-14-13-08-27/SITE477_ORNT50_VIS8mi.png
1,1,"[0.2226, 0.3014, 0.1812, 0.1466, 0.0681, 0.0384, 0.0185, 0.0193, 0.0032, 0.0008]",0.3013644218444824,2024-07-27-10-27-08/SITE132_ORNT305_VIS2mi.png
0,0,"[0.3872, 0.3090, 0.1458, 0.0785, 0.0364, 0.0187, 0.0101, 0.0114, 0.0023, 0.0006]",0.38717541098594666,2024-05-07-15-42-07/SITE132_ORNT141_VIS1-75mi.png
3,7,"[0.0536, 0.1570, 0.1670, 0.1968, 0.1559, 0.1193, 0.0841, 0.0526, 0.0103, 0.0034]",0.19682224094867706,2024-08-01-13-32-05/SITE48_ORNT115_VIS8mi.png
1,1,"[0.2859, 0.3073, 0.1660, 0.1208, 0.0541, 0.0293, 0.0157, 0.0171, 0.0026, 0.0011]",0.3072595000267029,2024-10-07-12-00-07/SITE606_ORNT180_VIS2-5mi.png
1,4,"[0.1977, 0.2962, 0.1796, 0.1610, 0.0739, 0.0430, 0.0230, 0.0213, 0.0032, 0.0011]",0.2961774170398712,2024-05-03-12-14-06/SITE49_ORNT15_VIS5mi.png
8,8,"[0.0006, 0.0024, 0.0060, 0.0098, 0.0111, 0.0244, 0.0248, 0.0293, 0.7377, 0.1539]",0.7376939654350281,2024-07-23-16-31-18/SITE386_ORNT125_VIS9mi.png
9,3,"[0.0227, 0.0376, 0.1034, 0.1066, 0.0917, 0.0827, 0.0921, 0.1672, 0.0383, 0.2577]",0.25774815678596497,2025-02-12-14-37-35/SITE179_ORNT36_VIS4mi.png
2,8,"[0.0813, 0.1419, 0.1722, 0.1302, 0.1288, 0.0894, 0.0600, 0.1139, 0.0348, 0.0475]",0.17217257618904114,2025-02-01-17-30-02/SITE132_ORNT265_VIS9mi.png
3,0,"[0.0489, 0.1383, 0.1645, 0.1845, 0.1649, 0.1268, 0.0916, 0.0632, 0.0141, 0.0033]",0.1844693422317505,2024-05-07-15-42-07/SITE95_ORNT67_VIS1-5mi.png
7,4,"[0.0196, 0.0399, 0.1151, 0.1125, 0.1111, 0.1096, 0.1024, 0.1701, 0.0533, 0.1663]",0.17014974355697632,2025-02-11-14-30-47/SITE569_ORNT54_VIS5mi.png
8,8,"[0.0005, 0.0022, 0.0036, 0.0041, 0.0062, 0.0228, 0.0185, 0.0071, 0.8583, 0.0766]",0.8583197593688965,2024-08-01-13-32-05/SITE330_ORNT215_VIS9mi.png
9,4,"[0.0402, 0.0467, 0.1307, 0.0678, 0.0687, 0.0963, 0.0763, 0.0935, 0.0203, 0.3595]",0.35954535007476807,2025-04-16-13-54-24/SITE96_ORNT45_VIS5mi.png
7,7,"[0.0066, 0.0160, 0.0508, 0.0883, 0.1125, 0.1151, 0.2338, 0.2424, 0.0486, 0.0860]",0.24235381186008453,2024-08-18-19-28-16/SITE272_ORNT67_VIS8mi.png
9,3,"[0.0173, 0.0369, 0.1091, 0.0836, 0.0828, 0.0903, 0.0571, 0.1381, 0.0888, 0.2962]",0.2961508631706238,2024-06-03-13-44-33/SITE33_ORNT350_VIS4mi.png
9,7,"[0.0050, 0.0077, 0.0246, 0.0245, 0.0170, 0.0243, 0.0282, 0.0648, 0.0285, 0.7753]",0.7753473520278931,2025-02-05-13-59-56/SITE575_ORNT85_VIS8mi.png
6,5,"[0.0204, 0.0400, 0.0807, 0.1226, 0.1430, 0.1431, 0.1995, 0.1659, 0.0223, 0.0624]",0.19951646029949188,2024-10-06-17-04-59/SITE593_ORNT110_VIS6mi.png
3,0,"[0.0349, 0.0989, 0.1515, 0.1746, 0.1665, 0.1363, 0.1141, 0.0916, 0.0224, 0.0091]",0.17463858425617218,2024-07-20-11-08-20/SITE186_ORNT275_VIS1-75mi.png
0,1,"[0.4862, 0.2707, 0.1289, 0.0546, 0.0271, 0.0125, 0.0073, 0.0100, 0.0019, 0.0007]",0.4861883223056793,2025-02-27-11-22-46/SITE626_ORNT110_VIS2mi.png
9,9,"[0.0065, 0.0079, 0.0225, 0.0136, 0.0118, 0.0295, 0.0187, 0.0300, 0.0102, 0.8495]",0.8494638204574585,2025-03-01-18-07-41/SITE802_ORNT150_VIS10+mi.png
1,2,"[0.2063, 0.2320, 0.1700, 0.1472, 0.0836, 0.0485, 0.0385, 0.0496, 0.0069, 0.0175]",0.23200449347496033,2025-01-23-15-05-27/SITE602_ORNT60_VIS3mi.png
7,4,"[0.0158, 0.0311, 0.0867, 0.1164, 0.1226, 0.1175, 0.1589, 0.2037, 0.0414, 0.1060]",0.2037181854248047,2024-04-30-13-21-52/SITE14_ORNT150_VIS5mi.png
6,3,"[0.0167, 0.0605, 0.1032, 0.1446, 0.1703, 0.1828, 0.2032, 0.0898, 0.0195, 0.0092]",0.2032482922077179,2024-10-07-12-00-07/SITE8_ORNT123_VIS4mi.png
9,9,"[0.0035, 0.0042, 0.0087, 0.0057, 0.0036, 0.0124, 0.0063, 0.0109, 0.0077, 0.9369]",0.936911404132843,2025-03-02-13-12-40/SITE802_ORNT45_VIS10+mi.png
1,0,"[0.1407, 0.2286, 0.1923, 0.1286, 0.1084, 0.0733, 0.0415, 0.0571, 0.0170, 0.0124]",0.22863629460334778,2025-02-17-14-46-26/SITE521_ORNT150_VIS1-5mi.png
7,7,"[0.0076, 0.0185, 0.0621, 0.0885, 0.0980, 0.1118, 0.1853, 0.2115, 0.0444, 0.1722]",0.2115197628736496,2024-08-01-10-54-34/SITE25_ORNT225_VIS8mi.png
1,6,"[0.1248, 0.1805, 0.1693, 0.1547, 0.1201, 0.0738, 0.0548, 0.0839, 0.0158, 0.0224]",0.18047089874744415,2025-03-11-17-13-52/SITE216_ORNT55_VIS7mi.png
1,2,"[0.1120, 0.2531, 0.1744, 0.1957, 0.1117, 0.0740, 0.0403, 0.0317, 0.0057, 0.0014]",0.2530909478664398,2024-09-07-13-37-18/SITE262_ORNT290_VIS3mi.png
2,4,"[0.0404, 0.1274, 0.2213, 0.0745, 0.1517, 0.1974, 0.0455, 0.0523, 0.0808, 0.0087]",0.2213306576013565,2024-09-30-11-56-46/SITE460_ORNT165_VIS5mi.png
2,7,"[0.0811, 0.1378, 0.2000, 0.1481, 0.1207, 0.1016, 0.0759, 0.0755, 0.0162, 0.0431]",0.19997890293598175,2025-04-01-16-59-16/SITE719_ORNT300_VIS8mi.png
3,4,"[0.0370, 0.0981, 0.1307, 0.1937, 0.1657, 0.1258, 0.1308, 0.0934, 0.0149, 0.0097]",0.19372613728046417,2024-06-20-11-19-17/SITE253_ORNT195_VIS5mi.png
2,9,"[0.1119, 0.1331, 0.1776, 0.1357, 0.0910, 0.0612, 0.0557, 0.0934, 0.0157, 0.1248]",0.17755496501922607,2025-02-12-14-37-35/SITE193_ORNT295_VIS10+mi.png
3,3,"[0.0516, 0.1275, 0.1444, 0.2109, 0.1607, 0.1060, 0.0936, 0.0845, 0.0143, 0.0066]",0.21089357137680054,2024-09-07-13-37-18/SITE595_ORNT180_VIS4mi.png
2,6,"[0.0360, 0.0838, 0.1636, 0.1367, 0.1452, 0.1479, 0.1358, 0.0951, 0.0218, 0.0341]",0.1636458933353424,2025-04-13-19-09-12/SITE117_ORNT43_VIS7mi.png
9,9,"[0.0120, 0.0180, 0.0574, 0.0504, 0.0409, 0.0513, 0.0546, 0.1042, 0.0276, 0.5837]",0.583695650100708,2025-04-02-15-05-32/SITE629_ORNT125_VIS10+mi.png
1,0,"[0.1065, 0.2231, 0.1667, 0.2086, 0.1187, 0.0748, 0.0517, 0.0414, 0.0059, 0.0025]",0.2230505645275116,2024-08-30-17-21-54/SITE53_ORNT170_VIS1-5mi.png
3,5,"[0.0872, 0.1451, 0.1656, 0.1736, 0.1306, 0.0858, 0.0671, 0.0988, 0.0195, 0.0266]",0.17361724376678467,2025-03-04-14-20-15/SITE542_ORNT350_VIS6mi.png
9,9,"[0.0036, 0.0057, 0.0163, 0.0221, 0.0136, 0.0212, 0.0276, 0.0652, 0.0291, 0.7958]",0.7957750558853149,2025-03-29-15-28-57/SITE813_ORNT135_VIS10+mi.png
3,3,"[0.0499, 0.1488, 0.1641, 0.1928, 0.1579, 0.1257, 0.0914, 0.0546, 0.0106, 0.0043]",0.1928234100341797,2024-07-01-19-28-49/SITE117_ORNT43_VIS4mi.png
1,1,"[0.1290, 0.2113, 0.1941, 0.1667, 0.1083, 0.0750, 0.0513, 0.0471, 0.0075, 0.0097]",0.21132896840572357,2025-03-01-18-07-41/SITE106_ORNT12_VIS2-5mi.png
2,3,"[0.0338, 0.0681, 0.1474, 0.1430, 0.1089, 0.0961, 0.0821, 0.1408, 0.0456, 0.1343]",0.14737898111343384,2024-06-03-13-44-33/SITE33_ORNT215_VIS4mi.png
2,3,"[0.0601, 0.1645, 0.2110, 0.1246, 0.1485, 0.1433, 0.0521, 0.0549, 0.0354, 0.0057]",0.21095266938209534,2024-09-07-13-37-18/SITE595_ORNT0_VIS4mi.png
1,0,"[0.2403, 0.3017, 0.1703, 0.1250, 0.0697, 0.0410, 0.0222, 0.0238, 0.0043, 0.0017]",0.30171722173690796,2025-03-31-13-29-12/SITE485_ORNT290_VIS1mi.png
1,1,"[0.2153, 0.2553, 0.1683, 0.1494, 0.0810, 0.0467, 0.0327, 0.0382, 0.0052, 0.0079]",0.25527575612068176,2025-02-04-15-47-48/SITE219_ORNT264_VIS2-5mi.png
3,2,"[0.0927, 0.2189, 0.1596, 0.2192, 0.1259, 0.0791, 0.0528, 0.0427, 0.0070, 0.0020]",0.21923992037773132,2024-05-07-15-42-07/SITE561_ORNT350_VIS3mi.png
9,1,"[0.0202, 0.0306, 0.0895, 0.0791, 0.0685, 0.0782, 0.0748, 0.1119, 0.0291, 0.4181]",0.41806453466415405,2025-02-10-14-47-56/SITE813_ORNT15_VIS2mi.png
2,3,"[0.0625, 0.1156, 0.1715, 0.1554, 0.1331, 0.1153, 0.1045, 0.0886, 0.0163, 0.0372]",0.17149505019187927,2024-06-06-10-38-22/SITE203_ORNT220_VIS4mi.png
1,7,"[0.1931, 0.2762, 0.2032, 0.1340, 0.0789, 0.0547, 0.0263, 0.0257, 0.0046, 0.0033]",0.2761571705341339,2024-05-23-15-19-49/SITE15_ORNT170_VIS8mi.png
3,6,"[0.0391, 0.1045, 0.1526, 0.1835, 0.1634, 0.1262, 0.1062, 0.0931, 0.0218, 0.0096]",0.18346723914146423,2024-07-30-14-06-06/SITE43_ORNT190_VIS7mi.png
2,1,"[0.1503, 0.2010, 0.2200, 0.1325, 0.0994, 0.0809, 0.0481, 0.0432, 0.0073, 0.0174]",0.2199617475271225,2025-02-16-12-49-10/SITE442_ORNT210_VIS2-5mi.png
7,9,"[0.0357, 0.0535, 0.1006, 0.1484, 0.1333, 0.1014, 0.1301, 0.1878, 0.0253, 0.0839]",0.1877557933330536,2024-12-16-12-39-30/SITE639_ORNT10_VIS10+mi.png
8,9,"[0.0007, 0.0032, 0.0049, 0.0026, 0.0058, 0.0251, 0.0144, 0.0056, 0.8543, 0.0836]",0.8542661070823669,2024-04-30-13-21-52/SITE512_ORNT340_VIS15mi.png
3,1,"[0.0299, 0.0617, 0.1313, 0.1469, 0.1312, 0.1162, 0.1254, 0.1419, 0.0283, 0.0872]",0.14689329266548157,2025-03-23-13-51-54/SITE229_ORNT18_VIS2-5mi.png
2,4,"[0.0773, 0.1891, 0.2043, 0.1046, 0.1448, 0.1279, 0.0449, 0.0603, 0.0402, 0.0066]",0.20425520837306976,2025-01-17-15-10-02/SITE380_ORNT220_VIS5mi.png
9,3,"[0.0100, 0.0148, 0.0510, 0.0397, 0.0293, 0.0336, 0.0349, 0.0852, 0.0311, 0.6703]",0.6703359484672546,2025-03-20-11-55-50/SITE7_ORNT221_VIS4mi.png
1,3,"[0.1974, 0.2750, 0.1748, 0.1477, 0.0804, 0.0551, 0.0334, 0.0272, 0.0037, 0.0052]",0.2750469148159027,2025-04-01-16-59-16/SITE26_ORNT180_VIS4mi.png
4,5,"[0.0271, 0.0774, 0.1558, 0.1452, 0.1586, 0.1512, 0.1299, 0.1036, 0.0334, 0.0178]",0.15855546295642853,2024-09-12-12-03-32/SITE639_ORNT100_VIS6mi.png
3,4,"[0.0430, 0.1282, 0.1571, 0.1908, 0.1661, 0.1303, 0.1008, 0.0659, 0.0135, 0.0042]",0.190843865275383,2024-06-27-10-23-10/SITE41_ORNT335_VIS5mi.png
1,0,"[0.1172, 0.1903, 0.1848, 0.1687, 0.1190, 0.0773, 0.0518, 0.0635, 0.0129, 0.0147]",0.19025853276252747,2024-12-10-14-08-09/SITE606_ORNT90_VIS1-75mi.png
8,8,"[0.0003, 0.0016, 0.0037, 0.0045, 0.0087, 0.0250, 0.0197, 0.0147, 0.8829, 0.0388]",0.8829237222671509,2024-06-03-13-44-33/SITE477_ORNT340_VIS9mi.png
9,9,"[0.0238, 0.0258, 0.0624, 0.0326, 0.0268, 0.0445, 0.0264, 0.0456, 0.0095, 0.7027]",0.7026753425598145,2025-03-17-19-09-03/SITE212_ORNT80_VIS10+mi.png
2,9,"[0.1241, 0.1728, 0.1944, 0.1540, 0.0986, 0.0685, 0.0549, 0.0733, 0.0128, 0.0467]",0.19443407654762268,2025-02-15-15-20-00/SITE261_ORNT270_VIS10+mi.png
5,4,"[0.0335, 0.1055, 0.1911, 0.0828, 0.1643, 0.2060, 0.0585, 0.0624, 0.0869, 0.0090]",0.20599091053009033,2024-09-21-11-24-11/SITE460_ORNT350_VIS5mi.png
2,5,"[0.0973, 0.2208, 0.2325, 0.0707, 0.1318, 0.1386, 0.0334, 0.0366, 0.0358, 0.0024]",0.23252063989639282,2025-03-02-11-48-27/SITE528_ORNT235_VIS6mi.png
1,1,"[0.2567, 0.3071, 0.1778, 0.1327, 0.0571, 0.0322, 0.0167, 0.0165, 0.0025, 0.0008]",0.3071071207523346,2024-07-18-11-32-15/SITE73_ORNT65_VIS2-5mi.png
3,4,"[0.0553, 0.1468, 0.1650, 0.2011, 0.1581, 0.1096, 0.0791, 0.0662, 0.0147, 0.0041]",0.20109416544437408,2024-07-14-10-21-23/SITE127_ORNT272_VIS5mi.png
2,7,"[0.0670, 0.1640, 0.1892, 0.1525, 0.1538, 0.1205, 0.0625, 0.0623, 0.0210, 0.0072]",0.18920950591564178,2025-02-02-12-13-03/SITE534_ORNT315_VIS8mi.png
1,3,"[0.1453, 0.2714, 0.1866, 0.1744, 0.0951, 0.0609, 0.0332, 0.0275, 0.0046, 0.0011]",0.27135494351387024,2024-08-18-13-20-24/SITE438_ORNT208_VIS4mi.png
1,6,"[0.2225, 0.2455, 0.1755, 0.1402, 0.0807, 0.0469, 0.0325, 0.0406, 0.0058, 0.0098]",0.24550171196460724,2025-03-02-13-12-40/SITE125_ORNT35_VIS7mi.png
9,9,"[0.0071, 0.0130, 0.0239, 0.0098, 0.0113, 0.0292, 0.0128, 0.0173, 0.1745, 0.7012]",0.7011998891830444,2025-03-02-11-48-27/SITE521_ORNT325_VIS30mi.png
2,5,"[0.1293, 0.1895, 0.2025, 0.1456, 0.1163, 0.0875, 0.0554, 0.0506, 0.0085, 0.0149]",0.20248056948184967,2025-04-13-19-09-12/SITE161_ORNT141_VIS6mi.png
1,0,"[0.2196, 0.2557, 0.2223, 0.1047, 0.0773, 0.0566, 0.0257, 0.0267, 0.0050, 0.0062]",0.255731463432312,2025-03-03-11-33-30/SITE73_ORNT335_VIS1-5mi.png
7,7,"[0.0051, 0.0145, 0.0506, 0.1008, 0.1291, 0.1183, 0.2045, 0.2599, 0.0687, 0.0484]",0.25986912846565247,2024-07-18-11-32-15/SITE411_ORNT220_VIS8mi.png
2,5,"[0.0548, 0.0901, 0.1825, 0.1164, 0.1006, 0.1142, 0.0854, 0.0832, 0.0189, 0.1538]",0.1825277954339981,2024-12-24-15-14-57/SITE417_ORNT220_VIS6mi.png
1,1,"[0.1662, 0.2958, 0.1835, 0.1625, 0.0853, 0.0535, 0.0258, 0.0227, 0.0038, 0.0008]",0.2958323061466217,2024-09-08-13-07-06/SITE13_ORNT85_VIS2mi.png
3,1,"[0.0519, 0.1409, 0.1498, 0.2147, 0.1621, 0.1081, 0.0872, 0.0686, 0.0126, 0.0041]",0.21466495096683502,2024-05-08-14-34-39/SITE11_ORNT308_VIS2mi.png
9,5,"[0.0106, 0.0137, 0.0445, 0.0278, 0.0219, 0.0297, 0.0247, 0.0581, 0.0184, 0.7505]",0.750480592250824,2025-01-15-15-33-17/SITE215_ORNT40_VIS6mi.png
1,2,"[0.2268, 0.2432, 0.1829, 0.1249, 0.0791, 0.0473, 0.0315, 0.0420, 0.0072, 0.0151]",0.24323830008506775,2025-02-14-15-24-27/SITE12_ORNT270_VIS3mi.png
1,1,"[0.1738, 0.2802, 0.1910, 0.1566, 0.0840, 0.0549, 0.0282, 0.0255, 0.0040, 0.0018]",0.2802388370037079,2024-07-28-11-17-19/SITE244_ORNT240_VIS2mi.png
9,4,"[0.0144, 0.0220, 0.0736, 0.0666, 0.0522, 0.0570, 0.0655, 0.1272, 0.0313, 0.4902]",0.49020835757255554,2025-02-01-12-44-07/SITE734_ORNT160_VIS5mi.png
1,1,"[0.2388, 0.2990, 0.1883, 0.1145, 0.0675, 0.0450, 0.0196, 0.0209, 0.0045, 0.0018]",0.2990298271179199,2024-12-16-12-39-30/SITE521_ORNT150_VIS2mi.png
1,0,"[0.2101, 0.2246, 0.1881, 0.1264, 0.0748, 0.0444, 0.0333, 0.0521, 0.0087, 0.0375]",0.22458311915397644,2025-03-29-15-28-57/SITE217_ORNT100_VIS1mi.png
5,2,"[0.0248, 0.0586, 0.1062, 0.1062, 0.1341, 0.1980, 0.1973, 0.0922, 0.0197, 0.0629]",0.19798943400382996,2024-07-26-10-22-16/SITE747_ORNT255_VIS3mi.png
2,2,"[0.0523, 0.1287, 0.1864, 0.1609, 0.1462, 0.1281, 0.0876, 0.0735, 0.0203, 0.0161]",0.18637971580028534,2024-07-28-19-40-21/SITE205_ORNT305_VIS3mi.png
2,3,"[0.1036, 0.1464, 0.1756, 0.1520, 0.1176, 0.0785, 0.0634, 0.0909, 0.0182, 0.0538]",0.17557889223098755,2025-02-17-14-46-26/SITE812_ORNT335_VIS4mi.png
1,0,"[0.1561, 0.2730, 0.1811, 0.1750, 0.0951, 0.0570, 0.0292, 0.0278, 0.0046, 0.0012]",0.2729872167110443,2024-08-15-16-44-48/SITE43_ORNT270_VIS1-25mi.png
6,3,"[0.0228, 0.0522, 0.1197, 0.1054, 0.1328, 0.1671, 0.1858, 0.1175, 0.0279, 0.0688]",0.18582770228385925,2024-10-07-14-17-08/SITE747_ORNT255_VIS4mi.png
1,1,"[0.2318, 0.2597, 0.1727, 0.1364, 0.0743, 0.0433, 0.0292, 0.0373, 0.0063, 0.0090]",0.2597348988056183,2024-05-23-15-19-49/SITE203_ORNT70_VIS2mi.png
8,9,"[0.0004, 0.0019, 0.0039, 0.0046, 0.0080, 0.0250, 0.0185, 0.0107, 0.8856, 0.0414]",0.8856217861175537,2024-08-01-13-32-05/SITE512_ORNT90_VIS15mi.png
1,0,"[0.1804, 0.2995, 0.1819, 0.1589, 0.0814, 0.0500, 0.0217, 0.0214, 0.0042, 0.0006]",0.2994644343852997,2024-07-05-10-36-13/SITE41_ORNT170_VIS1-5mi.png
3,0,"[0.0653, 0.1727, 0.1715, 0.2030, 0.1481, 0.1041, 0.0706, 0.0516, 0.0098, 0.0033]",0.20304369926452637,2024-08-30-17-21-54/SITE98_ORNT135_VIS1mi.png
1,3,"[0.0847, 0.2036, 0.1719, 0.2001, 0.1341, 0.0925, 0.0597, 0.0436, 0.0075, 0.0023]",0.2035890817642212,2024-07-04-13-27-11/SITE420_ORNT275_VIS4mi.png
7,6,"[0.0066, 0.0190, 0.0599, 0.1107, 0.1354, 0.1272, 0.2066, 0.2316, 0.0581, 0.0449]",0.23156660795211792,2024-07-29-16-41-43/SITE116_ORNT3_VIS7mi.png
9,4,"[0.0160, 0.0363, 0.1204, 0.0856, 0.1003, 0.1212, 0.0819, 0.1371, 0.0943, 0.2069]",0.2069319486618042,2024-06-06-10-38-22/SITE117_ORNT320_VIS5mi.png
9,7,"[0.0127, 0.0185, 0.0635, 0.0454, 0.0364, 0.0469, 0.0454, 0.0879, 0.0235, 0.6198]",0.6198192238807678,2025-04-22-15-39-35/SITE203_ORNT70_VIS8mi.png
8,8,"[0.0004, 0.0021, 0.0035, 0.0024, 0.0066, 0.0298, 0.0183, 0.0053, 0.9059, 0.0258]",0.9059264659881592,2024-07-01-19-28-49/SITE506_ORNT180_VIS9mi.png
9,8,"[0.0056, 0.0144, 0.0413, 0.0429, 0.0545, 0.0812, 0.0604, 0.1084, 0.2513, 0.3400]",0.3399694859981537,2024-07-27-10-27-08/SITE486_ORNT0_VIS9mi.png
3,5,"[0.0939, 0.1896, 0.1657, 0.2003, 0.1314, 0.0863, 0.0645, 0.0557, 0.0084, 0.0043]",0.2002667486667633,2024-06-10-18-34-10/SITE123_ORNT67_VIS6mi.png
2,3,"[0.0658, 0.1446, 0.1663, 0.1523, 0.1486, 0.1091, 0.0629, 0.0994, 0.0338, 0.0172]",0.16629472374916077,2024-05-22-13-05-54/SITE205_ORNT165_VIS4mi.png
2,5,"[0.0939, 0.1275, 0.1801, 0.1272, 0.0995, 0.0711, 0.0557, 0.0987, 0.0237, 0.1225]",0.18014995753765106,2025-02-05-13-59-56/SITE852_ORNT45_VIS6mi.png
1,2,"[0.2604, 0.2867, 0.1556, 0.1367, 0.0671, 0.0350, 0.0233, 0.0284, 0.0041, 0.0027]",0.286690890789032,2025-04-07-16-10-10/SITE115_ORNT115_VIS3mi.png
9,1,"[0.0093, 0.0153, 0.0541, 0.0644, 0.0529, 0.0564, 0.0785, 0.1596, 0.0411, 0.4684]",0.4684255123138428,2025-02-05-13-59-56/SITE59_ORNT100_VIS2mi.png
1,1,"[0.0947, 0.2315, 0.1726, 0.1999, 0.1213, 0.0846, 0.0515, 0.0361, 0.0060, 0.0019]",0.23150306940078735,2024-06-13-13-46-47/SITE435_ORNT15_VIS2mi.png
9,9,"[0.0067, 0.0142, 0.0426, 0.0613, 0.0695, 0.1069, 0.1685, 0.1733, 0.0361, 0.3209]",0.3209232985973358,2025-05-13-14-10-59/SITE6_ORNT55_VIS10+mi.png
9,7,"[0.0237, 0.0286, 0.0764, 0.0490, 0.0387, 0.0420, 0.0382, 0.0745, 0.0187, 0.6104]",0.6103529334068298,2025-01-28-16-10-28/SITE241_ORNT214_VIS8mi.png
6,5,"[0.0063, 0.0223, 0.0492, 0.0862, 0.1389, 0.1912, 0.3308, 0.1302, 0.0307, 0.0141]",0.33083248138427734,2024-09-27-16-12-40/SITE22_ORNT0_VIS6mi.png
8,9,"[0.0008, 0.0030, 0.0071, 0.0104, 0.0123, 0.0281, 0.0241, 0.0267, 0.7293, 0.1581]",0.7292732000350952,2024-05-21-12-02-34/SITE327_ORNT45_VIS15mi.png
9,9,"[0.0056, 0.0093, 0.0237, 0.0302, 0.0238, 0.0430, 0.0513, 0.0761, 0.0328, 0.7043]",0.7042815089225769,2025-03-11-17-13-52/SITE587_ORNT280_VIS10+mi.png
3,1,"[0.0633, 0.1869, 0.1848, 0.1921, 0.1484, 0.1094, 0.0603, 0.0429, 0.0103, 0.0016]",0.19213011860847473,2024-07-22-11-13-59/SITE98_ORNT245_VIS2mi.png
5,7,"[0.0126, 0.0581, 0.1506, 0.0641, 0.1761, 0.2564, 0.0726, 0.0689, 0.1358, 0.0048]",0.25642383098602295,2024-07-23-10-10-08/SITE404_ORNT350_VIS8mi.png
7,5,"[0.0067, 0.0161, 0.0555, 0.0954, 0.1132, 0.1083, 0.1892, 0.2618, 0.0583, 0.0955]",0.2617759704589844,2024-07-04-13-27-11/SITE446_ORNT101_VIS6mi.png
2,2,"[0.1241, 0.1693, 0.1888, 0.1535, 0.1012, 0.0743, 0.0594, 0.0686, 0.0116, 0.0493]",0.18880750238895416,2025-01-28-16-10-28/SITE98_ORNT245_VIS3mi.png
2,2,"[0.1025, 0.1907, 0.2107, 0.1327, 0.1305, 0.1142, 0.0595, 0.0450, 0.0093, 0.0050]",0.21072283387184143,2024-06-06-10-38-22/SITE65_ORNT234_VIS3mi.png
9,9,"[0.0192, 0.0235, 0.0414, 0.0280, 0.0322, 0.0914, 0.0449, 0.0365, 0.0109, 0.6720]",0.6719589233398438,2025-03-15-15-41-34/SITE21_ORNT280_VIS10+mi.png
4,4,"[0.0254, 0.0830, 0.1514, 0.1637, 0.1691, 0.1510, 0.1169, 0.0959, 0.0335, 0.0100]",0.16911296546459198,2024-08-26-16-02-03/SITE417_ORNT140_VIS5mi.png
9,7,"[0.0116, 0.0175, 0.0604, 0.0544, 0.0391, 0.0434, 0.0465, 0.1100, 0.0326, 0.5845]",0.5845177173614502,2025-03-04-14-20-15/SITE78_ORNT268_VIS8mi.png
0,0,"[0.2740, 0.2709, 0.1647, 0.1212, 0.0641, 0.0357, 0.0245, 0.0325, 0.0047, 0.0077]",0.27404314279556274,2025-02-05-13-59-56/SITE438_ORNT110_VIS1-5mi.png
1,4,"[0.0669, 0.1970, 0.1947, 0.1747, 0.1400, 0.1153, 0.0621, 0.0388, 0.0085, 0.0019]",0.1969548463821411,2024-09-07-11-42-21/SITE262_ORNT240_VIS5mi.png
6,3,"[0.0136, 0.0381, 0.1051, 0.1149, 0.1394, 0.1583, 0.2044, 0.1466, 0.0356, 0.0439]",0.20442292094230652,2024-08-18-13-20-24/SITE241_ORNT34_VIS4mi.png
9,8,"[0.0606, 0.0860, 0.1665, 0.1202, 0.0930, 0.0766, 0.0703, 0.1128, 0.0247, 0.1893]",0.189290389418602,2025-02-17-14-46-26/SITE76_ORNT60_VIS9mi.png
9,9,"[0.0103, 0.0145, 0.0366, 0.0318, 0.0237, 0.0393, 0.0342, 0.0565, 0.0283, 0.7247]",0.7247246503829956,2025-04-01-16-59-16/SITE747_ORNT60_VIS10+mi.png
8,8,"[0.0039, 0.0147, 0.0400, 0.0480, 0.0795, 0.1341, 0.0860, 0.0938, 0.4484, 0.0517]",0.448394775390625,2024-06-06-10-38-22/SITE520_ORNT180_VIS9mi.png
4,3,"[0.0294, 0.0856, 0.1372, 0.1657, 0.1740, 0.1495, 0.1449, 0.0901, 0.0184, 0.0052]",0.1740443855524063,2024-09-07-13-37-18/SITE161_ORNT316_VIS4mi.png
8,2,"[0.0037, 0.0124, 0.0210, 0.0160, 0.0383, 0.0962, 0.0455, 0.0271, 0.6604, 0.0794]",0.6604118347167969,2024-10-11-15-41-13/SITE310_ORNT314_VIS3mi.png
8,8,"[0.0090, 0.0400, 0.0870, 0.0257, 0.1228, 0.2444, 0.0445, 0.0438, 0.3738, 0.0091]",0.373784601688385,2025-03-20-11-55-50/SITE360_ORNT45_VIS9mi.png
1,0,"[0.2485, 0.3111, 0.1626, 0.1461, 0.0599, 0.0327, 0.0182, 0.0175, 0.0025, 0.0009]",0.31108149886131287,2024-08-19-10-27-18/SITE620_ORNT225_VIS1-75mi.png
9,4,"[0.0112, 0.0218, 0.0737, 0.0809, 0.0784, 0.0915, 0.1236, 0.1695, 0.0505, 0.2987]",0.2987271249294281,2024-06-10-18-34-10/SITE540_ORNT178_VIS5mi.png
3,6,"[0.0417, 0.1018, 0.1448, 0.1925, 0.1579, 0.1134, 0.1028, 0.1082, 0.0227, 0.0142]",0.19248858094215393,2024-06-21-15-35-27/SITE417_ORNT50_VIS7mi.png
1,3,"[0.1379, 0.2362, 0.2013, 0.1577, 0.0994, 0.0732, 0.0419, 0.0376, 0.0073, 0.0075]",0.23615741729736328,2024-05-21-12-02-34/SITE719_ORNT120_VIS4mi.png
6,4,"[0.0078, 0.0243, 0.0680, 0.1217, 0.1553, 0.1470, 0.2298, 0.1899, 0.0399, 0.0163]",0.22978629171848297,2024-06-22-10-56-07/SITE234_ORNT304_VIS5mi.png
3,1,"[0.0562, 0.1180, 0.1546, 0.1711, 0.1490, 0.1077, 0.0772, 0.1094, 0.0290, 0.0279]",0.17105087637901306,2024-05-30-17-47-26/SITE94_ORNT280_VIS2-5mi.png
1,0,"[0.2151, 0.2896, 0.2048, 0.1217, 0.0700, 0.0483, 0.0218, 0.0220, 0.0039, 0.0028]",0.28959986567497253,2025-03-31-13-29-12/SITE626_ORNT290_VIS1mi.png
2,4,"[0.0384, 0.1192, 0.1975, 0.0792, 0.1560, 0.1939, 0.0525, 0.0653, 0.0898, 0.0082]",0.1975003182888031,2025-01-15-12-14-16/SITE358_ORNT290_VIS5mi.png
1,3,"[0.1055, 0.2359, 0.1955, 0.1771, 0.1161, 0.0830, 0.0445, 0.0342, 0.0062, 0.0020]",0.23588891327381134,2024-08-02-13-37-25/SITE45_ORNT290_VIS4mi.png
2,2,"[0.0380, 0.0949, 0.1697, 0.1520, 0.1508, 0.1404, 0.1128, 0.0922, 0.0255, 0.0237]",0.16971510648727417,2024-05-30-17-47-26/SITE417_ORNT220_VIS3mi.png
6,6,"[0.0075, 0.0227, 0.0450, 0.0957, 0.1481, 0.1824, 0.3033, 0.1479, 0.0254, 0.0222]",0.3032838702201843,2024-07-25-10-00-39/SITE569_ORNT276_VIS7mi.png
9,4,"[0.0168, 0.0327, 0.0932, 0.0793, 0.0852, 0.1227, 0.1308, 0.1220, 0.0269, 0.2903]",0.290266752243042,2025-02-11-14-30-47/SITE578_ORNT185_VIS5mi.png
1,5,"[0.1577, 0.2155, 0.1787, 0.1584, 0.0999, 0.0621, 0.0434, 0.0568, 0.0103, 0.0172]",0.21552258729934692,2024-05-22-13-05-54/SITE13_ORNT240_VIS6mi.png
9,6,"[0.0175, 0.0316, 0.0982, 0.0981, 0.0929, 0.0961, 0.1175, 0.1656, 0.0364, 0.2460]",0.24603143334388733,2025-03-15-15-41-34/SITE69_ORNT108_VIS7mi.png
9,6,"[0.0069, 0.0113, 0.0379, 0.0374, 0.0320, 0.0511, 0.0636, 0.1100, 0.0260, 0.6239]",0.6238552927970886,2025-02-04-15-47-48/SITE760_ORNT140_VIS7mi.png
7,5,"[0.0084, 0.0192, 0.0622, 0.1004, 0.1244, 0.1190, 0.1969, 0.2404, 0.0518, 0.0772]",0.24040545523166656,2024-07-24-16-43-44/SITE15_ORNT90_VIS6mi.png
7,6,"[0.0049, 0.0130, 0.0430, 0.0886, 0.1071, 0.1032, 0.2174, 0.2695, 0.0593, 0.0940]",0.26954400539398193,2024-07-29-16-41-43/SITE82_ORNT135_VIS7mi.png
4,4,"[0.0285, 0.0757, 0.1359, 0.1652, 0.1664, 0.1346, 0.1130, 0.1261, 0.0342, 0.0203]",0.1664423644542694,2024-07-26-10-22-16/SITE259_ORNT59_VIS5mi.png
1,9,"[0.2516, 0.2771, 0.1610, 0.1432, 0.0670, 0.0366, 0.0254, 0.0294, 0.0039, 0.0046]",0.2771298289299011,2024-12-09-12-13-38/SITE97_ORNT200_VIS10+mi.png
1,0,"[0.2248, 0.2713, 0.1602, 0.1494, 0.0797, 0.0434, 0.0282, 0.0338, 0.0052, 0.0041]",0.27127695083618164,2025-03-31-15-41-11/SITE5_ORNT230_VIS1-25mi.png
9,5,"[0.0216, 0.0320, 0.0939, 0.0881, 0.0772, 0.0754, 0.0834, 0.1496, 0.0328, 0.3460]",0.3459760546684265,2024-12-29-16-00-12/SITE41_ORNT235_VIS6mi.png
9,9,"[0.0062, 0.0103, 0.0395, 0.0420, 0.0319, 0.0413, 0.0529, 0.1199, 0.0385, 0.6175]",0.6175313591957092,2025-02-10-14-47-56/SITE569_ORNT138_VIS10+mi.png
0,0,"[0.3111, 0.2827, 0.1522, 0.1110, 0.0584, 0.0310, 0.0197, 0.0259, 0.0039, 0.0044]",0.3110553026199341,2025-03-04-14-20-15/SITE165_ORNT100_VIS1-25mi.png
6,3,"[0.0046, 0.0148, 0.0461, 0.0993, 0.1358, 0.1344, 0.2535, 0.2307, 0.0492, 0.0317]",0.25346148014068604,2024-07-07-15-01-32/SITE19_ORNT60_VIS4mi.png
3,2,"[0.0321, 0.1153, 0.1566, 0.1890, 0.1760, 0.1407, 0.1064, 0.0649, 0.0165, 0.0027]",0.18895292282104492,2024-10-11-15-41-13/SITE442_ORNT40_VIS3mi.png
4,4,"[0.0201, 0.0718, 0.1218, 0.1781, 0.1840, 0.1482, 0.1477, 0.0994, 0.0242, 0.0048]",0.18397298455238342,2024-10-06-17-04-59/SITE251_ORNT140_VIS5mi.png
1,4,"[0.2870, 0.3270, 0.1853, 0.0671, 0.0566, 0.0401, 0.0153, 0.0155, 0.0052, 0.0008]",0.327020525932312,2024-11-19-11-24-38/SITE385_ORNT230_VIS5mi.png
7,9,"[0.0096, 0.0198, 0.0642, 0.0952, 0.0946, 0.0960, 0.1426, 0.2265, 0.0458, 0.2059]",0.22649100422859192,2025-04-22-15-39-35/SITE4_ORNT303_VIS10+mi.png
9,9,"[0.0184, 0.0186, 0.0424, 0.0176, 0.0173, 0.0283, 0.0149, 0.0274, 0.0132, 0.8018]",0.8018110990524292,2025-04-07-16-10-10/SITE539_ORNT40_VIS10+mi.png
2,4,"[0.0545, 0.1516, 0.2259, 0.0695, 0.1546, 0.1880, 0.0417, 0.0464, 0.0626, 0.0052]",0.22592033445835114,2025-03-29-15-28-57/SITE322_ORNT180_VIS5mi.png
1,1,"[0.2593, 0.3148, 0.1728, 0.1332, 0.0558, 0.0308, 0.0151, 0.0151, 0.0026, 0.0006]",0.3147578835487366,2024-08-31-14-30-34/SITE179_ORNT36_VIS2mi.png
5,2,"[0.0370, 0.1231, 0.1982, 0.0663, 0.1572, 0.2057, 0.0474, 0.0594, 0.0997, 0.0060]",0.20569011569023132,2025-02-01-17-30-02/SITE339_ORNT90_VIS3mi.png
1,0,"[0.1754, 0.2833, 0.1713, 0.1784, 0.0854, 0.0486, 0.0275, 0.0255, 0.0036, 0.0011]",0.28332242369651794,2024-07-27-10-27-08/SITE215_ORNT235_VIS1mi.png
9,9,"[0.0047, 0.0051, 0.0105, 0.0059, 0.0041, 0.0154, 0.0065, 0.0106, 0.0074, 0.9300]",0.9299932718276978,2025-03-02-13-12-40/SITE82_ORNT65_VIS10+mi.png
1,3,"[0.1697, 0.2584, 0.1815, 0.1696, 0.0877, 0.0558, 0.0354, 0.0331, 0.0047, 0.0041]",0.25837278366088867,2025-02-01-17-30-02/SITE66_ORNT323_VIS4mi.png
4,4,"[0.0368, 0.0873, 0.1508, 0.1530, 0.1535, 0.1383, 0.1352, 0.0991, 0.0199, 0.0261]",0.15346352756023407,2025-01-29-12-01-12/SITE253_ORNT65_VIS5mi.png
3,0,"[0.0763, 0.1989, 0.1623, 0.2074, 0.1379, 0.0973, 0.0665, 0.0439, 0.0070, 0.0025]",0.20737965404987335,2024-12-09-12-13-38/SITE186_ORNT217_VIS1-25mi.png
8,8,"[0.0026, 0.0114, 0.0273, 0.0211, 0.0503, 0.1181, 0.0467, 0.0443, 0.6428, 0.0352]",0.6428305506706238,2025-04-11-14-52-32/SITE340_ORNT230_VIS9mi.png
7,6,"[0.0076, 0.0185, 0.0547, 0.1066, 0.1312, 0.1235, 0.2128, 0.2444, 0.0425, 0.0583]",0.24435415863990784,2024-08-15-16-44-48/SITE683_ORNT240_VIS7mi.png
9,9,"[0.0429, 0.0461, 0.0970, 0.0462, 0.0413, 0.0418, 0.0323, 0.0628, 0.0212, 0.5684]",0.5683937072753906,2025-02-19-12-18-05/SITE871_ORNT90_VIS10+mi.png
9,1,"[0.0751, 0.0975, 0.1825, 0.1176, 0.0859, 0.0713, 0.0610, 0.0966, 0.0200, 0.1926]",0.19256041944026947,2024-12-23-15-38-40/SITE719_ORNT180_VIS2-5mi.png
9,9,"[0.0300, 0.0426, 0.1132, 0.0712, 0.0697, 0.1007, 0.0783, 0.0963, 0.0430, 0.3549]",0.3549082279205322,2025-01-31-13-49-43/SITE564_ORNT315_VIS10+mi.png
4,5,"[0.0291, 0.0684, 0.1325, 0.1559, 0.1602, 0.1312, 0.1183, 0.1372, 0.0345, 0.0327]",0.16021691262722015,2024-10-14-13-08-27/SITE7_ORNT312_VIS6mi.png
9,3,"[0.0114, 0.0204, 0.0696, 0.0807, 0.0641, 0.0651, 0.0766, 0.1710, 0.0523, 0.3888]",0.38879579305648804,2024-12-29-16-00-12/SITE164_ORNT358_VIS4mi.png
9,1,"[0.0141, 0.0217, 0.0769, 0.0698, 0.0616, 0.0670, 0.0785, 0.1414, 0.0363, 0.4328]",0.4327893853187561,2025-04-02-15-05-32/SITE786_ORNT40_VIS2mi.png
5,4,"[0.0149, 0.0660, 0.1455, 0.0415, 0.1476, 0.2488, 0.0471, 0.0618, 0.2170, 0.0098]",0.2488359659910202,2025-01-15-15-33-17/SITE474_ORNT90_VIS5mi.png
3,2,"[0.0483, 0.1248, 0.1532, 0.2009, 0.1632, 0.1129, 0.0949, 0.0804, 0.0155, 0.0058]",0.20088128745555878,2024-08-02-20-27-22/SITE43_ORNT190_VIS3mi.png
2,4,"[0.0636, 0.1088, 0.1899, 0.1292, 0.1212, 0.1074, 0.0689, 0.0966, 0.0327, 0.0817]",0.18985207378864288,2025-03-05-12-08-53/SITE620_ORNT30_VIS5mi.png
1,2,"[0.1721, 0.2808, 0.1864, 0.1630, 0.0855, 0.0526, 0.0292, 0.0252, 0.0041, 0.0011]",0.28076431155204773,2024-07-28-19-40-21/SITE116_ORNT179_VIS3mi.png
5,7,"[0.0255, 0.0978, 0.1951, 0.0697, 0.1699, 0.2285, 0.0544, 0.0587, 0.0949, 0.0055]",0.22850923240184784,2024-10-15-10-59-57/SITE397_ORNT30_VIS8mi.png
9,7,"[0.0164, 0.0216, 0.0490, 0.0376, 0.0396, 0.0879, 0.0575, 0.0590, 0.0135, 0.6181]",0.6180998086929321,2025-01-26-15-53-06/SITE18_ORNT5_VIS8mi.png
3,1,"[0.0666, 0.1707, 0.1791, 0.1791, 0.1452, 0.1182, 0.0776, 0.0492, 0.0095, 0.0047]",0.1791469305753708,2024-05-23-15-19-49/SITE41_ORNT170_VIS2-5mi.png
8,8,"[0.0004, 0.0020, 0.0035, 0.0022, 0.0047, 0.0217, 0.0151, 0.0049, 0.8735, 0.0720]",0.8735101819038391,2024-08-01-10-54-34/SITE333_ORNT280_VIS9mi.png
1,2,"[0.1302, 0.2647, 0.1755, 0.1911, 0.1027, 0.0639, 0.0360, 0.0300, 0.0046, 0.0013]",0.264661967754364,2024-08-31-14-30-34/SITE25_ORNT30_VIS3mi.png
8,5,"[0.0040, 0.0187, 0.0438, 0.0215, 0.0834, 0.1733, 0.0450, 0.0440, 0.5494, 0.0169]",0.5494378209114075,2025-02-11-14-30-47/SITE340_ORNT330_VIS6mi.png
7,3,"[0.0096, 0.0235, 0.0716, 0.1138, 0.1362, 0.1257, 0.1709, 0.2306, 0.0554, 0.0628]",0.2305762618780136,2024-08-02-13-37-25/SITE239_ORNT30_VIS4mi.png
7,5,"[0.0058, 0.0140, 0.0475, 0.0928, 0.1089, 0.1007, 0.1861, 0.2772, 0.0652, 0.1018]",0.27721038460731506,2024-07-22-20-17-56/SITE22_ORNT0_VIS6mi.png
7,2,"[0.0266, 0.0454, 0.1077, 0.1256, 0.1305, 0.1093, 0.1107, 0.1843, 0.0405, 0.1196]",0.1842905879020691,2024-04-30-13-21-52/SITE13_ORNT10_VIS3mi.png
0,1,"[0.3302, 0.2849, 0.1693, 0.0911, 0.0517, 0.0294, 0.0162, 0.0204, 0.0033, 0.0035]",0.3302023410797119,2025-04-16-13-54-24/SITE684_ORNT179_VIS2-5mi.png
0,3,"[0.2913, 0.2832, 0.1545, 0.1182, 0.0604, 0.0316, 0.0214, 0.0297, 0.0045, 0.0051]",0.29128119349479675,2025-02-14-15-24-27/SITE624_ORNT145_VIS4mi.png
6,9,"[0.0185, 0.0383, 0.0796, 0.0910, 0.1136, 0.1719, 0.1963, 0.1209, 0.0205, 0.1493]",0.19630663096904755,2025-01-28-16-10-28/SITE639_ORNT270_VIS10+mi.png
2,5,"[0.1272, 0.1946, 0.2219, 0.1327, 0.1108, 0.0937, 0.0486, 0.0460, 0.0108, 0.0137]",0.22193296253681183,2025-03-18-13-52-55/SITE161_ORNT192_VIS6mi.png
2,3,"[0.0815, 0.1234, 0.2047, 0.1154, 0.1132, 0.1003, 0.0580, 0.0841, 0.0296, 0.0898]",0.2046932727098465,2024-12-29-16-00-12/SITE164_ORNT68_VIS4mi.png
6,2,"[0.0150, 0.0485, 0.0940, 0.1558, 0.1703, 0.1533, 0.1905, 0.1320, 0.0264, 0.0143]",0.1904597282409668,2024-06-17-19-22-23/SITE563_ORNT135_VIS3mi.png
8,8,"[0.0023, 0.0086, 0.0186, 0.0200, 0.0329, 0.0785, 0.0426, 0.0385, 0.6815, 0.0764]",0.6815471053123474,2024-06-06-17-01-51/SITE520_ORNT180_VIS9mi.png
9,7,"[0.0305, 0.0403, 0.0896, 0.0447, 0.0657, 0.1861, 0.1379, 0.0743, 0.0163, 0.3146]",0.31461432576179504,2025-03-15-15-41-34/SITE540_ORNT178_VIS8mi.png
0,2,"[0.4120, 0.2951, 0.1369, 0.0750, 0.0354, 0.0181, 0.0106, 0.0131, 0.0023, 0.0016]",0.41196462512016296,2025-02-15-15-20-00/SITE802_ORNT235_VIS3mi.png
2,1,"[0.1255, 0.1885, 0.2279, 0.1305, 0.1055, 0.0923, 0.0540, 0.0458, 0.0086, 0.0215]",0.2278827428817749,2025-04-01-16-59-16/SITE69_ORNT315_VIS2mi.png
7,6,"[0.0151, 0.0333, 0.0828, 0.1288, 0.1322, 0.1223, 0.1668, 0.1951, 0.0340, 0.0897]",0.19506949186325073,2024-10-18-12-30-03/SITE95_ORNT317_VIS7mi.png
2,3,"[0.0372, 0.0980, 0.1671, 0.0993, 0.1647, 0.1631, 0.0633, 0.1009, 0.0804, 0.0260]",0.16711226105690002,2025-03-02-11-48-27/SITE377_ORNT235_VIS4mi.png
8,3,"[0.0024, 0.0090, 0.0274, 0.0381, 0.0695, 0.1074, 0.0753, 0.1015, 0.5311, 0.0383]",0.5311093926429749,2024-07-22-11-13-59/SITE332_ORNT155_VIS4mi.png
7,3,"[0.0112, 0.0248, 0.0611, 0.1229, 0.1453, 0.1262, 0.1954, 0.2284, 0.0356, 0.0492]",0.22842173278331757,2024-07-26-10-22-16/SITE692_ORNT150_VIS4mi.png
3,4,"[0.0372, 0.0887, 0.1453, 0.1734, 0.1594, 0.1255, 0.1129, 0.1126, 0.0251, 0.0199]",0.17341503500938416,2024-06-20-14-40-34/SITE253_ORNT325_VIS5mi.png
9,0,"[0.0312, 0.0460, 0.1162, 0.0825, 0.0788, 0.0933, 0.0659, 0.0984, 0.0436, 0.3440]",0.34404700994491577,2024-12-09-12-13-38/SITE36_ORNT80_VIS1-25mi.png
1,6,"[0.1669, 0.2111, 0.1931, 0.1433, 0.1001, 0.0640, 0.0440, 0.0517, 0.0095, 0.0163]",0.21109306812286377,2024-05-08-14-34-39/SITE94_ORNT180_VIS7mi.png
3,4,"[0.0385, 0.1178, 0.1632, 0.1765, 0.1630, 0.1434, 0.1130, 0.0656, 0.0137, 0.0053]",0.17653825879096985,2024-08-29-17-58-30/SITE215_ORNT235_VIS5mi.png
8,8,"[0.0039, 0.0138, 0.0347, 0.0436, 0.0781, 0.1306, 0.0833, 0.0852, 0.4644, 0.0624]",0.46438491344451904,2024-06-14-11-11-00/SITE472_ORNT95_VIS9mi.png
9,0,"[0.0434, 0.0608, 0.1182, 0.1135, 0.1188, 0.1009, 0.0864, 0.1405, 0.0334, 0.1841]",0.1841142326593399,2025-03-06-15-10-58/SITE171_ORNT23_VIS1mi.png
9,9,"[0.0039, 0.0060, 0.0218, 0.0205, 0.0138, 0.0196, 0.0218, 0.0626, 0.0271, 0.8029]",0.8029091954231262,2025-03-02-11-48-27/SITE831_ORNT125_VIS10+mi.png
6,6,"[0.0078, 0.0225, 0.0552, 0.0873, 0.1330, 0.1654, 0.2953, 0.1631, 0.0364, 0.0341]",0.29530245065689087,2024-08-12-20-17-35/SITE760_ORNT190_VIS7mi.png
9,9,"[0.0188, 0.0336, 0.0983, 0.1036, 0.1031, 0.1009, 0.1028, 0.1745, 0.0494, 0.2151]",0.2150748372077942,2024-10-18-12-30-03/SITE540_ORNT256_VIS10+mi.png
5,5,"[0.0271, 0.0941, 0.1842, 0.0910, 0.1743, 0.2037, 0.0652, 0.0709, 0.0813, 0.0080]",0.20374660193920135,2024-06-16-15-28-51/SITE483_ORNT95_VIS6mi.png
8,8,"[0.0003, 0.0016, 0.0032, 0.0037, 0.0058, 0.0181, 0.0152, 0.0087, 0.8825, 0.0609]",0.8824658393859863,2024-08-02-20-27-22/SITE333_ORNT280_VIS9mi.png
2,4,"[0.0714, 0.1708, 0.1941, 0.0939, 0.1479, 0.1330, 0.0448, 0.0726, 0.0585, 0.0130]",0.19410328567028046,2025-02-19-12-18-05/SITE309_ORNT325_VIS5mi.png
2,4,"[0.0370, 0.0662, 0.1494, 0.1321, 0.1098, 0.0958, 0.0917, 0.1378, 0.0330, 0.1474]",0.14944301545619965,2025-03-04-14-20-15/SITE203_ORNT70_VIS5mi.png
2,3,"[0.0729, 0.1165, 0.1817, 0.1509, 0.1162, 0.0959, 0.0901, 0.0961, 0.0161, 0.0636]",0.18170098960399628,2025-01-26-15-53-06/SITE7_ORNT221_VIS4mi.png
8,8,"[0.0002, 0.0012, 0.0023, 0.0024, 0.0053, 0.0195, 0.0154, 0.0059, 0.9212, 0.0266]",0.9212444424629211,2024-07-05-10-36-13/SITE375_ORNT330_VIS9mi.png
2,0,"[0.0948, 0.1391, 0.1880, 0.1434, 0.1187, 0.1081, 0.0819, 0.0675, 0.0111, 0.0473]",0.18796546757221222,2025-02-14-15-24-27/SITE30_ORNT170_VIS1-75mi.png
9,5,"[0.0078, 0.0139, 0.0487, 0.0478, 0.0417, 0.0589, 0.0701, 0.1182, 0.0313, 0.5616]",0.561599612236023,2025-02-15-15-20-00/SITE22_ORNT0_VIS6mi.png
7,7,"[0.0076, 0.0172, 0.0486, 0.1028, 0.1304, 0.1174, 0.2097, 0.2669, 0.0409, 0.0584]",0.26692572236061096,2024-07-24-16-43-44/SITE583_ORNT285_VIS8mi.png
3,1,"[0.0470, 0.1468, 0.1577, 0.2061, 0.1621, 0.1195, 0.0865, 0.0586, 0.0124, 0.0033]",0.20609156787395477,2024-10-11-15-41-13/SITE256_ORNT290_VIS2-5mi.png
6,4,"[0.0093, 0.0220, 0.0516, 0.0962, 0.1397, 0.1480, 0.2517, 0.1947, 0.0333, 0.0534]",0.2517057955265045,2024-07-24-16-43-44/SITE575_ORNT85_VIS5mi.png
6,5,"[0.0347, 0.0697, 0.1330, 0.1401, 0.1373, 0.1316, 0.1479, 0.1225, 0.0213, 0.0619]",0.14785677194595337,2025-02-19-12-18-05/SITE25_ORNT225_VIS6mi.png
9,8,"[0.0081, 0.0152, 0.0586, 0.0761, 0.0670, 0.0700, 0.1035, 0.2028, 0.0527, 0.3461]",0.34610986709594727,2024-12-10-14-08-09/SITE802_ORNT45_VIS9mi.png
2,0,"[0.1610, 0.2141, 0.2371, 0.1181, 0.0933, 0.0793, 0.0402, 0.0368, 0.0072, 0.0130]",0.23707696795463562,2025-04-07-16-10-10/SITE75_ORNT75_VIS1mi.png
6,7,"[0.0257, 0.0740, 0.1475, 0.1413, 0.1519, 0.1626, 0.1635, 0.0928, 0.0204, 0.0202]",0.16345278918743134,2025-02-17-14-46-26/SITE53_ORNT223_VIS8mi.png
9,7,"[0.0117, 0.0206, 0.0653, 0.0938, 0.0954, 0.0891, 0.1180, 0.2220, 0.0508, 0.2332]",0.2332046926021576,2024-07-24-16-43-44/SITE583_ORNT165_VIS8mi.png
1,0,"[0.2684, 0.3000, 0.1799, 0.1260, 0.0586, 0.0315, 0.0152, 0.0168, 0.0029, 0.0006]",0.30003121495246887,2024-07-05-14-33-31/SITE239_ORNT30_VIS1mi.png
7,3,"[0.0218, 0.0490, 0.1169, 0.1406, 0.1424, 0.1242, 0.1269, 0.1688, 0.0425, 0.0670]",0.16876938939094543,2024-06-10-18-34-10/SITE629_ORNT210_VIS4mi.png
7,6,"[0.0041, 0.0123, 0.0388, 0.0967, 0.1322, 0.1140, 0.2213, 0.2717, 0.0726, 0.0363]",0.271749883890152,2024-09-08-16-00-24/SITE581_ORNT250_VIS7mi.png
9,5,"[0.0162, 0.0241, 0.0546, 0.0338, 0.0274, 0.0476, 0.0302, 0.0423, 0.0456, 0.6782]",0.6782347559928894,2025-02-04-15-47-48/SITE104_ORNT270_VIS6mi.png
8,8,"[0.0006, 0.0033, 0.0049, 0.0022, 0.0087, 0.0395, 0.0181, 0.0054, 0.8945, 0.0227]",0.8945453763008118,2025-04-02-15-05-32/SITE401_ORNT350_VIS9mi.png
8,8,"[0.0005, 0.0022, 0.0039, 0.0024, 0.0054, 0.0221, 0.0142, 0.0060, 0.8751, 0.0682]",0.8750505447387695,2024-06-20-11-19-17/SITE508_ORNT225_VIS9mi.png
7,5,"[0.0077, 0.0185, 0.0547, 0.1085, 0.1464, 0.1266, 0.2139, 0.2474, 0.0456, 0.0305]",0.24743036925792694,2024-07-14-16-38-50/SITE597_ORNT115_VIS6mi.png
1,1,"[0.2600, 0.2648, 0.1766, 0.1069, 0.0740, 0.0446, 0.0248, 0.0339, 0.0067, 0.0078]",0.26479363441467285,2025-01-31-13-49-43/SITE18_ORNT290_VIS2-5mi.png
9,9,"[0.0070, 0.0096, 0.0220, 0.0185, 0.0161, 0.0468, 0.0300, 0.0374, 0.0131, 0.7996]",0.79957115650177,2025-03-04-14-20-15/SITE447_ORNT295_VIS10+mi.png
9,7,"[0.0055, 0.0107, 0.0444, 0.0576, 0.0481, 0.0549, 0.0845, 0.1850, 0.0491, 0.4602]",0.4601970613002777,2025-02-14-15-24-27/SITE245_ORNT227_VIS8mi.png
9,6,"[0.0206, 0.0317, 0.0965, 0.0810, 0.0767, 0.0840, 0.0852, 0.1266, 0.0334, 0.3642]",0.36423540115356445,2024-12-20-15-16-09/SITE760_ORNT310_VIS7mi.png
5,7,"[0.0388, 0.0898, 0.1496, 0.1326, 0.1500, 0.1681, 0.1487, 0.0798, 0.0149, 0.0277]",0.1680675446987152,2025-03-06-15-10-58/SITE73_ORNT110_VIS8mi.png
8,8,"[0.0003, 0.0016, 0.0030, 0.0020, 0.0034, 0.0176, 0.0133, 0.0040, 0.8559, 0.0991]",0.8558729290962219,2024-10-06-12-31-10/SITE324_ORNT225_VIS9mi.png
1,3,"[0.2071, 0.2730, 0.1659, 0.1612, 0.0809, 0.0447, 0.0284, 0.0317, 0.0046, 0.0026]",0.2729562819004059,2024-10-14-13-08-27/SITE598_ORNT90_VIS4mi.png
9,9,"[0.0112, 0.0202, 0.0652, 0.0913, 0.0825, 0.0809, 0.1142, 0.2100, 0.0456, 0.2790]",0.278974711894989,2025-03-23-13-51-54/SITE11_ORNT253_VIS10+mi.png
7,8,"[0.0138, 0.0244, 0.0689, 0.1054, 0.1076, 0.0989, 0.1356, 0.2255, 0.0419, 0.1780]",0.22554542124271393,2024-07-24-16-43-44/SITE203_ORNT220_VIS9mi.png
8,8,"[0.0059, 0.0167, 0.0600, 0.0633, 0.0889, 0.1136, 0.0839, 0.1781, 0.2089, 0.1808]",0.2088509351015091,2024-07-28-11-17-19/SITE386_ORNT125_VIS9mi.png
8,6,"[0.0047, 0.0190, 0.0620, 0.0359, 0.0867, 0.1535, 0.0544, 0.0852, 0.4478, 0.0508]",0.4478263854980469,2024-05-13-18-48-49/SITE327_ORNT330_VIS7mi.png
2,8,"[0.1560, 0.1768, 0.2485, 0.0947, 0.1027, 0.0937, 0.0461, 0.0493, 0.0137, 0.0185]",0.24847345054149628,2024-06-18-18-07-05/SITE508_ORNT135_VIS9mi.png
8,8,"[0.0013, 0.0047, 0.0090, 0.0071, 0.0168, 0.0442, 0.0244, 0.0201, 0.8107, 0.0618]",0.8106548190116882,2024-08-11-09-28-59/SITE363_ORNT190_VIS9mi.png
1,4,"[0.2108, 0.2304, 0.1661, 0.1432, 0.0842, 0.0475, 0.0388, 0.0547, 0.0078, 0.0165]",0.23039446771144867,2025-03-29-15-28-57/SITE178_ORNT40_VIS5mi.png
2,4,"[0.1052, 0.1585, 0.2072, 0.1421, 0.1173, 0.0925, 0.0601, 0.0689, 0.0167, 0.0315]",0.20720045268535614,2025-04-13-19-09-12/SITE104_ORNT150_VIS5mi.png
0,2,"[0.2756, 0.2683, 0.2048, 0.0698, 0.0757, 0.0582, 0.0173, 0.0201, 0.0070, 0.0031]",0.27562713623046875,2025-03-11-17-13-52/SITE508_ORNT135_VIS3mi.png
3,1,"[0.0478, 0.1245, 0.1507, 0.1968, 0.1591, 0.1164, 0.1058, 0.0784, 0.0130, 0.0073]",0.19680382311344147,2024-05-07-15-42-07/SITE75_ORNT170_VIS2-5mi.png
5,8,"[0.0156, 0.0586, 0.1564, 0.0576, 0.1414, 0.2198, 0.0536, 0.0779, 0.1971, 0.0221]",0.21979780495166779,2024-07-27-10-27-08/SITE324_ORNT45_VIS9mi.png
2,6,"[0.0894, 0.1116, 0.1509, 0.1383, 0.1042, 0.0670, 0.0662, 0.1322, 0.0236, 0.1167]",0.15088938176631927,2025-02-15-16-53-20/SITE115_ORNT36_VIS7mi.png
7,1,"[0.0242, 0.0414, 0.1042, 0.1256, 0.1200, 0.1043, 0.1225, 0.1854, 0.0362, 0.1362]",0.18538127839565277,2024-10-07-12-00-07/SITE629_ORNT125_VIS2-5mi.png
9,3,"[0.0243, 0.0462, 0.1279, 0.1087, 0.1125, 0.1199, 0.1260, 0.1411, 0.0345, 0.1588]",0.15883997082710266,2024-12-21-15-04-41/SITE10_ORNT175_VIS4mi.png
6,4,"[0.0109, 0.0346, 0.0797, 0.1424, 0.1701, 0.1501, 0.2043, 0.1604, 0.0350, 0.0124]",0.204345703125,2024-07-14-13-28-24/SITE19_ORNT60_VIS5mi.png
8,8,"[0.0046, 0.0146, 0.0304, 0.0323, 0.0527, 0.1081, 0.0641, 0.0560, 0.5166, 0.1206]",0.5166327357292175,2024-06-22-15-38-49/SITE477_ORNT160_VIS9mi.png
2,1,"[0.0933, 0.1943, 0.1980, 0.1675, 0.1314, 0.1005, 0.0557, 0.0456, 0.0093, 0.0044]",0.1980133056640625,2024-10-07-14-17-08/SITE58_ORNT90_VIS2mi.png
5,0,"[0.0211, 0.0762, 0.1685, 0.0689, 0.1540, 0.2130, 0.0545, 0.0774, 0.1482, 0.0181]",0.21300917863845825,2024-06-27-10-23-10/SITE533_ORNT325_VIS1-5mi.png
1,2,"[0.1357, 0.1684, 0.1648, 0.1582, 0.1086, 0.0654, 0.0588, 0.0837, 0.0131, 0.0433]",0.1683710664510727,2025-02-01-17-30-02/SITE18_ORNT290_VIS3mi.png
2,6,"[0.0386, 0.0836, 0.1603, 0.1462, 0.1490, 0.1374, 0.1213, 0.1081, 0.0265, 0.0289]",0.1602613478899002,2024-07-02-16-22-41/SITE760_ORNT190_VIS7mi.png
9,5,"[0.0232, 0.0364, 0.1117, 0.0722, 0.0686, 0.0837, 0.0655, 0.1030, 0.0457, 0.3898]",0.38981860876083374,2025-01-31-13-49-43/SITE557_ORNT8_VIS6mi.png
6,4,"[0.0135, 0.0356, 0.0864, 0.1327, 0.1495, 0.1426, 0.1812, 0.1715, 0.0412, 0.0459]",0.1811542809009552,2024-06-10-10-43-57/SITE84_ORNT43_VIS5mi.png
5,5,"[0.0226, 0.0710, 0.1514, 0.0826, 0.1666, 0.1928, 0.0663, 0.1008, 0.1193, 0.0266]",0.1927923858165741,2025-02-15-15-20-00/SITE397_ORNT345_VIS6mi.png
3,7,"[0.0557, 0.1392, 0.1616, 0.1979, 0.1542, 0.1081, 0.0881, 0.0739, 0.0139, 0.0074]",0.1979081928730011,2024-08-02-10-36-13/SITE45_ORNT5_VIS8mi.png
8,8,"[0.0005, 0.0023, 0.0038, 0.0035, 0.0059, 0.0216, 0.0162, 0.0071, 0.8656, 0.0735]",0.8655907511711121,2024-08-11-13-07-09/SITE471_ORNT90_VIS9mi.png
2,4,"[0.0773, 0.1497, 0.1805, 0.1721, 0.1314, 0.0958, 0.0705, 0.0812, 0.0190, 0.0224]",0.18053431808948517,2024-05-23-15-19-49/SITE13_ORNT185_VIS5mi.png
6,6,"[0.0135, 0.0484, 0.1058, 0.1380, 0.1654, 0.1703, 0.2161, 0.1100, 0.0246, 0.0078]",0.21613000333309174,2024-08-19-19-34-52/SITE58_ORNT90_VIS7mi.png
7,3,"[0.0334, 0.0619, 0.1296, 0.1405, 0.1147, 0.0946, 0.0883, 0.1603, 0.0436, 0.1331]",0.16031205654144287,2025-03-06-15-10-58/SITE207_ORNT75_VIS4mi.png
8,3,"[0.0070, 0.0206, 0.0694, 0.0636, 0.1346, 0.1591, 0.0957, 0.1791, 0.2152, 0.0557]",0.2151726931333542,2024-08-15-16-44-48/SITE380_ORNT55_VIS4mi.png
9,9,"[0.0057, 0.0093, 0.0305, 0.0328, 0.0229, 0.0288, 0.0342, 0.0834, 0.0363, 0.7162]",0.7161586880683899,2024-12-29-16-00-12/SITE582_ORNT270_VIS10+mi.png
5,3,"[0.0254, 0.0825, 0.1701, 0.0820, 0.1707, 0.2026, 0.0645, 0.0842, 0.1045, 0.0133]",0.20262418687343597,2024-07-20-15-11-13/SITE528_ORNT35_VIS4mi.png
2,5,"[0.0431, 0.1365, 0.2033, 0.0736, 0.1626, 0.1940, 0.0468, 0.0566, 0.0774, 0.0059]",0.20334388315677643,2025-02-02-12-13-03/SITE325_ORNT60_VIS6mi.png
1,0,"[0.1971, 0.2608, 0.2074, 0.1335, 0.0817, 0.0557, 0.0283, 0.0275, 0.0045, 0.0035]",0.26077866554260254,2025-03-18-13-52-55/SITE541_ORNT255_VIS1-75mi.png
1,0,"[0.1236, 0.2502, 0.1753, 0.1922, 0.1090, 0.0695, 0.0401, 0.0332, 0.0052, 0.0016]",0.2502492070198059,2024-09-21-11-24-11/SITE73_ORNT20_VIS1-75mi.png
1,1,"[0.1242, 0.2335, 0.1844, 0.1829, 0.1101, 0.0714, 0.0451, 0.0388, 0.0062, 0.0033]",0.23353222012519836,2024-12-10-14-08-09/SITE719_ORNT300_VIS2-5mi.png
9,6,"[0.0126, 0.0227, 0.0811, 0.0724, 0.0762, 0.0977, 0.1318, 0.1612, 0.0361, 0.3083]",0.308278352022171,2025-04-22-15-39-35/SITE760_ORNT190_VIS7mi.png
9,1,"[0.0112, 0.0249, 0.0719, 0.0667, 0.0805, 0.1033, 0.0744, 0.1281, 0.1410, 0.2979]",0.29786333441734314,2024-07-18-11-32-15/SITE508_ORNT225_VIS2-5mi.png
5,1,"[0.0106, 0.0315, 0.1025, 0.0764, 0.1452, 0.1790, 0.0999, 0.1514, 0.1586, 0.0448]",0.1790211945772171,2025-01-17-15-10-02/SITE852_ORNT225_VIS2mi.png
9,7,"[0.0792, 0.1051, 0.1812, 0.1117, 0.0815, 0.0645, 0.0509, 0.0931, 0.0251, 0.2078]",0.2077956199645996,2025-01-15-15-33-17/SITE602_ORNT270_VIS8mi.png
8,2,"[0.0055, 0.0223, 0.0618, 0.0305, 0.0930, 0.1744, 0.0513, 0.0697, 0.4558, 0.0358]",0.45583105087280273,2025-01-15-12-14-16/SITE471_ORNT255_VIS3mi.png
1,1,"[0.2142, 0.2982, 0.1778, 0.1479, 0.0726, 0.0427, 0.0207, 0.0211, 0.0037, 0.0011]",0.2981928586959839,2024-09-20-16-20-08/SITE14_ORNT195_VIS2mi.png
1,1,"[0.1661, 0.2536, 0.2025, 0.1217, 0.0987, 0.0709, 0.0324, 0.0378, 0.0113, 0.0049]",0.2535593509674072,4-9-24-5-23-PM/SITE245_ORNT11_VIS2mi.png
9,2,"[0.0699, 0.0972, 0.1771, 0.1131, 0.0931, 0.0805, 0.0577, 0.0959, 0.0295, 0.1859]",0.18594709038734436,2025-03-05-12-08-53/SITE616_ORNT180_VIS3mi.png
9,7,"[0.0095, 0.0144, 0.0457, 0.0416, 0.0286, 0.0339, 0.0353, 0.0825, 0.0307, 0.6779]",0.6778507828712463,2025-03-04-14-20-15/SITE78_ORNT322_VIS8mi.png
7,6,"[0.0091, 0.0194, 0.0556, 0.1014, 0.1228, 0.1160, 0.1928, 0.2480, 0.0434, 0.0915]",0.24796536564826965,2024-07-22-11-13-59/SITE692_ORNT205_VIS7mi.png
2,4,"[0.0738, 0.1396, 0.1721, 0.1716, 0.1403, 0.0993, 0.0732, 0.0892, 0.0191, 0.0218]",0.17213377356529236,2024-12-03-11-18-04/SITE721_ORNT90_VIS5mi.png
6,9,"[0.0179, 0.0389, 0.0948, 0.0986, 0.1258, 0.1533, 0.1985, 0.1403, 0.0258, 0.1060]",0.19854629039764404,2025-02-11-14-30-47/SITE50_ORNT265_VIS10+mi.png
2,5,"[0.0406, 0.1158, 0.1864, 0.0651, 0.1422, 0.1793, 0.0427, 0.0668, 0.1378, 0.0232]",0.18641985952854156,2024-12-16-12-39-30/SITE309_ORNT325_VIS6mi.png
1,0,"[0.0835, 0.2136, 0.1680, 0.2112, 0.1354, 0.0872, 0.0517, 0.0404, 0.0075, 0.0015]",0.2136041671037674,2024-06-30-10-21-08/SITE7_ORNT55_VIS1-25mi.png
6,6,"[0.0109, 0.0253, 0.0532, 0.0886, 0.1298, 0.1675, 0.2694, 0.1620, 0.0260, 0.0673]",0.2694060206413269,2024-06-10-14-33-22/SITE760_ORNT140_VIS7mi.png
2,4,"[0.0645, 0.1243, 0.1766, 0.1591, 0.1428, 0.1188, 0.0960, 0.0817, 0.0159, 0.0202]",0.17664845287799835,2024-07-01-19-28-49/SITE234_ORNT350_VIS5mi.png
3,2,"[0.0339, 0.0817, 0.1308, 0.1774, 0.1655, 0.1271, 0.1278, 0.1159, 0.0217, 0.0182]",0.17739591002464294,2024-05-08-14-34-39/SITE566_ORNT75_VIS3mi.png
1,4,"[0.1694, 0.1958, 0.1872, 0.1359, 0.0928, 0.0575, 0.0452, 0.0652, 0.0114, 0.0397]",0.19576524198055267,2025-02-14-15-24-27/SITE813_ORNT15_VIS5mi.png
2,4,"[0.0750, 0.1321, 0.2008, 0.1376, 0.1304, 0.1180, 0.0821, 0.0723, 0.0158, 0.0360]",0.2008162885904312,2025-04-10-17-56-44/SITE831_ORNT125_VIS5mi.png
8,7,"[0.0010, 0.0045, 0.0088, 0.0066, 0.0164, 0.0485, 0.0246, 0.0165, 0.8288, 0.0442]",0.8287508487701416,2025-01-15-12-14-16/SITE397_ORNT345_VIS8mi.png
8,8,"[0.0013, 0.0044, 0.0116, 0.0151, 0.0179, 0.0361, 0.0275, 0.0448, 0.6097, 0.2316]",0.6097276210784912,2024-07-14-16-38-50/SITE481_ORNT310_VIS9mi.png
6,9,"[0.0068, 0.0176, 0.0512, 0.0924, 0.1168, 0.1230, 0.2399, 0.2189, 0.0542, 0.0793]",0.23987449705600739,2024-10-11-15-41-13/SITE50_ORNT265_VIS10+mi.png
9,1,"[0.0078, 0.0211, 0.0688, 0.0515, 0.0689, 0.1045, 0.0540, 0.1149, 0.2537, 0.2548]",0.2547999918460846,2024-08-16-20-03-50/SITE522_ORNT90_VIS2mi.png
9,8,"[0.0175, 0.0306, 0.0857, 0.0852, 0.0715, 0.0776, 0.0670, 0.1313, 0.0580, 0.3756]",0.3755576014518738,2024-05-22-13-05-54/SITE281_ORNT20_VIS9mi.png
7,6,"[0.0166, 0.0338, 0.0836, 0.1306, 0.1340, 0.1173, 0.1580, 0.2050, 0.0339, 0.0871]",0.20495137572288513,2024-07-23-13-08-12/SITE595_ORNT270_VIS7mi.png
3,7,"[0.0370, 0.1168, 0.1398, 0.2026, 0.1708, 0.1302, 0.1113, 0.0723, 0.0143, 0.0049]",0.20256900787353516,2024-08-01-10-54-34/SITE241_ORNT120_VIS8mi.png
9,9,"[0.0124, 0.0233, 0.0798, 0.0792, 0.0682, 0.0741, 0.0754, 0.1549, 0.0594, 0.3732]",0.3732438087463379,2025-02-12-14-37-35/SITE14_ORNT195_VIS10+mi.png
7,6,"[0.0076, 0.0202, 0.0593, 0.1053, 0.1334, 0.1289, 0.2156, 0.2253, 0.0474, 0.0570]",0.22534337639808655,2024-06-13-13-46-47/SITE760_ORNT140_VIS7mi.png
8,9,"[0.0014, 0.0057, 0.0093, 0.0049, 0.0171, 0.0542, 0.0223, 0.0119, 0.8371, 0.0363]",0.8370534181594849,2025-03-04-14-20-15/SITE494_ORNT270_VIS30mi.png
1,4,"[0.1078, 0.2211, 0.2002, 0.1522, 0.1185, 0.0897, 0.0450, 0.0464, 0.0136, 0.0056]",0.2210923284292221,2024-05-27-19-19-47/SITE735_ORNT0_VIS5mi.png
9,8,"[0.0016, 0.0050, 0.0129, 0.0199, 0.0160, 0.0308, 0.0298, 0.0462, 0.4156, 0.4220]",0.42201095819473267,2024-09-18-18-13-42/SITE328_ORNT0_VIS9mi.png
9,6,"[0.0048, 0.0112, 0.0305, 0.0483, 0.0398, 0.0575, 0.0625, 0.1003, 0.1768, 0.4684]",0.4683845043182373,2024-07-24-16-43-44/SITE14_ORNT195_VIS7mi.png
3,0,"[0.0379, 0.0802, 0.1189, 0.1739, 0.1670, 0.1228, 0.1414, 0.1247, 0.0182, 0.0149]",0.17394550144672394,2024-09-20-16-20-08/SITE76_ORNT205_VIS1-5mi.png
6,7,"[0.0062, 0.0170, 0.0432, 0.0753, 0.1081, 0.1598, 0.2874, 0.1775, 0.0338, 0.0918]",0.28738608956336975,2024-07-23-16-31-18/SITE545_ORNT20_VIS8mi.png
9,9,"[0.0058, 0.0102, 0.0412, 0.0470, 0.0347, 0.0409, 0.0569, 0.1345, 0.0401, 0.5885]",0.5885473489761353,2025-02-10-14-47-56/SITE100_ORNT210_VIS10+mi.png
8,8,"[0.0067, 0.0238, 0.0250, 0.0054, 0.0412, 0.1239, 0.0294, 0.0099, 0.7243, 0.0104]",0.7243204712867737,2025-02-11-14-30-47/SITE355_ORNT130_VIS9mi.png
1,0,"[0.2237, 0.2800, 0.2042, 0.1199, 0.0699, 0.0477, 0.0236, 0.0236, 0.0037, 0.0037]",0.2799760699272156,2025-01-31-13-49-43/SITE86_ORNT75_VIS1-75mi.png
2,4,"[0.0423, 0.1004, 0.1850, 0.1311, 0.1586, 0.1498, 0.1088, 0.0851, 0.0302, 0.0088]",0.1850225329399109,2024-08-29-14-11-27/SITE476_ORNT30_VIS5mi.png
2,4,"[0.0661, 0.1443, 0.1902, 0.1249, 0.1472, 0.1275, 0.0618, 0.0827, 0.0369, 0.0184]",0.19022081792354584,2025-02-02-12-13-03/SITE520_ORNT180_VIS5mi.png
1,2,"[0.1411, 0.2609, 0.1575, 0.2043, 0.0988, 0.0590, 0.0392, 0.0328, 0.0043, 0.0021]",0.2609088122844696,2024-06-09-10-51-06/SITE179_ORNT185_VIS3mi.png
6,6,"[0.0111, 0.0359, 0.0568, 0.0732, 0.1297, 0.2605, 0.3325, 0.0758, 0.0148, 0.0098]",0.3324516713619232,2024-05-03-12-14-06/SITE760_ORNT140_VIS7mi.png
9,7,"[0.0099, 0.0238, 0.0825, 0.0831, 0.0958, 0.1124, 0.0905, 0.1753, 0.1278, 0.1988]",0.1988091617822647,2024-08-02-10-36-13/SITE507_ORNT90_VIS8mi.png
3,2,"[0.0378, 0.1241, 0.1529, 0.1951, 0.1716, 0.1341, 0.1044, 0.0633, 0.0135, 0.0033]",0.19514691829681396,2024-07-27-10-27-08/SITE262_ORNT124_VIS3mi.png
2,1,"[0.1018, 0.1949, 0.2072, 0.1487, 0.1214, 0.1041, 0.0615, 0.0436, 0.0078, 0.0090]",0.20722858607769012,2025-02-17-14-46-26/SITE244_ORNT3_VIS2mi.png
1,1,"[0.1684, 0.2160, 0.2114, 0.1257, 0.0970, 0.0712, 0.0390, 0.0451, 0.0099, 0.0163]",0.21602319180965424,2025-04-11-14-52-32/SITE96_ORNT233_VIS2mi.png
8,7,"[0.0084, 0.0320, 0.0810, 0.0371, 0.1018, 0.1777, 0.0485, 0.0726, 0.3967, 0.0442]",0.3966747522354126,2025-02-27-11-22-46/SITE325_ORNT145_VIS8mi.png
2,1,"[0.0434, 0.1077, 0.1709, 0.1615, 0.1546, 0.1387, 0.1141, 0.0778, 0.0166, 0.0145]",0.17090189456939697,2025-01-15-12-14-16/SITE117_ORNT43_VIS2mi.png
3,6,"[0.0333, 0.0826, 0.1535, 0.1585, 0.1569, 0.1379, 0.1091, 0.1116, 0.0341, 0.0224]",0.15849928557872772,2024-06-16-11-08-10/SITE442_ORNT300_VIS7mi.png
1,5,"[0.2165, 0.2719, 0.1666, 0.1528, 0.0772, 0.0431, 0.0293, 0.0334, 0.0047, 0.0045]",0.2719001770019531,2025-02-15-16-53-20/SITE40_ORNT120_VIS6mi.png
8,5,"[0.0017, 0.0068, 0.0090, 0.0033, 0.0144, 0.0504, 0.0188, 0.0079, 0.8536, 0.0343]",0.8535506725311279,2025-01-26-15-53-06/SITE338_ORNT345_VIS6mi.png
1,0,"[0.1349, 0.2667, 0.1911, 0.1708, 0.1002, 0.0677, 0.0338, 0.0284, 0.0049, 0.0014]",0.26671522855758667,2024-07-29-16-41-43/SITE13_ORNT240_VIS1mi.png
3,3,"[0.0611, 0.1841, 0.1737, 0.2038, 0.1481, 0.1079, 0.0659, 0.0445, 0.0092, 0.0019]",0.20380613207817078,2024-07-27-10-27-08/SITE33_ORNT215_VIS4mi.png
2,5,"[0.0651, 0.1695, 0.2094, 0.0662, 0.1607, 0.1717, 0.0389, 0.0480, 0.0651, 0.0054]",0.2094307243824005,2025-02-27-11-22-46/SITE360_ORNT310_VIS6mi.png
9,5,"[0.0148, 0.0317, 0.0998, 0.0904, 0.0961, 0.1186, 0.1439, 0.1468, 0.0362, 0.2218]",0.22183945775032043,2024-12-29-16-00-12/SITE17_ORNT280_VIS6mi.png
9,9,"[0.0175, 0.0190, 0.0510, 0.0246, 0.0204, 0.0242, 0.0194, 0.0431, 0.0146, 0.7662]",0.7662318348884583,2025-03-03-11-33-30/SITE616_ORNT0_VIS10+mi.png
2,7,"[0.0370, 0.1321, 0.2131, 0.0716, 0.1630, 0.2116, 0.0474, 0.0496, 0.0702, 0.0044]",0.2131243348121643,2024-10-15-10-59-57/SITE397_ORNT270_VIS8mi.png
3,3,"[0.0406, 0.1385, 0.1554, 0.2047, 0.1695, 0.1260, 0.0887, 0.0595, 0.0146, 0.0025]",0.2047451138496399,2024-07-23-10-10-08/SITE53_ORNT170_VIS4mi.png
1,1,"[0.0987, 0.2316, 0.1944, 0.1822, 0.1212, 0.0841, 0.0441, 0.0350, 0.0072, 0.0014]",0.2316204309463501,2024-08-30-10-00-55/SITE161_ORNT316_VIS2-5mi.png
3,5,"[0.0570, 0.1727, 0.1713, 0.2047, 0.1545, 0.1108, 0.0690, 0.0480, 0.0102, 0.0019]",0.20468880236148834,2024-10-10-15-17-15/SITE160_ORNT237_VIS6mi.png
8,9,"[0.0009, 0.0039, 0.0061, 0.0030, 0.0066, 0.0262, 0.0148, 0.0068, 0.8292, 0.1026]",0.8291786313056946,2025-02-05-13-59-56/SITE312_ORNT60_VIS25mi.png
6,7,"[0.0091, 0.0231, 0.0657, 0.1074, 0.1285, 0.1344, 0.2165, 0.2089, 0.0366, 0.0697]",0.21651692688465118,2024-08-01-10-54-34/SITE240_ORNT48_VIS8mi.png
6,6,"[0.0153, 0.0508, 0.0980, 0.1585, 0.1710, 0.1553, 0.1880, 0.1247, 0.0255, 0.0129]",0.18800202012062073,2024-08-31-14-30-34/SITE272_ORNT325_VIS7mi.png
9,9,"[0.0815, 0.0841, 0.1411, 0.0665, 0.0488, 0.0496, 0.0292, 0.0526, 0.0140, 0.4325]",0.4325372874736786,2025-02-11-14-30-47/SITE208_ORNT270_VIS10+mi.png
9,7,"[0.0230, 0.0327, 0.0954, 0.0647, 0.0482, 0.0554, 0.0506, 0.0897, 0.0215, 0.5187]",0.5187241435050964,2025-04-02-15-05-32/SITE439_ORNT350_VIS8mi.png
3,4,"[0.0581, 0.1426, 0.1568, 0.2047, 0.1528, 0.1061, 0.0918, 0.0699, 0.0113, 0.0060]",0.2046625167131424,2024-07-05-14-33-31/SITE240_ORNT286_VIS5mi.png
9,6,"[0.0108, 0.0166, 0.0558, 0.0451, 0.0401, 0.0579, 0.0608, 0.0986, 0.0248, 0.5895]",0.5894544124603271,2025-03-23-13-51-54/SITE59_ORNT10_VIS7mi.png
1,0,"[0.2118, 0.2624, 0.1631, 0.1425, 0.0841, 0.0456, 0.0322, 0.0448, 0.0072, 0.0063]",0.26237305998802185,2025-04-02-15-05-32/SITE15_ORNT350_VIS1-25mi.png
8,2,"[0.0004, 0.0016, 0.0031, 0.0047, 0.0057, 0.0165, 0.0160, 0.0103, 0.8372, 0.1045]",0.83719402551651,2025-04-14-19-44-02/SITE407_ORNT215_VIS3mi.png
8,8,"[0.0003, 0.0016, 0.0032, 0.0037, 0.0070, 0.0228, 0.0178, 0.0099, 0.8933, 0.0404]",0.8933063745498657,2024-08-02-20-27-22/SITE424_ORNT180_VIS9mi.png
8,1,"[0.0110, 0.0326, 0.0685, 0.0606, 0.0910, 0.1544, 0.0699, 0.0810, 0.3325, 0.0985]",0.33249515295028687,2024-07-22-11-13-59/SITE330_ORNT20_VIS2-5mi.png
7,1,"[0.0255, 0.0504, 0.1267, 0.1221, 0.1235, 0.1236, 0.1323, 0.1455, 0.0349, 0.1154]",0.14551401138305664,2024-05-08-14-34-39/SITE629_ORNT60_VIS2-5mi.png
1,4,"[0.1368, 0.2657, 0.1842, 0.1799, 0.1012, 0.0638, 0.0333, 0.0290, 0.0048, 0.0013]",0.26571348309516907,2024-08-30-10-00-55/SITE25_ORNT30_VIS5mi.png
6,6,"[0.0058, 0.0188, 0.0604, 0.1046, 0.1393, 0.1412, 0.2208, 0.2087, 0.0719, 0.0287]",0.22076407074928284,2024-08-02-10-36-13/SITE241_ORNT34_VIS7mi.png
0,2,"[0.3263, 0.2840, 0.1394, 0.1173, 0.0551, 0.0268, 0.0188, 0.0252, 0.0033, 0.0038]",0.326330304145813,2025-04-14-19-44-02/SITE205_ORNT100_VIS3mi.png
8,8,"[0.0003, 0.0014, 0.0034, 0.0036, 0.0081, 0.0241, 0.0174, 0.0121, 0.9069, 0.0227]",0.9069105386734009,2024-12-03-11-18-04/SITE401_ORNT250_VIS9mi.png
8,5,"[0.0101, 0.0357, 0.1075, 0.0564, 0.1440, 0.1938, 0.0666, 0.1217, 0.2230, 0.0412]",0.22302475571632385,2025-02-27-11-22-46/SITE358_ORNT285_VIS6mi.png
8,8,"[0.0024, 0.0112, 0.0303, 0.0177, 0.0599, 0.1405, 0.0469, 0.0466, 0.6206, 0.0240]",0.6205692291259766,2025-01-26-13-23-03/SITE339_ORNT90_VIS9mi.png
4,1,"[0.0188, 0.0596, 0.1224, 0.1575, 0.1707, 0.1516, 0.1532, 0.1213, 0.0326, 0.0121]",0.17073404788970947,2024-05-30-17-47-26/SITE25_ORNT30_VIS2mi.png
8,4,"[0.0054, 0.0243, 0.0795, 0.0499, 0.1451, 0.2197, 0.0833, 0.1032, 0.2781, 0.0116]",0.27809372544288635,2024-06-29-15-18-41/SITE380_ORNT220_VIS5mi.png
2,9,"[0.1136, 0.1492, 0.1908, 0.1324, 0.0935, 0.0658, 0.0516, 0.0851, 0.0195, 0.0986]",0.19079622626304626,2025-02-05-13-59-56/SITE115_ORNT219_VIS10+mi.png
2,0,"[0.1314, 0.2174, 0.2199, 0.1394, 0.1048, 0.0850, 0.0472, 0.0386, 0.0069, 0.0094]",0.2199282944202423,2025-03-31-13-29-12/SITE272_ORNT130_VIS1-75mi.png
2,0,"[0.1145, 0.1750, 0.2008, 0.1404, 0.1169, 0.0864, 0.0526, 0.0673, 0.0179, 0.0282]",0.20076322555541992,2025-02-02-12-13-03/SITE446_ORNT165_VIS1-75mi.png
1,1,"[0.1329, 0.2653, 0.1799, 0.1817, 0.1022, 0.0660, 0.0361, 0.0297, 0.0047, 0.0015]",0.265261709690094,2024-07-28-19-40-21/SITE15_ORNT170_VIS2-5mi.png
1,2,"[0.2166, 0.2907, 0.1703, 0.1614, 0.0723, 0.0394, 0.0217, 0.0231, 0.0036, 0.0010]",0.29067733883857727,2024-07-25-10-00-39/SITE620_ORNT150_VIS3mi.png
8,8,"[0.0119, 0.0434, 0.1179, 0.0447, 0.1530, 0.2209, 0.0568, 0.0920, 0.2367, 0.0226]",0.2367321103811264,2025-03-02-13-12-40/SITE377_ORNT110_VIS9mi.png
7,5,"[0.0099, 0.0227, 0.0674, 0.1148, 0.1266, 0.1160, 0.1723, 0.2384, 0.0485, 0.0836]",0.23835620284080505,2024-07-29-16-41-43/SITE593_ORNT255_VIS6mi.png
7,6,"[0.0161, 0.0319, 0.0736, 0.1225, 0.1475, 0.1267, 0.1797, 0.2099, 0.0360, 0.0561]",0.2098856270313263,2024-07-29-17-46-25/SITE692_ORNT205_VIS7mi.png
5,7,"[0.0368, 0.1276, 0.2002, 0.0558, 0.1551, 0.2140, 0.0420, 0.0535, 0.1091, 0.0059]",0.2140110582113266,2025-02-01-17-30-02/SITE528_ORNT35_VIS8mi.png
1,0,"[0.2388, 0.2665, 0.1815, 0.1283, 0.0716, 0.0438, 0.0265, 0.0310, 0.0048, 0.0072]",0.26645904779434204,2025-01-17-15-10-02/SITE12_ORNT270_VIS1-25mi.png
9,6,"[0.0081, 0.0134, 0.0484, 0.0586, 0.0474, 0.0548, 0.0804, 0.1589, 0.0399, 0.4901]",0.4900919497013092,2024-05-30-17-47-26/SITE22_ORNT100_VIS7mi.png
9,6,"[0.0074, 0.0162, 0.0609, 0.0853, 0.0837, 0.0862, 0.1190, 0.2276, 0.0708, 0.2429]",0.24288339912891388,2024-06-05-18-49-24/SITE623_ORNT10_VIS7mi.png
5,0,"[0.1223, 0.1339, 0.1470, 0.0840, 0.1238, 0.1886, 0.0816, 0.0453, 0.0128, 0.0606]",0.18860472738742828,2025-03-15-15-41-34/SITE205_ORNT305_VIS1-75mi.png
2,8,"[0.0503, 0.1412, 0.2027, 0.0769, 0.1580, 0.1755, 0.0454, 0.0611, 0.0791, 0.0097]",0.20266364514827728,2025-01-15-15-33-17/SITE362_ORNT305_VIS9mi.png
1,6,"[0.0911, 0.1780, 0.1766, 0.1598, 0.1374, 0.0929, 0.0553, 0.0770, 0.0205, 0.0115]",0.17798565328121185,2024-07-26-10-22-16/SITE123_ORNT343_VIS7mi.png
1,3,"[0.1118, 0.1977, 0.1953, 0.1628, 0.1174, 0.0833, 0.0505, 0.0561, 0.0128, 0.0123]",0.1976740062236786,2024-05-27-19-19-47/SITE616_ORNT270_VIS4mi.png
2,0,"[0.0913, 0.1104, 0.1638, 0.1006, 0.1280, 0.1544, 0.0837, 0.0653, 0.0173, 0.0853]",0.1637822687625885,2025-03-31-13-29-12/SITE205_ORNT305_VIS1-75mi.png
1,1,"[0.1195, 0.2202, 0.1865, 0.1207, 0.1246, 0.0870, 0.0415, 0.0636, 0.0256, 0.0107]",0.220238596200943,2025-02-10-14-47-56/SITE471_ORNT90_VIS2-25mi.png
9,2,"[0.0198, 0.0351, 0.0982, 0.0803, 0.0897, 0.1220, 0.1353, 0.1281, 0.0273, 0.2642]",0.26420778036117554,2025-02-12-14-37-35/SITE97_ORNT247_VIS3mi.png
7,9,"[0.0119, 0.0270, 0.0846, 0.1075, 0.1050, 0.1051, 0.1188, 0.1990, 0.0651, 0.1759]",0.19898709654808044,2025-03-26-12-24-08/SITE217_ORNT150_VIS10+mi.png
1,1,"[0.1398, 0.2180, 0.1887, 0.1666, 0.1040, 0.0665, 0.0446, 0.0512, 0.0095, 0.0109]",0.21802806854248047,2024-05-27-19-19-47/SITE610_ORNT90_VIS2-5mi.png
3,2,"[0.0488, 0.1544, 0.1736, 0.1934, 0.1630, 0.1225, 0.0784, 0.0517, 0.0119, 0.0022]",0.19339513778686523,2024-08-01-10-54-34/SITE58_ORNT245_VIS3mi.png
1,0,"[0.2673, 0.2734, 0.1507, 0.1330, 0.0673, 0.0343, 0.0257, 0.0371, 0.0051, 0.0060]",0.27341005206108093,2025-02-14-15-24-27/SITE230_ORNT214_VIS1-75mi.png
1,0,"[0.1262, 0.2384, 0.1732, 0.1953, 0.1080, 0.0677, 0.0438, 0.0385, 0.0058, 0.0031]",0.23842307925224304,2024-05-03-12-14-06/SITE41_ORNT25_VIS1-25mi.png
9,7,"[0.0079, 0.0132, 0.0399, 0.0428, 0.0319, 0.0408, 0.0497, 0.0929, 0.0374, 0.6434]",0.6434168815612793,2024-09-20-16-20-08/SITE203_ORNT335_VIS8mi.png
6,6,"[0.0056, 0.0208, 0.0435, 0.0909, 0.1403, 0.1827, 0.3246, 0.1357, 0.0429, 0.0128]",0.3246390223503113,2024-06-16-19-09-40/SITE22_ORNT0_VIS7mi.png
9,6,"[0.0127, 0.0240, 0.0791, 0.0960, 0.0873, 0.0860, 0.1045, 0.1982, 0.0557, 0.2566]",0.2566487193107605,2024-06-03-13-44-33/SITE58_ORNT175_VIS7mi.png
2,6,"[0.0855, 0.1293, 0.1850, 0.1450, 0.1101, 0.0815, 0.0669, 0.0983, 0.0224, 0.0762]",0.18499694764614105,2025-02-05-13-59-56/SITE132_ORNT305_VIS7mi.png
9,9,"[0.0128, 0.0210, 0.0689, 0.0540, 0.0394, 0.0458, 0.0378, 0.0944, 0.0394, 0.5865]",0.5865045785903931,2024-12-24-15-14-57/SITE259_ORNT314_VIS10+mi.png
8,8,"[0.0004, 0.0018, 0.0035, 0.0025, 0.0038, 0.0179, 0.0139, 0.0053, 0.8088, 0.1421]",0.8088376522064209,2024-07-07-15-01-32/SITE376_ORNT70_VIS9mi.png
1,0,"[0.2566, 0.2855, 0.1856, 0.1138, 0.0648, 0.0410, 0.0217, 0.0229, 0.0036, 0.0044]",0.28551191091537476,2024-12-23-15-38-40/SITE119_ORNT13_VIS1-5mi.png
6,2,"[0.0118, 0.0298, 0.0763, 0.1221, 0.1441, 0.1375, 0.2058, 0.1934, 0.0364, 0.0428]",0.20577792823314667,2024-07-29-16-41-43/SITE229_ORNT18_VIS3mi.png
8,6,"[0.0012, 0.0041, 0.0054, 0.0066, 0.0099, 0.0258, 0.0158, 0.0099, 0.8669, 0.0544]",0.8668685555458069,2024-08-19-10-27-18/SITE612_ORNT30_VIS7mi.png
1,4,"[0.2133, 0.2440, 0.1751, 0.1387, 0.0824, 0.0477, 0.0345, 0.0458, 0.0073, 0.0110]",0.24399089813232422,2024-12-10-14-08-09/SITE617_ORNT40_VIS5mi.png
9,7,"[0.0196, 0.0281, 0.0906, 0.0578, 0.0459, 0.0560, 0.0466, 0.0867, 0.0249, 0.5439]",0.5438829660415649,2025-03-04-14-20-15/SITE78_ORNT189_VIS8mi.png
6,3,"[0.0070, 0.0191, 0.0479, 0.0897, 0.1305, 0.1563, 0.2622, 0.1863, 0.0364, 0.0645]",0.2622397840023041,2024-08-19-19-34-52/SITE577_ORNT210_VIS4mi.png
2,2,"[0.0952, 0.1421, 0.2004, 0.1466, 0.1177, 0.0954, 0.0726, 0.0750, 0.0145, 0.0404]",0.20037604868412018,2025-02-10-14-47-56/SITE53_ORNT115_VIS3mi.png
0,4,"[0.3583, 0.2796, 0.1494, 0.0921, 0.0485, 0.0253, 0.0165, 0.0223, 0.0032, 0.0047]",0.35829249024391174,2025-02-17-14-46-26/SITE119_ORNT275_VIS5mi.png
9,9,"[0.0057, 0.0085, 0.0279, 0.0243, 0.0180, 0.0239, 0.0256, 0.0636, 0.0274, 0.7752]",0.7752014994621277,2024-12-23-15-38-40/SITE617_ORNT40_VIS10+mi.png
4,2,"[0.0174, 0.0529, 0.1175, 0.1525, 0.1680, 0.1487, 0.1516, 0.1364, 0.0384, 0.0166]",0.1680184006690979,2024-07-05-14-33-31/SITE127_ORNT114_VIS3mi.png
2,3,"[0.0494, 0.1071, 0.1833, 0.1357, 0.1376, 0.1462, 0.1153, 0.0750, 0.0160, 0.0345]",0.1833447366952896,2024-12-20-15-16-09/SITE417_ORNT220_VIS4mi.png
1,2,"[0.1713, 0.2846, 0.1748, 0.1762, 0.0852, 0.0497, 0.0278, 0.0255, 0.0037, 0.0012]",0.2846055030822754,2024-09-08-13-07-06/SITE167_ORNT60_VIS3mi.png
2,8,"[0.0763, 0.1521, 0.1918, 0.0563, 0.1344, 0.1403, 0.0469, 0.0656, 0.0983, 0.0380]",0.1918477863073349,2025-02-15-16-53-20/SITE362_ORNT25_VIS9mi.png
1,1,"[0.1907, 0.2348, 0.1661, 0.1496, 0.0883, 0.0490, 0.0380, 0.0593, 0.0097, 0.0144]",0.23478896915912628,2025-03-31-15-41-11/SITE194_ORNT194_VIS2-5mi.png
9,3,"[0.0145, 0.0227, 0.0744, 0.0781, 0.0734, 0.0784, 0.1031, 0.1620, 0.0394, 0.3541]",0.35405415296554565,2025-03-05-12-08-53/SITE719_ORNT20_VIS4mi.png
9,2,"[0.0412, 0.0525, 0.1237, 0.0768, 0.0574, 0.0607, 0.0522, 0.0818, 0.0164, 0.4372]",0.4372369050979614,2024-12-29-16-00-12/SITE617_ORNT40_VIS3mi.png
9,7,"[0.0040, 0.0094, 0.0323, 0.0669, 0.0500, 0.0520, 0.0853, 0.2101, 0.0920, 0.3982]",0.3981553018093109,2024-06-27-10-23-10/SITE734_ORNT160_VIS8mi.png
5,6,"[0.0317, 0.1124, 0.1998, 0.0556, 0.1635, 0.2295, 0.0448, 0.0517, 0.1051, 0.0059]",0.22951306402683258,2025-03-02-13-12-40/SITE528_ORNT35_VIS7mi.png
9,3,"[0.0245, 0.0430, 0.0880, 0.0647, 0.0858, 0.1827, 0.1636, 0.0842, 0.0164, 0.2471]",0.24708034098148346,2025-01-26-15-53-06/SITE7_ORNT55_VIS4mi.png
0,0,"[0.2919, 0.2794, 0.1490, 0.1268, 0.0607, 0.0308, 0.0223, 0.0299, 0.0040, 0.0052]",0.2919057309627533,2025-04-02-15-05-32/SITE167_ORNT105_VIS1-5mi.png
1,3,"[0.2025, 0.2601, 0.1835, 0.1171, 0.0874, 0.0571, 0.0325, 0.0423, 0.0101, 0.0075]",0.26007214188575745,2025-03-15-15-41-34/SITE5_ORNT155_VIS4mi.png
7,3,"[0.0075, 0.0196, 0.0536, 0.1040, 0.1277, 0.1310, 0.2089, 0.2092, 0.0695, 0.0691]",0.20920449495315552,2024-05-11-17-39-19/SITE330_ORNT20_VIS4mi.png
8,8,"[0.0004, 0.0020, 0.0055, 0.0081, 0.0145, 0.0334, 0.0261, 0.0282, 0.8433, 0.0385]",0.8432533144950867,2024-07-22-11-13-59/SITE385_ORNT300_VIS9mi.png
9,4,"[0.0251, 0.0460, 0.1262, 0.1149, 0.1048, 0.0990, 0.0967, 0.1550, 0.0426, 0.1897]",0.1897212713956833,2025-02-15-16-53-20/SITE719_ORNT180_VIS5mi.png
6,6,"[0.0099, 0.0262, 0.0784, 0.1051, 0.1346, 0.1451, 0.2280, 0.1840, 0.0408, 0.0478]",0.22802303731441498,2024-10-20-11-35-46/SITE574_ORNT170_VIS7mi.png
8,0,"[0.0023, 0.0074, 0.0132, 0.0113, 0.0168, 0.0421, 0.0246, 0.0215, 0.6538, 0.2072]",0.6538301110267639,2024-08-18-13-20-24/SITE522_ORNT270_VIS1-25mi.png
9,9,"[0.0112, 0.0189, 0.0653, 0.0634, 0.0607, 0.0747, 0.0981, 0.1446, 0.0342, 0.4289]",0.4289393424987793,2025-02-05-13-59-56/SITE95_ORNT317_VIS10+mi.png
8,4,"[0.0099, 0.0424, 0.1143, 0.0376, 0.1385, 0.2438, 0.0539, 0.0649, 0.2827, 0.0122]",0.28265634179115295,2025-02-15-15-20-00/SITE380_ORNT55_VIS5mi.png
6,4,"[0.0119, 0.0327, 0.0795, 0.1314, 0.1563, 0.1428, 0.2011, 0.1800, 0.0370, 0.0275]",0.20113371312618256,2024-05-07-15-42-07/SITE577_ORNT10_VIS5mi.png
1,4,"[0.2617, 0.2662, 0.1806, 0.1155, 0.0656, 0.0394, 0.0247, 0.0317, 0.0051, 0.0094]",0.26621726155281067,2025-02-01-12-44-07/SITE446_ORNT165_VIS5mi.png
6,6,"[0.0121, 0.0403, 0.0927, 0.1247, 0.1549, 0.1686, 0.2360, 0.1284, 0.0272, 0.0152]",0.23599880933761597,2024-06-06-17-01-51/SITE411_ORNT75_VIS7mi.png
2,4,"[0.0906, 0.1500, 0.2292, 0.1222, 0.1163, 0.1223, 0.0720, 0.0550, 0.0117, 0.0307]",0.22921507060527802,2025-03-04-14-20-15/SITE417_ORNT315_VIS5mi.png
6,1,"[0.0300, 0.0719, 0.1031, 0.1341, 0.1670, 0.1743, 0.1896, 0.0970, 0.0167, 0.0165]",0.18957071006298065,2024-09-19-14-23-02/SITE13_ORNT10_VIS2mi.png
8,4,"[0.0063, 0.0217, 0.0668, 0.0463, 0.0996, 0.1511, 0.0675, 0.1239, 0.3390, 0.0778]",0.33902353048324585,2024-07-24-16-43-44/SITE612_ORNT300_VIS5mi.png
9,3,"[0.0171, 0.0269, 0.0766, 0.0745, 0.0693, 0.0857, 0.0922, 0.1270, 0.0253, 0.4055]",0.40549734234809875,2025-02-10-14-47-56/SITE75_ORNT270_VIS4mi.png
9,9,"[0.0057, 0.0088, 0.0246, 0.0216, 0.0143, 0.0205, 0.0188, 0.0447, 0.0321, 0.8089]",0.8089092373847961,2025-01-15-12-14-16/SITE601_ORNT180_VIS10+mi.png
2,4,"[0.1216, 0.1738, 0.1956, 0.1193, 0.1308, 0.0950, 0.0499, 0.0660, 0.0205, 0.0274]",0.19558396935462952,2025-02-01-17-30-02/SITE722_ORNT255_VIS5mi.png
2,3,"[0.0888, 0.1883, 0.2018, 0.1667, 0.1308, 0.1014, 0.0614, 0.0464, 0.0089, 0.0054]",0.20184212923049927,2024-09-18-18-13-42/SITE20_ORNT226_VIS4mi.png
8,8,"[0.0006, 0.0025, 0.0064, 0.0106, 0.0134, 0.0285, 0.0270, 0.0317, 0.7892, 0.0902]",0.7891586422920227,2024-08-18-19-28-16/SITE323_ORNT315_VIS9mi.png
9,9,"[0.0336, 0.0514, 0.1227, 0.1109, 0.0822, 0.0713, 0.0747, 0.1380, 0.0323, 0.2830]",0.28301313519477844,2025-03-04-14-20-15/SITE230_ORNT214_VIS10+mi.png
2,6,"[0.0400, 0.0792, 0.1665, 0.1238, 0.1332, 0.1459, 0.1345, 0.0987, 0.0214, 0.0569]",0.16647018492221832,2025-02-11-14-30-47/SITE203_ORNT335_VIS7mi.png
4,2,"[0.0148, 0.0501, 0.1048, 0.1585, 0.1765, 0.1512, 0.1728, 0.1313, 0.0316, 0.0083]",0.1764892190694809,2024-08-24-13-47-04/SITE179_ORNT108_VIS3mi.png
9,9,"[0.0098, 0.0164, 0.0589, 0.0554, 0.0510, 0.0645, 0.0812, 0.1359, 0.0304, 0.4964]",0.49639448523521423,2025-04-02-15-05-32/SITE610_ORNT260_VIS10+mi.png
1,1,"[0.1867, 0.2892, 0.1723, 0.1744, 0.0791, 0.0443, 0.0256, 0.0239, 0.0033, 0.0011]",0.2892289459705353,2024-08-19-19-34-52/SITE253_ORNT195_VIS2mi.png
1,3,"[0.1059, 0.2255, 0.1972, 0.1690, 0.1264, 0.0854, 0.0431, 0.0376, 0.0083, 0.0016]",0.22554287314414978,2024-08-29-14-11-27/SITE17_ORNT340_VIS4mi.png
1,6,"[0.1749, 0.2024, 0.1829, 0.1415, 0.0921, 0.0571, 0.0447, 0.0619, 0.0096, 0.0328]",0.20241375267505646,2025-04-13-19-09-12/SITE43_ORNT190_VIS7mi.png
2,8,"[0.1388, 0.1576, 0.2029, 0.1195, 0.0764, 0.0534, 0.0420, 0.0700, 0.0136, 0.1257]",0.20293369889259338,2025-03-26-12-24-08/SITE76_ORNT60_VIS9mi.png
1,1,"[0.1971, 0.2334, 0.1711, 0.1481, 0.0861, 0.0495, 0.0387, 0.0526, 0.0081, 0.0153]",0.2334410548210144,2025-03-05-12-08-53/SITE658_ORNT120_VIS2mi.png
2,1,"[0.0367, 0.0883, 0.1726, 0.1380, 0.1493, 0.1416, 0.0974, 0.1019, 0.0409, 0.0332]",0.1726250797510147,2024-07-23-13-08-12/SITE327_ORNT45_VIS2mi.png
1,6,"[0.1406, 0.1991, 0.1753, 0.1343, 0.1176, 0.0740, 0.0488, 0.0733, 0.0163, 0.0208]",0.19905632734298706,2025-02-14-15-24-27/SITE593_ORNT255_VIS7mi.png
8,8,"[0.0107, 0.0319, 0.0556, 0.0122, 0.0618, 0.1598, 0.0403, 0.0254, 0.5550, 0.0474]",0.5549853444099426,2024-07-26-10-22-16/SITE534_ORNT225_VIS9mi.png
2,6,"[0.0394, 0.0914, 0.1782, 0.1342, 0.1472, 0.1433, 0.1055, 0.0958, 0.0336, 0.0313]",0.1781671643257141,2025-02-04-15-47-48/SITE205_ORNT305_VIS7mi.png
8,8,"[0.0030, 0.0086, 0.0259, 0.0494, 0.0471, 0.0682, 0.0686, 0.1284, 0.3498, 0.2511]",0.34980031847953796,2024-10-13-15-24-41/SITE469_ORNT330_VIS9mi.png
9,5,"[0.0076, 0.0153, 0.0513, 0.0764, 0.0655, 0.0656, 0.0848, 0.1966, 0.0756, 0.3613]",0.3613172173500061,2024-06-14-14-13-33/SITE239_ORNT202_VIS6mi.png
1,7,"[0.1350, 0.2379, 0.1731, 0.1895, 0.1069, 0.0646, 0.0412, 0.0418, 0.0069, 0.0032]",0.23786486685276031,2024-08-26-16-02-03/SITE43_ORNT270_VIS8mi.png
0,2,"[0.2868, 0.2812, 0.1733, 0.0932, 0.0640, 0.0381, 0.0204, 0.0293, 0.0066, 0.0070]",0.2868107259273529,2025-04-16-13-54-24/SITE411_ORNT220_VIS3mi.png
1,5,"[0.1318, 0.2149, 0.1607, 0.1950, 0.1081, 0.0676, 0.0536, 0.0525, 0.0069, 0.0089]",0.2148711234331131,2024-09-08-13-07-06/SITE198_ORNT80_VIS6mi.png
1,1,"[0.1708, 0.2956, 0.1823, 0.1675, 0.0832, 0.0495, 0.0247, 0.0219, 0.0038, 0.0007]",0.29557016491889954,2024-09-08-16-00-24/SITE26_ORNT310_VIS2mi.png
3,6,"[0.0632, 0.1589, 0.1681, 0.2058, 0.1467, 0.1025, 0.0775, 0.0616, 0.0114, 0.0043]",0.20582067966461182,2024-07-07-15-01-32/SITE45_ORNT290_VIS7mi.png
6,5,"[0.0076, 0.0231, 0.0666, 0.1034, 0.1403, 0.1506, 0.2482, 0.1823, 0.0442, 0.0338]",0.24815092980861664,2024-10-10-15-17-15/SITE161_ORNT192_VIS6mi.png
1,7,"[0.1593, 0.2969, 0.1865, 0.1631, 0.0863, 0.0552, 0.0260, 0.0219, 0.0041, 0.0007]",0.29685550928115845,2024-07-30-14-06-06/SITE435_ORNT15_VIS8mi.png
6,5,"[0.0060, 0.0190, 0.0255, 0.0450, 0.0935, 0.3004, 0.3938, 0.0629, 0.0132, 0.0407]",0.39384156465530396,2024-07-25-10-00-39/SITE747_ORNT315_VIS6mi.png
2,7,"[0.1282, 0.1972, 0.1999, 0.1607, 0.1054, 0.0740, 0.0533, 0.0550, 0.0095, 0.0168]",0.19985900819301605,2025-02-14-15-24-27/SITE65_ORNT180_VIS8mi.png
0,0,"[0.3469, 0.3070, 0.1518, 0.1024, 0.0413, 0.0213, 0.0129, 0.0135, 0.0019, 0.0010]",0.346906840801239,2025-03-15-15-41-34/SITE626_ORNT195_VIS1mi.png
1,1,"[0.1899, 0.2967, 0.1825, 0.1589, 0.0767, 0.0460, 0.0239, 0.0213, 0.0033, 0.0008]",0.296738862991333,2024-07-05-10-36-13/SITE229_ORNT80_VIS2-5mi.png
1,6,"[0.1244, 0.2449, 0.1924, 0.1762, 0.1097, 0.0731, 0.0390, 0.0327, 0.0064, 0.0013]",0.2448614090681076,2024-07-30-16-52-29/SITE73_ORNT65_VIS7mi.png
8,8,"[0.0013, 0.0054, 0.0145, 0.0182, 0.0358, 0.0694, 0.0441, 0.0564, 0.7069, 0.0480]",0.706927478313446,2024-06-15-10-59-58/SITE310_ORNT314_VIS9mi.png
7,2,"[0.0178, 0.0451, 0.1028, 0.1546, 0.1559, 0.1321, 0.1514, 0.1693, 0.0370, 0.0341]",0.16927753388881683,2024-08-19-10-27-18/SITE411_ORNT220_VIS3mi.png
1,2,"[0.0828, 0.2069, 0.1861, 0.1898, 0.1349, 0.0956, 0.0532, 0.0406, 0.0084, 0.0018]",0.20687682926654816,2024-07-05-14-33-31/SITE169_ORNT14_VIS3mi.png
5,2,"[0.0200, 0.0821, 0.1825, 0.0491, 0.1581, 0.2579, 0.0503, 0.0542, 0.1405, 0.0052]",0.2578875422477722,2025-04-16-13-54-24/SITE323_ORNT135_VIS3mi.png
9,9,"[0.0089, 0.0122, 0.0390, 0.0294, 0.0223, 0.0344, 0.0307, 0.0661, 0.0214, 0.7356]",0.7355616092681885,2025-03-18-13-52-55/SITE66_ORNT95_VIS10+mi.png
0,1,"[0.3338, 0.2876, 0.1429, 0.1078, 0.0524, 0.0257, 0.0177, 0.0244, 0.0036, 0.0040]",0.33379727602005005,2025-03-23-13-51-54/SITE230_ORNT214_VIS2-5mi.png
1,4,"[0.2088, 0.2395, 0.1653, 0.1418, 0.0825, 0.0442, 0.0352, 0.0558, 0.0088, 0.0181]",0.23952209949493408,2025-01-23-15-05-27/SITE14_ORNT35_VIS5mi.png
2,2,"[0.0568, 0.1071, 0.1742, 0.1481, 0.1372, 0.1198, 0.1019, 0.0936, 0.0190, 0.0424]",0.17419172823429108,2025-03-06-15-10-58/SITE186_ORNT110_VIS3mi.png
1,0,"[0.0758, 0.2083, 0.1744, 0.2062, 0.1402, 0.0932, 0.0524, 0.0399, 0.0081, 0.0014]",0.20833748579025269,2024-06-20-11-19-17/SITE58_ORNT245_VIS1-25mi.png
3,0,"[0.0466, 0.0976, 0.1398, 0.1615, 0.1576, 0.1360, 0.1373, 0.0943, 0.0141, 0.0150]",0.16151735186576843,2024-06-17-19-22-23/SITE167_ORNT312_VIS1-25mi.png
7,6,"[0.0096, 0.0201, 0.0643, 0.1014, 0.1062, 0.1010, 0.1530, 0.2460, 0.0525, 0.1459]",0.24599379301071167,2024-05-07-15-42-07/SITE253_ORNT195_VIS7mi.png
1,1,"[0.1495, 0.2620, 0.1973, 0.1554, 0.0930, 0.0686, 0.0342, 0.0306, 0.0061, 0.0033]",0.26201319694519043,2024-05-23-15-19-49/SITE203_ORNT335_VIS2mi.png
6,4,"[0.0090, 0.0310, 0.0477, 0.1096, 0.1635, 0.2045, 0.3004, 0.1070, 0.0179, 0.0096]",0.3004048466682434,2024-07-02-10-19-43/SITE22_ORNT285_VIS5mi.png
6,2,"[0.0132, 0.0408, 0.0924, 0.1421, 0.1633, 0.1501, 0.1997, 0.1504, 0.0317, 0.0164]",0.19970539212226868,2024-06-16-11-08-10/SITE721_ORNT0_VIS3mi.png
1,1,"[0.1036, 0.2401, 0.1672, 0.2062, 0.1147, 0.0769, 0.0486, 0.0354, 0.0055, 0.0018]",0.2400704175233841,2024-05-07-15-42-07/SITE40_ORNT295_VIS2mi.png
2,1,"[0.1421, 0.1976, 0.1995, 0.1417, 0.0988, 0.0784, 0.0541, 0.0504, 0.0085, 0.0290]",0.19950667023658752,2025-02-01-17-30-02/SITE212_ORNT170_VIS2-5mi.png
0,0,"[0.5052, 0.2669, 0.1386, 0.0420, 0.0216, 0.0106, 0.0054, 0.0073, 0.0018, 0.0006]",0.505229651927948,2025-02-04-15-47-48/SITE801_ORNT255_VIS1mi.png
6,9,"[0.0060, 0.0167, 0.0478, 0.0904, 0.1186, 0.1275, 0.2619, 0.2167, 0.0497, 0.0647]",0.2618846893310547,2024-10-14-13-08-27/SITE59_ORNT10_VIS10+mi.png
6,3,"[0.0163, 0.0617, 0.1222, 0.1495, 0.1739, 0.1714, 0.1850, 0.0925, 0.0228, 0.0046]",0.18501530587673187,2024-07-04-10-22-12/SITE239_ORNT30_VIS4mi.png
9,9,"[0.0112, 0.0154, 0.0336, 0.0278, 0.0270, 0.0644, 0.0520, 0.0551, 0.0162, 0.6973]",0.6973277926445007,2025-02-11-14-30-47/SITE583_ORNT40_VIS10+mi.png
1,2,"[0.1690, 0.2315, 0.1819, 0.1581, 0.0943, 0.0575, 0.0396, 0.0494, 0.0083, 0.0104]",0.23151691257953644,2024-12-24-15-14-57/SITE45_ORNT290_VIS3mi.png
6,5,"[0.0053, 0.0176, 0.0411, 0.1050, 0.1642, 0.1562, 0.2772, 0.1852, 0.0381, 0.0099]",0.2772071659564972,2024-08-02-13-37-25/SITE581_ORNT350_VIS6mi.png
1,2,"[0.1169, 0.2463, 0.1828, 0.1846, 0.1132, 0.0744, 0.0409, 0.0335, 0.0058, 0.0017]",0.24633698165416718,2024-07-27-10-27-08/SITE5_ORNT155_VIS3mi.png
8,5,"[0.0017, 0.0070, 0.0108, 0.0064, 0.0228, 0.0714, 0.0276, 0.0128, 0.8150, 0.0245]",0.8150482773780823,2024-05-31-15-13-16/SITE343_ORNT360_VIS6mi.png
3,5,"[0.0401, 0.1293, 0.1553, 0.2024, 0.1710, 0.1258, 0.0952, 0.0638, 0.0140, 0.0031]",0.20244573056697845,2024-07-07-11-04-33/SITE111_ORNT181_VIS6mi.png
1,4,"[0.1111, 0.2567, 0.1764, 0.1916, 0.1142, 0.0735, 0.0389, 0.0312, 0.0056, 0.0010]",0.25671055912971497,2024-08-18-13-20-24/SITE435_ORNT235_VIS5mi.png
0,3,"[0.3655, 0.2889, 0.1488, 0.0961, 0.0441, 0.0214, 0.0135, 0.0173, 0.0025, 0.0019]",0.3654674291610718,2025-03-17-19-09-03/SITE725_ORNT180_VIS4mi.png
2,2,"[0.0355, 0.0702, 0.1491, 0.1374, 0.1347, 0.1242, 0.1204, 0.1239, 0.0281, 0.0764]",0.1491376757621765,2025-02-14-15-24-27/SITE100_ORNT280_VIS3mi.png
8,8,"[0.0046, 0.0127, 0.0299, 0.0267, 0.0345, 0.0678, 0.0361, 0.0576, 0.4405, 0.2896]",0.4404760003089905,2025-01-29-12-01-12/SITE324_ORNT310_VIS9mi.png
9,9,"[0.0180, 0.0252, 0.0827, 0.0507, 0.0439, 0.0604, 0.0499, 0.0860, 0.0243, 0.5589]",0.5588579177856445,2025-02-11-14-30-47/SITE733_ORNT230_VIS10+mi.png
1,2,"[0.1302, 0.2175, 0.2075, 0.1157, 0.1161, 0.0883, 0.0404, 0.0522, 0.0199, 0.0121]",0.2174503058195114,2024-12-27-14-55-32/SITE483_ORNT5_VIS3mi.png
0,2,"[0.3150, 0.2815, 0.1528, 0.0959, 0.0613, 0.0326, 0.0208, 0.0296, 0.0052, 0.0053]",0.31496337056159973,2024-12-24-15-14-57/SITE438_ORNT290_VIS3mi.png
6,7,"[0.0055, 0.0177, 0.0252, 0.0643, 0.0724, 0.1606, 0.2150, 0.0955, 0.1452, 0.1986]",0.21501503884792328,2024-09-27-16-12-40/SITE581_ORNT160_VIS8mi.png
1,7,"[0.1752, 0.2245, 0.1872, 0.1243, 0.1052, 0.0678, 0.0390, 0.0506, 0.0120, 0.0142]",0.22449147701263428,2025-04-07-16-10-10/SITE36_ORNT350_VIS8mi.png
9,4,"[0.0089, 0.0153, 0.0542, 0.0580, 0.0455, 0.0521, 0.0640, 0.1352, 0.0430, 0.5239]",0.5239410400390625,2024-06-01-11-15-19/SITE439_ORNT350_VIS5mi.png
9,3,"[0.0222, 0.0369, 0.1117, 0.0916, 0.0810, 0.0852, 0.0847, 0.1336, 0.0356, 0.3174]",0.31740865111351013,2025-04-07-16-10-10/SITE160_ORNT176_VIS4mi.png
1,0,"[0.2637, 0.2895, 0.1539, 0.1429, 0.0655, 0.0341, 0.0215, 0.0241, 0.0031, 0.0017]",0.2895442247390747,2024-05-07-15-42-07/SITE132_ORNT30_VIS1-75mi.png
9,4,"[0.0219, 0.0431, 0.1153, 0.0974, 0.0935, 0.0924, 0.0699, 0.1511, 0.0665, 0.2489]",0.2488892525434494,2024-12-27-14-55-32/SITE446_ORNT10_VIS5mi.png
8,8,"[0.0007, 0.0031, 0.0063, 0.0065, 0.0130, 0.0362, 0.0247, 0.0171, 0.8317, 0.0605]",0.8316884636878967,2025-03-02-13-12-40/SITE474_ORNT180_VIS9mi.png
1,2,"[0.2035, 0.2520, 0.2107, 0.1106, 0.0857, 0.0648, 0.0286, 0.0306, 0.0069, 0.0066]",0.25198593735694885,2025-02-27-11-22-46/SITE161_ORNT192_VIS3mi.png
6,9,"[0.0129, 0.0293, 0.0712, 0.0749, 0.0973, 0.1671, 0.2020, 0.1226, 0.0254, 0.1973]",0.20197956264019012,2025-03-28-10-38-15/SITE544_ORNT291_VIS10+mi.png
8,4,"[0.0042, 0.0113, 0.0335, 0.0507, 0.0499, 0.0735, 0.0671, 0.1220, 0.3010, 0.2868]",0.30097782611846924,2024-08-15-16-44-48/SITE522_ORNT0_VIS5mi.png
6,6,"[0.0150, 0.0361, 0.0746, 0.1400, 0.1580, 0.1390, 0.1939, 0.1793, 0.0305, 0.0335]",0.1939460188150406,2024-07-23-13-08-12/SITE574_ORNT70_VIS7mi.png
9,9,"[0.0104, 0.0158, 0.0526, 0.0433, 0.0372, 0.0478, 0.0476, 0.0935, 0.0250, 0.6268]",0.6267522573471069,2025-03-20-11-55-50/SITE69_ORNT315_VIS10+mi.png
9,9,"[0.0034, 0.0057, 0.0134, 0.0146, 0.0094, 0.0197, 0.0211, 0.0332, 0.0222, 0.8572]",0.8572210073471069,2025-04-02-15-05-32/SITE573_ORNT345_VIS10+mi.png
8,5,"[0.0004, 0.0021, 0.0045, 0.0062, 0.0114, 0.0306, 0.0246, 0.0161, 0.8727, 0.0314]",0.8726893663406372,2024-08-18-19-28-16/SITE367_ORNT110_VIS6mi.png
4,1,"[0.0209, 0.0523, 0.1161, 0.1453, 0.1489, 0.1372, 0.1476, 0.1478, 0.0359, 0.0480]",0.14887212216854095,2024-06-01-16-58-02/SITE417_ORNT220_VIS2-5mi.png
2,5,"[0.0602, 0.1706, 0.2280, 0.0842, 0.1545, 0.1706, 0.0426, 0.0422, 0.0436, 0.0035]",0.22795593738555908,2024-12-29-16-00-12/SITE520_ORNT270_VIS6mi.png
2,0,"[0.1146, 0.1811, 0.2261, 0.1344, 0.1106, 0.0959, 0.0549, 0.0498, 0.0104, 0.0221]",0.22608935832977295,2025-03-31-13-29-12/SITE626_ORNT110_VIS1mi.png
1,0,"[0.1772, 0.2333, 0.2156, 0.1306, 0.0901, 0.0662, 0.0363, 0.0350, 0.0060, 0.0096]",0.23334084451198578,2025-03-17-19-09-03/SITE186_ORNT12_VIS1-75mi.png
9,4,"[0.0122, 0.0173, 0.0525, 0.0360, 0.0312, 0.0366, 0.0334, 0.0764, 0.0358, 0.6688]",0.6687709093093872,2025-03-26-14-35-40/SITE22_ORNT190_VIS5mi.png
9,7,"[0.0284, 0.0442, 0.1043, 0.0280, 0.0489, 0.0883, 0.0315, 0.0478, 0.1318, 0.4469]",0.44687190651893616,2025-03-05-12-08-53/SITE472_ORNT95_VIS8mi.png
1,0,"[0.1966, 0.2542, 0.1722, 0.1310, 0.0878, 0.0515, 0.0351, 0.0518, 0.0101, 0.0098]",0.25415951013565063,2025-04-07-16-10-10/SITE437_ORNT195_VIS1-25mi.png
9,9,"[0.0065, 0.0121, 0.0444, 0.0529, 0.0475, 0.0637, 0.0988, 0.1608, 0.0382, 0.4752]",0.4751564562320709,2025-03-26-12-24-08/SITE443_ORNT275_VIS10+mi.png
9,9,"[0.0062, 0.0103, 0.0299, 0.0336, 0.0242, 0.0383, 0.0433, 0.0765, 0.0332, 0.7044]",0.704384982585907,2024-12-17-16-15-56/SITE80_ORNT83_VIS10+mi.png
8,6,"[0.0004, 0.0023, 0.0042, 0.0025, 0.0085, 0.0347, 0.0192, 0.0072, 0.8957, 0.0251]",0.8957258462905884,2024-09-19-16-37-08/SITE365_ORNT100_VIS7mi.png
9,6,"[0.0112, 0.0186, 0.0606, 0.0550, 0.0562, 0.0826, 0.1027, 0.1325, 0.0278, 0.4529]",0.45290544629096985,2025-01-28-16-10-28/SITE760_ORNT140_VIS7mi.png
2,1,"[0.0788, 0.1313, 0.1889, 0.1168, 0.1369, 0.1158, 0.0626, 0.0889, 0.0344, 0.0456]",0.18888913094997406,2024-05-23-15-19-49/SITE36_ORNT350_VIS2mi.png
2,2,"[0.0456, 0.1070, 0.1724, 0.1545, 0.1512, 0.1350, 0.1003, 0.0893, 0.0254, 0.0194]",0.17242740094661713,2024-06-01-11-15-19/SITE161_ORNT192_VIS3mi.png
4,2,"[0.0171, 0.0669, 0.1150, 0.1727, 0.1824, 0.1586, 0.1620, 0.0961, 0.0239, 0.0054]",0.1823997050523758,2024-06-29-10-50-12/SITE203_ORNT220_VIS3mi.png
2,6,"[0.0439, 0.0737, 0.1522, 0.1283, 0.1367, 0.1327, 0.1306, 0.1183, 0.0236, 0.0599]",0.1522313356399536,2024-07-24-16-43-44/SITE234_ORNT350_VIS7mi.png
2,1,"[0.0905, 0.1409, 0.1874, 0.1530, 0.1278, 0.1007, 0.0756, 0.0759, 0.0140, 0.0340]",0.18742144107818604,2024-07-02-10-19-43/SITE747_ORNT315_VIS2-5mi.png
9,9,"[0.0052, 0.0083, 0.0183, 0.0212, 0.0178, 0.0483, 0.0417, 0.0515, 0.0178, 0.7700]",0.7699539065361023,2025-03-23-13-51-54/SITE442_ORNT210_VIS10+mi.png
4,7,"[0.0224, 0.0766, 0.1365, 0.1622, 0.1709, 0.1583, 0.1551, 0.0895, 0.0215, 0.0070]",0.17094306647777557,2024-07-29-16-41-43/SITE261_ORNT350_VIS8mi.png
3,2,"[0.0261, 0.1021, 0.1381, 0.1865, 0.1795, 0.1548, 0.1269, 0.0659, 0.0168, 0.0035]",0.18647600710391998,2024-07-04-10-22-12/SITE438_ORNT110_VIS3mi.png
7,7,"[0.0093, 0.0214, 0.0644, 0.1089, 0.1259, 0.1193, 0.1889, 0.2314, 0.0478, 0.0827]",0.23138511180877686,2024-07-28-11-17-19/SITE692_ORNT60_VIS8mi.png
6,5,"[0.0130, 0.0287, 0.0835, 0.1058, 0.1316, 0.1364, 0.2048, 0.1904, 0.0405, 0.0654]",0.20481328666210175,2024-07-23-10-10-08/SITE719_ORNT20_VIS6mi.png
1,1,"[0.1683, 0.2808, 0.1755, 0.1790, 0.0880, 0.0503, 0.0276, 0.0256, 0.0038, 0.0011]",0.28078821301460266,2024-07-22-11-13-59/SITE179_ORNT185_VIS2mi.png
7,4,"[0.0243, 0.0532, 0.1285, 0.1240, 0.1407, 0.1302, 0.1019, 0.1599, 0.0545, 0.0827]",0.159932941198349,2025-04-22-15-39-35/SITE722_ORNT255_VIS5mi.png
9,7,"[0.0068, 0.0141, 0.0301, 0.0467, 0.0349, 0.0623, 0.0856, 0.0836, 0.0780, 0.5579]",0.5578623414039612,2025-02-05-13-59-56/SITE105_ORNT28_VIS8mi.png
8,4,"[0.0060, 0.0170, 0.0604, 0.0624, 0.0914, 0.1197, 0.0836, 0.1715, 0.2288, 0.1593]",0.22878386080265045,2024-07-22-20-17-56/SITE522_ORNT90_VIS5mi.png
4,7,"[0.0373, 0.1067, 0.1558, 0.1509, 0.1687, 0.1425, 0.0774, 0.1018, 0.0452, 0.0138]",0.168688103556633,2024-07-20-15-11-13/SITE453_ORNT270_VIS8mi.png
7,6,"[0.0252, 0.0495, 0.0956, 0.1540, 0.1542, 0.1212, 0.1517, 0.1795, 0.0300, 0.0390]",0.17953407764434814,2024-07-22-11-13-59/SITE692_ORNT335_VIS7mi.png
8,5,"[0.0029, 0.0119, 0.0313, 0.0215, 0.0610, 0.1227, 0.0458, 0.0546, 0.6156, 0.0326]",0.6155658960342407,2025-02-27-11-22-46/SITE471_ORNT255_VIS6mi.png
8,8,"[0.0017, 0.0071, 0.0170, 0.0250, 0.0413, 0.0853, 0.0527, 0.0503, 0.6752, 0.0444]",0.6751866340637207,2024-10-15-10-59-57/SITE407_ORNT215_VIS9mi.png
2,5,"[0.0574, 0.0885, 0.1736, 0.1258, 0.1023, 0.1006, 0.0857, 0.0953, 0.0196, 0.1511]",0.1735689640045166,2025-04-01-16-59-16/SITE597_ORNT350_VIS6mi.png
1,0,"[0.2160, 0.2874, 0.1579, 0.1625, 0.0748, 0.0432, 0.0273, 0.0253, 0.0031, 0.0025]",0.2874404788017273,2025-03-02-13-12-40/SITE134_ORNT70_VIS1-5mi.png
2,7,"[0.0363, 0.0602, 0.1528, 0.1108, 0.1175, 0.1231, 0.1150, 0.1222, 0.0325, 0.1297]",0.1527574509382248,2024-06-13-13-46-47/SITE747_ORNT60_VIS8mi.png
8,8,"[0.0006, 0.0025, 0.0040, 0.0059, 0.0075, 0.0249, 0.0226, 0.0095, 0.8234, 0.0991]",0.8234160542488098,2024-06-29-10-50-12/SITE330_ORNT215_VIS9mi.png
8,5,"[0.0107, 0.0464, 0.1182, 0.0421, 0.1448, 0.2452, 0.0537, 0.0671, 0.2581, 0.0137]",0.25812411308288574,2024-12-23-15-38-40/SITE355_ORNT70_VIS6mi.png
7,9,"[0.0070, 0.0168, 0.0552, 0.0932, 0.1108, 0.1109, 0.2029, 0.2437, 0.0527, 0.1067]",0.24368534982204437,2024-10-13-15-24-41/SITE583_ORNT165_VIS10+mi.png
2,3,"[0.1247, 0.1796, 0.1974, 0.1320, 0.1167, 0.0874, 0.0542, 0.0679, 0.0172, 0.0229]",0.19741524755954742,2025-02-04-15-47-48/SITE485_ORNT210_VIS4mi.png
3,1,"[0.0586, 0.1512, 0.1482, 0.2072, 0.1536, 0.1087, 0.0915, 0.0651, 0.0104, 0.0055]",0.20715293288230896,2024-07-22-11-13-59/SITE98_ORNT135_VIS2mi.png
8,8,"[0.0051, 0.0166, 0.0342, 0.0294, 0.0574, 0.1132, 0.0518, 0.0516, 0.5493, 0.0915]",0.5492684841156006,2025-02-14-15-24-27/SITE352_ORNT340_VIS9mi.png
1,1,"[0.1127, 0.2527, 0.1876, 0.1840, 0.1136, 0.0747, 0.0362, 0.0312, 0.0062, 0.0011]",0.25269895792007446,2024-07-28-13-48-26/SITE244_ORNT50_VIS2mi.png
6,5,"[0.0051, 0.0217, 0.0261, 0.0568, 0.1194, 0.2872, 0.4046, 0.0580, 0.0142, 0.0071]",0.4045677185058594,2024-09-20-16-20-08/SITE22_ORNT0_VIS6mi.png
8,9,"[0.0152, 0.0425, 0.1232, 0.0732, 0.1080, 0.1360, 0.0593, 0.1316, 0.1662, 0.1447]",0.1661626100540161,2025-02-02-12-13-03/SITE521_ORNT240_VIS30mi.png
6,2,"[0.0139, 0.0542, 0.1096, 0.1475, 0.1694, 0.1724, 0.1979, 0.1017, 0.0262, 0.0072]",0.1979389786720276,2024-06-17-10-37-40/SITE568_ORNT67_VIS3mi.png
2,7,"[0.0318, 0.0670, 0.1429, 0.1418, 0.1425, 0.1295, 0.1185, 0.1309, 0.0339, 0.0613]",0.14288049936294556,2024-07-14-16-38-50/SITE239_ORNT202_VIS8mi.png
0,1,"[0.3107, 0.2851, 0.1887, 0.0830, 0.0548, 0.0349, 0.0158, 0.0194, 0.0036, 0.0040]",0.3107030689716339,2025-01-22-12-38-15/SITE801_ORNT255_VIS2mi.png
2,3,"[0.0977, 0.1508, 0.1991, 0.1315, 0.1182, 0.0936, 0.0572, 0.0773, 0.0241, 0.0505]",0.1990848034620285,2024-07-07-20-11-04/SITE547_ORNT170_VIS4mi.png
9,2,"[0.0213, 0.0297, 0.0904, 0.0592, 0.0511, 0.0612, 0.0517, 0.0910, 0.0232, 0.5211]",0.521126925945282,2025-04-01-16-59-16/SITE82_ORNT135_VIS3mi.png
1,2,"[0.2109, 0.2317, 0.1914, 0.1217, 0.0805, 0.0500, 0.0334, 0.0481, 0.0085, 0.0238]",0.23166896402835846,2025-02-04-15-47-48/SITE20_ORNT226_VIS3mi.png
1,4,"[0.1207, 0.2554, 0.1856, 0.1817, 0.1081, 0.0717, 0.0380, 0.0316, 0.0056, 0.0016]",0.25535714626312256,2024-05-21-12-02-34/SITE439_ORNT350_VIS5mi.png
9,7,"[0.0057, 0.0098, 0.0353, 0.0424, 0.0303, 0.0363, 0.0460, 0.1168, 0.0450, 0.6325]",0.6325200200080872,2025-04-11-14-52-32/SITE821_ORNT50_VIS8mi.png
1,0,"[0.2587, 0.2980, 0.1922, 0.1068, 0.0610, 0.0396, 0.0187, 0.0192, 0.0031, 0.0026]",0.2980233430862427,2025-01-28-16-10-28/SITE161_ORNT316_VIS1-5mi.png
9,9,"[0.0099, 0.0115, 0.0323, 0.0158, 0.0128, 0.0203, 0.0139, 0.0289, 0.0146, 0.8400]",0.8400388956069946,2025-01-17-15-10-02/SITE547_ORNT350_VIS10+mi.png
1,1,"[0.1292, 0.1931, 0.1843, 0.1402, 0.1169, 0.0807, 0.0514, 0.0657, 0.0171, 0.0214]",0.1931188702583313,2024-05-30-17-47-26/SITE94_ORNT10_VIS2-5mi.png
7,6,"[0.0350, 0.0687, 0.1397, 0.1480, 0.1330, 0.1076, 0.0981, 0.1495, 0.0366, 0.0837]",0.1495383232831955,2024-05-23-15-19-49/SITE610_ORNT0_VIS7mi.png
9,2,"[0.0068, 0.0168, 0.0617, 0.0864, 0.0830, 0.0891, 0.1050, 0.2111, 0.0957, 0.2445]",0.24449945986270905,2024-06-10-14-33-22/SITE595_ORNT100_VIS3mi.png
1,3,"[0.1238, 0.2476, 0.2011, 0.1056, 0.1215, 0.0969, 0.0369, 0.0427, 0.0203, 0.0035]",0.24763622879981995,2025-03-05-12-08-53/SITE386_ORNT290_VIS4mi.png
6,6,"[0.0051, 0.0162, 0.0389, 0.0900, 0.1356, 0.1646, 0.2960, 0.1772, 0.0449, 0.0315]",0.29602867364883423,2024-08-02-10-36-13/SITE569_ORNT211_VIS7mi.png
5,1,"[0.0191, 0.0717, 0.1677, 0.0751, 0.1699, 0.2229, 0.0685, 0.0784, 0.1164, 0.0102]",0.222927063703537,2024-06-05-18-49-24/SITE464_ORNT90_VIS2-25mi.png
6,6,"[0.0104, 0.0257, 0.0623, 0.1150, 0.1385, 0.1476, 0.2124, 0.1867, 0.0343, 0.0670]",0.212363600730896,2024-09-02-17-43-28/SITE106_ORNT12_VIS7mi.png
1,0,"[0.1719, 0.2219, 0.1873, 0.1514, 0.0938, 0.0595, 0.0426, 0.0495, 0.0075, 0.0145]",0.22194714844226837,2025-01-31-13-49-43/SITE818_ORNT40_VIS1-75mi.png
1,3,"[0.1134, 0.2368, 0.1621, 0.2111, 0.1151, 0.0700, 0.0461, 0.0380, 0.0055, 0.0020]",0.2368461638689041,2024-07-28-19-40-21/SITE417_ORNT220_VIS4mi.png
7,6,"[0.0121, 0.0259, 0.0775, 0.1141, 0.1124, 0.1062, 0.1485, 0.2206, 0.0442, 0.1384]",0.22061745822429657,2024-09-07-11-42-21/SITE595_ORNT270_VIS7mi.png
3,1,"[0.0559, 0.1477, 0.1786, 0.1841, 0.1503, 0.1141, 0.0743, 0.0681, 0.0184, 0.0084]",0.18412110209465027,2024-05-08-14-34-39/SITE735_ORNT75_VIS2mi.png
8,4,"[0.0025, 0.0071, 0.0102, 0.0143, 0.0137, 0.0345, 0.0241, 0.0169, 0.6308, 0.2459]",0.6307901740074158,2024-08-12-20-17-35/SITE612_ORNT30_VIS5mi.png
9,2,"[0.0141, 0.0257, 0.0904, 0.0856, 0.0761, 0.0820, 0.0924, 0.1599, 0.0445, 0.3294]",0.32935869693756104,2025-02-14-15-24-27/SITE100_ORNT210_VIS3mi.png
1,3,"[0.0969, 0.2234, 0.1601, 0.2191, 0.1259, 0.0768, 0.0501, 0.0400, 0.0061, 0.0017]",0.22337102890014648,2024-08-15-16-44-48/SITE439_ORNT350_VIS4mi.png
5,7,"[0.0143, 0.0591, 0.1345, 0.0409, 0.1516, 0.2451, 0.0498, 0.0656, 0.2296, 0.0096]",0.24505643546581268,2025-02-17-14-46-26/SITE389_ORNT120_VIS8mi.png
6,6,"[0.0079, 0.0247, 0.0649, 0.1083, 0.1492, 0.1536, 0.2563, 0.1738, 0.0411, 0.0200]",0.25633227825164795,2024-06-21-15-35-27/SITE760_ORNT190_VIS7mi.png
3,4,"[0.0300, 0.0876, 0.1460, 0.1714, 0.1699, 0.1413, 0.1236, 0.0969, 0.0249, 0.0084]",0.17144767940044403,2024-07-29-16-41-43/SITE127_ORNT272_VIS5mi.png
5,8,"[0.0328, 0.1047, 0.1737, 0.0525, 0.1498, 0.2194, 0.0450, 0.0556, 0.1560, 0.0106]",0.21936067938804626,2025-03-01-18-07-41/SITE360_ORNT310_VIS9mi.png
6,6,"[0.0044, 0.0136, 0.0406, 0.0842, 0.1163, 0.1312, 0.2752, 0.2279, 0.0454, 0.0612]",0.2751881182193756,2024-06-27-10-23-10/SITE19_ORNT260_VIS7mi.png
8,8,"[0.0022, 0.0074, 0.0249, 0.0418, 0.0479, 0.0714, 0.0619, 0.1286, 0.4327, 0.1811]",0.4327319264411926,2024-06-10-14-33-22/SITE508_ORNT225_VIS9mi.png
8,8,"[0.0021, 0.0104, 0.0312, 0.0279, 0.0699, 0.1440, 0.0668, 0.0640, 0.5657, 0.0180]",0.5656598210334778,2025-04-16-13-54-24/SITE358_ORNT120_VIS9mi.png
0,4,"[0.2806, 0.2415, 0.1809, 0.1008, 0.0670, 0.0449, 0.0284, 0.0326, 0.0051, 0.0182]",0.2806464731693268,2025-03-17-19-09-03/SITE10_ORNT175_VIS5mi.png
1,0,"[0.1255, 0.2130, 0.1956, 0.1666, 0.1114, 0.0782, 0.0512, 0.0440, 0.0071, 0.0075]",0.2129916250705719,2025-03-01-18-07-41/SITE49_ORNT15_VIS1-75mi.png
8,1,"[0.0009, 0.0041, 0.0055, 0.0028, 0.0097, 0.0372, 0.0162, 0.0059, 0.8861, 0.0316]",0.8861260414123535,2025-02-17-14-46-26/SITE355_ORNT70_VIS2-25mi.png
2,5,"[0.0672, 0.1306, 0.1892, 0.1251, 0.1307, 0.1207, 0.0645, 0.0863, 0.0405, 0.0452]",0.189208984375,2025-02-15-16-53-20/SITE165_ORNT290_VIS6mi.png
6,5,"[0.0084, 0.0301, 0.0350, 0.0663, 0.1008, 0.2703, 0.3190, 0.0629, 0.0442, 0.0630]",0.31896716356277466,2024-08-11-13-07-09/SITE747_ORNT0_VIS6mi.png
1,0,"[0.1657, 0.2188, 0.1741, 0.1647, 0.1005, 0.0630, 0.0468, 0.0473, 0.0066, 0.0125]",0.21878349781036377,2024-12-27-14-55-32/SITE556_ORNT223_VIS1-75mi.png
4,6,"[0.0239, 0.0731, 0.1289, 0.1698, 0.1716, 0.1456, 0.1469, 0.1078, 0.0236, 0.0088]",0.1716395914554596,2024-09-20-16-20-08/SITE58_ORNT245_VIS7mi.png
9,9,"[0.0065, 0.0100, 0.0319, 0.0286, 0.0230, 0.0374, 0.0387, 0.0721, 0.0250, 0.7269]",0.7269484996795654,2025-01-15-12-14-16/SITE683_ORNT90_VIS10+mi.png
9,9,"[0.0220, 0.0250, 0.0669, 0.0359, 0.0317, 0.0348, 0.0286, 0.0595, 0.0196, 0.6758]",0.6758257150650024,2025-01-15-15-33-17/SITE10_ORNT255_VIS10+mi.png
1,3,"[0.1612, 0.2809, 0.1884, 0.1648, 0.0902, 0.0561, 0.0276, 0.0255, 0.0043, 0.0011]",0.2809019386768341,2024-07-14-13-28-24/SITE58_ORNT245_VIS4mi.png
9,9,"[0.0045, 0.0057, 0.0134, 0.0098, 0.0066, 0.0170, 0.0103, 0.0196, 0.0164, 0.8965]",0.8965429663658142,2025-04-11-14-52-32/SITE579_ORNT210_VIS10+mi.png
2,4,"[0.0898, 0.2058, 0.2182, 0.0914, 0.1292, 0.1281, 0.0392, 0.0487, 0.0429, 0.0067]",0.2182261347770691,2024-10-19-10-55-55/SITE334_ORNT325_VIS5mi.png
5,7,"[0.0295, 0.0615, 0.1317, 0.0956, 0.1161, 0.1734, 0.1467, 0.0904, 0.0216, 0.1336]",0.17337200045585632,2025-02-10-14-47-56/SITE128_ORNT303_VIS8mi.png
6,0,"[0.0130, 0.0463, 0.0982, 0.1477, 0.1713, 0.1590, 0.1884, 0.1297, 0.0342, 0.0120]",0.18842847645282745,2024-07-14-16-38-50/SITE81_ORNT326_VIS1mi.png
9,9,"[0.0086, 0.0156, 0.0350, 0.0517, 0.0457, 0.0810, 0.1067, 0.1084, 0.0391, 0.5081]",0.5080990791320801,2025-03-26-14-35-40/SITE571_ORNT224_VIS10+mi.png
2,9,"[0.0420, 0.0977, 0.1596, 0.1371, 0.1451, 0.1205, 0.0675, 0.1198, 0.0556, 0.0552]",0.15956060588359833,2025-03-31-13-29-12/SITE327_ORNT45_VIS15mi.png
8,8,"[0.0011, 0.0040, 0.0100, 0.0127, 0.0202, 0.0455, 0.0321, 0.0384, 0.7400, 0.0959]",0.7400220632553101,2025-03-31-15-41-11/SITE367_ORNT110_VIS9mi.png
1,2,"[0.1279, 0.2245, 0.1826, 0.1821, 0.1056, 0.0703, 0.0495, 0.0437, 0.0069, 0.0069]",0.22445303201675415,2024-07-18-11-32-15/SITE125_ORNT35_VIS3mi.png
6,9,"[0.0087, 0.0206, 0.0634, 0.0942, 0.1292, 0.1326, 0.2346, 0.2142, 0.0441, 0.0584]",0.2345735728740692,2024-10-13-15-24-41/SITE95_ORNT67_VIS10+mi.png
7,4,"[0.0057, 0.0138, 0.0471, 0.0960, 0.1124, 0.0993, 0.1572, 0.2847, 0.0904, 0.0934]",0.28467345237731934,2024-07-22-20-17-56/SITE19_ORNT60_VIS5mi.png
2,5,"[0.0650, 0.1097, 0.1837, 0.1483, 0.1228, 0.1030, 0.0880, 0.0983, 0.0206, 0.0607]",0.18368059396743774,2025-04-13-19-09-12/SITE156_ORNT247_VIS6mi.png
8,8,"[0.0006, 0.0026, 0.0066, 0.0081, 0.0148, 0.0349, 0.0246, 0.0245, 0.8360, 0.0473]",0.8360072374343872,2024-09-29-15-43-38/SITE480_ORNT140_VIS9mi.png
5,4,"[0.0246, 0.0942, 0.1864, 0.0927, 0.1797, 0.2096, 0.0640, 0.0660, 0.0770, 0.0057]",0.20961572229862213,2024-08-19-10-27-18/SITE401_ORNT350_VIS5mi.png
2,2,"[0.1043, 0.1615, 0.1684, 0.1664, 0.1159, 0.0728, 0.0593, 0.0987, 0.0195, 0.0332]",0.1684303879737854,2025-02-04-15-47-48/SITE194_ORNT237_VIS3mi.png
1,1,"[0.1608, 0.2622, 0.1793, 0.1723, 0.0936, 0.0593, 0.0348, 0.0310, 0.0044, 0.0022]",0.2621961534023285,2024-06-14-14-13-33/SITE215_ORNT235_VIS2mi.png
1,4,"[0.1304, 0.2692, 0.2029, 0.1462, 0.1029, 0.0770, 0.0329, 0.0290, 0.0082, 0.0014]",0.2691710591316223,2024-09-07-11-42-21/SITE10_ORNT10_VIS5mi.png
2,0,"[0.1023, 0.2095, 0.2128, 0.1016, 0.1302, 0.1169, 0.0414, 0.0491, 0.0301, 0.0061]",0.21280619502067566,2025-02-16-12-49-10/SITE355_ORNT130_VIS1-25mi.png
9,7,"[0.0292, 0.0403, 0.1040, 0.0741, 0.0597, 0.0737, 0.0567, 0.0835, 0.0209, 0.4580]",0.4579615890979767,2025-02-02-12-13-03/SITE272_ORNT130_VIS8mi.png
7,6,"[0.0055, 0.0128, 0.0428, 0.0809, 0.0811, 0.0866, 0.1703, 0.2422, 0.0566, 0.2211]",0.24215009808540344,2024-05-01-16-21-18/SITE575_ORNT145_VIS7mi.png
3,1,"[0.0448, 0.1417, 0.1669, 0.1961, 0.1641, 0.1264, 0.0862, 0.0575, 0.0133, 0.0029]",0.19612053036689758,2024-08-01-10-54-34/SITE239_ORNT110_VIS2mi.png
2,2,"[0.0892, 0.2100, 0.2173, 0.0892, 0.1337, 0.1329, 0.0398, 0.0464, 0.0376, 0.0039]",0.21728459000587463,2025-01-23-15-05-27/SITE358_ORNT290_VIS3mi.png
2,0,"[0.0707, 0.1363, 0.2004, 0.1475, 0.1342, 0.1215, 0.0885, 0.0666, 0.0132, 0.0211]",0.2003599852323532,2025-01-15-15-33-17/SITE186_ORNT110_VIS1-75mi.png
2,0,"[0.0787, 0.1851, 0.2015, 0.1250, 0.1402, 0.1192, 0.0482, 0.0618, 0.0317, 0.0085]",0.20149479806423187,2025-03-15-15-41-34/SITE352_ORNT175_VIS1mi.png
3,5,"[0.0430, 0.1267, 0.1561, 0.1959, 0.1662, 0.1260, 0.1015, 0.0670, 0.0131, 0.0046]",0.19588308036327362,2024-07-14-10-21-23/SITE12_ORNT270_VIS6mi.png
9,6,"[0.0146, 0.0261, 0.0729, 0.0911, 0.0931, 0.1046, 0.1349, 0.1709, 0.0325, 0.2593]",0.25926473736763,2024-08-02-10-36-13/SITE569_ORNT276_VIS7mi.png
9,4,"[0.0504, 0.0686, 0.1622, 0.1036, 0.1064, 0.1090, 0.0887, 0.1070, 0.0253, 0.1789]",0.1789196878671646,2025-05-10-19-27-56/SITE13_ORNT85_VIS5mi.png
1,2,"[0.1085, 0.2349, 0.1745, 0.2001, 0.1173, 0.0756, 0.0440, 0.0368, 0.0064, 0.0019]",0.23492270708084106,2024-06-17-19-22-23/SITE84_ORNT336_VIS3mi.png
3,5,"[0.0267, 0.0841, 0.1436, 0.1672, 0.1667, 0.1495, 0.1401, 0.0915, 0.0220, 0.0087]",0.1671668440103531,2024-08-02-20-27-22/SITE171_ORNT315_VIS6mi.png
1,0,"[0.2478, 0.2593, 0.1684, 0.1286, 0.0721, 0.0401, 0.0286, 0.0391, 0.0057, 0.0103]",0.25933295488357544,2025-02-17-14-46-26/SITE241_ORNT214_VIS1-5mi.png
7,7,"[0.0028, 0.0099, 0.0263, 0.0917, 0.1088, 0.1061, 0.1990, 0.2378, 0.1655, 0.0521]",0.23775556683540344,2024-06-10-18-34-10/SITE26_ORNT250_VIS8mi.png
2,4,"[0.0377, 0.0760, 0.1557, 0.1015, 0.1287, 0.1198, 0.0689, 0.1298, 0.0663, 0.1156]",0.15566176176071167,2025-03-03-11-33-30/SITE411_ORNT280_VIS5mi.png
2,2,"[0.0827, 0.1352, 0.1775, 0.1312, 0.1299, 0.0959, 0.0625, 0.1022, 0.0309, 0.0520]",0.17753100395202637,2025-03-02-13-12-40/SITE15_ORNT170_VIS3mi.png
9,9,"[0.0080, 0.0136, 0.0513, 0.0534, 0.0443, 0.0531, 0.0692, 0.1392, 0.0404, 0.5275]",0.5275008082389832,2025-03-15-15-41-34/SITE563_ORNT135_VIS10+mi.png
9,3,"[0.0356, 0.0602, 0.1526, 0.0997, 0.0768, 0.0788, 0.0591, 0.1052, 0.0379, 0.2943]",0.29427701234817505,2025-02-04-15-47-48/SITE658_ORNT305_VIS4mi.png
2,0,"[0.1268, 0.1786, 0.1894, 0.1363, 0.1054, 0.0777, 0.0534, 0.0739, 0.0204, 0.0381]",0.18942497670650482,2025-01-31-13-49-43/SITE239_ORNT110_VIS1-75mi.png
7,6,"[0.0061, 0.0149, 0.0496, 0.0965, 0.1114, 0.1016, 0.1763, 0.2718, 0.0729, 0.0988]",0.2718469202518463,2024-07-18-14-04-18/SITE22_ORNT0_VIS7mi.png
1,1,"[0.1818, 0.2870, 0.1712, 0.1779, 0.0830, 0.0460, 0.0247, 0.0240, 0.0036, 0.0009]",0.28698766231536865,2024-07-27-10-27-08/SITE132_ORNT141_VIS2mi.png
1,1,"[0.1012, 0.2294, 0.1620, 0.2134, 0.1233, 0.0763, 0.0482, 0.0387, 0.0059, 0.0016]",0.2293882668018341,2024-07-14-16-38-50/SITE420_ORNT275_VIS2-5mi.png
1,2,"[0.0915, 0.2310, 0.1879, 0.1847, 0.1299, 0.0879, 0.0431, 0.0349, 0.0080, 0.0011]",0.23101623356342316,2024-08-18-13-20-24/SITE33_ORNT90_VIS3mi.png
2,2,"[0.0624, 0.1471, 0.1900, 0.1398, 0.1526, 0.1452, 0.0895, 0.0565, 0.0122, 0.0047]",0.19002561271190643,2024-07-18-11-32-15/SITE105_ORNT28_VIS3mi.png
1,0,"[0.2849, 0.2857, 0.2043, 0.0869, 0.0553, 0.0385, 0.0175, 0.0193, 0.0037, 0.0040]",0.2857034504413605,2025-02-01-17-30-02/SITE75_ORNT170_VIS1mi.png
9,9,"[0.0040, 0.0070, 0.0226, 0.0293, 0.0182, 0.0222, 0.0290, 0.0805, 0.0472, 0.7401]",0.7401312589645386,2024-12-29-16-00-12/SITE545_ORNT95_VIS10+mi.png
1,0,"[0.1107, 0.2268, 0.1704, 0.2046, 0.1176, 0.0721, 0.0462, 0.0421, 0.0070, 0.0026]",0.22675195336341858,2024-07-04-13-27-11/SITE43_ORNT190_VIS1-25mi.png
8,8,"[0.0004, 0.0018, 0.0034, 0.0030, 0.0052, 0.0217, 0.0175, 0.0061, 0.8647, 0.0763]",0.8646588325500488,2024-08-02-20-27-22/SITE336_ORNT180_VIS9mi.png
8,8,"[0.0006, 0.0028, 0.0068, 0.0078, 0.0157, 0.0415, 0.0259, 0.0221, 0.8464, 0.0305]",0.8463982343673706,2024-08-30-10-00-55/SITE424_ORNT180_VIS9mi.png
9,7,"[0.0091, 0.0138, 0.0466, 0.0466, 0.0338, 0.0400, 0.0444, 0.1049, 0.0346, 0.6261]",0.6261056065559387,2025-02-11-14-30-47/SITE683_ORNT240_VIS8mi.png
9,2,"[0.0077, 0.0114, 0.0395, 0.0353, 0.0266, 0.0349, 0.0378, 0.0869, 0.0258, 0.6941]",0.6941343545913696,2025-03-18-13-52-55/SITE59_ORNT10_VIS3mi.png
8,2,"[0.0026, 0.0117, 0.0335, 0.0285, 0.0706, 0.1392, 0.0636, 0.0669, 0.5617, 0.0218]",0.5616839528083801,2024-07-02-16-22-41/SITE340_ORNT330_VIS3mi.png
5,5,"[0.0079, 0.0219, 0.0204, 0.0293, 0.0654, 0.4585, 0.2895, 0.0300, 0.0081, 0.0689]",0.4585404694080353,2025-03-17-19-09-03/SITE22_ORNT285_VIS6mi.png
0,1,"[0.3537, 0.2826, 0.1402, 0.1028, 0.0499, 0.0242, 0.0168, 0.0229, 0.0031, 0.0037]",0.35374605655670166,2025-02-05-13-59-56/SITE230_ORNT214_VIS2-5mi.png
1,9,"[0.1753, 0.2139, 0.1805, 0.1491, 0.0881, 0.0520, 0.0418, 0.0619, 0.0096, 0.0279]",0.21391966938972473,2025-04-02-15-05-32/SITE35_ORNT258_VIS10+mi.png
4,6,"[0.0233, 0.0836, 0.1519, 0.1561, 0.1734, 0.1661, 0.1456, 0.0769, 0.0189, 0.0041]",0.1733856052160263,2024-10-06-12-31-10/SITE73_ORNT110_VIS7mi.png
1,7,"[0.2335, 0.3046, 0.1778, 0.1470, 0.0628, 0.0348, 0.0183, 0.0177, 0.0028, 0.0007]",0.3046133816242218,2024-07-23-10-10-08/SITE258_ORNT325_VIS8mi.png
5,7,"[0.0176, 0.0739, 0.1660, 0.0611, 0.1747, 0.2429, 0.0569, 0.0676, 0.1322, 0.0071]",0.24292872846126556,2024-06-07-11-09-12/SITE397_ORNT270_VIS8mi.png
3,0,"[0.0599, 0.1621, 0.1526, 0.2128, 0.1545, 0.1067, 0.0816, 0.0567, 0.0098, 0.0034]",0.21278293430805206,2024-08-29-17-58-30/SITE5_ORNT320_VIS1mi.png
8,9,"[0.0020, 0.0083, 0.0244, 0.0254, 0.0547, 0.1044, 0.0584, 0.0750, 0.5947, 0.0527]",0.5947038531303406,2025-03-26-12-24-08/SITE467_ORNT225_VIS15mi.png
7,5,"[0.0048, 0.0140, 0.0461, 0.0959, 0.1259, 0.1181, 0.2301, 0.2588, 0.0573, 0.0489]",0.25876230001449585,2024-08-02-10-36-13/SITE262_ORNT290_VIS6mi.png
8,8,"[0.0096, 0.0253, 0.0888, 0.0707, 0.0982, 0.1363, 0.0842, 0.1405, 0.1955, 0.1508]",0.19554203748703003,2024-08-16-20-03-50/SITE301_ORNT343_VIS9mi.png
3,3,"[0.0596, 0.1698, 0.1695, 0.2039, 0.1533, 0.1094, 0.0726, 0.0498, 0.0097, 0.0024]",0.20390461385250092,2024-07-26-10-22-16/SITE240_ORNT48_VIS4mi.png
2,5,"[0.0953, 0.1650, 0.2037, 0.1529, 0.1224, 0.0984, 0.0678, 0.0617, 0.0123, 0.0206]",0.2036582976579666,2024-12-20-15-16-09/SITE40_ORNT295_VIS6mi.png
8,8,"[0.0012, 0.0048, 0.0139, 0.0232, 0.0335, 0.0601, 0.0452, 0.0662, 0.6940, 0.0578]",0.694011390209198,2024-12-03-11-18-04/SITE301_ORNT275_VIS9mi.png
1,0,"[0.2195, 0.3077, 0.1862, 0.1434, 0.0651, 0.0380, 0.0190, 0.0173, 0.0031, 0.0006]",0.30771252512931824,2024-05-01-16-21-18/SITE91_ORNT195_VIS1mi.png
3,3,"[0.0666, 0.1849, 0.1437, 0.2269, 0.1486, 0.0990, 0.0731, 0.0477, 0.0075, 0.0021]",0.22694143652915955,2024-07-14-16-38-50/SITE8_ORNT220_VIS4mi.png
8,7,"[0.0040, 0.0172, 0.0367, 0.0198, 0.0666, 0.1485, 0.0439, 0.0366, 0.6078, 0.0190]",0.607768177986145,2025-02-14-15-24-27/SITE490_ORNT110_VIS8mi.png
7,6,"[0.0065, 0.0162, 0.0517, 0.1035, 0.1246, 0.1135, 0.1933, 0.2634, 0.0584, 0.0691]",0.2633506953716278,2024-08-11-13-07-09/SITE446_ORNT165_VIS7mi.png
1,2,"[0.1068, 0.2259, 0.1669, 0.2084, 0.1188, 0.0740, 0.0494, 0.0413, 0.0060, 0.0024]",0.2258763313293457,2024-07-14-13-28-24/SITE7_ORNT221_VIS3mi.png
9,9,"[0.0122, 0.0154, 0.0417, 0.0249, 0.0209, 0.0322, 0.0231, 0.0418, 0.0169, 0.7708]",0.7708490490913391,2025-01-26-15-53-06/SITE574_ORNT70_VIS10+mi.png
1,2,"[0.0877, 0.2126, 0.1874, 0.1914, 0.1299, 0.0902, 0.0514, 0.0397, 0.0076, 0.0021]",0.21263383328914642,2024-08-30-17-21-54/SITE117_ORNT320_VIS3mi.png
1,2,"[0.1503, 0.2511, 0.1958, 0.1585, 0.1007, 0.0677, 0.0343, 0.0326, 0.0060, 0.0029]",0.25110116600990295,2025-03-18-13-52-55/SITE542_ORNT80_VIS3mi.png
7,1,"[0.0410, 0.0670, 0.1192, 0.1572, 0.1455, 0.1046, 0.1056, 0.1716, 0.0325, 0.0559]",0.17159175872802734,2024-06-14-14-13-33/SITE179_ORNT230_VIS2mi.png
2,3,"[0.0354, 0.0669, 0.1641, 0.1115, 0.1332, 0.1507, 0.1466, 0.1125, 0.0267, 0.0524]",0.16413336992263794,2025-03-03-11-33-30/SITE13_ORNT85_VIS4mi.png
7,5,"[0.0191, 0.0368, 0.1032, 0.1178, 0.1120, 0.1043, 0.1159, 0.1862, 0.0463, 0.1584]",0.18617035448551178,2025-04-13-19-09-12/SITE622_ORNT50_VIS6mi.png
3,4,"[0.0360, 0.0936, 0.1575, 0.1648, 0.1568, 0.1357, 0.1148, 0.0986, 0.0255, 0.0167]",0.1647663116455078,2024-06-20-11-19-17/SITE253_ORNT325_VIS5mi.png
1,3,"[0.1115, 0.2027, 0.1846, 0.1744, 0.1183, 0.0817, 0.0537, 0.0530, 0.0104, 0.0096]",0.20267336070537567,2024-05-08-14-34-39/SITE616_ORNT270_VIS4mi.png
1,6,"[0.0941, 0.2201, 0.1730, 0.2050, 0.1270, 0.0828, 0.0481, 0.0403, 0.0077, 0.0019]",0.22006292641162872,2024-08-31-14-30-34/SITE186_ORNT275_VIS7mi.png
9,8,"[0.0317, 0.0513, 0.1222, 0.0385, 0.0662, 0.0986, 0.0409, 0.0670, 0.1158, 0.3678]",0.36776790022850037,2025-02-01-12-44-07/SITE363_ORNT285_VIS9mi.png
1,1,"[0.1208, 0.1824, 0.1744, 0.1710, 0.1146, 0.0713, 0.0551, 0.0771, 0.0139, 0.0195]",0.18235155940055847,2025-04-01-16-59-16/SITE6_ORNT355_VIS2mi.png
1,0,"[0.2221, 0.2575, 0.1487, 0.1612, 0.0807, 0.0421, 0.0323, 0.0426, 0.0054, 0.0073]",0.25753676891326904,2025-01-17-15-10-02/SITE438_ORNT30_VIS1-5mi.png
6,7,"[0.0163, 0.0443, 0.0978, 0.1527, 0.1625, 0.1387, 0.1662, 0.1613, 0.0333, 0.0268]",0.1661926805973053,2024-09-15-16-06-51/SITE446_ORNT101_VIS8mi.png
2,1,"[0.0721, 0.1589, 0.1851, 0.1797, 0.1384, 0.1020, 0.0704, 0.0666, 0.0151, 0.0117]",0.18510481715202332,2024-05-08-14-34-39/SITE735_ORNT170_VIS2mi.png
9,9,"[0.0022, 0.0056, 0.0110, 0.0148, 0.0097, 0.0211, 0.0239, 0.0242, 0.2117, 0.6757]",0.6757248640060425,2025-02-10-14-47-56/SITE426_ORNT130_VIS30mi.png
9,6,"[0.0089, 0.0173, 0.0596, 0.0698, 0.0701, 0.0889, 0.1320, 0.1713, 0.0398, 0.3423]",0.3423369526863098,2024-07-24-16-43-44/SITE747_ORNT315_VIS7mi.png
7,1,"[0.0226, 0.0487, 0.1212, 0.1295, 0.1326, 0.1209, 0.1107, 0.1663, 0.0474, 0.1001]",0.16631831228733063,2024-06-06-10-38-22/SITE58_ORNT245_VIS2-5mi.png
9,5,"[0.0092, 0.0142, 0.0503, 0.0440, 0.0337, 0.0449, 0.0471, 0.1005, 0.0316, 0.6245]",0.6245226860046387,2025-03-28-10-38-15/SITE606_ORNT180_VIS6mi.png
9,4,"[0.0161, 0.0274, 0.0824, 0.0815, 0.0876, 0.1085, 0.1327, 0.1463, 0.0304, 0.2871]",0.2870795428752899,2025-03-04-14-20-15/SITE205_ORNT230_VIS5mi.png
4,5,"[0.0221, 0.0758, 0.1219, 0.1732, 0.1853, 0.1481, 0.1529, 0.0949, 0.0216, 0.0042]",0.18532150983810425,2024-07-25-18-03-52/SITE22_ORNT190_VIS6mi.png
4,7,"[0.0229, 0.0750, 0.1192, 0.1799, 0.1872, 0.1434, 0.1435, 0.1008, 0.0232, 0.0049]",0.18716461956501007,2024-10-10-15-17-15/SITE17_ORNT95_VIS8mi.png
2,2,"[0.0482, 0.0881, 0.1835, 0.1283, 0.1273, 0.1260, 0.0964, 0.0989, 0.0302, 0.0731]",0.1835487186908722,2025-02-05-13-59-56/SITE18_ORNT135_VIS3mi.png
9,2,"[0.0109, 0.0280, 0.0864, 0.0579, 0.0801, 0.1222, 0.0600, 0.1067, 0.2007, 0.2472]",0.24724522233009338,2025-02-01-12-44-07/SITE460_ORNT165_VIS3mi.png
1,3,"[0.1241, 0.2239, 0.1653, 0.2030, 0.1141, 0.0657, 0.0452, 0.0476, 0.0073, 0.0038]",0.2239236682653427,2024-07-07-15-01-32/SITE179_ORNT185_VIS4mi.png
7,7,"[0.0415, 0.0690, 0.1330, 0.1327, 0.1166, 0.0888, 0.0837, 0.1591, 0.0386, 0.1370]",0.1591143012046814,2025-04-10-17-56-44/SITE217_ORNT100_VIS8mi.png
7,5,"[0.0101, 0.0233, 0.0723, 0.0989, 0.1125, 0.1212, 0.1844, 0.1999, 0.0428, 0.1345]",0.19988125562667847,2024-08-24-10-27-52/SITE253_ORNT65_VIS6mi.png
9,3,"[0.0346, 0.0464, 0.1057, 0.1021, 0.0827, 0.0812, 0.0930, 0.1324, 0.0191, 0.3026]",0.302628755569458,2025-02-15-16-53-20/SITE802_ORNT315_VIS4mi.png
3,4,"[0.0521, 0.1548, 0.1651, 0.2023, 0.1607, 0.1169, 0.0800, 0.0544, 0.0112, 0.0025]",0.20229528844356537,2024-07-18-14-04-18/SITE40_ORNT295_VIS5mi.png
9,9,"[0.0053, 0.0062, 0.0092, 0.0043, 0.0028, 0.0131, 0.0047, 0.0065, 0.0095, 0.9383]",0.9382700324058533,2025-03-26-12-24-08/SITE82_ORNT302_VIS10+mi.png
7,6,"[0.0055, 0.0133, 0.0494, 0.0883, 0.0935, 0.0896, 0.1404, 0.2724, 0.0872, 0.1605]",0.2723791301250458,2024-05-27-19-19-47/SITE411_ORNT220_VIS7mi.png
9,5,"[0.0265, 0.0438, 0.1270, 0.0948, 0.0898, 0.0943, 0.0853, 0.1279, 0.0378, 0.2727]",0.2726988196372986,2025-02-01-17-30-02/SITE24_ORNT120_VIS6mi.png
3,3,"[0.0392, 0.1025, 0.1511, 0.1747, 0.1623, 0.1329, 0.1221, 0.0860, 0.0166, 0.0125]",0.17473335564136505,2024-08-31-14-30-34/SITE194_ORNT145_VIS4mi.png
9,9,"[0.0296, 0.0444, 0.1130, 0.0437, 0.0559, 0.0743, 0.0380, 0.0680, 0.0608, 0.4723]",0.4723498225212097,2025-03-17-19-09-03/SITE24_ORNT120_VIS10+mi.png
3,2,"[0.0493, 0.1195, 0.1448, 0.2019, 0.1576, 0.1099, 0.1018, 0.0895, 0.0153, 0.0103]",0.2019037902355194,2024-06-13-13-46-47/SITE115_ORNT287_VIS3mi.png
1,2,"[0.2011, 0.2897, 0.1842, 0.1542, 0.0758, 0.0443, 0.0230, 0.0228, 0.0036, 0.0013]",0.28973960876464844,2024-07-28-11-17-19/SITE119_ORNT275_VIS3mi.png
4,2,"[0.0149, 0.0463, 0.0929, 0.1631, 0.1800, 0.1468, 0.1763, 0.1412, 0.0294, 0.0091]",0.18003758788108826,2024-09-07-13-37-18/SITE58_ORNT175_VIS3mi.png
2,8,"[0.0601, 0.1075, 0.1917, 0.1379, 0.1226, 0.1085, 0.0778, 0.0985, 0.0291, 0.0663]",0.19166254997253418,2024-05-08-14-34-39/SITE239_ORNT110_VIS9mi.png
5,6,"[0.0097, 0.0321, 0.1051, 0.0757, 0.1490, 0.1826, 0.0887, 0.1469, 0.1672, 0.0429]",0.18260081112384796,2024-07-23-13-08-12/SITE486_ORNT220_VIS7mi.png
9,9,"[0.0126, 0.0188, 0.0601, 0.0516, 0.0435, 0.0502, 0.0505, 0.0982, 0.0328, 0.5817]",0.5817000269889832,2024-10-10-15-17-15/SITE648_ORNT65_VIS10+mi.png
9,6,"[0.0058, 0.0114, 0.0345, 0.0607, 0.0457, 0.0550, 0.0898, 0.1585, 0.0687, 0.4699]",0.46994274854660034,2024-05-30-17-47-26/SITE22_ORNT190_VIS7mi.png
9,9,"[0.0120, 0.0162, 0.0469, 0.0283, 0.0243, 0.0313, 0.0242, 0.0543, 0.0316, 0.7308]",0.7308385372161865,2025-02-15-15-20-00/SITE579_ORNT75_VIS10+mi.png
2,3,"[0.0830, 0.1834, 0.1887, 0.1861, 0.1289, 0.0943, 0.0650, 0.0536, 0.0107, 0.0063]",0.18867959082126617,2024-12-10-14-08-09/SITE98_ORNT80_VIS4mi.png
1,0,"[0.1325, 0.2270, 0.1992, 0.1628, 0.1064, 0.0755, 0.0453, 0.0391, 0.0065, 0.0058]",0.22699375450611115,2025-03-02-13-12-40/SITE7_ORNT312_VIS1-75mi.png
1,2,"[0.2261, 0.3045, 0.1699, 0.1555, 0.0651, 0.0363, 0.0199, 0.0189, 0.0028, 0.0010]",0.30446380376815796,2024-07-07-20-11-04/SITE66_ORNT323_VIS3mi.png
6,4,"[0.0146, 0.0415, 0.0902, 0.1490, 0.1621, 0.1451, 0.1822, 0.1577, 0.0318, 0.0260]",0.1821582168340683,2024-07-05-10-36-13/SITE203_ORNT220_VIS5mi.png
2,3,"[0.0855, 0.1407, 0.1948, 0.1490, 0.1231, 0.1066, 0.0822, 0.0696, 0.0124, 0.0360]",0.19483047723770142,2025-04-01-16-59-16/SITE111_ORNT246_VIS4mi.png
