view,reference,source,visibility_mi,brightness,candidates
SITE100_ORNT140,2025-03-05-12-08-53\SITE100_ORNT140_VIS10+mi.png,pool,10.0,0.617,44
SITE100_ORNT210,2025-03-03-11-33-30\SITE100_ORNT210_VIS10+mi.png,pool,10.0,0.6037,46
SITE100_ORNT280,2025-01-26-13-23-03\SITE100_ORNT280_VIS10+mi.png,pool,10.0,0.6224,50
SITE100_ORNT65,2025-03-05-12-08-53\SITE100_ORNT65_VIS10+mi.png,pool,10.0,0.576,50
SITE104_ORNT150,2025-02-19-12-18-05\SITE104_ORNT150_VIS10+mi.png,pool,10.0,0.617,41
SITE104_ORNT270,2025-01-29-12-01-12\SITE104_ORNT270_VIS10+mi.png,pool,10.0,0.6305,45
SITE104_ORNT325,2025-01-26-15-53-06\SITE104_ORNT325_VIS10+mi.png,pool,10.0,0.6454,44
SITE105_ORNT143,2025-03-26-12-24-08\SITE105_ORNT143_VIS10+mi.png,pool,10.0,0.5336,44
SITE105_ORNT210,2025-02-19-12-18-05\SITE105_ORNT210_VIS10+mi.png,pool,10.0,0.5741,51
SITE105_ORNT28,2025-02-04-15-47-48\SITE105_ORNT28_VIS10+mi.png,pool,10.0,0.6008,51
SITE105_ORNT90,2025-02-01-17-30-02\SITE105_ORNT90_VIS10+mi.png,pool,10.0,0.5645,47
SITE106_ORNT12,2025-03-02-13-12-40\SITE106_ORNT12_VIS10+mi.png,pool,10.0,0.5618,37
SITE106_ORNT213,2024-10-11-15-41-13\SITE106_ORNT213_VIS10+mi.png,pool,10.0,0.5913,39
SITE106_ORNT280,2025-02-19-12-18-05\SITE106_ORNT280_VIS10+mi.png,pool,10.0,0.6045,39
SITE106_ORNT94,2025-03-04-14-20-15\SITE106_ORNT94_VIS10+mi.png,pool,10.0,0.6233,35
SITE10_ORNT10,2025-03-02-13-12-40\SITE10_ORNT10_VIS10+mi.png,pool,10.0,0.6122,53
SITE10_ORNT175,2024-12-27-14-55-32\SITE10_ORNT175_VIS10+mi.png,pool,10.0,0.6233,52
SITE10_ORNT255,2025-04-13-19-09-12\SITE10_ORNT255_VIS10+mi.png,pool,10.0,0.6146,62
SITE10_ORNT90,2025-03-02-13-12-40\SITE10_ORNT90_VIS10+mi.png,pool,10.0,0.603,53
SITE111_ORNT181,2025-04-10-17-56-44\SITE111_ORNT181_VIS10+mi.png,pool,10.0,0.6819,47
SITE111_ORNT246,2024-12-17-16-15-56/SITE111_ORNT246_VIS10+mi.png,dataset,10.0,0.6238,47
SITE111_ORNT336,2024-12-10-14-08-09\SITE111_ORNT336_VIS10+mi.png,pool,10.0,0.6426,46
SITE111_ORNT61,2024-12-23-15-38-40\SITE111_ORNT61_VIS10+mi.png,pool,10.0,0.6218,41
SITE115_ORNT115,2025-04-11-14-52-32\SITE115_ORNT115_VIS10+mi.png,pool,10.0,0.7476,44
SITE115_ORNT219,2025-04-14-19-44-02\SITE115_ORNT219_VIS10+mi.png,pool,10.0,0.7093,49
SITE115_ORNT287,2025-04-14-19-44-02\SITE115_ORNT287_VIS10+mi.png,pool,10.0,0.6166,50
SITE115_ORNT36,2025-03-15-15-41-34\SITE115_ORNT36_VIS10+mi.png,pool,10.0,0.6479,44
SITE116_ORNT108,2025-03-17-19-09-03\SITE116_ORNT108_VIS10+mi.png,pool,10.0,0.5641,47
SITE116_ORNT179,2025-03-26-14-35-40\SITE116_ORNT179_VIS10+mi.png,pool,10.0,0.6292,48
SITE116_ORNT277,2025-02-17-14-46-26\SITE116_ORNT277_VIS10+mi.png,pool,10.0,0.623,54
SITE116_ORNT3,2025-02-16-12-49-10\SITE116_ORNT3_VIS10+mi.png,pool,10.0,0.6554,48
SITE117_ORNT128,2024-12-09-12-13-38\SITE117_ORNT128_VIS10+mi.png,pool,10.0,0.6351,48
SITE117_ORNT165,2025-02-19-12-18-05\SITE117_ORNT165_VIS10+mi.png,pool,10.0,0.6206,53
SITE117_ORNT320,2025-04-10-17-56-44\SITE117_ORNT320_VIS10+mi.png,pool,10.0,0.6334,69
SITE117_ORNT43,2025-01-31-13-49-43\SITE117_ORNT43_VIS10+mi.png,pool,10.0,0.6041,48
SITE119_ORNT13,2025-02-15-16-53-20\SITE119_ORNT13_VIS10+mi.png,pool,10.0,0.6227,48
SITE119_ORNT157,2025-03-04-14-20-15\SITE119_ORNT157_VIS10+mi.png,pool,10.0,0.7308,39
SITE119_ORNT275,2025-02-15-15-20-00\SITE119_ORNT275_VIS10+mi.png,pool,10.0,0.6916,46
SITE119_ORNT96,2025-03-02-13-12-40\SITE119_ORNT96_VIS10+mi.png,pool,10.0,0.5989,42
SITE11_ORNT253,2025-03-05-12-08-53\SITE11_ORNT253_VIS10+mi.png,pool,10.0,0.6688,47
SITE11_ORNT308,2024-12-10-14-08-09\SITE11_ORNT308_VIS10+mi.png,pool,10.0,0.6805,52
SITE11_ORNT60,2025-01-17-15-10-02\SITE11_ORNT60_VIS10+mi.png,pool,10.0,0.6115,29
SITE123_ORNT277,2025-03-26-12-24-08\SITE123_ORNT277_VIS10+mi.png,pool,10.0,0.6715,48
SITE123_ORNT343,2024-09-15-16-06-51\SITE123_ORNT343_VIS2-5mi.png,pool,2.5,0.5445,1
SITE123_ORNT67,2025-02-04-15-47-48\SITE123_ORNT67_VIS10+mi.png,pool,10.0,0.6443,46
SITE125_ORNT190,2025-02-27-11-22-46\SITE125_ORNT190_VIS10+mi.png,pool,10.0,0.6086,43
SITE125_ORNT235,2024-12-16-12-39-30\SITE125_ORNT235_VIS10+mi.png,pool,10.0,0.6507,40
SITE125_ORNT35,2024-10-13-12-27-42\SITE125_ORNT35_VIS10+mi.png,pool,10.0,0.6239,45
SITE127_ORNT114,2025-03-17-19-09-03\SITE127_ORNT114_VIS10+mi.png,pool,10.0,0.606,44
SITE127_ORNT206,2025-03-02-13-12-40\SITE127_ORNT206_VIS10+mi.png,pool,10.0,0.6235,49
SITE127_ORNT272,2025-03-04-14-20-15\SITE127_ORNT272_VIS10+mi.png,pool,10.0,0.6126,52
SITE127_ORNT30,2024-12-29-16-00-12\SITE127_ORNT30_VIS10+mi.png,pool,10.0,0.6455,47
SITE128_ORNT135,2025-03-15-15-41-34\SITE128_ORNT135_VIS10+mi.png,pool,10.0,0.5991,42
SITE128_ORNT242,2025-02-16-12-49-10\SITE128_ORNT242_VIS10+mi.png,pool,10.0,0.6135,45
SITE128_ORNT303,2025-01-17-15-10-02\SITE128_ORNT303_VIS10+mi.png,pool,10.0,0.6419,47
SITE128_ORNT40,2025-03-15-15-41-34\SITE128_ORNT40_VIS10+mi.png,pool,10.0,0.6027,42
SITE129_ORNT109,2025-04-22-15-39-35\SITE129_ORNT109_VIS10+mi.png,pool,10.0,0.6141,39
SITE129_ORNT169,2025-03-11-17-13-52\SITE129_ORNT169_VIS10+mi.png,pool,10.0,0.666,40
SITE129_ORNT266,2025-03-20-11-55-50\SITE129_ORNT266_VIS10+mi.png,pool,10.0,0.6023,43
SITE129_ORNT356,2025-04-01-16-59-16\SITE129_ORNT356_VIS10+mi.png,pool,10.0,0.5942,39
SITE12_ORNT200,2024-10-13-15-24-41\SITE12_ORNT200_VIS10+mi.png,pool,10.0,0.6694,44
SITE12_ORNT270,2025-03-05-12-08-53\SITE12_ORNT270_VIS10+mi.png,pool,10.0,0.6615,46
SITE12_ORNT5,2025-02-11-14-30-47\SITE12_ORNT5_VIS10+mi.png,pool,10.0,0.5983,47
SITE12_ORNT60,2025-02-10-14-47-56\SITE12_ORNT60_VIS10+mi.png,pool,10.0,0.607,42
SITE132_ORNT141,2025-04-07-16-10-10\SITE132_ORNT141_VIS10+mi.png,pool,10.0,0.7662,16
SITE132_ORNT265,2025-04-13-19-09-12\SITE132_ORNT265_VIS10+mi.png,pool,10.0,0.6627,37
SITE132_ORNT30,2025-02-10-14-47-56\SITE132_ORNT30_VIS10+mi.png,pool,10.0,0.5994,36
SITE132_ORNT305,2025-02-11-14-30-47\SITE132_ORNT305_VIS10+mi.png,pool,10.0,0.6294,37
SITE134_ORNT165,2025-04-13-19-09-12\SITE134_ORNT165_VIS10+mi.png,pool,10.0,0.8365,12
SITE134_ORNT294,2025-04-10-17-56-44\SITE134_ORNT294_VIS10+mi.png,pool,10.0,0.6258,15
SITE134_ORNT5,2025-04-10-17-56-44\SITE134_ORNT5_VIS10+mi.png,pool,10.0,0.6001,16
SITE134_ORNT70,2025-04-10-17-56-44\SITE134_ORNT70_VIS10+mi.png,pool,10.0,0.6294,14
SITE13_ORNT10,2025-04-10-17-56-44\SITE13_ORNT10_VIS10+mi.png,pool,10.0,0.5603,22
SITE13_ORNT185,2025-04-10-17-56-44\SITE13_ORNT185_VIS10+mi.png,pool,10.0,0.744,36
SITE13_ORNT240,2025-03-17-19-09-03\SITE13_ORNT240_VIS10+mi.png,pool,10.0,0.6092,46
SITE13_ORNT85,2025-04-02-15-05-32\SITE13_ORNT85_VIS10+mi.png,pool,10.0,0.6124,47
SITE14_ORNT150,2025-03-20-11-55-50\SITE14_ORNT150_VIS10+mi.png,pool,10.0,0.5862,37
SITE14_ORNT195,2025-01-17-15-10-02\SITE14_ORNT195_VIS10+mi.png,pool,10.0,0.6624,40
SITE14_ORNT240,2025-05-10-19-27-56\SITE14_ORNT240_VIS10+mi.png,pool,10.0,0.6203,41
SITE14_ORNT35,2025-01-31-13-49-43\SITE14_ORNT35_VIS10+mi.png,pool,10.0,0.6027,46
SITE156_ORNT135,2025-03-20-11-55-50\SITE156_ORNT135_VIS10+mi.png,pool,10.0,0.6144,43
SITE156_ORNT247,2025-04-14-19-44-02\SITE156_ORNT247_VIS10+mi.png,pool,10.0,0.5893,45
SITE156_ORNT294,2025-03-20-11-55-50\SITE156_ORNT294_VIS10+mi.png,pool,10.0,0.6327,58
SITE156_ORNT78,2025-03-20-11-55-50\SITE156_ORNT78_VIS10+mi.png,pool,10.0,0.5936,39
SITE15_ORNT170,2025-03-26-12-24-08\SITE15_ORNT170_VIS10+mi.png,pool,10.0,0.6412,48
SITE15_ORNT265,2025-03-11-17-13-52\SITE15_ORNT265_VIS10+mi.png,pool,10.0,0.6757,44
SITE15_ORNT350,2025-03-17-19-09-03\SITE15_ORNT350_VIS10+mi.png,pool,10.0,0.6874,44
SITE15_ORNT90,2025-01-28-16-10-28\SITE15_ORNT90_VIS10+mi.png,pool,10.0,0.6088,43
SITE160_ORNT176,2025-01-15-15-33-17\SITE160_ORNT176_VIS10+mi.png,pool,10.0,0.6859,43
SITE160_ORNT237,2025-03-03-11-33-30\SITE160_ORNT237_VIS10+mi.png,pool,10.0,0.737,51
SITE160_ORNT332,2025-03-02-13-12-40\SITE160_ORNT332_VIS10+mi.png,pool,10.0,0.674,61
SITE160_ORNT79,2025-03-02-11-48-27\SITE160_ORNT79_VIS10+mi.png,pool,10.0,0.6541,47
SITE161_ORNT141,2024-08-02-20-27-22\SITE161_ORNT141_VIS15mi.png,pool,15.0,0.4964,56
SITE161_ORNT192,2025-02-16-12-49-10\SITE161_ORNT192_VIS15mi.png,pool,15.0,0.5599,38
SITE161_ORNT316,2024-12-20-15-16-09\SITE161_ORNT316_VIS15mi.png,pool,15.0,0.5943,55
SITE161_ORNT78,2025-02-14-15-24-27\SITE161_ORNT78_VIS15mi.png,pool,15.0,0.7412,5
SITE164_ORNT144,2025-02-27-11-22-46\SITE164_ORNT144_VIS10+mi.png,pool,10.0,0.6285,47
SITE164_ORNT253,2025-03-02-11-48-27\SITE164_ORNT253_VIS10+mi.png,pool,10.0,0.6559,55
SITE164_ORNT358,2025-02-15-15-20-00\SITE164_ORNT358_VIS10+mi.png,pool,10.0,0.6456,54
SITE164_ORNT68,2025-01-15-15-33-17\SITE164_ORNT68_VIS10+mi.png,pool,10.0,0.6934,52
SITE165_ORNT100,2025-03-17-19-09-03\SITE165_ORNT100_VIS10+mi.png,pool,10.0,0.6274,39
SITE165_ORNT205,2025-04-01-16-59-16\SITE165_ORNT205_VIS10+mi.png,pool,10.0,0.6551,34
SITE165_ORNT290,2025-02-11-14-30-47\SITE165_ORNT290_VIS10+mi.png,pool,10.0,0.6552,38
SITE165_ORNT344,2025-02-14-15-24-27\SITE165_ORNT344_VIS10+mi.png,pool,10.0,0.6403,40
SITE167_ORNT105,2025-04-10-17-56-44\SITE167_ORNT105_VIS10+mi.png,pool,10.0,0.6948,26
SITE167_ORNT152,2025-04-10-17-56-44\SITE167_ORNT152_VIS10+mi.png,pool,10.0,0.7726,22
SITE167_ORNT312,2025-03-26-14-35-40\SITE167_ORNT312_VIS10+mi.png,pool,10.0,0.6305,27
SITE167_ORNT60,2025-04-14-19-44-02\SITE167_ORNT60_VIS10+mi.png,pool,10.0,0.6244,24
SITE168_ORNT160,2025-03-02-13-12-40\SITE168_ORNT160_VIS10+mi.png,pool,10.0,0.5966,29
SITE168_ORNT205,2025-03-31-13-29-12\SITE168_ORNT205_VIS10+mi.png,pool,10.0,0.6448,30
SITE168_ORNT285,2025-02-17-14-46-26\SITE168_ORNT285_VIS10+mi.png,pool,10.0,0.6431,34
SITE168_ORNT40,2025-02-10-14-47-56\SITE168_ORNT40_VIS10+mi.png,pool,10.0,0.6308,36
SITE169_ORNT14,2025-03-18-13-52-55\SITE169_ORNT14_VIS10+mi.png,pool,10.0,0.5885,37
SITE169_ORNT157,2025-04-01-16-59-16\SITE169_ORNT157_VIS10+mi.png,pool,10.0,0.6748,38
SITE169_ORNT228,2025-03-17-19-09-03\SITE169_ORNT228_VIS10+mi.png,pool,10.0,0.6238,36
SITE169_ORNT57,2025-04-01-16-59-16\SITE169_ORNT57_VIS10+mi.png,pool,10.0,0.5926,41
SITE171_ORNT126,2025-04-14-19-44-02\SITE171_ORNT126_VIS10+mi.png,pool,10.0,0.6178,37
SITE171_ORNT184,2025-03-18-13-52-55\SITE171_ORNT184_VIS10+mi.png,pool,10.0,0.6112,31
SITE171_ORNT23,2025-04-13-19-09-12\SITE171_ORNT23_VIS10+mi.png,pool,10.0,0.7038,35
SITE171_ORNT315,2025-03-26-12-24-08\SITE171_ORNT315_VIS10+mi.png,pool,10.0,0.6016,42
SITE177_ORNT120,2024-12-17-16-15-56\SITE177_ORNT120_VIS10+mi.png,pool,10.0,0.6075,37
SITE177_ORNT200,2025-03-03-11-33-30\SITE177_ORNT200_VIS10+mi.png,pool,10.0,0.6319,38
SITE177_ORNT260,2025-02-17-14-46-26\SITE177_ORNT260_VIS10+mi.png,pool,10.0,0.634,40
SITE177_ORNT56,2024-12-17-16-15-56\SITE177_ORNT56_VIS10+mi.png,pool,10.0,0.6088,35
SITE178_ORNT110,2025-04-13-19-09-12\SITE178_ORNT110_VIS10+mi.png,pool,10.0,0.7272,36
SITE178_ORNT195,2025-02-16-12-49-10\SITE178_ORNT195_VIS10+mi.png,pool,10.0,0.7148,30
SITE178_ORNT300,2025-04-10-17-56-44\SITE178_ORNT300_VIS10+mi.png,pool,10.0,0.5711,33
SITE178_ORNT40,2025-04-10-17-56-44\SITE178_ORNT40_VIS10+mi.png,pool,10.0,0.693,32
SITE179_ORNT108,2025-03-29-15-28-57\SITE179_ORNT108_VIS10+mi.png,pool,10.0,0.6021,20
SITE179_ORNT185,2025-03-28-10-38-15\SITE179_ORNT185_VIS10+mi.png,pool,10.0,0.6426,35
SITE179_ORNT230,2025-03-15-15-41-34\SITE179_ORNT230_VIS10+mi.png,pool,10.0,0.6235,43
SITE179_ORNT36,2025-03-29-15-28-57\SITE179_ORNT36_VIS10+mi.png,pool,10.0,0.619,36
SITE17_ORNT195,2025-01-31-13-49-43\SITE17_ORNT195_VIS10+mi.png,pool,10.0,0.6437,51
SITE17_ORNT280,2025-03-05-12-08-53\SITE17_ORNT280_VIS10+mi.png,pool,10.0,0.6447,57
SITE17_ORNT340,2025-03-04-14-20-15\SITE17_ORNT340_VIS10+mi.png,pool,10.0,0.6357,56
SITE17_ORNT95,2025-03-11-17-13-52\SITE17_ORNT95_VIS10+mi.png,pool,10.0,0.6598,54
SITE183_ORNT180,2024-07-14-16-38-50\SITE183_ORNT180_VIS9mi.png,pool,9.0,0.5887,1
SITE183_ORNT250,2024-08-16-20-03-50/SITE183_ORNT250_VIS5mi.png,dataset,5.0,0.5191,2
SITE183_ORNT3,2024-07-14-16-38-50\SITE183_ORNT3_VIS9mi.png,pool,9.0,0.5648,3
SITE186_ORNT110,2025-02-19-12-18-05\SITE186_ORNT110_VIS10+mi.png,pool,10.0,0.6274,34
SITE186_ORNT12,2024-12-16-12-39-30\SITE186_ORNT12_VIS10+mi.png,pool,10.0,0.5639,36
SITE186_ORNT217,2025-02-19-12-18-05\SITE186_ORNT217_VIS10+mi.png,pool,10.0,0.6077,31
SITE186_ORNT275,2025-03-11-17-13-52\SITE186_ORNT275_VIS10+mi.png,pool,10.0,0.5848,48
SITE18_ORNT135,2025-03-15-15-41-34\SITE18_ORNT135_VIS10+mi.png,pool,10.0,0.6077,38
SITE18_ORNT210,2025-03-18-13-52-55\SITE18_ORNT210_VIS10+mi.png,pool,10.0,0.617,47
SITE18_ORNT290,2025-03-20-11-55-50\SITE18_ORNT290_VIS10+mi.png,pool,10.0,0.7671,41
SITE18_ORNT5,2025-03-20-11-55-50\SITE18_ORNT5_VIS10+mi.png,pool,10.0,0.6332,50
SITE193_ORNT240,2025-04-22-15-39-35\SITE193_ORNT240_VIS10+mi.png,pool,10.0,0.6059,39
SITE193_ORNT295,2025-02-16-12-49-10\SITE193_ORNT295_VIS10+mi.png,pool,10.0,0.6525,39
SITE193_ORNT5,2025-02-16-12-49-10\SITE193_ORNT5_VIS10+mi.png,pool,10.0,0.6639,38
SITE193_ORNT80,2025-03-29-15-28-57\SITE193_ORNT80_VIS10+mi.png,pool,10.0,0.5927,36
SITE194_ORNT145,2025-04-16-13-54-24\SITE194_ORNT145_VIS10+mi.png,pool,10.0,0.6111,35
SITE194_ORNT194,2025-03-26-12-24-08\SITE194_ORNT194_VIS10+mi.png,pool,10.0,0.6227,46
SITE194_ORNT237,2025-02-05-13-59-56\SITE194_ORNT237_VIS10+mi.png,pool,10.0,0.6427,46
SITE194_ORNT65,2025-02-14-15-24-27\SITE194_ORNT65_VIS10+mi.png,pool,10.0,0.5849,42
SITE198_ORNT125,2025-04-14-19-44-02\SITE198_ORNT125_VIS10+mi.png,pool,10.0,0.5631,37
SITE198_ORNT20,2024-12-29-16-00-12\SITE198_ORNT20_VIS10+mi.png,pool,10.0,0.6419,48
SITE198_ORNT248,2025-03-26-12-24-08\SITE198_ORNT248_VIS10+mi.png,pool,10.0,0.6034,50
SITE198_ORNT80,2025-01-26-15-53-06\SITE198_ORNT80_VIS10+mi.png,pool,10.0,0.6158,41
SITE19_ORNT170,2025-03-26-12-24-08\SITE19_ORNT170_VIS10+mi.png,pool,10.0,0.6061,65
SITE19_ORNT260,2024-10-10-15-17-15\SITE19_ORNT260_VIS10+mi.png,pool,10.0,0.6132,60
SITE19_ORNT325,2025-02-11-14-30-47\SITE19_ORNT325_VIS10+mi.png,pool,10.0,0.6156,71
SITE19_ORNT60,2025-03-05-12-08-53\SITE19_ORNT60_VIS10+mi.png,pool,10.0,0.6224,59
SITE203_ORNT155,2025-01-31-13-49-43\SITE203_ORNT155_VIS10+mi.png,pool,10.0,0.6026,78
SITE203_ORNT220,2025-03-05-12-08-53\SITE203_ORNT220_VIS10+mi.png,pool,10.0,0.6275,85
SITE203_ORNT335,2025-03-05-12-08-53\SITE203_ORNT335_VIS10+mi.png,pool,10.0,0.6271,76
SITE203_ORNT70,2025-01-15-15-33-17\SITE203_ORNT70_VIS10+mi.png,pool,10.0,0.5631,60
SITE205_ORNT100,2025-01-28-16-10-28\SITE205_ORNT100_VIS10+mi.png,pool,10.0,0.6069,33
SITE205_ORNT165,2025-03-26-12-24-08\SITE205_ORNT165_VIS10+mi.png,pool,10.0,0.6195,27
SITE205_ORNT230,2025-01-31-13-49-43\SITE205_ORNT230_VIS10+mi.png,pool,10.0,0.6264,35
SITE205_ORNT305,2025-02-15-15-20-00\SITE205_ORNT305_VIS10+mi.png,pool,10.0,0.5964,43
SITE207_ORNT120,2025-02-11-14-30-47\SITE207_ORNT120_VIS10+mi.png,pool,10.0,0.5991,26
SITE207_ORNT170,2025-03-11-17-13-52\SITE207_ORNT170_VIS10+mi.png,pool,10.0,0.7514,24
SITE207_ORNT235,2025-03-18-13-52-55\SITE207_ORNT235_VIS10+mi.png,pool,10.0,0.6541,28
SITE207_ORNT75,2024-12-17-16-15-56\SITE207_ORNT75_VIS10+mi.png,pool,10.0,0.6259,30
SITE208_ORNT18,2025-02-14-15-24-27\SITE208_ORNT18_VIS10+mi.png,pool,10.0,0.642,44
SITE208_ORNT223,2025-03-26-14-35-40\SITE208_ORNT223_VIS10+mi.png,pool,10.0,0.5987,18
SITE208_ORNT270,2024-10-14-13-08-27\SITE208_ORNT270_VIS10+mi.png,pool,10.0,0.694,49
SITE208_ORNT330,2025-03-02-11-48-27\SITE208_ORNT330_VIS10+mi.png,pool,10.0,0.6239,49
SITE209_ORNT100,2024-12-17-16-15-56\SITE209_ORNT100_VIS10+mi.png,pool,10.0,0.6073,43
SITE209_ORNT150,2025-03-11-17-13-52\SITE209_ORNT150_VIS10+mi.png,pool,10.0,0.8247,40
SITE209_ORNT260,2025-04-10-17-56-44\SITE209_ORNT260_VIS10+mi.png,pool,10.0,0.651,45
SITE209_ORNT335,2025-04-14-19-44-02\SITE209_ORNT335_VIS10+mi.png,pool,10.0,0.6098,49
SITE20_ORNT114,2024-10-13-15-24-41\SITE20_ORNT114_VIS10+mi.png,pool,10.0,0.5949,47
SITE20_ORNT226,2024-10-10-15-17-15\SITE20_ORNT226_VIS10+mi.png,pool,10.0,0.6001,50
SITE20_ORNT26,2024-12-27-14-55-32\SITE20_ORNT26_VIS10+mi.png,pool,10.0,0.6584,47
SITE20_ORNT285,2024-12-23-15-38-40\SITE20_ORNT285_VIS10+mi.png,pool,10.0,0.6859,55
SITE212_ORNT12,2025-02-11-14-30-47\SITE212_ORNT12_VIS10+mi.png,pool,10.0,0.6161,36
SITE212_ORNT170,2025-03-05-12-08-53\SITE212_ORNT170_VIS10+mi.png,pool,10.0,0.5782,34
SITE212_ORNT270,2025-03-05-12-08-53\SITE212_ORNT270_VIS10+mi.png,pool,10.0,0.6292,40
SITE212_ORNT80,2025-03-31-13-29-12\SITE212_ORNT80_VIS10+mi.png,pool,10.0,0.607,35
SITE215_ORNT130,2025-03-26-12-24-08\SITE215_ORNT130_VIS10+mi.png,pool,10.0,0.4986,36
SITE215_ORNT235,2024-10-14-13-08-27\SITE215_ORNT235_VIS10+mi.png,pool,10.0,0.6213,69
SITE215_ORNT330,2024-12-23-15-38-40\SITE215_ORNT330_VIS10+mi.png,pool,10.0,0.618,82
SITE215_ORNT40,2025-02-12-14-37-35/SITE215_ORNT40_VIS10+mi.png,dataset,10.0,0.5599,43
SITE216_ORNT130,2025-04-10-17-56-44\SITE216_ORNT130_VIS10+mi.png,pool,10.0,0.7372,29
SITE216_ORNT55,2025-04-13-19-09-12\SITE216_ORNT55_VIS10+mi.png,pool,10.0,0.6508,34
SITE217_ORNT100,2025-03-31-13-29-12\SITE217_ORNT100_VIS10+mi.png,pool,10.0,0.6047,29
SITE217_ORNT150,2024-12-24-15-14-57\SITE217_ORNT150_VIS10+mi.png,pool,10.0,0.592,31
SITE217_ORNT25,2025-03-18-13-52-55\SITE217_ORNT25_VIS10+mi.png,pool,10.0,0.6512,31
SITE217_ORNT250,2024-10-11-15-41-13\SITE217_ORNT250_VIS10+mi.png,pool,10.0,0.6344,29
SITE219_ORNT160,2025-03-31-15-41-11\SITE219_ORNT160_VIS10+mi.png,pool,10.0,0.6892,45
SITE219_ORNT264,2025-03-20-11-55-50\SITE219_ORNT264_VIS10+mi.png,pool,10.0,0.7433,51
SITE219_ORNT344,2025-03-31-13-29-12\SITE219_ORNT344_VIS10+mi.png,pool,10.0,0.677,53
SITE219_ORNT70,2025-03-20-11-55-50\SITE219_ORNT70_VIS10+mi.png,pool,10.0,0.6378,54
SITE21_ORNT10,2025-01-28-16-10-28\SITE21_ORNT10_VIS10+mi.png,pool,10.0,0.662,52
SITE21_ORNT125,2025-02-11-14-30-47\SITE21_ORNT125_VIS10+mi.png,pool,10.0,0.6165,42
SITE21_ORNT225,2025-03-29-15-28-57\SITE21_ORNT225_VIS10+mi.png,pool,10.0,0.6345,45
SITE21_ORNT280,2025-04-07-16-10-10\SITE21_ORNT280_VIS10+mi.png,pool,10.0,0.6704,46
SITE229_ORNT18,2025-04-10-17-56-44\SITE229_ORNT18_VIS10+mi.png,pool,10.0,0.5925,48
SITE229_ORNT202,2024-10-11-15-41-13\SITE229_ORNT202_VIS10+mi.png,pool,10.0,0.5892,42
SITE229_ORNT329,2025-03-06-15-10-58\SITE229_ORNT329_VIS10+mi.png,pool,10.0,0.6199,44
SITE229_ORNT80,2025-02-01-17-30-02\SITE229_ORNT80_VIS10+mi.png,pool,10.0,0.6059,45
SITE22_ORNT0,2024-06-05-18-49-24\SITE22_ORNT0_VIS8mi.png,pool,8.0,0.5593,49
SITE22_ORNT100,2024-05-03-19-33-18/SITE22_ORNT100_VIS8mi.png,dataset,8.0,0.5706,38
SITE22_ORNT190,2024-06-01-11-15-19/SITE22_ORNT190_VIS8mi.png,dataset,8.0,0.6231,49
SITE22_ORNT285,2024-06-01-11-15-19/SITE22_ORNT285_VIS8mi.png,dataset,8.0,0.5952,57
SITE230_ORNT214,2024-10-13-15-24-41\SITE230_ORNT214_VIS10+mi.png,pool,10.0,0.6672,40
SITE230_ORNT280,2025-02-12-14-37-35\SITE230_ORNT280_VIS10+mi.png,pool,10.0,0.6496,37
SITE230_ORNT45,2024-12-27-14-55-32\SITE230_ORNT45_VIS10+mi.png,pool,10.0,0.6187,38
SITE230_ORNT90,2025-04-22-15-39-35\SITE230_ORNT90_VIS10+mi.png,pool,10.0,0.6357,38
SITE231_ORNT145,2025-03-31-13-29-12\SITE231_ORNT145_VIS10+mi.png,pool,10.0,0.5876,41
SITE231_ORNT230,2025-02-17-14-46-26\SITE231_ORNT230_VIS10+mi.png,pool,10.0,0.6537,44
SITE231_ORNT35,2025-02-17-14-46-26\SITE231_ORNT35_VIS10+mi.png,pool,10.0,0.6744,46
SITE231_ORNT85,2025-03-31-13-29-12\SITE231_ORNT85_VIS10+mi.png,pool,10.0,0.6799,43
SITE234_ORNT117,2024-07-20-15-11-13/SITE234_ORNT117_VIS5mi.png,dataset,5.0,0.5955,6
SITE234_ORNT260,2024-07-18-14-04-18/SITE234_ORNT260_VIS7mi.png,dataset,7.0,0.5619,5
SITE234_ORNT304,2024-07-07-20-11-04/SITE234_ORNT304_VIS3mi.png,dataset,3.0,0.4805,2
SITE234_ORNT350,2024-07-23-13-08-12/SITE234_ORNT350_VIS7mi.png,dataset,7.0,0.5768,7
SITE239_ORNT110,2025-03-05-12-08-53\SITE239_ORNT110_VIS10+mi.png,pool,10.0,0.5959,39
SITE239_ORNT202,2025-03-17-19-09-03\SITE239_ORNT202_VIS10+mi.png,pool,10.0,0.6079,45
SITE239_ORNT245,2025-02-15-16-53-20\SITE239_ORNT245_VIS10+mi.png,pool,10.0,0.635,43
SITE239_ORNT30,2025-03-11-17-13-52\SITE239_ORNT30_VIS10+mi.png,pool,10.0,0.6327,39
SITE240_ORNT112,2025-02-04-15-47-48\SITE240_ORNT112_VIS10+mi.png,pool,10.0,0.5802,31
SITE240_ORNT227,2025-02-10-14-47-56\SITE240_ORNT227_VIS10+mi.png,pool,10.0,0.6163,30
SITE240_ORNT286,2025-03-05-12-08-53\SITE240_ORNT286_VIS10+mi.png,pool,10.0,0.6528,39
SITE240_ORNT48,2025-03-15-15-41-34\SITE240_ORNT48_VIS10+mi.png,pool,10.0,0.6531,22
SITE241_ORNT120,2025-04-07-16-10-10\SITE241_ORNT120_VIS10+mi.png,pool,10.0,0.6781,49
SITE241_ORNT214,2025-03-26-14-35-40\SITE241_ORNT214_VIS10+mi.png,pool,10.0,0.6458,67
SITE241_ORNT311,2025-04-16-13-54-24\SITE241_ORNT311_VIS10+mi.png,pool,10.0,0.6298,77
SITE241_ORNT34,2025-02-04-15-47-48\SITE241_ORNT34_VIS10+mi.png,pool,10.0,0.6136,67
SITE244_ORNT177,2024-12-29-16-00-12\SITE244_ORNT177_VIS10+mi.png,pool,10.0,0.6311,44
SITE244_ORNT240,2024-12-23-15-38-40/SITE244_ORNT240_VIS10+mi.png,dataset,10.0,0.6649,58
SITE244_ORNT3,2025-04-02-15-05-32\SITE244_ORNT3_VIS10+mi.png,pool,10.0,0.6234,48
SITE244_ORNT50,2025-04-02-15-05-32\SITE244_ORNT50_VIS10+mi.png,pool,10.0,0.622,46
SITE245_ORNT11,2025-03-26-12-24-08\SITE245_ORNT11_VIS10+mi.png,pool,10.0,0.6381,53
SITE245_ORNT132,2025-03-26-12-24-08\SITE245_ORNT132_VIS10+mi.png,pool,10.0,0.6506,44
SITE245_ORNT227,2025-03-20-11-55-50\SITE245_ORNT227_VIS10+mi.png,pool,10.0,0.678,55
SITE245_ORNT299,2025-03-20-11-55-50\SITE245_ORNT299_VIS10+mi.png,pool,10.0,0.6118,57
SITE24_ORNT120,2025-04-02-15-05-32\SITE24_ORNT120_VIS10+mi.png,pool,10.0,0.6566,49
SITE24_ORNT250,2025-03-05-12-08-53\SITE24_ORNT250_VIS10+mi.png,pool,10.0,0.6666,51
SITE24_ORNT30,2025-02-11-14-30-47\SITE24_ORNT30_VIS10+mi.png,pool,10.0,0.6895,46
SITE24_ORNT330,2025-01-17-15-10-02\SITE24_ORNT330_VIS10+mi.png,pool,10.0,0.6696,48
SITE251_ORNT140,2025-01-15-12-14-16\SITE251_ORNT140_VIS10+mi.png,pool,10.0,0.6585,44
SITE251_ORNT25,2025-02-16-12-49-10\SITE251_ORNT25_VIS10+mi.png,pool,10.0,0.6452,47
SITE251_ORNT335,2025-03-02-11-48-27\SITE251_ORNT335_VIS10+mi.png,pool,10.0,0.5721,46
SITE251_ORNT95,2025-01-15-12-14-16\SITE251_ORNT95_VIS10+mi.png,pool,10.0,0.6659,51
SITE253_ORNT195,2025-03-23-13-51-54\SITE253_ORNT195_VIS10+mi.png,pool,10.0,0.6241,68
SITE253_ORNT280,2024-10-18-12-30-03\SITE253_ORNT280_VIS10+mi.png,pool,10.0,0.6132,73
SITE253_ORNT325,2024-12-16-12-39-30\SITE253_ORNT325_VIS10+mi.png,pool,10.0,0.623,71
SITE253_ORNT65,2025-01-22-12-38-15\SITE253_ORNT65_VIS10+mi.png,pool,10.0,0.5942,46
SITE256_ORNT175,2025-02-15-16-53-20\SITE256_ORNT175_VIS10+mi.png,pool,10.0,0.6621,46
SITE256_ORNT230,2025-02-16-12-49-10\SITE256_ORNT230_VIS10+mi.png,pool,10.0,0.6056,46
SITE256_ORNT290,2025-04-13-19-09-12\SITE256_ORNT290_VIS10+mi.png,pool,10.0,0.5557,7
SITE256_ORNT345,2025-02-10-14-47-56\SITE256_ORNT345_VIS10+mi.png,pool,10.0,0.6218,35
SITE258_ORNT125,2024-10-11-15-41-13\SITE258_ORNT125_VIS10+mi.png,pool,10.0,0.6083,40
SITE258_ORNT170,2025-03-05-12-08-53\SITE258_ORNT170_VIS10+mi.png,pool,10.0,0.6225,34
SITE258_ORNT25,2025-03-03-11-33-30\SITE258_ORNT25_VIS10+mi.png,pool,10.0,0.5965,43
SITE258_ORNT325,2025-03-02-11-48-27\SITE258_ORNT325_VIS10+mi.png,pool,10.0,0.6299,35
SITE259_ORNT119,2025-01-17-15-10-02\SITE259_ORNT119_VIS10+mi.png,pool,10.0,0.6033,46
SITE259_ORNT205,2025-02-27-11-22-46\SITE259_ORNT205_VIS10+mi.png,pool,10.0,0.6728,45
SITE259_ORNT314,2025-03-02-13-12-40\SITE259_ORNT314_VIS10+mi.png,pool,10.0,0.6616,47
SITE259_ORNT59,2025-02-16-12-49-10\SITE259_ORNT59_VIS10+mi.png,pool,10.0,0.6563,46
SITE25_ORNT150,2025-01-26-15-53-06\SITE25_ORNT150_VIS10+mi.png,pool,10.0,0.5876,49
SITE25_ORNT225,2025-03-01-18-07-41\SITE25_ORNT225_VIS10+mi.png,pool,10.0,0.6446,55
SITE25_ORNT30,2024-12-24-15-14-57\SITE25_ORNT30_VIS10+mi.png,pool,10.0,0.7296,54
SITE25_ORNT320,2024-10-15-10-59-57\SITE25_ORNT320_VIS10+mi.png,pool,10.0,0.6259,67
SITE261_ORNT150,2024-12-20-15-16-09\SITE261_ORNT150_VIS10+mi.png,pool,10.0,0.65,40
SITE261_ORNT270,2024-10-14-13-08-27\SITE261_ORNT270_VIS10+mi.png,pool,10.0,0.7135,44
SITE261_ORNT350,2025-04-11-14-52-32\SITE261_ORNT350_VIS10+mi.png,pool,10.0,0.6774,41
SITE261_ORNT90,2025-02-15-16-53-20\SITE261_ORNT90_VIS10+mi.png,pool,10.0,0.668,46
SITE262_ORNT10,2024-12-20-15-16-09\SITE262_ORNT10_VIS10+mi.png,pool,10.0,0.7062,54
SITE262_ORNT124,2025-04-22-15-39-35\SITE262_ORNT124_VIS10+mi.png,pool,10.0,0.6609,52
SITE262_ORNT240,2025-03-28-10-38-15\SITE262_ORNT240_VIS10+mi.png,pool,10.0,0.6627,42
SITE262_ORNT290,2025-03-03-11-33-30\SITE262_ORNT290_VIS10+mi.png,pool,10.0,0.6579,53
SITE268_ORNT205,2025-03-26-12-24-08\SITE268_ORNT205_VIS10+mi.png,pool,10.0,0.6199,41
SITE268_ORNT255,2025-03-05-12-08-53\SITE268_ORNT255_VIS10+mi.png,pool,10.0,0.633,44
SITE268_ORNT355,2025-03-31-13-29-12\SITE268_ORNT355_VIS10+mi.png,pool,10.0,0.6204,37
SITE268_ORNT45,2025-04-01-16-59-16\SITE268_ORNT45_VIS10+mi.png,pool,10.0,0.6232,46
SITE26_ORNT180,2025-04-10-17-56-44\SITE26_ORNT180_VIS10+mi.png,pool,10.0,0.6698,44
SITE26_ORNT250,2025-03-06-15-10-58\SITE26_ORNT250_VIS10+mi.png,pool,10.0,0.6191,48
SITE26_ORNT310,2025-04-22-15-39-35\SITE26_ORNT310_VIS10+mi.png,pool,10.0,0.6123,48
SITE26_ORNT85,2025-03-05-12-08-53\SITE26_ORNT85_VIS10+mi.png,pool,10.0,0.6061,40
SITE272_ORNT130,2025-02-05-13-59-56\SITE272_ORNT130_VIS10+mi.png,pool,10.0,0.5621,40
SITE272_ORNT275,2025-03-20-11-55-50\SITE272_ORNT275_VIS10+mi.png,pool,10.0,0.6106,50
SITE272_ORNT325,2025-02-27-11-22-46/SITE272_ORNT325_VIS10+mi.png,dataset,10.0,0.6624,55
SITE272_ORNT67,2025-03-18-13-52-55\SITE272_ORNT67_VIS10+mi.png,pool,10.0,0.6001,50
SITE276_ORNT130,2024-06-16-11-08-10\SITE276_ORNT130_VIS9mi.png,pool,9.0,0.5155,99
SITE276_ORNT225,2024-08-01-10-54-34\SITE276_ORNT225_VIS9mi.png,pool,9.0,0.5349,94
SITE276_ORNT45,2025-03-28-10-38-15\SITE276_ORNT45_VIS9mi.png,pool,9.0,0.494,82
SITE280_ORNT280,2025-04-13-19-09-12\SITE280_ORNT280_VIS30mi.png,pool,30.0,0.4434,119
SITE281_ORNT20,2024-07-07-15-01-32\SITE281_ORNT20_VIS9mi.png,pool,9.0,0.2728,62
SITE281_ORNT315,2024-07-14-16-38-50\SITE281_ORNT315_VIS9mi.png,pool,9.0,0.2541,61
SITE283_ORNT130,2024-07-29-16-41-43\SITE283_ORNT130_VIS9mi.png,pool,9.0,0.4381,83
SITE283_ORNT260,2025-03-31-15-41-11\SITE283_ORNT260_VIS9mi.png,pool,9.0,0.5873,121
SITE295_ORNT255,2025-02-14-15-24-27\SITE295_ORNT255_VIS9mi.png,pool,9.0,0.4802,96
SITE295_ORNT315,2024-09-21-11-24-11\SITE295_ORNT315_VIS9mi.png,pool,9.0,0.5565,150
SITE295_ORNT60,2025-03-03-11-33-30\SITE295_ORNT60_VIS9mi.png,pool,9.0,0.602,86
SITE298_ORNT5,2025-02-10-14-47-56\SITE298_ORNT5_VIS20mi.png,pool,20.0,0.5743,72
SITE299_ORNT260,2024-08-29-17-58-30\SITE299_ORNT260_VIS9mi.png,pool,9.0,0.3691,120
SITE299_ORNT280,2024-05-27-19-19-47\SITE299_ORNT280_VIS9mi.png,pool,9.0,0.5307,86
SITE299_ORNT60,2024-05-01-16-21-18\SITE299_ORNT60_VIS9mi.png,pool,9.0,0.5486,122
SITE29_ORNT110,2025-03-17-19-09-03\SITE29_ORNT110_VIS10+mi.png,pool,10.0,0.6474,32
SITE29_ORNT200,2025-04-14-19-44-02\SITE29_ORNT200_VIS10+mi.png,pool,10.0,0.6519,46
SITE29_ORNT270,2025-04-14-19-44-02\SITE29_ORNT270_VIS10+mi.png,pool,10.0,0.6326,42
SITE29_ORNT350,2025-03-17-19-09-03\SITE29_ORNT350_VIS10+mi.png,pool,10.0,0.6474,43
SITE301_ORNT210,2025-03-31-13-29-12\SITE301_ORNT210_VIS9mi.png,pool,9.0,0.6851,137
SITE301_ORNT275,2025-02-17-14-46-26\SITE301_ORNT275_VIS9mi.png,pool,9.0,0.4751,154
SITE301_ORNT343,2025-02-04-15-47-48\SITE301_ORNT343_VIS9mi.png,pool,9.0,0.6789,117
SITE301_ORNT75,2025-03-05-12-08-53\SITE301_ORNT75_VIS9mi.png,pool,9.0,0.7436,90
SITE303_ORNT333,2024-06-07-15-28-05\SITE303_ORNT333_VIS9mi.png,pool,9.0,0.5908,106
SITE304_ORNT110,2024-12-16-12-39-30\SITE304_ORNT110_VIS9mi.png,pool,9.0,0.6059,76
SITE304_ORNT290,2024-12-09-12-13-38\SITE304_ORNT290_VIS9mi.png,pool,9.0,0.5143,137
SITE304_ORNT43,2025-03-31-15-41-11\SITE304_ORNT43_VIS9mi.png,pool,9.0,0.5126,71
SITE309_ORNT130,2025-02-12-14-37-35\SITE309_ORNT130_VIS9mi.png,pool,9.0,0.4334,125
SITE309_ORNT260,2024-08-16-20-03-50\SITE309_ORNT260_VIS9mi.png,pool,9.0,0.6782,111
SITE309_ORNT30,2024-06-22-10-56-07\SITE309_ORNT30_VIS9mi.png,pool,9.0,0.6353,69
SITE309_ORNT325,2025-01-15-12-14-16\SITE309_ORNT325_VIS9mi.png,pool,9.0,0.5694,131
SITE30_ORNT170,2025-02-11-14-30-47\SITE30_ORNT170_VIS10+mi.png,pool,10.0,0.5885,33
SITE30_ORNT235,2024-12-17-16-15-56\SITE30_ORNT235_VIS10+mi.png,pool,10.0,0.6646,43
SITE30_ORNT345,2025-03-05-12-08-53\SITE30_ORNT345_VIS10+mi.png,pool,10.0,0.6745,38
SITE30_ORNT40,2025-03-06-15-10-58\SITE30_ORNT40_VIS10+mi.png,pool,10.0,0.6913,44
SITE310_ORNT284,2024-08-12-20-17-35\SITE310_ORNT284_VIS9mi.png,pool,9.0,0.7469,127
SITE310_ORNT314,2025-03-20-11-55-50\SITE310_ORNT314_VIS9mi.png,pool,9.0,0.5983,145
SITE310_ORNT65,2025-03-29-15-28-57\SITE310_ORNT65_VIS9mi.png,pool,9.0,0.5269,53
SITE312_ORNT170,2024-07-14-13-28-24\SITE312_ORNT170_VIS25mi.png,pool,25.0,0.488,67
SITE312_ORNT240,2024-06-06-10-38-22\SITE312_ORNT240_VIS25mi.png,pool,25.0,0.5581,120
SITE312_ORNT340,2025-03-28-10-38-15\SITE312_ORNT340_VIS25mi.png,pool,25.0,0.4155,123
SITE312_ORNT60,2025-02-04-15-47-48\SITE312_ORNT60_VIS25mi.png,pool,25.0,0.5737,95
SITE314_ORNT255,2024-06-30-10-21-08\SITE314_ORNT255_VIS9mi.png,pool,9.0,0.5663,73
SITE314_ORNT35,2025-02-10-14-47-56\SITE314_ORNT35_VIS9mi.png,pool,9.0,0.6104,73
SITE322_ORNT0,2025-03-28-10-38-15\SITE322_ORNT0_VIS9mi.png,pool,9.0,0.5741,127
SITE322_ORNT180,2025-01-31-13-49-43\SITE322_ORNT180_VIS9mi.png,pool,9.0,0.4983,118
SITE322_ORNT290,2025-03-18-13-52-55\SITE322_ORNT290_VIS9mi.png,pool,9.0,0.5663,83
SITE322_ORNT70,2025-02-11-14-30-47\SITE322_ORNT70_VIS9mi.png,pool,9.0,0.4808,71
SITE323_ORNT135,2024-10-19-10-55-55\SITE323_ORNT135_VIS9mi.png,pool,9.0,0.4503,50
SITE323_ORNT315,2024-10-08-11-05-48\SITE323_ORNT315_VIS9mi.png,pool,9.0,0.5,139
SITE324_ORNT115,2024-11-19-11-24-38\SITE324_ORNT115_VIS9mi.png,pool,9.0,0.5359,82
SITE324_ORNT225,2024-12-09-12-13-38\SITE324_ORNT225_VIS9mi.png,pool,9.0,0.4232,62
SITE324_ORNT310,2024-11-19-11-24-38\SITE324_ORNT310_VIS9mi.png,pool,9.0,0.4345,97
SITE324_ORNT45,2025-03-02-11-48-27\SITE324_ORNT45_VIS9mi.png,pool,9.0,0.4917,75
SITE325_ORNT145,2024-12-24-15-14-57\SITE325_ORNT145_VIS15mi.png,pool,15.0,0.4629,84
SITE325_ORNT280,2024-12-16-12-39-30\SITE325_ORNT280_VIS15mi.png,pool,15.0,0.597,116
SITE325_ORNT345,2024-08-11-13-07-09\SITE325_ORNT345_VIS15mi.png,pool,15.0,0.4869,79
SITE325_ORNT60,2025-02-04-15-47-48\SITE325_ORNT60_VIS15mi.png,pool,15.0,0.3946,96
SITE327_ORNT145,2024-06-27-10-23-10\SITE327_ORNT145_VIS15mi.png,pool,15.0,0.5128,89
SITE327_ORNT250,2025-02-05-13-59-56\SITE327_ORNT250_VIS15mi.png,pool,15.0,0.5372,128
SITE327_ORNT330,2024-12-16-12-39-30\SITE327_ORNT330_VIS15mi.png,pool,15.0,0.5696,73
SITE327_ORNT45,2025-02-10-14-47-56\SITE327_ORNT45_VIS15mi.png,pool,15.0,0.5711,111
SITE328_ORNT0,2024-06-17-10-37-40\SITE328_ORNT0_VIS9mi.png,pool,9.0,0.4355,143
SITE328_ORNT110,2024-08-01-10-54-34\SITE328_ORNT110_VIS9mi.png,pool,9.0,0.4885,74
SITE328_ORNT180,2025-03-02-11-48-27\SITE328_ORNT180_VIS9mi.png,pool,9.0,0.3724,110
SITE330_ORNT20,2024-10-06-12-31-10\SITE330_ORNT20_VIS9mi.png,pool,9.0,0.5425,132
SITE330_ORNT215,2024-10-20-11-35-46\SITE330_ORNT215_VIS9mi.png,pool,9.0,0.434,149
SITE330_ORNT285,2024-05-03-19-33-18\SITE330_ORNT285_VIS9mi.png,pool,9.0,0.5244,111
SITE331_ORNT135,2025-03-31-13-29-12\SITE331_ORNT135_VIS9mi.png,pool,9.0,0.4103,111
SITE331_ORNT220,2024-10-05-11-04-16\SITE331_ORNT220_VIS9mi.png,pool,9.0,0.5221,36
SITE331_ORNT315,2025-03-31-13-29-12\SITE331_ORNT315_VIS9mi.png,pool,9.0,0.6063,81
SITE332_ORNT15,2025-03-03-11-33-30\SITE332_ORNT15_VIS9mi.png,pool,9.0,0.6368,45
SITE332_ORNT155,2025-04-16-13-54-24\SITE332_ORNT155_VIS9mi.png,pool,9.0,0.5476,134
SITE332_ORNT250,2024-07-29-17-46-25\SITE332_ORNT250_VIS9mi.png,pool,9.0,0.6995,86
SITE332_ORNT315,2025-02-19-12-18-05\SITE332_ORNT315_VIS9mi.png,pool,9.0,0.6278,113
SITE333_ORNT110,2025-02-11-14-30-47\SITE333_ORNT110_VIS9mi.png,pool,9.0,0.5543,68
SITE333_ORNT200,2025-02-17-14-46-26\SITE333_ORNT200_VIS9mi.png,pool,9.0,0.6253,157
SITE333_ORNT280,2024-06-20-14-40-34\SITE333_ORNT280_VIS9mi.png,pool,9.0,0.3895,100
SITE333_ORNT340,2025-03-01-18-07-41\SITE333_ORNT340_VIS9mi.png,pool,9.0,0.5749,70
SITE334_ORNT135,2025-01-15-12-14-16\SITE334_ORNT135_VIS9mi.png,pool,9.0,0.4749,67
SITE334_ORNT240,2025-03-31-15-41-11\SITE334_ORNT240_VIS9mi.png,pool,9.0,0.4269,105
SITE334_ORNT325,2025-04-11-14-52-32\SITE334_ORNT325_VIS9mi.png,pool,9.0,0.4068,143
SITE334_ORNT95,2025-02-27-11-22-46\SITE334_ORNT95_VIS9mi.png,pool,9.0,0.5491,100
SITE336_ORNT180,2024-12-09-12-13-38\SITE336_ORNT180_VIS9mi.png,pool,9.0,0.5908,120
SITE336_ORNT20,2024-08-01-10-54-34\SITE336_ORNT20_VIS9mi.png,pool,9.0,0.5396,114
SITE336_ORNT330,2024-05-03-12-14-06\SITE336_ORNT330_VIS9mi.png,pool,9.0,0.7456,17
SITE338_ORNT120,2024-07-20-11-08-20\SITE338_ORNT120_VIS9mi.png,pool,9.0,0.4827,71
SITE338_ORNT200,2024-10-07-12-00-07\SITE338_ORNT200_VIS9mi.png,pool,9.0,0.5805,96
SITE338_ORNT345,2025-03-11-17-13-52\SITE338_ORNT345_VIS9mi.png,pool,9.0,0.6105,44
SITE339_ORNT290,2025-04-10-17-56-44\SITE339_ORNT290_VIS9mi.png,pool,9.0,0.4165,77
SITE339_ORNT90,2024-08-02-13-37-25\SITE339_ORNT90_VIS9mi.png,pool,9.0,0.4733,89
SITE33_ORNT215,2025-04-01-16-59-16\SITE33_ORNT215_VIS10+mi.png,pool,10.0,0.6181,33
SITE33_ORNT280,2025-03-26-14-35-40\SITE33_ORNT280_VIS10+mi.png,pool,10.0,0.6046,33
SITE33_ORNT350,2025-03-26-14-35-40\SITE33_ORNT350_VIS10+mi.png,pool,10.0,0.6053,33
SITE33_ORNT90,2025-04-01-16-59-16\SITE33_ORNT90_VIS10+mi.png,pool,10.0,0.5946,31
SITE340_ORNT230,2024-12-29-16-00-12\SITE340_ORNT230_VIS9mi.png,pool,9.0,0.4273,94
SITE340_ORNT330,2024-06-20-11-19-17\SITE340_ORNT330_VIS9mi.png,pool,9.0,0.5816,128
SITE340_ORNT55,2024-08-19-10-27-18\SITE340_ORNT55_VIS9mi.png,pool,9.0,0.5351,97
SITE341_ORNT170,2024-06-29-10-50-12\SITE341_ORNT170_VIS9mi.png,pool,9.0,0.5613,31
SITE341_ORNT350,2025-03-06-15-10-58\SITE341_ORNT350_VIS9mi.png,pool,9.0,0.5843,62
SITE343_ORNT180,2024-06-07-11-09-12\SITE343_ORNT180_VIS9mi.png,pool,9.0,0.5216,81
SITE343_ORNT270,2025-03-02-11-48-27\SITE343_ORNT270_VIS9mi.png,pool,9.0,0.4728,75
SITE343_ORNT360,2024-08-30-10-00-55\SITE343_ORNT360_VIS9mi.png,pool,9.0,0.4615,120
SITE343_ORNT90,2024-07-02-16-22-41\SITE343_ORNT90_VIS9mi.png,pool,9.0,0.5306,97
SITE345_ORNT225,2025-03-28-10-38-15\SITE345_ORNT225_VIS9mi.png,pool,9.0,0.4217,84
SITE345_ORNT45,2025-03-23-13-51-54/SITE345_ORNT45_VIS9mi.png,dataset,9.0,0.5894,105
SITE349_ORNT0,2025-03-18-13-52-55\SITE349_ORNT0_VIS9mi.png,pool,9.0,0.4669,43
SITE349_ORNT190,2024-12-23-15-38-40\SITE349_ORNT190_VIS9mi.png,pool,9.0,0.6875,57
SITE352_ORNT175,2025-03-31-13-29-12\SITE352_ORNT175_VIS9mi.png,pool,9.0,0.5667,94
SITE352_ORNT340,2024-05-08-14-34-39\SITE352_ORNT340_VIS9mi.png,pool,9.0,0.3702,65
SITE352_ORNT90,2025-02-05-13-59-56\SITE352_ORNT90_VIS9mi.png,pool,9.0,0.5009,64
SITE353_ORNT0,2024-09-07-13-37-18\SITE353_ORNT0_VIS9mi.png,pool,9.0,0.447,112
SITE353_ORNT135,2024-06-15-10-59-58\SITE353_ORNT135_VIS9mi.png,pool,9.0,0.5116,129
SITE353_ORNT245,2025-03-02-13-12-40\SITE353_ORNT245_VIS9mi.png,pool,9.0,0.4239,119
SITE355_ORNT130,2025-01-31-13-49-43\SITE355_ORNT130_VIS9mi.png,pool,9.0,0.4061,125
SITE355_ORNT220,2025-03-05-12-08-53\SITE355_ORNT220_VIS9mi.png,pool,9.0,0.4909,138
SITE355_ORNT350,2025-03-20-11-55-50\SITE355_ORNT350_VIS9mi.png,pool,9.0,0.673,35
SITE355_ORNT70,2025-03-02-13-12-40\SITE355_ORNT70_VIS9mi.png,pool,9.0,0.5328,99
SITE358_ORNT120,2024-07-14-13-28-24\SITE358_ORNT120_VIS9mi.png,pool,9.0,0.5649,93
SITE358_ORNT285,2024-08-30-10-00-55\SITE358_ORNT285_VIS9mi.png,pool,9.0,0.5542,98
SITE358_ORNT290,2024-07-30-14-06-06\SITE358_ORNT290_VIS9mi.png,pool,9.0,0.5654,115
SITE358_ORNT355,2024-08-24-10-27-52\SITE358_ORNT355_VIS9mi.png,pool,9.0,0.3991,108
SITE35_ORNT117,2025-02-15-16-53-20\SITE35_ORNT117_VIS10+mi.png,pool,10.0,0.6218,36
SITE35_ORNT159,2025-03-05-12-08-53\SITE35_ORNT159_VIS10+mi.png,pool,10.0,0.6281,41
SITE35_ORNT258,2025-02-04-15-47-48\SITE35_ORNT258_VIS10+mi.png,pool,10.0,0.6076,43
SITE35_ORNT9,2025-03-05-12-08-53\SITE35_ORNT9_VIS10+mi.png,pool,10.0,0.6087,44
SITE360_ORNT115,2024-08-30-17-21-54\SITE360_ORNT115_VIS9mi.png,pool,9.0,0.4848,143
SITE360_ORNT310,2025-04-10-17-56-44\SITE360_ORNT310_VIS9mi.png,pool,9.0,0.5543,128
SITE360_ORNT45,2025-02-19-12-18-05\SITE360_ORNT45_VIS9mi.png,pool,9.0,0.4966,53
SITE361_ORNT0,2025-03-03-11-33-30\SITE361_ORNT0_VIS9mi.png,pool,9.0,0.5079,54
SITE361_ORNT100,2025-01-26-13-23-03\SITE361_ORNT100_VIS9mi.png,pool,9.0,0.4663,60
SITE361_ORNT170,2024-06-01-11-15-19\SITE361_ORNT170_VIS9mi.png,pool,9.0,0.5478,105
SITE362_ORNT135,2025-03-28-10-38-15\SITE362_ORNT135_VIS9mi.png,pool,9.0,0.5845,68
SITE362_ORNT240,2025-03-23-13-51-54\SITE362_ORNT240_VIS9mi.png,pool,9.0,0.4189,102
SITE362_ORNT25,2025-02-27-11-22-46\SITE362_ORNT25_VIS9mi.png,pool,9.0,0.4227,104
SITE362_ORNT305,2024-12-24-15-14-57\SITE362_ORNT305_VIS9mi.png,pool,9.0,0.4493,131
SITE363_ORNT100,2025-02-19-12-18-05\SITE363_ORNT100_VIS9mi.png,pool,9.0,0.5485,56
SITE363_ORNT190,2025-03-03-11-33-30\SITE363_ORNT190_VIS9mi.png,pool,9.0,0.4266,68
SITE363_ORNT285,2024-06-15-14-23-40\SITE363_ORNT285_VIS9mi.png,pool,9.0,0.5985,122
SITE363_ORNT345,2024-06-27-10-23-10\SITE363_ORNT345_VIS9mi.png,pool,9.0,0.6035,109
SITE365_ORNT100,2025-02-02-12-13-03\SITE365_ORNT100_VIS9mi.png,pool,9.0,0.4962,103
SITE365_ORNT260,2025-03-03-11-33-30\SITE365_ORNT260_VIS9mi.png,pool,9.0,0.9005,97
SITE365_ORNT280,2024-07-26-10-22-16\SITE365_ORNT280_VIS9mi.png,pool,9.0,0.4874,122
SITE366_ORNT200,2025-03-31-15-41-11\SITE366_ORNT200_VIS9mi.png,pool,9.0,0.6034,107
SITE366_ORNT300,2024-12-20-15-16-09\SITE366_ORNT300_VIS9mi.png,pool,9.0,0.5115,51
SITE366_ORNT40,2025-04-11-14-52-32\SITE366_ORNT40_VIS9mi.png,pool,9.0,0.5917,122
SITE366_ORNT95,2025-02-11-14-30-47\SITE366_ORNT95_VIS9mi.png,pool,9.0,0.4693,54
SITE367_ORNT110,2025-02-10-14-47-56\SITE367_ORNT110_VIS9mi.png,pool,9.0,0.3872,140
SITE367_ORNT165,2024-09-21-11-24-11\SITE367_ORNT165_VIS9mi.png,pool,9.0,0.5104,100
SITE367_ORNT280,2025-04-22-15-39-35\SITE367_ORNT280_VIS9mi.png,pool,9.0,0.5631,113
SITE36_ORNT165,2025-04-10-17-56-44\SITE36_ORNT165_VIS10+mi.png,pool,10.0,0.7901,45
SITE36_ORNT235,2025-03-01-18-07-41\SITE36_ORNT235_VIS10+mi.png,pool,10.0,0.676,43
SITE36_ORNT350,2025-04-02-15-05-32\SITE36_ORNT350_VIS10+mi.png,pool,10.0,0.6556,43
SITE36_ORNT80,2025-03-31-13-29-12\SITE36_ORNT80_VIS10+mi.png,pool,10.0,0.592,42
SITE371_ORNT10,2025-03-02-11-48-27\SITE371_ORNT10_VIS9mi.png,pool,9.0,0.5057,44
SITE371_ORNT100,2024-07-30-14-06-06\SITE371_ORNT100_VIS9mi.png,pool,9.0,0.5086,93
SITE371_ORNT315,2024-10-08-11-05-48\SITE371_ORNT315_VIS9mi.png,pool,9.0,0.4428,132
SITE375_ORNT260,2024-05-23-15-19-49\SITE375_ORNT260_VIS9mi.png,pool,9.0,0.496,68
SITE375_ORNT330,2024-05-23-15-19-49\SITE375_ORNT330_VIS9mi.png,pool,9.0,0.5007,127
SITE376_ORNT170,2024-08-10-09-44-28\SITE376_ORNT170_VIS9mi.png,pool,9.0,0.5574,86
SITE376_ORNT250,2025-02-12-14-37-35\SITE376_ORNT250_VIS9mi.png,pool,9.0,0.5056,31
SITE376_ORNT350,2024-05-28-11-05-32\SITE376_ORNT350_VIS9mi.png,pool,9.0,0.4591,38
SITE376_ORNT70,2025-01-22-12-38-15\SITE376_ORNT70_VIS9mi.png,pool,9.0,0.5175,106
SITE377_ORNT0,2025-03-26-12-24-08\SITE377_ORNT0_VIS9mi.png,pool,9.0,0.3944,80
SITE377_ORNT110,2024-06-15-14-23-40\SITE377_ORNT110_VIS9mi.png,pool,9.0,0.3986,73
SITE377_ORNT200,2024-05-08-14-34-39\SITE377_ORNT200_VIS9mi.png,pool,9.0,0.5599,80
SITE377_ORNT235,2025-03-26-12-24-08\SITE377_ORNT235_VIS9mi.png,pool,9.0,0.5355,53
SITE380_ORNT220,2025-03-02-13-12-40\SITE380_ORNT220_VIS9mi.png,pool,9.0,0.4446,70
SITE380_ORNT55,2025-03-02-13-12-40\SITE380_ORNT55_VIS9mi.png,pool,9.0,0.6131,93
SITE383_ORNT215,2025-03-11-17-13-52\SITE383_ORNT215_VIS9mi.png,pool,9.0,0.376,73
SITE383_ORNT35,2025-01-28-16-10-28\SITE383_ORNT35_VIS9mi.png,pool,9.0,0.396,139
SITE385_ORNT230,2025-03-02-11-48-27\SITE385_ORNT230_VIS9mi.png,pool,9.0,0.421,72
SITE385_ORNT300,2024-06-16-15-28-51\SITE385_ORNT300_VIS9mi.png,pool,9.0,0.6185,65
SITE385_ORNT50,2025-03-23-13-51-54\SITE385_ORNT50_VIS9mi.png,pool,9.0,0.4174,85
SITE386_ORNT125,2025-02-19-12-18-05\SITE386_ORNT125_VIS9mi.png,pool,9.0,0.416,123
SITE386_ORNT130,2025-02-19-12-18-05\SITE386_ORNT130_VIS9mi.png,pool,9.0,0.4288,75
SITE386_ORNT290,2025-03-02-13-12-40\SITE386_ORNT290_VIS9mi.png,pool,9.0,0.4348,93
SITE386_ORNT30,2025-03-03-11-33-30\SITE386_ORNT30_VIS9mi.png,pool,9.0,0.4492,104
SITE388_ORNT115,2024-07-25-18-03-52\SITE388_ORNT115_VIS9mi.png,pool,9.0,0.5455,144
SITE388_ORNT210,2024-09-08-16-00-24\SITE388_ORNT210_VIS9mi.png,pool,9.0,0.6084,65
SITE388_ORNT325,2024-12-03-11-18-04\SITE388_ORNT325_VIS9mi.png,pool,9.0,0.7115,125
SITE388_ORNT65,2025-02-01-12-44-07\SITE388_ORNT65_VIS9mi.png,pool,9.0,0.6636,66
SITE389_ORNT120,2025-02-15-15-20-00\SITE389_ORNT120_VIS9mi.png,pool,9.0,0.3876,121
SITE389_ORNT210,2025-03-03-11-33-30\SITE389_ORNT210_VIS9mi.png,pool,9.0,0.4184,82
SITE389_ORNT300,2025-03-03-11-33-30\SITE389_ORNT300_VIS9mi.png,pool,9.0,0.4224,124
SITE389_ORNT35,2025-02-01-12-44-07\SITE389_ORNT35_VIS9mi.png,pool,9.0,0.4109,111
SITE394_ORNT0,2025-03-26-12-24-08\SITE394_ORNT0_VIS9mi.png,pool,9.0,0.4091,112
SITE394_ORNT180,2025-04-11-14-52-32\SITE394_ORNT180_VIS9mi.png,pool,9.0,0.3909,78
SITE397_ORNT145,2024-05-21-12-02-34\SITE397_ORNT145_VIS9mi.png,pool,9.0,0.4805,49
SITE397_ORNT270,2025-03-04-14-20-15\SITE397_ORNT270_VIS9mi.png,pool,9.0,0.3968,77
SITE397_ORNT30,2024-05-13-18-48-49\SITE397_ORNT30_VIS9mi.png,pool,9.0,0.4147,94
SITE397_ORNT345,2025-03-03-11-33-30\SITE397_ORNT345_VIS9mi.png,pool,9.0,0.5262,69
SITE399_ORNT220,2025-04-07-16-10-10\SITE399_ORNT220_VIS9mi.png,pool,9.0,0.6423,92
SITE399_ORNT290,2024-05-03-19-33-18\SITE399_ORNT290_VIS9mi.png,pool,9.0,0.5595,59
SITE399_ORNT45,2025-04-11-14-52-32\SITE399_ORNT45_VIS9mi.png,pool,9.0,0.503,120
SITE401_ORNT110,2025-04-07-16-10-10\SITE401_ORNT110_VIS9mi.png,pool,9.0,0.6438,70
SITE401_ORNT170,2024-06-29-10-50-12\SITE401_ORNT170_VIS9mi.png,pool,9.0,0.5727,58
SITE401_ORNT250,2025-02-27-11-22-46\SITE401_ORNT250_VIS9mi.png,pool,9.0,0.4219,102
SITE401_ORNT350,2025-02-27-11-22-46\SITE401_ORNT350_VIS9mi.png,pool,9.0,0.4218,113
SITE404_ORNT100,2025-03-23-13-51-54\SITE404_ORNT100_VIS15mi.png,pool,15.0,0.565,69
SITE404_ORNT180,2024-05-21-12-02-34\SITE404_ORNT180_VIS15mi.png,pool,15.0,0.5956,94
SITE404_ORNT270,2025-02-12-14-37-35\SITE404_ORNT270_VIS15mi.png,pool,15.0,0.5947,104
SITE404_ORNT350,2025-03-26-14-35-40\SITE404_ORNT350_VIS15mi.png,pool,15.0,0.4475,99
SITE405_ORNT250,2025-02-04-15-47-48\SITE405_ORNT250_VIS15mi.png,pool,15.0,0.4228,153
SITE405_ORNT35,2025-02-14-15-24-27\SITE405_ORNT35_VIS15mi.png,pool,15.0,0.4817,89
SITE406_ORNT190,2024-08-10-09-44-28\SITE406_ORNT190_VIS15mi.png,pool,15.0,0.5749,123
SITE406_ORNT55,2025-01-15-12-14-16\SITE406_ORNT55_VIS15mi.png,pool,15.0,0.5382,84
SITE407_ORNT120,2024-06-16-11-08-10\SITE407_ORNT120_VIS9mi.png,pool,9.0,0.5914,103
SITE407_ORNT215,2025-02-01-12-44-07\SITE407_ORNT215_VIS9mi.png,pool,9.0,0.6434,150
SITE407_ORNT320,2025-02-10-14-47-56\SITE407_ORNT320_VIS9mi.png,pool,9.0,0.4725,90
SITE407_ORNT50,2025-02-05-13-59-56\SITE407_ORNT50_VIS9mi.png,pool,9.0,0.4236,99
SITE40_ORNT120,2025-03-06-15-10-58\SITE40_ORNT120_VIS10+mi.png,pool,10.0,0.714,37
SITE40_ORNT180,2025-02-05-13-59-56\SITE40_ORNT180_VIS10+mi.png,pool,10.0,0.5819,49
SITE40_ORNT295,2025-03-17-19-09-03\SITE40_ORNT295_VIS10+mi.png,pool,10.0,0.6263,52
SITE411_ORNT135,2025-04-02-15-05-32\SITE411_ORNT135_VIS20mi.png,pool,20.0,0.6116,62
SITE411_ORNT220,2024-06-28-13-30-05\SITE411_ORNT220_VIS20mi.png,pool,20.0,0.5726,72
SITE411_ORNT280,2024-06-23-11-02-14\SITE411_ORNT280_VIS20mi.png,pool,20.0,0.5631,69
SITE411_ORNT75,2025-04-02-15-05-32\SITE411_ORNT75_VIS20mi.png,pool,20.0,0.5956,54
SITE417_ORNT140,2024-12-29-16-00-12/SITE417_ORNT140_VIS10+mi.png,dataset,10.0,0.5991,42
SITE417_ORNT220,2025-01-31-13-49-43\SITE417_ORNT220_VIS10+mi.png,pool,10.0,0.6155,44
SITE417_ORNT315,2025-01-22-12-38-15\SITE417_ORNT315_VIS10+mi.png,pool,10.0,0.6141,51
SITE417_ORNT50,2025-01-26-15-53-06\SITE417_ORNT50_VIS10+mi.png,pool,10.0,0.6187,44
SITE418_ORNT138,2025-04-22-15-39-35\SITE418_ORNT138_VIS10+mi.png,pool,10.0,0.4846,2
SITE418_ORNT195,2025-04-22-15-39-35\SITE418_ORNT195_VIS10+mi.png,pool,10.0,0.479,2
SITE418_ORNT260,2025-04-22-15-39-35\SITE418_ORNT260_VIS10+mi.png,pool,10.0,0.5428,2
SITE418_ORNT90,2025-04-22-15-39-35\SITE418_ORNT90_VIS10+mi.png,pool,10.0,0.5756,3
SITE41_ORNT170,2025-03-18-13-52-55\SITE41_ORNT170_VIS10+mi.png,pool,10.0,0.6307,48
SITE41_ORNT235,2025-03-18-13-52-55\SITE41_ORNT235_VIS10+mi.png,pool,10.0,0.6722,48
SITE41_ORNT25,2025-04-13-19-09-12\SITE41_ORNT25_VIS10+mi.png,pool,10.0,0.6228,43
SITE41_ORNT335,2025-04-13-19-09-12\SITE41_ORNT335_VIS10+mi.png,pool,10.0,0.6489,50
SITE420_ORNT170,2025-03-11-17-13-52\SITE420_ORNT170_VIS10+mi.png,pool,10.0,0.6794,23
SITE420_ORNT225,2025-03-05-12-08-53\SITE420_ORNT225_VIS10+mi.png,pool,10.0,0.627,27
SITE420_ORNT275,2024-12-29-16-00-12\SITE420_ORNT275_VIS10+mi.png,pool,10.0,0.5862,24
SITE420_ORNT30,2025-03-18-13-52-55\SITE420_ORNT30_VIS10+mi.png,pool,10.0,0.608,23
SITE421_ORNT110,2025-04-11-14-52-32\SITE421_ORNT110_VIS10+mi.png,pool,10.0,0.7008,39
SITE421_ORNT170,2025-04-10-17-56-44\SITE421_ORNT170_VIS10+mi.png,pool,10.0,0.6866,47
SITE421_ORNT240,2024-10-13-15-24-41\SITE421_ORNT240_VIS10+mi.png,pool,10.0,0.6382,46
SITE421_ORNT40,2025-04-10-17-56-44\SITE421_ORNT40_VIS10+mi.png,pool,10.0,0.6343,46
SITE422_ORNT180,2024-10-10-15-17-15\SITE422_ORNT180_VIS10+mi.png,pool,10.0,0.558,11
SITE422_ORNT30,2024-10-10-15-17-15\SITE422_ORNT30_VIS10+mi.png,pool,10.0,0.584,7
SITE422_ORNT300,2024-10-10-15-17-15\SITE422_ORNT300_VIS10+mi.png,pool,10.0,0.5594,6
SITE422_ORNT85,2024-10-13-12-27-42\SITE422_ORNT85_VIS10+mi.png,pool,10.0,0.4923,7
SITE424_ORNT0,2025-04-01-16-59-16\SITE424_ORNT0_VIS9mi.png,pool,9.0,0.5818,103
SITE424_ORNT180,2024-06-09-10-51-06\SITE424_ORNT180_VIS9mi.png,pool,9.0,0.5408,85
SITE426_ORNT130,2025-02-12-14-37-35\SITE426_ORNT130_VIS30mi.png,pool,30.0,0.5063,104
SITE426_ORNT250,2024-10-08-11-05-48\SITE426_ORNT250_VIS30mi.png,pool,30.0,0.481,122
SITE426_ORNT310,2024-05-14-16-18-20\SITE426_ORNT310_VIS30mi.png,pool,30.0,0.4839,147
SITE426_ORNT70,2025-02-11-14-30-47\SITE426_ORNT70_VIS30mi.png,pool,30.0,0.4627,116
SITE428_ORNT290,2024-08-18-19-28-16\SITE428_ORNT290_VIS9mi.png,pool,9.0,0.4632,95
SITE428_ORNT355,2025-03-04-14-20-15\SITE428_ORNT355_VIS9mi.png,pool,9.0,0.463,77
SITE42_ORNT120,2025-04-10-17-56-44\SITE42_ORNT120_VIS10+mi.png,pool,10.0,0.6555,28
SITE42_ORNT205,2025-04-14-19-44-02\SITE42_ORNT205_VIS10+mi.png,pool,10.0,0.7226,25
SITE42_ORNT330,2025-04-13-19-09-12\SITE42_ORNT330_VIS10+mi.png,pool,10.0,0.6647,28
SITE42_ORNT40,2025-04-13-19-09-12\SITE42_ORNT40_VIS10+mi.png,pool,10.0,0.6483,30
SITE430_ORNT160,2024-06-09-10-51-06\SITE430_ORNT160_VIS60mi.png,pool,60.0,0.3911,136
SITE430_ORNT255,2025-02-27-11-22-46\SITE430_ORNT255_VIS60mi.png,pool,60.0,0.552,138
SITE430_ORNT65,2025-01-26-13-23-03\SITE430_ORNT65_VIS60mi.png,pool,60.0,0.5475,57
SITE431_ORNT100,2025-03-05-12-08-53\SITE431_ORNT100_VIS30mi.png,pool,30.0,0.3729,45
SITE431_ORNT15,2024-06-22-15-38-49\SITE431_ORNT15_VIS30mi.png,pool,30.0,0.4747,61
SITE431_ORNT185,2024-06-22-10-56-07\SITE431_ORNT185_VIS30mi.png,pool,30.0,0.5652,102
SITE431_ORNT275,2024-07-07-20-11-04\SITE431_ORNT275_VIS30mi.png,pool,30.0,0.7971,123
SITE434_ORNT130,2025-02-16-12-49-10\SITE434_ORNT130_VIS10+mi.png,pool,10.0,0.6497,43
SITE434_ORNT230,2025-02-16-12-49-10\SITE434_ORNT230_VIS10+mi.png,pool,10.0,0.6929,41
SITE434_ORNT325,2025-02-11-14-30-47\SITE434_ORNT325_VIS10+mi.png,pool,10.0,0.6399,41
SITE434_ORNT55,2025-02-16-12-49-10\SITE434_ORNT55_VIS10+mi.png,pool,10.0,0.6613,41
SITE435_ORNT15,2024-05-23-15-19-49\SITE435_ORNT15_VIS9mi.png,pool,9.0,0.6012,4
SITE435_ORNT170,2024-06-27-10-23-10\SITE435_ORNT170_VIS9mi.png,pool,9.0,0.609,8
SITE435_ORNT235,2024-06-27-10-23-10\SITE435_ORNT235_VIS9mi.png,pool,9.0,0.5836,6
SITE435_ORNT90,2024-05-23-15-19-49\SITE435_ORNT90_VIS9mi.png,pool,9.0,0.5796,3
SITE437_ORNT110,2025-03-05-12-08-53\SITE437_ORNT110_VIS10+mi.png,pool,10.0,0.577,28
SITE437_ORNT195,2025-03-17-19-09-03/SITE437_ORNT195_VIS10+mi.png,dataset,10.0,0.6467,34
SITE437_ORNT260,2025-03-11-17-13-52\SITE437_ORNT260_VIS10+mi.png,pool,10.0,0.6056,31
SITE437_ORNT340,2025-04-13-19-09-12\SITE437_ORNT340_VIS10+mi.png,pool,10.0,0.6242,29
SITE438_ORNT110,2025-01-23-15-05-27\SITE438_ORNT110_VIS10+mi.png,pool,10.0,0.5891,14
SITE438_ORNT208,2024-10-10-15-17-15\SITE438_ORNT208_VIS10+mi.png,pool,10.0,0.5949,18
SITE438_ORNT290,2024-12-20-15-16-09\SITE438_ORNT290_VIS10+mi.png,pool,10.0,0.611,21
SITE438_ORNT30,2024-10-11-15-41-13\SITE438_ORNT30_VIS10+mi.png,pool,10.0,0.5725,10
SITE439_ORNT200,2025-03-03-11-33-30\SITE439_ORNT200_VIS10+mi.png,pool,10.0,0.6446,49
SITE439_ORNT265,2025-02-27-11-22-46\SITE439_ORNT265_VIS10+mi.png,pool,10.0,0.7412,48
SITE439_ORNT350,2025-03-03-11-33-30\SITE439_ORNT350_VIS10+mi.png,pool,10.0,0.6185,49
SITE439_ORNT90,2025-03-26-14-35-40\SITE439_ORNT90_VIS10+mi.png,pool,10.0,0.6058,46
SITE43_ORNT10,2025-03-26-14-35-40\SITE43_ORNT10_VIS10+mi.png,pool,10.0,0.6602,35
SITE43_ORNT115,2025-03-26-14-35-40\SITE43_ORNT115_VIS10+mi.png,pool,10.0,0.6691,42
SITE43_ORNT190,2025-04-10-17-56-44\SITE43_ORNT190_VIS10+mi.png,pool,10.0,0.6396,44
SITE43_ORNT270,2025-03-26-14-35-40\SITE43_ORNT270_VIS10+mi.png,pool,10.0,0.6404,37
SITE442_ORNT120,2025-01-31-13-49-43\SITE442_ORNT120_VIS10+mi.png,pool,10.0,0.7311,13
SITE442_ORNT210,2025-02-01-17-30-02\SITE442_ORNT210_VIS10+mi.png,pool,10.0,0.6228,41
SITE442_ORNT300,2025-03-04-14-20-15\SITE442_ORNT300_VIS10+mi.png,pool,10.0,0.6416,33
SITE442_ORNT40,2025-02-04-15-47-48\SITE442_ORNT40_VIS10+mi.png,pool,10.0,0.6089,37
SITE443_ORNT230,2025-02-01-12-44-07\SITE443_ORNT230_VIS10+mi.png,pool,10.0,0.588,44
SITE443_ORNT275,2024-10-13-12-27-42\SITE443_ORNT275_VIS10+mi.png,pool,10.0,0.6051,49
SITE443_ORNT320,2024-10-13-12-27-42\SITE443_ORNT320_VIS10+mi.png,pool,10.0,0.6107,55
SITE443_ORNT67,2025-02-16-12-49-10\SITE443_ORNT67_VIS10+mi.png,pool,10.0,0.5603,45
SITE446_ORNT10,2025-03-20-11-55-50\SITE446_ORNT10_VIS10+mi.png,pool,10.0,0.6442,50
SITE446_ORNT101,2025-03-15-15-41-34\SITE446_ORNT101_VIS10+mi.png,pool,10.0,0.6463,44
SITE446_ORNT165,2025-03-26-12-24-08\SITE446_ORNT165_VIS10+mi.png,pool,10.0,0.6181,43
SITE446_ORNT230,2025-04-01-16-59-16\SITE446_ORNT230_VIS10+mi.png,pool,10.0,0.6611,51
SITE447_ORNT15,2025-02-16-12-49-10\SITE447_ORNT15_VIS10+mi.png,pool,10.0,0.6161,49
SITE447_ORNT240,2024-12-23-15-38-40\SITE447_ORNT240_VIS10+mi.png,pool,10.0,0.5791,47
SITE447_ORNT295,2025-03-26-12-24-08\SITE447_ORNT295_VIS10+mi.png,pool,10.0,0.6045,50
SITE453_ORNT135,2024-08-19-19-34-52\SITE453_ORNT135_VIS15mi.png,pool,15.0,0.3906,42
SITE453_ORNT270,2024-06-21-15-35-27\SITE453_ORNT270_VIS15mi.png,pool,15.0,0.6115,77
SITE454_ORNT0,2025-03-28-10-38-15\SITE454_ORNT0_VIS9mi.png,pool,9.0,0.6074,127
SITE454_ORNT180,2024-12-24-15-14-57/SITE454_ORNT180_VIS9mi.png,dataset,9.0,0.501,50
SITE454_ORNT90,2024-06-29-10-50-12\SITE454_ORNT90_VIS9mi.png,pool,9.0,0.4831,115
SITE455_ORNT0,2024-07-05-10-36-13\SITE455_ORNT0_VIS15mi.png,pool,15.0,0.5676,112
SITE455_ORNT180,2025-03-02-13-12-40\SITE455_ORNT180_VIS15mi.png,pool,15.0,0.5639,62
SITE455_ORNT270,2024-10-19-10-55-55\SITE455_ORNT270_VIS15mi.png,pool,15.0,0.5001,99
SITE455_ORNT90,2025-03-28-10-38-15\SITE455_ORNT90_VIS15mi.png,pool,15.0,0.4242,87
SITE457_ORNT110,2025-02-12-14-37-35\SITE457_ORNT110_VIS15mi.png,pool,15.0,0.4142,71
SITE457_ORNT225,2025-02-04-15-47-48\SITE457_ORNT225_VIS15mi.png,pool,15.0,0.4185,93
SITE45_ORNT130,2025-04-11-14-52-32\SITE45_ORNT130_VIS10+mi.png,pool,10.0,0.6257,44
SITE45_ORNT180,2025-04-13-19-09-12\SITE45_ORNT180_VIS10+mi.png,pool,10.0,0.6547,44
SITE45_ORNT290,2025-03-17-19-09-03\SITE45_ORNT290_VIS10+mi.png,pool,10.0,0.6514,45
SITE45_ORNT5,2025-04-11-14-52-32\SITE45_ORNT5_VIS10+mi.png,pool,10.0,0.6515,45
SITE460_ORNT165,2024-12-03-11-18-04\SITE460_ORNT165_VIS15mi.png,pool,15.0,0.3945,105
SITE460_ORNT260,2025-01-22-12-38-15\SITE460_ORNT260_VIS15mi.png,pool,15.0,0.4822,63
SITE460_ORNT350,2024-12-03-11-18-04\SITE460_ORNT350_VIS15mi.png,pool,15.0,0.5839,120
SITE461_ORNT110,2025-03-05-12-08-53\SITE461_ORNT110_VIS15mi.png,pool,15.0,0.4102,97
SITE461_ORNT20,2024-06-09-10-51-06\SITE461_ORNT20_VIS15mi.png,pool,15.0,0.4983,70
SITE461_ORNT200,2025-04-10-17-56-44\SITE461_ORNT200_VIS15mi.png,pool,15.0,0.4231,46
SITE462_ORNT0,2025-03-15-15-41-34\SITE462_ORNT0_VIS9mi.png,pool,9.0,0.5255,65
SITE462_ORNT290,2025-03-17-19-09-03\SITE462_ORNT290_VIS9mi.png,pool,9.0,0.4631,77
SITE462_ORNT80,2024-05-28-11-05-32\SITE462_ORNT80_VIS9mi.png,pool,9.0,0.698,113
SITE463_ORNT230,2025-01-31-13-49-43\SITE463_ORNT230_VIS15mi.png,pool,15.0,0.3867,77
SITE463_ORNT340,2025-01-31-13-49-43\SITE463_ORNT340_VIS15mi.png,pool,15.0,0.4493,132
SITE464_ORNT270,2025-02-27-11-22-46\SITE464_ORNT270_VIS9mi.png,pool,9.0,0.5887,96
SITE464_ORNT90,2024-04-30-13-21-52\SITE464_ORNT90_VIS9mi.png,pool,9.0,0.578,121
SITE467_ORNT135,2025-02-02-12-13-03\SITE467_ORNT135_VIS15mi.png,pool,15.0,0.4013,115
SITE467_ORNT225,2025-02-02-12-13-03\SITE467_ORNT225_VIS15mi.png,pool,15.0,0.4249,63
SITE467_ORNT325,2025-02-02-12-13-03\SITE467_ORNT325_VIS15mi.png,pool,15.0,0.4024,65
SITE467_ORNT55,2024-10-18-12-30-03\SITE467_ORNT55_VIS15mi.png,pool,15.0,0.5138,122
SITE468_ORNT170,2025-01-29-12-01-12\SITE468_ORNT170_VIS15mi.png,pool,15.0,0.5141,49
SITE468_ORNT260,2024-12-09-12-13-38\SITE468_ORNT260_VIS15mi.png,pool,15.0,0.4064,50
SITE468_ORNT325,2025-01-29-12-01-12\SITE468_ORNT325_VIS15mi.png,pool,15.0,0.5083,52
SITE468_ORNT80,2025-02-02-12-13-03\SITE468_ORNT80_VIS15mi.png,pool,15.0,0.6412,50
SITE469_ORNT330,2024-04-30-13-21-52\SITE469_ORNT330_VIS9mi.png,pool,9.0,0.3833,149
SITE469_ORNT80,2025-03-31-13-29-12\SITE469_ORNT80_VIS9mi.png,pool,9.0,0.3863,106
SITE471_ORNT0,2025-03-26-12-24-08\SITE471_ORNT0_VIS9mi.png,pool,9.0,0.517,96
SITE471_ORNT180,2024-08-11-09-28-59\SITE471_ORNT180_VIS9mi.png,pool,9.0,0.5718,106
SITE471_ORNT255,2024-06-20-11-19-17\SITE471_ORNT255_VIS9mi.png,pool,9.0,0.5992,123
SITE471_ORNT90,2025-03-28-10-38-15\SITE471_ORNT90_VIS9mi.png,pool,9.0,0.6122,119
SITE472_ORNT10,2025-04-22-15-39-35\SITE472_ORNT10_VIS9mi.png,pool,9.0,0.4776,44
SITE472_ORNT275,2024-12-03-11-18-04\SITE472_ORNT275_VIS9mi.png,pool,9.0,0.5507,62
SITE472_ORNT95,2024-09-30-11-56-46\SITE472_ORNT95_VIS9mi.png,pool,9.0,0.4619,116
SITE474_ORNT180,2025-02-05-13-59-56\SITE474_ORNT180_VIS9mi.png,pool,9.0,0.3583,47
SITE474_ORNT270,2025-03-04-14-20-15\SITE474_ORNT270_VIS9mi.png,pool,9.0,0.5417,145
SITE474_ORNT90,2025-04-10-17-56-44\SITE474_ORNT90_VIS9mi.png,pool,9.0,0.4733,74
SITE476_ORNT30,2024-05-21-12-02-34\SITE476_ORNT30_VIS15mi.png,pool,15.0,0.5717,88
SITE476_ORNT335,2024-07-25-10-00-39\SITE476_ORNT335_VIS15mi.png,pool,15.0,0.4676,70
SITE477_ORNT160,2024-07-14-16-38-50\SITE477_ORNT160_VIS9mi.png,pool,9.0,0.4513,89
SITE477_ORNT240,2024-06-18-18-07-05\SITE477_ORNT240_VIS9mi.png,pool,9.0,0.4757,50
SITE477_ORNT340,2025-04-07-16-10-10\SITE477_ORNT340_VIS9mi.png,pool,9.0,0.4209,116
SITE477_ORNT50,2024-10-19-10-55-55\SITE477_ORNT50_VIS9mi.png,pool,9.0,0.4264,123
SITE480_ORNT140,2025-03-15-15-41-34\SITE480_ORNT140_VIS9mi.png,pool,9.0,0.5024,69
SITE480_ORNT20,2024-08-30-10-00-55\SITE480_ORNT20_VIS9mi.png,pool,9.0,0.5586,75
SITE480_ORNT220,2025-04-22-15-39-35\SITE480_ORNT220_VIS9mi.png,pool,9.0,0.6048,60
SITE480_ORNT310,2025-01-28-16-10-28\SITE480_ORNT310_VIS9mi.png,pool,9.0,0.8637,63
SITE481_ORNT120,2024-05-22-13-05-54\SITE481_ORNT120_VIS15mi.png,pool,15.0,0.48,75
SITE481_ORNT30,2024-07-22-11-13-59\SITE481_ORNT30_VIS15mi.png,pool,15.0,0.5198,77
SITE481_ORNT310,2024-10-08-11-05-48\SITE481_ORNT310_VIS15mi.png,pool,15.0,0.5222,111
SITE483_ORNT185,2025-03-03-11-33-30\SITE483_ORNT185_VIS20mi.png,pool,20.0,0.49,128
SITE483_ORNT275,2025-02-10-14-47-56\SITE483_ORNT275_VIS20mi.png,pool,20.0,0.5658,126
SITE483_ORNT5,2025-02-11-14-30-47\SITE483_ORNT5_VIS20mi.png,pool,20.0,0.5216,129
SITE483_ORNT95,2025-03-31-13-29-12\SITE483_ORNT95_VIS20mi.png,pool,20.0,0.411,129
SITE484_ORNT140,2025-01-31-13-49-43\SITE484_ORNT140_VIS15mi.png,pool,15.0,0.44,45
SITE484_ORNT220,2025-03-28-10-38-15\SITE484_ORNT220_VIS15mi.png,pool,15.0,0.4708,60
SITE484_ORNT30,2025-03-28-10-38-15\SITE484_ORNT30_VIS15mi.png,pool,15.0,0.4822,47
SITE484_ORNT310,2024-04-25-17-48-06\SITE484_ORNT310_VIS15mi.png,pool,15.0,0.5156,77
SITE485_ORNT120,2025-03-02-11-48-27\SITE485_ORNT120_VIS15mi.png,pool,15.0,0.3938,62
SITE485_ORNT20,2024-06-06-10-38-22\SITE485_ORNT20_VIS15mi.png,pool,15.0,0.4144,103
SITE485_ORNT210,2024-08-30-10-00-55\SITE485_ORNT210_VIS15mi.png,pool,15.0,0.391,60
SITE485_ORNT290,2025-03-02-11-48-27\SITE485_ORNT290_VIS15mi.png,pool,15.0,0.3806,58
SITE486_ORNT0,2025-02-02-12-13-03\SITE486_ORNT0_VIS9mi.png,pool,9.0,0.3891,102
SITE486_ORNT110,2024-07-02-16-22-41\SITE486_ORNT110_VIS9mi.png,pool,9.0,0.519,79
SITE486_ORNT220,2025-03-03-11-33-30\SITE486_ORNT220_VIS9mi.png,pool,9.0,0.5413,123
SITE486_ORNT285,2024-08-11-13-07-09\SITE486_ORNT285_VIS9mi.png,pool,9.0,0.5667,111
SITE48_ORNT115,2025-04-02-15-05-32\SITE48_ORNT115_VIS10+mi.png,pool,10.0,0.7161,33
SITE48_ORNT20,2025-03-18-13-52-55\SITE48_ORNT20_VIS10+mi.png,pool,10.0,0.6132,46
SITE48_ORNT210,2025-04-14-19-44-02\SITE48_ORNT210_VIS10+mi.png,pool,10.0,0.7484,45
SITE48_ORNT275,2025-02-15-15-20-00\SITE48_ORNT275_VIS10+mi.png,pool,10.0,0.5878,43
SITE490_ORNT110,2025-03-29-15-28-57\SITE490_ORNT110_VIS9mi.png,pool,9.0,0.3955,125
SITE490_ORNT200,2024-06-23-11-02-14\SITE490_ORNT200_VIS9mi.png,pool,9.0,0.5035,81
SITE490_ORNT280,2024-11-19-11-24-38\SITE490_ORNT280_VIS9mi.png,pool,9.0,0.5006,110
SITE490_ORNT360,2025-01-31-13-49-43\SITE490_ORNT360_VIS9mi.png,pool,9.0,0.5905,108
SITE492_ORNT115,2024-10-19-10-55-55\SITE492_ORNT115_VIS15mi.png,pool,15.0,0.5452,84
SITE492_ORNT20,2024-10-19-10-55-55\SITE492_ORNT20_VIS15mi.png,pool,15.0,0.5143,130
SITE492_ORNT210,2025-03-26-12-24-08\SITE492_ORNT210_VIS15mi.png,pool,15.0,0.497,88
SITE492_ORNT290,2024-10-19-10-55-55\SITE492_ORNT290_VIS15mi.png,pool,15.0,0.4512,67
SITE494_ORNT135,2024-08-10-09-44-28\SITE494_ORNT135_VIS30mi.png,pool,30.0,0.4723,100
SITE494_ORNT270,2024-12-10-14-08-09/SITE494_ORNT270_VIS30mi.png,dataset,30.0,0.5469,156
SITE496_ORNT195,2025-03-18-13-52-55\SITE496_ORNT195_VIS15mi.png,pool,15.0,0.6728,54
SITE496_ORNT70,2024-07-25-10-00-39\SITE496_ORNT70_VIS15mi.png,pool,15.0,0.4455,55
SITE49_ORNT15,2025-01-31-13-49-43\SITE49_ORNT15_VIS10+mi.png,pool,10.0,0.6359,56
SITE49_ORNT165,2025-04-02-15-05-32\SITE49_ORNT165_VIS10+mi.png,pool,10.0,0.5976,44
SITE49_ORNT265,2025-02-16-12-49-10\SITE49_ORNT265_VIS10+mi.png,pool,10.0,0.6058,47
SITE49_ORNT315,2025-02-05-13-59-56\SITE49_ORNT315_VIS10+mi.png,pool,10.0,0.6038,51
SITE4_ORNT140,2025-03-04-14-20-15\SITE4_ORNT140_VIS10+mi.png,pool,10.0,0.7016,34
SITE4_ORNT187,2025-02-27-11-22-46\SITE4_ORNT187_VIS10+mi.png,pool,10.0,0.6315,65
SITE4_ORNT264,2025-02-05-13-59-56\SITE4_ORNT264_VIS10+mi.png,pool,10.0,0.6235,70
SITE4_ORNT303,2025-01-22-12-38-15\SITE4_ORNT303_VIS10+mi.png,pool,10.0,0.661,77
SITE505_ORNT125,2024-12-27-14-55-32\SITE505_ORNT125_VIS15mi.png,pool,15.0,0.3948,39
SITE505_ORNT15,2025-03-05-12-08-53\SITE505_ORNT15_VIS15mi.png,pool,15.0,0.6018,51
SITE506_ORNT0,2025-02-05-13-59-56\SITE506_ORNT0_VIS9mi.png,pool,9.0,0.4072,107
SITE506_ORNT180,2025-03-29-15-28-57\SITE506_ORNT180_VIS9mi.png,pool,9.0,0.3899,103
SITE506_ORNT270,2025-04-13-19-09-12\SITE506_ORNT270_VIS9mi.png,pool,9.0,0.3698,92
SITE506_ORNT90,2025-01-15-15-33-17\SITE506_ORNT90_VIS9mi.png,pool,9.0,0.4019,130
SITE507_ORNT0,2024-06-15-10-59-58\SITE507_ORNT0_VIS9mi.png,pool,9.0,0.4,111
SITE507_ORNT135,2025-03-03-11-33-30\SITE507_ORNT135_VIS9mi.png,pool,9.0,0.7977,63
SITE507_ORNT225,2025-02-14-15-24-27\SITE507_ORNT225_VIS9mi.png,pool,9.0,0.599,74
SITE507_ORNT90,2025-01-17-15-10-02\SITE507_ORNT90_VIS9mi.png,pool,9.0,0.6004,135
SITE508_ORNT135,2024-06-30-10-21-08\SITE508_ORNT135_VIS9mi.png,pool,9.0,0.5364,119
SITE508_ORNT225,2025-03-26-14-35-40\SITE508_ORNT225_VIS9mi.png,pool,9.0,0.4168,96
SITE508_ORNT315,2024-10-19-10-55-55\SITE508_ORNT315_VIS9mi.png,pool,9.0,0.5126,113
SITE508_ORNT45,2024-06-15-10-59-58\SITE508_ORNT45_VIS9mi.png,pool,9.0,0.4615,103
SITE50_ORNT103,2025-02-04-15-47-48\SITE50_ORNT103_VIS10+mi.png,pool,10.0,0.5902,33
SITE50_ORNT149,2025-02-01-12-44-07\SITE50_ORNT149_VIS10+mi.png,pool,10.0,0.6406,40
SITE50_ORNT15,2025-01-22-12-38-15\SITE50_ORNT15_VIS10+mi.png,pool,10.0,0.5787,49
SITE50_ORNT265,2025-03-15-15-41-34\SITE50_ORNT265_VIS10+mi.png,pool,10.0,0.6086,51
SITE510_ORNT0,2025-02-15-15-20-00\SITE510_ORNT0_VIS9mi.png,pool,9.0,0.584,104
SITE510_ORNT180,2025-03-28-10-38-15\SITE510_ORNT180_VIS9mi.png,pool,9.0,0.4924,43
SITE510_ORNT270,2025-02-17-14-46-26\SITE510_ORNT270_VIS9mi.png,pool,9.0,0.6333,77
SITE510_ORNT90,2024-12-27-14-55-32\SITE510_ORNT90_VIS9mi.png,pool,9.0,0.4752,115
SITE512_ORNT340,2025-01-15-12-14-16\SITE512_ORNT340_VIS15mi.png,pool,15.0,0.4802,45
SITE512_ORNT90,2025-02-19-12-18-05\SITE512_ORNT90_VIS15mi.png,pool,15.0,0.6106,75
SITE517_ORNT270,2025-04-10-17-56-44\SITE517_ORNT270_VIS25mi.png,pool,25.0,0.3896,12
SITE517_ORNT45,2025-01-29-12-01-12\SITE517_ORNT45_VIS25mi.png,pool,25.0,0.5744,58
SITE519_ORNT200,2025-01-23-15-05-27\SITE519_ORNT200_VIS15mi.png,pool,15.0,0.5384,87
SITE519_ORNT5,2024-07-27-10-27-08\SITE519_ORNT5_VIS15mi.png,pool,15.0,0.5488,73
SITE520_ORNT0,2024-07-26-10-22-16\SITE520_ORNT0_VIS9mi.png,pool,9.0,0.4986,91
SITE520_ORNT180,2024-07-18-14-04-18\SITE520_ORNT180_VIS9mi.png,pool,9.0,0.5301,96
SITE520_ORNT270,2025-02-15-15-20-00\SITE520_ORNT270_VIS9mi.png,pool,9.0,0.4231,97
SITE520_ORNT90,2025-02-01-12-44-07/SITE520_ORNT90_VIS9mi.png,dataset,9.0,0.5742,99
SITE521_ORNT150,2025-03-17-19-09-03\SITE521_ORNT150_VIS30mi.png,pool,30.0,0.3772,105
SITE521_ORNT240,2025-02-01-12-44-07\SITE521_ORNT240_VIS30mi.png,pool,30.0,0.3903,106
SITE521_ORNT325,2025-02-15-16-53-20\SITE521_ORNT325_VIS30mi.png,pool,30.0,0.4132,111
SITE521_ORNT60,2025-03-03-11-33-30\SITE521_ORNT60_VIS30mi.png,pool,30.0,0.5395,100
SITE522_ORNT0,2024-07-30-14-06-06\SITE522_ORNT0_VIS9mi.png,pool,9.0,0.5644,105
SITE522_ORNT270,2025-03-11-17-13-52\SITE522_ORNT270_VIS9mi.png,pool,9.0,0.6011,129
SITE522_ORNT90,2025-01-22-12-38-15\SITE522_ORNT90_VIS9mi.png,pool,9.0,0.533,105
SITE528_ORNT120,2025-02-19-12-18-05/SITE528_ORNT120_VIS9mi.png,dataset,9.0,0.4601,79
SITE528_ORNT235,2025-02-17-14-46-26\SITE528_ORNT235_VIS9mi.png,pool,9.0,0.4696,103
SITE528_ORNT310,2025-01-31-13-49-43\SITE528_ORNT310_VIS9mi.png,pool,9.0,0.4038,83
SITE528_ORNT35,2025-03-23-13-51-54\SITE528_ORNT35_VIS9mi.png,pool,9.0,0.492,101
SITE530_ORNT280,2025-02-10-14-47-56\SITE530_ORNT280_VIS15mi.png,pool,15.0,0.3948,44
SITE530_ORNT60,2025-04-07-16-10-10\SITE530_ORNT60_VIS15mi.png,pool,15.0,0.5856,43
SITE533_ORNT120,2025-03-05-12-08-53\SITE533_ORNT120_VIS15mi.png,pool,15.0,0.4414,77
SITE533_ORNT325,2024-07-02-10-19-43\SITE533_ORNT325_VIS15mi.png,pool,15.0,0.5686,119
SITE534_ORNT135,2025-02-10-14-47-56\SITE534_ORNT135_VIS9mi.png,pool,9.0,0.4209,67
SITE534_ORNT225,2024-05-28-11-05-32\SITE534_ORNT225_VIS9mi.png,pool,9.0,0.415,75
SITE534_ORNT315,2025-02-19-12-18-05\SITE534_ORNT315_VIS9mi.png,pool,9.0,0.4725,89
SITE534_ORNT45,2025-03-03-11-33-30\SITE534_ORNT45_VIS9mi.png,pool,9.0,0.4203,67
SITE538_ORNT139,2024-11-19-11-24-38\SITE538_ORNT139_VIS10+mi.png,pool,10.0,0.6996,45
SITE538_ORNT192,2025-02-12-14-37-35\SITE538_ORNT192_VIS10+mi.png,pool,10.0,0.6189,53
SITE538_ORNT21,2025-04-02-15-05-32\SITE538_ORNT21_VIS10+mi.png,pool,10.0,0.6266,48
SITE538_ORNT258,2024-10-20-11-35-46\SITE538_ORNT258_VIS10+mi.png,pool,10.0,0.6445,52
SITE539_ORNT110,2025-03-28-10-38-15\SITE539_ORNT110_VIS10+mi.png,pool,10.0,0.6338,51
SITE539_ORNT205,2024-10-13-15-24-41/SITE539_ORNT205_VIS10+mi.png,dataset,10.0,0.6175,50
SITE539_ORNT310,2025-03-02-11-48-27\SITE539_ORNT310_VIS10+mi.png,pool,10.0,0.6013,56
SITE539_ORNT40,2025-03-03-11-33-30\SITE539_ORNT40_VIS10+mi.png,pool,10.0,0.6142,54
SITE53_ORNT115,2025-03-26-12-24-08\SITE53_ORNT115_VIS10+mi.png,pool,10.0,0.5884,32
SITE53_ORNT15,2025-03-04-14-20-15\SITE53_ORNT15_VIS10+mi.png,pool,10.0,0.6137,33
SITE53_ORNT170,2025-03-18-13-52-55\SITE53_ORNT170_VIS10+mi.png,pool,10.0,0.5872,35
SITE53_ORNT223,2025-03-29-15-28-57\SITE53_ORNT223_VIS10+mi.png,pool,10.0,0.6439,37
SITE540_ORNT10,2025-03-04-14-20-15\SITE540_ORNT10_VIS10+mi.png,pool,10.0,0.6236,52
SITE540_ORNT178,2024-12-16-12-39-30\SITE540_ORNT178_VIS10+mi.png,pool,10.0,0.6802,56
SITE540_ORNT256,2025-04-01-16-59-16\SITE540_ORNT256_VIS10+mi.png,pool,10.0,0.6767,55
SITE540_ORNT90,2025-02-15-15-20-00\SITE540_ORNT90_VIS10+mi.png,pool,10.0,0.636,59
SITE541_ORNT170,2025-02-02-12-13-03\SITE541_ORNT170_VIS10+mi.png,pool,10.0,0.6198,49
SITE541_ORNT255,2025-04-01-16-59-16\SITE541_ORNT255_VIS10+mi.png,pool,10.0,0.6306,55
SITE541_ORNT350,2025-02-11-14-30-47\SITE541_ORNT350_VIS10+mi.png,pool,10.0,0.6176,46
SITE541_ORNT90,2025-03-28-10-38-15\SITE541_ORNT90_VIS10+mi.png,pool,10.0,0.6307,53
SITE542_ORNT140,2025-02-04-15-47-48\SITE542_ORNT140_VIS10+mi.png,pool,10.0,0.6191,50
SITE542_ORNT305,2025-04-01-16-59-16\SITE542_ORNT305_VIS10+mi.png,pool,10.0,0.6557,55
SITE542_ORNT350,2024-12-23-15-38-40\SITE542_ORNT350_VIS10+mi.png,pool,10.0,0.6442,52
SITE542_ORNT80,2025-02-10-14-47-56\SITE542_ORNT80_VIS10+mi.png,pool,10.0,0.6214,57
SITE543_ORNT126,2025-02-19-12-18-05\SITE543_ORNT126_VIS10+mi.png,pool,10.0,0.6029,42
SITE543_ORNT230,2025-01-26-15-53-06\SITE543_ORNT230_VIS10+mi.png,pool,10.0,0.6072,51
SITE543_ORNT281,2025-03-04-14-20-15\SITE543_ORNT281_VIS10+mi.png,pool,10.0,0.7308,30
SITE543_ORNT81,2025-03-28-10-38-15\SITE543_ORNT81_VIS10+mi.png,pool,10.0,0.6186,56
SITE544_ORNT119,2025-02-04-15-47-48\SITE544_ORNT119_VIS10+mi.png,pool,10.0,0.626,50
SITE544_ORNT231,2025-02-14-15-24-27/SITE544_ORNT231_VIS10+mi.png,dataset,10.0,0.624,54
SITE544_ORNT291,2024-12-24-15-14-57\SITE544_ORNT291_VIS10+mi.png,pool,10.0,0.6224,51
SITE544_ORNT58,2024-12-10-14-08-09\SITE544_ORNT58_VIS10+mi.png,pool,10.0,0.6499,57
SITE545_ORNT20,2024-12-09-12-13-38\SITE545_ORNT20_VIS10+mi.png,pool,10.0,0.6588,44
SITE545_ORNT240,2025-02-12-14-37-35\SITE545_ORNT240_VIS10+mi.png,pool,10.0,0.6741,50
SITE545_ORNT320,2025-03-15-15-41-34\SITE545_ORNT320_VIS10+mi.png,pool,10.0,0.641,48
SITE545_ORNT95,2025-02-19-12-18-05\SITE545_ORNT95_VIS10+mi.png,pool,10.0,0.6681,49
SITE546_ORNT115,2025-02-12-14-37-35\SITE546_ORNT115_VIS10+mi.png,pool,10.0,0.665,47
SITE546_ORNT269,2025-04-11-14-52-32\SITE546_ORNT269_VIS10+mi.png,pool,10.0,0.6225,50
SITE546_ORNT332,2025-02-15-15-20-00\SITE546_ORNT332_VIS10+mi.png,pool,10.0,0.6654,51
SITE546_ORNT40,2025-03-04-14-20-15\SITE546_ORNT40_VIS10+mi.png,pool,10.0,0.6549,47
SITE547_ORNT170,2025-02-02-12-13-03\SITE547_ORNT170_VIS10+mi.png,pool,10.0,0.6775,47
SITE547_ORNT260,2024-12-09-12-13-38\SITE547_ORNT260_VIS10+mi.png,pool,10.0,0.6128,53
SITE547_ORNT350,2025-02-01-17-30-02\SITE547_ORNT350_VIS10+mi.png,pool,10.0,0.6164,53
SITE547_ORNT80,2025-01-31-13-49-43\SITE547_ORNT80_VIS10+mi.png,pool,10.0,0.6309,54
SITE54_ORNT255,2024-12-24-15-14-57\SITE54_ORNT255_VIS10+mi.png,pool,10.0,0.5804,16
SITE556_ORNT0,2024-10-15-10-59-57\SITE556_ORNT0_VIS10+mi.png,pool,10.0,0.5628,74
SITE556_ORNT129,2025-02-19-12-18-05\SITE556_ORNT129_VIS10+mi.png,pool,10.0,0.5431,67
SITE556_ORNT223,2025-02-14-15-24-27\SITE556_ORNT223_VIS10+mi.png,pool,10.0,0.5657,67
SITE557_ORNT100,2025-03-23-13-51-54\SITE557_ORNT100_VIS70mi.png,pool,70.0,0.5759,56
SITE557_ORNT191,2025-03-23-13-51-54\SITE557_ORNT191_VIS70mi.png,pool,70.0,0.5666,62
SITE557_ORNT291,2025-03-23-13-51-54\SITE557_ORNT291_VIS70mi.png,pool,70.0,0.6407,63
SITE557_ORNT8,2025-03-23-13-51-54\SITE557_ORNT8_VIS70mi.png,pool,70.0,0.6101,58
SITE561_ORNT145,2025-02-10-14-47-56\SITE561_ORNT145_VIS10+mi.png,pool,10.0,0.6957,53
SITE561_ORNT275,2025-01-28-16-10-28\SITE561_ORNT275_VIS10+mi.png,pool,10.0,0.6203,56
SITE561_ORNT350,2025-03-05-12-08-53\SITE561_ORNT350_VIS10+mi.png,pool,10.0,0.6506,46
SITE561_ORNT60,2025-04-02-15-05-32\SITE561_ORNT60_VIS10+mi.png,pool,10.0,0.624,46
SITE563_ORNT135,2025-03-03-11-33-30\SITE563_ORNT135_VIS10+mi.png,pool,10.0,0.8372,45
SITE563_ORNT210,2025-02-04-15-47-48\SITE563_ORNT210_VIS10+mi.png,pool,10.0,0.8081,50
SITE563_ORNT270,2025-03-02-13-12-40\SITE563_ORNT270_VIS10+mi.png,pool,10.0,0.667,59
SITE563_ORNT5,2025-02-10-14-47-56\SITE563_ORNT5_VIS10+mi.png,pool,10.0,0.6152,65
SITE564_ORNT124,2025-02-15-16-53-20\SITE564_ORNT124_VIS10+mi.png,pool,10.0,0.6722,53
SITE564_ORNT18,2025-02-04-15-47-48\SITE564_ORNT18_VIS10+mi.png,pool,10.0,0.6243,52
SITE564_ORNT220,2024-12-16-12-39-30/SITE564_ORNT220_VIS10+mi.png,dataset,10.0,0.6213,57
SITE564_ORNT315,2025-02-04-15-47-48\SITE564_ORNT315_VIS10+mi.png,pool,10.0,0.6354,61
SITE566_ORNT140,2024-10-18-12-30-03\SITE566_ORNT140_VIS10+mi.png,pool,10.0,0.5287,11
SITE566_ORNT295,2024-10-11-15-41-13\SITE566_ORNT295_VIS10+mi.png,pool,10.0,0.5362,11
SITE566_ORNT30,2024-10-18-12-30-03\SITE566_ORNT30_VIS10+mi.png,pool,10.0,0.5694,9
SITE566_ORNT75,2024-10-18-12-30-03\SITE566_ORNT75_VIS10+mi.png,pool,10.0,0.5148,10
SITE568_ORNT180,2025-03-31-15-41-11\SITE568_ORNT180_VIS10+mi.png,pool,10.0,0.5871,39
SITE568_ORNT283,2025-01-26-15-53-06\SITE568_ORNT283_VIS10+mi.png,pool,10.0,0.6102,55
SITE568_ORNT349,2025-03-03-11-33-30\SITE568_ORNT349_VIS10+mi.png,pool,10.0,0.6182,46
SITE568_ORNT67,2025-03-02-11-48-27\SITE568_ORNT67_VIS10+mi.png,pool,10.0,0.6348,52
SITE569_ORNT138,2024-12-10-14-08-09\SITE569_ORNT138_VIS50mi.png,pool,50.0,0.5334,55
SITE569_ORNT211,2025-02-27-11-22-46\SITE569_ORNT211_VIS50mi.png,pool,50.0,0.5379,47
SITE569_ORNT276,2024-12-10-14-08-09\SITE569_ORNT276_VIS50mi.png,pool,50.0,0.5771,59
SITE569_ORNT54,2024-12-10-14-08-09\SITE569_ORNT54_VIS50mi.png,pool,50.0,0.5836,54
SITE570_ORNT132,2025-04-22-15-39-35\SITE570_ORNT132_VIS10+mi.png,pool,10.0,0.5951,21
SITE570_ORNT232,2025-04-22-15-39-35\SITE570_ORNT232_VIS10+mi.png,pool,10.0,0.6178,22
SITE570_ORNT344,2025-03-29-15-28-57\SITE570_ORNT344_VIS10+mi.png,pool,10.0,0.6333,21
SITE570_ORNT52,2025-02-04-15-47-48\SITE570_ORNT52_VIS10+mi.png,pool,10.0,0.7322,21
SITE571_ORNT145,2025-03-29-15-28-57\SITE571_ORNT145_VIS10+mi.png,pool,10.0,0.6622,17
SITE571_ORNT224,2025-03-31-15-41-11\SITE571_ORNT224_VIS10+mi.png,pool,10.0,0.6022,15
SITE571_ORNT325,2025-03-26-12-24-08\SITE571_ORNT325_VIS10+mi.png,pool,10.0,0.628,21
SITE572_ORNT160,2025-03-23-13-51-54\SITE572_ORNT160_VIS10+mi.png,pool,10.0,0.6442,57
SITE572_ORNT262,2025-02-16-12-49-10\SITE572_ORNT262_VIS10+mi.png,pool,10.0,0.6591,47
SITE572_ORNT325,2025-04-01-16-59-16\SITE572_ORNT325_VIS10+mi.png,pool,10.0,0.6443,52
SITE572_ORNT88,2025-02-19-12-18-05\SITE572_ORNT88_VIS10+mi.png,pool,10.0,0.6287,57
SITE573_ORNT260,2024-10-20-11-35-46\SITE573_ORNT260_VIS10+mi.png,pool,10.0,0.6196,54
SITE573_ORNT345,2024-10-15-10-59-57\SITE573_ORNT345_VIS10+mi.png,pool,10.0,0.5913,54
SITE573_ORNT70,2024-10-11-15-41-13\SITE573_ORNT70_VIS10+mi.png,pool,10.0,0.6292,52
SITE574_ORNT170,2025-02-12-14-37-35\SITE574_ORNT170_VIS10+mi.png,pool,10.0,0.6539,58
SITE574_ORNT245,2025-03-29-15-28-57\SITE574_ORNT245_VIS10+mi.png,pool,10.0,0.613,33
SITE574_ORNT25,2025-01-22-12-38-15\SITE574_ORNT25_VIS10+mi.png,pool,10.0,0.6398,55
SITE574_ORNT70,2025-01-23-15-05-27\SITE574_ORNT70_VIS10+mi.png,pool,10.0,0.6224,50
SITE575_ORNT145,2025-02-01-12-44-07\SITE575_ORNT145_VIS10+mi.png,pool,10.0,0.609,60
SITE575_ORNT260,2025-04-22-15-39-35\SITE575_ORNT260_VIS10+mi.png,pool,10.0,0.6535,67
SITE575_ORNT325,2025-03-23-13-51-54\SITE575_ORNT325_VIS10+mi.png,pool,10.0,0.6406,79
SITE575_ORNT85,2024-10-11-15-41-13\SITE575_ORNT85_VIS10+mi.png,pool,10.0,0.6347,70
SITE576_ORNT160,2025-03-23-13-51-54\SITE576_ORNT160_VIS10+mi.png,pool,10.0,0.6926,30
SITE576_ORNT235,2025-03-01-18-07-41\SITE576_ORNT235_VIS10+mi.png,pool,10.0,0.6598,44
SITE576_ORNT300,2025-01-15-12-14-16\SITE576_ORNT300_VIS10+mi.png,pool,10.0,0.6234,46
SITE576_ORNT80,2025-03-06-15-10-58\SITE576_ORNT80_VIS10+mi.png,pool,10.0,0.6112,39
SITE577_ORNT10,2025-02-02-12-13-03\SITE577_ORNT10_VIS10+mi.png,pool,10.0,0.6448,45
SITE577_ORNT210,2025-01-23-15-05-27\SITE577_ORNT210_VIS10+mi.png,pool,10.0,0.7396,48
SITE577_ORNT296,2025-03-18-13-52-55\SITE577_ORNT296_VIS10+mi.png,pool,10.0,0.626,49
SITE577_ORNT90,2025-03-28-10-38-15\SITE577_ORNT90_VIS10+mi.png,pool,10.0,0.6471,49
SITE578_ORNT0,2025-03-04-14-20-15\SITE578_ORNT0_VIS10+mi.png,pool,10.0,0.6435,37
SITE578_ORNT185,2025-01-26-15-53-06\SITE578_ORNT185_VIS10+mi.png,pool,10.0,0.6852,52
SITE578_ORNT230,2025-01-26-15-53-06\SITE578_ORNT230_VIS10+mi.png,pool,10.0,0.7167,48
SITE578_ORNT295,2025-03-11-17-13-52\SITE578_ORNT295_VIS10+mi.png,pool,10.0,0.6441,46
SITE579_ORNT120,2024-12-17-16-15-56\SITE579_ORNT120_VIS10+mi.png,pool,10.0,0.6088,59
SITE579_ORNT210,2024-10-15-10-59-57\SITE579_ORNT210_VIS10+mi.png,pool,10.0,0.6156,61
SITE579_ORNT270,2024-12-24-15-14-57\SITE579_ORNT270_VIS10+mi.png,pool,10.0,0.591,64
SITE579_ORNT75,2025-03-02-13-12-40\SITE579_ORNT75_VIS10+mi.png,pool,10.0,0.5935,58
SITE580_ORNT120,2024-10-15-10-59-57\SITE580_ORNT120_VIS10+mi.png,pool,10.0,0.6246,51
SITE580_ORNT180,2025-02-16-12-49-10\SITE580_ORNT180_VIS10+mi.png,pool,10.0,0.6296,62
SITE580_ORNT270,2025-02-01-12-44-07\SITE580_ORNT270_VIS10+mi.png,pool,10.0,0.6064,67
SITE580_ORNT65,2025-01-31-13-49-43\SITE580_ORNT65_VIS10+mi.png,pool,10.0,0.6013,66
SITE581_ORNT160,2025-02-12-14-37-35\SITE581_ORNT160_VIS10+mi.png,pool,10.0,0.6413,30
SITE581_ORNT250,2025-02-12-14-37-35\SITE581_ORNT250_VIS10+mi.png,pool,10.0,0.6897,32
SITE581_ORNT350,2025-01-28-16-10-28\SITE581_ORNT350_VIS10+mi.png,pool,10.0,0.6112,29
SITE581_ORNT70,2025-01-22-12-38-15\SITE581_ORNT70_VIS10+mi.png,pool,10.0,0.6271,33
SITE582_ORNT115,2025-03-28-10-38-15\SITE582_ORNT115_VIS10+mi.png,pool,10.0,0.6042,63
SITE582_ORNT210,2024-12-24-15-14-57\SITE582_ORNT210_VIS10+mi.png,pool,10.0,0.591,51
SITE582_ORNT270,2025-03-31-15-41-11\SITE582_ORNT270_VIS10+mi.png,pool,10.0,0.63,59
SITE582_ORNT345,2024-10-18-12-30-03\SITE582_ORNT345_VIS10+mi.png,pool,10.0,0.601,59
SITE583_ORNT165,2025-02-02-12-13-03\SITE583_ORNT165_VIS10+mi.png,pool,10.0,0.6261,62
SITE583_ORNT210,2025-02-12-14-37-35\SITE583_ORNT210_VIS10+mi.png,pool,10.0,0.6288,60
SITE583_ORNT285,2024-10-19-10-55-55\SITE583_ORNT285_VIS10+mi.png,pool,10.0,0.6089,63
SITE583_ORNT40,2025-01-22-12-38-15\SITE583_ORNT40_VIS10+mi.png,pool,10.0,0.6244,54
SITE584_ORNT225,2025-01-26-15-53-06\SITE584_ORNT225_VIS10+mi.png,pool,10.0,0.6707,50
SITE584_ORNT280,2024-10-18-12-30-03\SITE584_ORNT280_VIS10+mi.png,pool,10.0,0.6113,60
SITE584_ORNT325,2025-03-04-14-20-15/SITE584_ORNT325_VIS10+mi.png,dataset,10.0,0.6256,44
SITE584_ORNT50,2025-04-16-13-54-24\SITE584_ORNT50_VIS10+mi.png,pool,10.0,0.6077,43
SITE586_ORNT0,2025-01-23-15-05-27\SITE586_ORNT0_VIS10+mi.png,pool,10.0,0.6057,39
SITE586_ORNT100,2025-01-23-15-05-27\SITE586_ORNT100_VIS10+mi.png,pool,10.0,0.6067,43
SITE586_ORNT180,2025-02-12-14-37-35\SITE586_ORNT180_VIS10+mi.png,pool,10.0,0.6859,23
SITE587_ORNT0,2025-03-28-10-38-15\SITE587_ORNT0_VIS10+mi.png,pool,10.0,0.6267,57
SITE587_ORNT110,2025-03-03-11-33-30\SITE587_ORNT110_VIS10+mi.png,pool,10.0,0.6116,45
SITE587_ORNT230,2025-02-12-14-37-35\SITE587_ORNT230_VIS10+mi.png,pool,10.0,0.636,54
SITE587_ORNT280,2024-12-10-14-08-09\SITE587_ORNT280_VIS10+mi.png,pool,10.0,0.5992,56
SITE58_ORNT15,2025-04-22-15-39-35\SITE58_ORNT15_VIS10+mi.png,pool,10.0,0.5624,21
SITE58_ORNT175,2024-10-14-13-08-27\SITE58_ORNT175_VIS10+mi.png,pool,10.0,0.6297,16
SITE58_ORNT245,2024-10-14-13-08-27\SITE58_ORNT245_VIS10+mi.png,pool,10.0,0.5869,26
SITE58_ORNT90,2025-04-07-16-10-10\SITE58_ORNT90_VIS10+mi.png,pool,10.0,0.5762,15
SITE593_ORNT10,2025-02-04-15-47-48\SITE593_ORNT10_VIS10+mi.png,pool,10.0,0.5706,57
SITE593_ORNT110,2025-02-01-12-44-07\SITE593_ORNT110_VIS10+mi.png,pool,10.0,0.7412,24
SITE593_ORNT160,2025-02-01-12-44-07\SITE593_ORNT160_VIS10+mi.png,pool,10.0,0.7412,18
SITE593_ORNT255,2025-02-04-15-47-48\SITE593_ORNT255_VIS10+mi.png,pool,10.0,0.6201,65
SITE595_ORNT0,2024-12-03-11-18-04\SITE595_ORNT0_VIS10+mi.png,pool,10.0,0.7087,55
SITE595_ORNT100,2025-04-01-16-59-16\SITE595_ORNT100_VIS10+mi.png,pool,10.0,0.7085,56
SITE595_ORNT180,2025-03-23-13-51-54\SITE595_ORNT180_VIS10+mi.png,pool,10.0,0.6656,55
SITE595_ORNT270,2025-01-15-12-14-16\SITE595_ORNT270_VIS10+mi.png,pool,10.0,0.6683,57
SITE597_ORNT115,2025-02-17-14-46-26\SITE597_ORNT115_VIS10+mi.png,pool,10.0,0.6174,64
SITE597_ORNT170,2025-02-14-15-24-27\SITE597_ORNT170_VIS10+mi.png,pool,10.0,0.5999,59
SITE597_ORNT265,2025-02-04-15-47-48\SITE597_ORNT265_VIS10+mi.png,pool,10.0,0.5858,60
SITE597_ORNT350,2025-02-04-15-47-48\SITE597_ORNT350_VIS10+mi.png,pool,10.0,0.6057,57
SITE598_ORNT0,2025-02-12-14-37-35\SITE598_ORNT0_VIS10+mi.png,pool,10.0,0.6766,54
SITE598_ORNT180,2025-03-04-14-20-15\SITE598_ORNT180_VIS10+mi.png,pool,10.0,0.667,44
SITE598_ORNT285,2025-02-02-12-13-03\SITE598_ORNT285_VIS10+mi.png,pool,10.0,0.6717,48
SITE598_ORNT90,2025-02-12-14-37-35\SITE598_ORNT90_VIS10+mi.png,pool,10.0,0.6683,53
SITE59_ORNT10,2025-03-31-13-29-12\SITE59_ORNT10_VIS10+mi.png,pool,10.0,0.5979,32
SITE59_ORNT100,2025-03-31-13-29-12\SITE59_ORNT100_VIS10+mi.png,pool,10.0,0.6851,35
SITE59_ORNT333,2024-10-15-10-59-57\SITE59_ORNT333_VIS10+mi.png,pool,10.0,0.5708,34
SITE5_ORNT155,2025-04-07-16-10-10\SITE5_ORNT155_VIS10+mi.png,pool,10.0,0.6999,52
SITE5_ORNT230,2025-04-13-19-09-12\SITE5_ORNT230_VIS10+mi.png,pool,10.0,0.7351,50
SITE5_ORNT320,2024-12-21-15-04-41\SITE5_ORNT320_VIS10+mi.png,pool,10.0,0.6497,50
SITE5_ORNT50,2025-01-23-15-05-27\SITE5_ORNT50_VIS10+mi.png,pool,10.0,0.6365,49
SITE601_ORNT180,2025-02-11-14-30-47\SITE601_ORNT180_VIS10+mi.png,pool,10.0,0.6904,45
SITE601_ORNT250,2025-03-29-15-28-57\SITE601_ORNT250_VIS10+mi.png,pool,10.0,0.661,47
SITE601_ORNT345,2025-02-12-14-37-35\SITE601_ORNT345_VIS10+mi.png,pool,10.0,0.6857,49
SITE601_ORNT90,2024-10-13-15-24-41\SITE601_ORNT90_VIS10+mi.png,pool,10.0,0.6687,53
SITE602_ORNT0,2024-10-13-12-27-42\SITE602_ORNT0_VIS10+mi.png,pool,10.0,0.6842,44
SITE602_ORNT175,2025-03-03-11-33-30\SITE602_ORNT175_VIS10+mi.png,pool,10.0,0.6373,41
SITE602_ORNT270,2025-01-22-12-38-15\SITE602_ORNT270_VIS10+mi.png,pool,10.0,0.6341,50
SITE602_ORNT60,2024-10-11-15-41-13\SITE602_ORNT60_VIS10+mi.png,pool,10.0,0.5629,45
SITE606_ORNT180,2025-02-19-12-18-05\SITE606_ORNT180_VIS10+mi.png,pool,10.0,0.5844,47
SITE606_ORNT270,2024-12-20-15-16-09\SITE606_ORNT270_VIS10+mi.png,pool,10.0,0.5883,41
SITE606_ORNT5,2024-12-27-14-55-32\SITE606_ORNT5_VIS10+mi.png,pool,10.0,0.6112,48
SITE606_ORNT90,2025-05-16-12-18-46\SITE606_ORNT90_VIS10+mi.png,pool,10.0,0.5317,46
SITE607_ORNT0,2024-12-29-16-00-12\SITE607_ORNT0_VIS10+mi.png,pool,10.0,0.6131,54
SITE607_ORNT180,2024-12-20-15-16-09\SITE607_ORNT180_VIS10+mi.png,pool,10.0,0.5564,44
SITE607_ORNT315,2025-03-31-15-41-11\SITE607_ORNT315_VIS10+mi.png,pool,10.0,0.5876,53
SITE607_ORNT90,2025-02-11-14-30-47\SITE607_ORNT90_VIS10+mi.png,pool,10.0,0.6247,60
SITE610_ORNT0,2025-02-14-15-24-27\SITE610_ORNT0_VIS10+mi.png,pool,10.0,0.6991,50
SITE610_ORNT180,2024-10-13-15-24-41\SITE610_ORNT180_VIS10+mi.png,pool,10.0,0.6276,46
SITE610_ORNT260,2025-03-11-17-13-52\SITE610_ORNT260_VIS10+mi.png,pool,10.0,0.6244,46
SITE610_ORNT90,2025-03-26-12-24-08\SITE610_ORNT90_VIS10+mi.png,pool,10.0,0.575,50
SITE612_ORNT120,2025-03-28-10-38-15\SITE612_ORNT120_VIS9mi.png,pool,9.0,0.3848,87
SITE612_ORNT210,2025-02-16-12-49-10\SITE612_ORNT210_VIS9mi.png,pool,9.0,0.4051,68
SITE612_ORNT30,2024-09-21-11-24-11\SITE612_ORNT30_VIS9mi.png,pool,9.0,0.3739,102
SITE612_ORNT300,2024-10-05-11-04-16\SITE612_ORNT300_VIS9mi.png,pool,9.0,0.5274,89
SITE616_ORNT0,2025-02-02-12-13-03\SITE616_ORNT0_VIS10+mi.png,pool,10.0,0.6585,53
SITE616_ORNT180,2025-04-16-13-54-24\SITE616_ORNT180_VIS10+mi.png,pool,10.0,0.6549,49
SITE616_ORNT270,2024-12-03-11-18-04\SITE616_ORNT270_VIS10+mi.png,pool,10.0,0.6516,55
SITE616_ORNT90,2025-04-10-17-56-44\SITE616_ORNT90_VIS10+mi.png,pool,10.0,0.6052,57
SITE617_ORNT125,2024-12-16-12-39-30\SITE617_ORNT125_VIS10+mi.png,pool,10.0,0.6273,53
SITE617_ORNT215,2025-03-31-15-41-11\SITE617_ORNT215_VIS10+mi.png,pool,10.0,0.5809,47
SITE617_ORNT315,2025-01-31-13-49-43\SITE617_ORNT315_VIS10+mi.png,pool,10.0,0.6265,51
SITE617_ORNT40,2025-01-15-15-33-17\SITE617_ORNT40_VIS10+mi.png,pool,10.0,0.6126,52
SITE620_ORNT150,2025-02-02-12-13-03\SITE620_ORNT150_VIS10+mi.png,pool,10.0,0.6694,52
SITE620_ORNT225,2025-02-15-16-53-20\SITE620_ORNT225_VIS10+mi.png,pool,10.0,0.644,53
SITE620_ORNT30,2025-03-26-12-24-08\SITE620_ORNT30_VIS10+mi.png,pool,10.0,0.6438,47
SITE620_ORNT330,2025-02-02-12-13-03\SITE620_ORNT330_VIS10+mi.png,pool,10.0,0.6579,55
SITE622_ORNT140,2025-02-02-12-13-03/SITE622_ORNT140_VIS10+mi.png,dataset,10.0,0.6551,59
SITE622_ORNT230,2025-02-14-15-24-27\SITE622_ORNT230_VIS10+mi.png,pool,10.0,0.6643,50
SITE622_ORNT285,2025-04-14-19-44-02\SITE622_ORNT285_VIS10+mi.png,pool,10.0,0.6638,57
SITE622_ORNT50,2025-03-11-17-13-52\SITE622_ORNT50_VIS10+mi.png,pool,10.0,0.7174,54
SITE623_ORNT10,2024-05-21-12-02-34\SITE623_ORNT10_VIS9mi.png,pool,9.0,0.5654,19
SITE623_ORNT100,2024-08-31-14-30-34\SITE623_ORNT100_VIS9mi.png,pool,9.0,0.5635,11
SITE623_ORNT180,2024-06-23-11-02-14\SITE623_ORNT180_VIS9mi.png,pool,9.0,0.5876,14
SITE624_ORNT145,2025-02-15-15-20-00\SITE624_ORNT145_VIS10+mi.png,pool,10.0,0.6665,56
SITE624_ORNT230,2025-02-10-14-47-56\SITE624_ORNT230_VIS10+mi.png,pool,10.0,0.6683,47
SITE624_ORNT330,2025-02-11-14-30-47\SITE624_ORNT330_VIS10+mi.png,pool,10.0,0.6214,60
SITE626_ORNT0,2025-03-11-17-13-52\SITE626_ORNT0_VIS10+mi.png,pool,10.0,0.6458,43
SITE626_ORNT110,2025-04-07-16-10-10\SITE626_ORNT110_VIS10+mi.png,pool,10.0,0.6578,49
SITE626_ORNT195,2024-10-14-13-08-27\SITE626_ORNT195_VIS10+mi.png,pool,10.0,0.661,44
SITE626_ORNT290,2024-12-03-11-18-04\SITE626_ORNT290_VIS10+mi.png,pool,10.0,0.662,45
SITE629_ORNT125,2025-03-29-15-28-57\SITE629_ORNT125_VIS10+mi.png,pool,10.0,0.7308,55
SITE629_ORNT210,2025-02-05-13-59-56\SITE629_ORNT210_VIS10+mi.png,pool,10.0,0.654,55
SITE629_ORNT300,2025-02-15-15-20-00\SITE629_ORNT300_VIS10+mi.png,pool,10.0,0.6577,55
SITE629_ORNT60,2025-04-01-16-59-16\SITE629_ORNT60_VIS10+mi.png,pool,10.0,0.6536,40
SITE631_ORNT160,2024-06-17-19-22-23\SITE631_ORNT160_VIS9mi.png,pool,9.0,0.5552,1
SITE639_ORNT10,2025-03-29-15-28-57\SITE639_ORNT10_VIS10+mi.png,pool,10.0,0.6049,57
SITE639_ORNT100,2025-02-17-14-46-26\SITE639_ORNT100_VIS10+mi.png,pool,10.0,0.6282,60
SITE639_ORNT175,2025-02-14-15-24-27\SITE639_ORNT175_VIS10+mi.png,pool,10.0,0.6736,47
SITE639_ORNT270,2025-03-11-17-13-52\SITE639_ORNT270_VIS10+mi.png,pool,10.0,0.6151,57
SITE648_ORNT150,2025-03-31-15-41-11\SITE648_ORNT150_VIS10+mi.png,pool,10.0,0.6063,48
SITE648_ORNT220,2025-03-18-13-52-55\SITE648_ORNT220_VIS10+mi.png,pool,10.0,0.6377,58
SITE648_ORNT315,2025-03-18-13-52-55\SITE648_ORNT315_VIS10+mi.png,pool,10.0,0.6465,61
SITE648_ORNT65,2025-03-18-13-52-55\SITE648_ORNT65_VIS10+mi.png,pool,10.0,0.6304,58
SITE658_ORNT120,2025-03-18-13-52-55\SITE658_ORNT120_VIS10+mi.png,pool,10.0,0.6358,41
SITE658_ORNT25,2025-03-29-15-28-57\SITE658_ORNT25_VIS10+mi.png,pool,10.0,0.6496,41
SITE658_ORNT260,2024-12-20-15-16-09\SITE658_ORNT260_VIS10+mi.png,pool,10.0,0.627,39
SITE658_ORNT305,2025-04-22-15-39-35\SITE658_ORNT305_VIS10+mi.png,pool,10.0,0.6537,44
SITE65_ORNT180,2025-02-17-14-46-26\SITE65_ORNT180_VIS10+mi.png,pool,10.0,0.7058,47
SITE65_ORNT234,2024-10-14-13-08-27\SITE65_ORNT234_VIS10+mi.png,pool,10.0,0.6249,48
SITE65_ORNT290,2025-01-31-13-49-43\SITE65_ORNT290_VIS10+mi.png,pool,10.0,0.5897,43
SITE65_ORNT64,2025-03-06-15-10-58\SITE65_ORNT64_VIS10+mi.png,pool,10.0,0.7451,43
SITE66_ORNT162,2025-02-02-12-13-03\SITE66_ORNT162_VIS10+mi.png,pool,10.0,0.5433,42
SITE66_ORNT323,2024-10-13-15-24-41\SITE66_ORNT323_VIS10+mi.png,pool,10.0,0.5948,54
SITE66_ORNT95,2025-03-20-11-55-50\SITE66_ORNT95_VIS10+mi.png,pool,10.0,0.5989,48
SITE676_ORNT165,2024-04-25-17-48-06/SITE676_ORNT165_VIS7mi.png,dataset,7.0,0.557,1
SITE683_ORNT180,2025-03-05-12-08-53\SITE683_ORNT180_VIS10+mi.png,pool,10.0,0.5717,61
SITE683_ORNT240,2024-12-17-16-15-56\SITE683_ORNT240_VIS10+mi.png,pool,10.0,0.6003,63
SITE683_ORNT325,2025-02-05-13-59-56\SITE683_ORNT325_VIS10+mi.png,pool,10.0,0.6194,63
SITE683_ORNT90,2025-02-14-15-24-27\SITE683_ORNT90_VIS10+mi.png,pool,10.0,0.5879,59
SITE684_ORNT179,2025-02-15-16-53-20\SITE684_ORNT179_VIS10+mi.png,pool,10.0,0.6001,53
SITE684_ORNT267,2025-02-11-14-30-47\SITE684_ORNT267_VIS10+mi.png,pool,10.0,0.6245,54
SITE684_ORNT27,2025-02-15-15-20-00\SITE684_ORNT27_VIS10+mi.png,pool,10.0,0.6121,47
SITE692_ORNT150,2025-02-19-12-18-05\SITE692_ORNT150_VIS10+mi.png,pool,10.0,0.6324,67
SITE692_ORNT205,2025-02-19-12-18-05\SITE692_ORNT205_VIS10+mi.png,pool,10.0,0.628,70
SITE692_ORNT335,2025-02-19-12-18-05\SITE692_ORNT335_VIS10+mi.png,pool,10.0,0.63,70
SITE692_ORNT60,2025-02-19-12-18-05\SITE692_ORNT60_VIS10+mi.png,pool,10.0,0.583,63
SITE693_ORNT125,2025-03-02-13-12-40\SITE693_ORNT125_VIS10+mi.png,pool,10.0,0.6475,46
SITE693_ORNT220,2025-03-26-14-35-40\SITE693_ORNT220_VIS10+mi.png,pool,10.0,0.6302,53
SITE693_ORNT315,2025-01-22-12-38-15\SITE693_ORNT315_VIS10+mi.png,pool,10.0,0.6219,55
SITE693_ORNT65,2025-02-01-12-44-07\SITE693_ORNT65_VIS10+mi.png,pool,10.0,0.6261,48
SITE694_ORNT240,2025-02-19-12-18-05\SITE694_ORNT240_VIS10+mi.png,pool,10.0,0.5149,54
SITE694_ORNT270,2025-03-03-11-33-30\SITE694_ORNT270_VIS10+mi.png,pool,10.0,0.4977,58
SITE694_ORNT315,2024-10-19-10-55-55\SITE694_ORNT315_VIS10+mi.png,pool,10.0,0.5257,57
SITE694_ORNT35,2025-03-06-15-10-58\SITE694_ORNT35_VIS10+mi.png,pool,10.0,0.5642,57
SITE69_ORNT108,2025-01-26-13-23-03\SITE69_ORNT108_VIS10+mi.png,pool,10.0,0.6316,57
SITE69_ORNT195,2025-02-10-14-47-56\SITE69_ORNT195_VIS10+mi.png,pool,10.0,0.6949,57
SITE69_ORNT315,2025-03-02-13-12-40\SITE69_ORNT315_VIS10+mi.png,pool,10.0,0.6027,56
SITE69_ORNT39,2024-11-19-11-24-38\SITE69_ORNT39_VIS10+mi.png,pool,10.0,0.6152,55
SITE6_ORNT115,2025-04-11-14-52-32\SITE6_ORNT115_VIS10+mi.png,pool,10.0,0.6737,42
SITE6_ORNT190,2025-04-13-19-09-12\SITE6_ORNT190_VIS10+mi.png,pool,10.0,0.6664,43
SITE6_ORNT355,2025-03-06-17-34-12\SITE6_ORNT355_VIS10+mi.png,pool,10.0,0.645,40
SITE6_ORNT55,2025-01-15-15-33-17\SITE6_ORNT55_VIS10+mi.png,pool,10.0,0.6204,41
SITE716_ORNT145,2024-06-17-10-37-40/SITE716_ORNT145_VIS4mi.png,dataset,4.0,0.5652,1
SITE716_ORNT20,2024-06-17-10-37-40/SITE716_ORNT20_VIS4mi.png,dataset,4.0,0.5524,1
SITE716_ORNT225,2024-06-17-10-37-40/SITE716_ORNT225_VIS4mi.png,dataset,4.0,0.5696,1
SITE719_ORNT120,2025-02-11-14-30-47\SITE719_ORNT120_VIS10+mi.png,pool,10.0,0.6155,53
SITE719_ORNT180,2025-02-11-14-30-47\SITE719_ORNT180_VIS10+mi.png,pool,10.0,0.7149,48
SITE719_ORNT20,2024-12-16-12-39-30\SITE719_ORNT20_VIS10+mi.png,pool,10.0,0.6481,55
SITE719_ORNT300,2024-12-09-12-13-38/SITE719_ORNT300_VIS10+mi.png,dataset,10.0,0.6299,52
SITE721_ORNT0,2025-02-04-15-47-48\SITE721_ORNT0_VIS10+mi.png,pool,10.0,0.6815,51
SITE721_ORNT140,2025-03-02-11-48-27\SITE721_ORNT140_VIS10+mi.png,pool,10.0,0.6623,51
SITE721_ORNT320,2024-12-23-15-38-40\SITE721_ORNT320_VIS10+mi.png,pool,10.0,0.6734,54
SITE721_ORNT90,2024-12-23-15-38-40\SITE721_ORNT90_VIS10+mi.png,pool,10.0,0.6482,52
SITE722_ORNT115,2025-03-18-13-52-55\SITE722_ORNT115_VIS10+mi.png,pool,10.0,0.6023,56
SITE722_ORNT15,2024-10-15-10-59-57\SITE722_ORNT15_VIS10+mi.png,pool,10.0,0.6615,51
SITE722_ORNT255,2025-04-10-17-56-44\SITE722_ORNT255_VIS10+mi.png,pool,10.0,0.7734,51
SITE722_ORNT315,2025-03-03-11-33-30\SITE722_ORNT315_VIS10+mi.png,pool,10.0,0.6554,52
SITE725_ORNT0,2025-02-15-15-20-00\SITE725_ORNT0_VIS10+mi.png,pool,10.0,0.6367,54
SITE725_ORNT180,2025-03-04-14-20-15\SITE725_ORNT180_VIS10+mi.png,pool,10.0,0.6237,61
SITE725_ORNT295,2025-03-31-13-29-12\SITE725_ORNT295_VIS10+mi.png,pool,10.0,0.5893,61
SITE725_ORNT75,2025-04-07-16-10-10\SITE725_ORNT75_VIS10+mi.png,pool,10.0,0.6172,60
SITE733_ORNT230,2025-02-12-14-37-35\SITE733_ORNT230_VIS10+mi.png,pool,10.0,0.7264,51
SITE733_ORNT310,2025-03-28-10-38-15\SITE733_ORNT310_VIS10+mi.png,pool,10.0,0.6819,49
SITE734_ORNT160,2024-12-03-11-18-04\SITE734_ORNT160_VIS10+mi.png,pool,10.0,0.6828,53
SITE734_ORNT225,2025-03-06-15-10-58\SITE734_ORNT225_VIS10+mi.png,pool,10.0,0.6392,55
SITE734_ORNT345,2025-04-02-15-05-32\SITE734_ORNT345_VIS10+mi.png,pool,10.0,0.6891,50
SITE734_ORNT75,2025-05-14-19-19-13\SITE734_ORNT75_VIS10+mi.png,pool,10.0,0.646,56
SITE735_ORNT0,2025-01-23-15-05-27\SITE735_ORNT0_VIS10+mi.png,pool,10.0,0.6739,57
SITE735_ORNT170,2025-03-02-11-48-27\SITE735_ORNT170_VIS10+mi.png,pool,10.0,0.6064,51
SITE735_ORNT265,2025-04-07-16-10-10\SITE735_ORNT265_VIS10+mi.png,pool,10.0,0.6935,55
SITE735_ORNT75,2025-02-12-14-37-35\SITE735_ORNT75_VIS10+mi.png,pool,10.0,0.652,53
SITE739_ORNT135,2024-10-19-10-55-55\SITE739_ORNT135_VIS10+mi.png,pool,10.0,0.557,56
SITE739_ORNT245,2025-02-19-12-18-05\SITE739_ORNT245_VIS10+mi.png,pool,10.0,0.5137,57
SITE739_ORNT340,2024-12-24-15-14-57\SITE739_ORNT340_VIS10+mi.png,pool,10.0,0.5635,59
SITE739_ORNT50,2025-01-22-12-38-15\SITE739_ORNT50_VIS10+mi.png,pool,10.0,0.5641,51
SITE73_ORNT110,2025-03-02-13-12-40\SITE73_ORNT110_VIS10+mi.png,pool,10.0,0.6146,43
SITE73_ORNT20,2025-02-19-12-18-05\SITE73_ORNT20_VIS10+mi.png,pool,10.0,0.6724,47
SITE73_ORNT335,2025-03-26-12-24-08\SITE73_ORNT335_VIS10+mi.png,pool,10.0,0.5983,50
SITE73_ORNT65,2025-02-19-12-18-05\SITE73_ORNT65_VIS10+mi.png,pool,10.0,0.6238,50
SITE747_ORNT0,2025-01-15-15-33-17\SITE747_ORNT0_VIS10+mi.png,pool,10.0,0.5523,79
SITE747_ORNT255,2025-01-15-12-14-16\SITE747_ORNT255_VIS10+mi.png,pool,10.0,0.5426,72
SITE747_ORNT315,2025-03-03-11-33-30\SITE747_ORNT315_VIS10+mi.png,pool,10.0,0.5457,79
SITE747_ORNT60,2024-12-17-16-15-56\SITE747_ORNT60_VIS10+mi.png,pool,10.0,0.5285,59
SITE749_ORNT315,2025-02-01-17-30-02\SITE749_ORNT315_VIS10+mi.png,pool,10.0,0.5751,58
SITE749_ORNT60,2025-03-28-10-38-15\SITE749_ORNT60_VIS10+mi.png,pool,10.0,0.6257,62
SITE74_ORNT110,2025-03-18-13-52-55\SITE74_ORNT110_VIS10+mi.png,pool,10.0,0.5978,41
SITE74_ORNT12,2025-04-11-14-52-32\SITE74_ORNT12_VIS10+mi.png,pool,10.0,0.6055,43
SITE74_ORNT228,2025-02-01-17-30-02\SITE74_ORNT228_VIS10+mi.png,pool,10.0,0.6807,43
SITE75_ORNT15,2024-12-24-15-14-57\SITE75_ORNT15_VIS10+mi.png,pool,10.0,0.6253,43
SITE75_ORNT170,2025-04-01-16-59-16\SITE75_ORNT170_VIS10+mi.png,pool,10.0,0.5891,40
SITE75_ORNT270,2024-10-13-12-27-42\SITE75_ORNT270_VIS10+mi.png,pool,10.0,0.6257,43
SITE75_ORNT75,2024-10-13-12-27-42\SITE75_ORNT75_VIS10+mi.png,pool,10.0,0.5958,45
SITE760_ORNT140,2025-02-14-15-24-27\SITE760_ORNT140_VIS10+mi.png,pool,10.0,0.6002,43
SITE760_ORNT190,2025-01-26-13-23-03\SITE760_ORNT190_VIS10+mi.png,pool,10.0,0.5955,40
SITE760_ORNT255,2025-03-31-13-29-12\SITE760_ORNT255_VIS10+mi.png,pool,10.0,0.6012,46
SITE760_ORNT310,2024-10-14-13-08-27\SITE760_ORNT310_VIS10+mi.png,pool,10.0,0.6093,32
SITE76_ORNT147,2024-10-13-12-27-42\SITE76_ORNT147_VIS10+mi.png,pool,10.0,0.628,36
SITE76_ORNT205,2025-03-03-11-33-30\SITE76_ORNT205_VIS10+mi.png,pool,10.0,0.6483,41
SITE76_ORNT250,2024-12-10-14-08-09\SITE76_ORNT250_VIS10+mi.png,pool,10.0,0.6199,43
SITE76_ORNT60,2025-03-18-13-52-55\SITE76_ORNT60_VIS10+mi.png,pool,10.0,0.6143,40
SITE778_ORNT70,2025-03-02-11-48-27\SITE778_ORNT70_VIS10+mi.png,pool,10.0,0.594,48
SITE77_ORNT293,2024-08-11-09-28-59/SITE77_ORNT293_VIS1-25mi.png,dataset,1.25,0.5923,1
SITE786_ORNT130,2025-02-19-12-18-05\SITE786_ORNT130_VIS10+mi.png,pool,10.0,0.5991,40
SITE786_ORNT255,2025-02-05-13-59-56\SITE786_ORNT255_VIS10+mi.png,pool,10.0,0.5813,44
SITE786_ORNT315,2025-04-07-16-10-10\SITE786_ORNT315_VIS10+mi.png,pool,10.0,0.602,43
SITE786_ORNT40,2025-03-03-11-33-30\SITE786_ORNT40_VIS10+mi.png,pool,10.0,0.6238,40
SITE78_ORNT189,2025-03-20-11-55-50\SITE78_ORNT189_VIS10+mi.png,pool,10.0,0.6394,51
SITE78_ORNT268,2025-03-23-13-51-54\SITE78_ORNT268_VIS10+mi.png,pool,10.0,0.6653,49
SITE78_ORNT322,2024-12-10-14-08-09/SITE78_ORNT322_VIS10+mi.png,dataset,10.0,0.6653,51
SITE78_ORNT84,2025-01-23-15-05-27\SITE78_ORNT84_VIS10+mi.png,pool,10.0,0.6112,46
SITE7_ORNT135,2025-02-19-12-18-05\SITE7_ORNT135_VIS10+mi.png,pool,10.0,0.6812,56
SITE7_ORNT221,2025-02-16-12-49-10\SITE7_ORNT221_VIS10+mi.png,pool,10.0,0.6744,61
SITE7_ORNT312,2025-01-29-12-01-12\SITE7_ORNT312_VIS10+mi.png,pool,10.0,0.6996,58
SITE7_ORNT55,2025-02-17-14-46-26\SITE7_ORNT55_VIS10+mi.png,pool,10.0,0.6298,56
SITE801_ORNT155,2025-02-19-12-18-05\SITE801_ORNT155_VIS10+mi.png,pool,10.0,0.7581,42
SITE801_ORNT255,2025-02-10-14-47-56\SITE801_ORNT255_VIS10+mi.png,pool,10.0,0.654,36
SITE801_ORNT350,2025-02-05-13-59-56\SITE801_ORNT350_VIS10+mi.png,pool,10.0,0.6088,41
SITE801_ORNT40,2025-02-19-12-18-05\SITE801_ORNT40_VIS10+mi.png,pool,10.0,0.6173,45
SITE802_ORNT150,2025-03-31-13-29-12\SITE802_ORNT150_VIS10+mi.png,pool,10.0,0.5897,38
SITE802_ORNT235,2025-02-17-14-46-26\SITE802_ORNT235_VIS10+mi.png,pool,10.0,0.6021,37
SITE802_ORNT315,2025-02-17-14-46-26\SITE802_ORNT315_VIS10+mi.png,pool,10.0,0.5718,41
SITE802_ORNT45,2025-03-31-13-29-12\SITE802_ORNT45_VIS10+mi.png,pool,10.0,0.6075,36
SITE803_ORNT15,2025-04-01-16-59-16\SITE803_ORNT15_VIS10+mi.png,pool,10.0,0.6043,27
SITE807_ORNT190,2025-02-11-14-30-47\SITE807_ORNT190_VIS10+mi.png,pool,10.0,0.7846,44
SITE807_ORNT25,2025-02-19-12-18-05\SITE807_ORNT25_VIS10+mi.png,pool,10.0,0.6366,43
SITE807_ORNT295,2025-02-11-14-30-47\SITE807_ORNT295_VIS10+mi.png,pool,10.0,0.6475,47
SITE807_ORNT90,2025-02-16-12-49-10\SITE807_ORNT90_VIS10+mi.png,pool,10.0,0.6813,47
SITE808_ORNT135,2025-02-02-12-13-03\SITE808_ORNT135_VIS10+mi.png,pool,10.0,0.6468,43
SITE808_ORNT235,2025-02-02-12-13-03\SITE808_ORNT235_VIS10+mi.png,pool,10.0,0.6654,42
SITE808_ORNT314,2025-04-11-14-52-32\SITE808_ORNT314_VIS10+mi.png,pool,10.0,0.6865,39
SITE808_ORNT35,2025-02-02-12-13-03\SITE808_ORNT35_VIS10+mi.png,pool,10.0,0.6627,42
SITE80_ORNT0,2024-12-03-11-18-04\SITE80_ORNT0_VIS10+mi.png,pool,10.0,0.6473,46
SITE80_ORNT192,2025-02-12-14-37-35\SITE80_ORNT192_VIS10+mi.png,pool,10.0,0.7857,48
SITE80_ORNT274,2025-02-02-12-13-03\SITE80_ORNT274_VIS10+mi.png,pool,10.0,0.6419,43
SITE80_ORNT83,2025-02-02-12-13-03\SITE80_ORNT83_VIS10+mi.png,pool,10.0,0.6156,52
SITE812_ORNT20,2025-01-15-12-14-16\SITE812_ORNT20_VIS10+mi.png,pool,10.0,0.62,50
SITE812_ORNT335,2025-02-11-14-30-47\SITE812_ORNT335_VIS10+mi.png,pool,10.0,0.6695,46
SITE813_ORNT135,2025-02-19-12-18-05\SITE813_ORNT135_VIS10+mi.png,pool,10.0,0.7378,42
SITE813_ORNT15,2025-01-26-13-23-03\SITE813_ORNT15_VIS10+mi.png,pool,10.0,0.6599,44
SITE813_ORNT330,2025-01-15-12-14-16\SITE813_ORNT330_VIS10+mi.png,pool,10.0,0.6823,47
SITE818_ORNT150,2025-04-02-15-05-32\SITE818_ORNT150_VIS10+mi.png,pool,10.0,0.6054,35
SITE818_ORNT250,2025-03-04-14-20-15\SITE818_ORNT250_VIS10+mi.png,pool,10.0,0.597,38
SITE818_ORNT40,2025-01-23-15-05-27\SITE818_ORNT40_VIS10+mi.png,pool,10.0,0.6086,36
SITE818_ORNT95,2025-03-01-18-07-41/SITE818_ORNT95_VIS10+mi.png,dataset,10.0,0.5966,38
SITE81_ORNT134,2025-04-02-15-05-32\SITE81_ORNT134_VIS25mi.png,pool,25.0,0.7887,27
SITE81_ORNT326,2024-06-21-15-35-27\SITE81_ORNT326_VIS25mi.png,pool,25.0,0.6339,66
SITE81_ORNT9,2024-05-08-14-34-39\SITE81_ORNT9_VIS25mi.png,pool,25.0,0.6228,63
SITE821_ORNT135,2025-03-05-12-08-53\SITE821_ORNT135_VIS10+mi.png,pool,10.0,0.692,46
SITE821_ORNT225,2025-02-17-14-46-26\SITE821_ORNT225_VIS10+mi.png,pool,10.0,0.6249,46
SITE821_ORNT325,2025-02-15-16-53-20\SITE821_ORNT325_VIS10+mi.png,pool,10.0,0.6355,48
SITE821_ORNT50,2025-02-17-14-46-26\SITE821_ORNT50_VIS10+mi.png,pool,10.0,0.6461,48
SITE829_ORNT100,2025-02-12-14-37-35\SITE829_ORNT100_VIS10+mi.png,pool,10.0,0.6178,46
SITE829_ORNT15,2025-03-02-11-48-27\SITE829_ORNT15_VIS10+mi.png,pool,10.0,0.6122,45
SITE829_ORNT200,2025-02-15-16-53-20\SITE829_ORNT200_VIS10+mi.png,pool,10.0,0.6699,44
SITE829_ORNT270,2025-02-02-12-13-03\SITE829_ORNT270_VIS10+mi.png,pool,10.0,0.6169,49
SITE82_ORNT135,2024-10-18-12-30-03\SITE82_ORNT135_VIS10+mi.png,pool,10.0,0.6537,51
SITE82_ORNT235,2025-02-01-17-30-02\SITE82_ORNT235_VIS10+mi.png,pool,10.0,0.622,58
SITE82_ORNT302,2025-03-28-10-38-15\SITE82_ORNT302_VIS10+mi.png,pool,10.0,0.6281,59
SITE82_ORNT65,2025-01-15-15-33-17\SITE82_ORNT65_VIS10+mi.png,pool,10.0,0.6342,52
SITE831_ORNT0,2025-03-18-13-52-55\SITE831_ORNT0_VIS10+mi.png,pool,10.0,0.6604,39
SITE831_ORNT125,2025-02-01-12-44-07\SITE831_ORNT125_VIS10+mi.png,pool,10.0,0.6075,39
SITE831_ORNT180,2025-02-10-14-47-56\SITE831_ORNT180_VIS10+mi.png,pool,10.0,0.6399,37
SITE831_ORNT260,2025-03-18-13-52-55\SITE831_ORNT260_VIS10+mi.png,pool,10.0,0.6298,39
SITE834_ORNT100,2025-04-22-15-39-35\SITE834_ORNT100_VIS10+mi.png,pool,10.0,0.614,49
SITE834_ORNT15,2025-04-22-15-39-35\SITE834_ORNT15_VIS10+mi.png,pool,10.0,0.6001,47
SITE834_ORNT220,2025-04-01-16-59-16\SITE834_ORNT220_VIS10+mi.png,pool,10.0,0.6399,48
SITE834_ORNT280,2025-04-01-16-59-16\SITE834_ORNT280_VIS10+mi.png,pool,10.0,0.6367,52
SITE837_ORNT155,2025-01-15-15-33-17\SITE837_ORNT155_VIS10+mi.png,pool,10.0,0.591,47
SITE837_ORNT265,2025-02-19-12-18-05\SITE837_ORNT265_VIS10+mi.png,pool,10.0,0.6249,49
SITE837_ORNT310,2025-02-16-12-49-10\SITE837_ORNT310_VIS10+mi.png,pool,10.0,0.6008,29
SITE837_ORNT90,2025-02-19-12-18-05\SITE837_ORNT90_VIS10+mi.png,pool,10.0,0.628,47
SITE838_ORNT0,2024-12-17-16-15-56\SITE838_ORNT0_VIS10+mi.png,pool,10.0,0.587,52
SITE838_ORNT180,2025-03-17-19-09-03\SITE838_ORNT180_VIS10+mi.png,pool,10.0,0.6702,51
SITE838_ORNT270,2025-01-15-15-33-17\SITE838_ORNT270_VIS10+mi.png,pool,10.0,0.5764,46
SITE838_ORNT90,2024-12-17-16-15-56\SITE838_ORNT90_VIS10+mi.png,pool,10.0,0.5889,52
SITE842_ORNT140,2025-04-11-14-52-32\SITE842_ORNT140_VIS10+mi.png,pool,10.0,0.5522,9
SITE842_ORNT230,2025-02-02-12-13-03\SITE842_ORNT230_VIS10+mi.png,pool,10.0,0.6348,50
SITE842_ORNT30,2025-02-19-12-18-05\SITE842_ORNT30_VIS10+mi.png,pool,10.0,0.5875,54
SITE842_ORNT305,2025-02-27-11-22-46\SITE842_ORNT305_VIS10+mi.png,pool,10.0,0.5922,51
SITE844_ORNT15,2025-04-01-16-59-16\SITE844_ORNT15_VIS10+mi.png,pool,10.0,0.7322,32
SITE844_ORNT200,2025-02-11-14-30-47\SITE844_ORNT200_VIS10+mi.png,pool,10.0,0.7383,35
SITE844_ORNT250,2025-02-11-14-30-47\SITE844_ORNT250_VIS10+mi.png,pool,10.0,0.7319,33
SITE844_ORNT95,2025-04-01-16-59-16\SITE844_ORNT95_VIS10+mi.png,pool,10.0,0.7322,37
SITE84_ORNT147,2025-03-11-17-13-52\SITE84_ORNT147_VIS10+mi.png,pool,10.0,0.6107,28
SITE84_ORNT246,2025-03-15-15-41-34\SITE84_ORNT246_VIS10+mi.png,pool,10.0,0.6194,22
SITE84_ORNT336,2025-02-16-12-49-10\SITE84_ORNT336_VIS10+mi.png,pool,10.0,0.6413,33
SITE84_ORNT43,2025-03-05-12-08-53\SITE84_ORNT43_VIS10+mi.png,pool,10.0,0.5967,29
SITE852_ORNT135,2025-02-19-12-18-05\SITE852_ORNT135_VIS10+mi.png,pool,10.0,0.6012,40
SITE852_ORNT225,2025-03-31-15-41-11\SITE852_ORNT225_VIS10+mi.png,pool,10.0,0.5942,35
SITE852_ORNT315,2025-01-15-12-14-16\SITE852_ORNT315_VIS10+mi.png,pool,10.0,0.6148,37
SITE852_ORNT45,2025-01-15-12-14-16\SITE852_ORNT45_VIS10+mi.png,pool,10.0,0.6233,32
SITE866_ORNT100,2025-03-31-13-29-12\SITE866_ORNT100_VIS10+mi.png,pool,10.0,0.746,48
SITE866_ORNT155,2025-04-22-15-39-35\SITE866_ORNT155_VIS10+mi.png,pool,10.0,0.5941,53
SITE866_ORNT295,2025-04-11-14-52-32\SITE866_ORNT295_VIS10+mi.png,pool,10.0,0.6019,53
SITE86_ORNT12,2025-02-01-12-44-07\SITE86_ORNT12_VIS10+mi.png,pool,10.0,0.6553,50
SITE86_ORNT239,2025-03-05-12-08-53\SITE86_ORNT239_VIS10+mi.png,pool,10.0,0.6523,45
SITE86_ORNT321,2025-03-20-11-55-50\SITE86_ORNT321_VIS10+mi.png,pool,10.0,0.6589,53
SITE86_ORNT75,2025-03-05-12-08-53\SITE86_ORNT75_VIS10+mi.png,pool,10.0,0.6163,46
SITE871_ORNT170,2025-02-16-12-49-10\SITE871_ORNT170_VIS10+mi.png,pool,10.0,0.7337,44
SITE871_ORNT260,2025-04-14-19-44-02\SITE871_ORNT260_VIS10+mi.png,pool,10.0,0.6122,38
SITE871_ORNT350,2025-03-29-15-28-57\SITE871_ORNT350_VIS10+mi.png,pool,10.0,0.6211,47
SITE871_ORNT90,2025-02-16-12-49-10\SITE871_ORNT90_VIS10+mi.png,pool,10.0,0.6421,45
SITE876_ORNT120,2025-02-19-12-18-05\SITE876_ORNT120_VIS10+mi.png,pool,10.0,0.6808,40
SITE876_ORNT15,2025-01-22-12-38-15\SITE876_ORNT15_VIS10+mi.png,pool,10.0,0.6352,38
SITE876_ORNT160,2025-02-19-12-18-05\SITE876_ORNT160_VIS10+mi.png,pool,10.0,0.6831,38
SITE876_ORNT295,2025-02-15-15-20-00\SITE876_ORNT295_VIS10+mi.png,pool,10.0,0.6448,45
SITE87_ORNT114,2024-07-27-10-27-08/SITE87_ORNT114_VIS5mi.png,dataset,5.0,0.5498,2
SITE87_ORNT270,2024-07-23-16-31-18/SITE87_ORNT270_VIS7mi.png,dataset,7.0,0.5553,1
SITE87_ORNT329,2024-07-26-10-22-16/SITE87_ORNT329_VIS5mi.png,dataset,5.0,0.5771,1
SITE87_ORNT36,2024-07-26-10-22-16/SITE87_ORNT36_VIS5mi.png,dataset,5.0,0.5871,2
SITE892_ORNT205,2025-02-27-11-22-46\SITE892_ORNT205_VIS10+mi.png,pool,10.0,0.6303,43
SITE896_ORNT15,2025-03-26-12-24-08\SITE896_ORNT15_VIS10+mi.png,pool,10.0,0.6254,54
SITE896_ORNT210,2025-03-06-17-34-12\SITE896_ORNT210_VIS10+mi.png,pool,10.0,0.6155,56
SITE896_ORNT280,2025-03-15-15-41-34\SITE896_ORNT280_VIS10+mi.png,pool,10.0,0.6485,56
SITE896_ORNT85,2025-02-04-15-47-48\SITE896_ORNT85_VIS10+mi.png,pool,10.0,0.6201,55
SITE897_ORNT160,2025-02-01-12-44-07\SITE897_ORNT160_VIS10+mi.png,pool,10.0,0.6151,45
SITE897_ORNT205,2025-05-16-12-18-46\SITE897_ORNT205_VIS10+mi.png,pool,10.0,0.6245,44
SITE897_ORNT300,2025-03-29-15-28-57\SITE897_ORNT300_VIS10+mi.png,pool,10.0,0.6208,51
SITE897_ORNT65,2025-03-18-13-52-55\SITE897_ORNT65_VIS10+mi.png,pool,10.0,0.615,49
SITE8_ORNT123,2025-02-16-12-49-10\SITE8_ORNT123_VIS10+mi.png,pool,10.0,0.5949,49
SITE8_ORNT220,2025-04-11-14-52-32\SITE8_ORNT220_VIS10+mi.png,pool,10.0,0.6554,55
SITE8_ORNT278,2025-01-29-12-01-12\SITE8_ORNT278_VIS10+mi.png,pool,10.0,0.6198,58
SITE8_ORNT30,2025-01-29-12-01-12\SITE8_ORNT30_VIS10+mi.png,pool,10.0,0.5705,41
SITE91_ORNT128,2024-07-01-19-28-49/SITE91_ORNT128_VIS5mi.png,dataset,5.0,0.5316,3
SITE91_ORNT145,2025-03-29-15-28-57\SITE91_ORNT145_VIS10+mi.png,pool,10.0,0.5809,23
SITE91_ORNT195,2024-06-27-10-23-10/SITE91_ORNT195_VIS2-5mi.png,dataset,2.5,0.4996,1
SITE94_ORNT10,2025-02-12-14-37-35/SITE94_ORNT10_VIS10+mi.png,dataset,10.0,0.6153,31
SITE94_ORNT180,2025-04-10-17-56-44\SITE94_ORNT180_VIS10+mi.png,pool,10.0,0.8136,29
SITE94_ORNT280,2025-04-10-17-56-44\SITE94_ORNT280_VIS10+mi.png,pool,10.0,0.6537,24
SITE94_ORNT80,2025-04-10-17-56-44\SITE94_ORNT80_VIS10+mi.png,pool,10.0,0.568,26
SITE95_ORNT15,2024-12-24-15-14-57\SITE95_ORNT15_VIS10+mi.png,pool,10.0,0.6085,48
SITE95_ORNT226,2025-02-01-17-30-02\SITE95_ORNT226_VIS10+mi.png,pool,10.0,0.6244,49
SITE95_ORNT317,2025-04-22-15-39-35\SITE95_ORNT317_VIS10+mi.png,pool,10.0,0.5815,54
SITE95_ORNT67,2024-12-20-15-16-09\SITE95_ORNT67_VIS10+mi.png,pool,10.0,0.6235,53
SITE96_ORNT135,2025-01-28-16-10-28\SITE96_ORNT135_VIS10+mi.png,pool,10.0,0.6529,47
SITE96_ORNT233,2025-02-01-12-44-07\SITE96_ORNT233_VIS10+mi.png,pool,10.0,0.665,51
SITE96_ORNT300,2025-04-13-19-09-12\SITE96_ORNT300_VIS10+mi.png,pool,10.0,0.6591,52
SITE96_ORNT45,2025-02-14-15-24-27\SITE96_ORNT45_VIS10+mi.png,pool,10.0,0.6814,44
SITE97_ORNT200,2025-02-01-12-44-07\SITE97_ORNT200_VIS10+mi.png,pool,10.0,0.6058,40
SITE97_ORNT247,2025-04-02-15-05-32\SITE97_ORNT247_VIS10+mi.png,pool,10.0,0.6161,47
SITE97_ORNT46,2025-04-22-15-39-35\SITE97_ORNT46_VIS10+mi.png,pool,10.0,0.6432,46
SITE97_ORNT98,2025-03-31-13-29-12\SITE97_ORNT98_VIS10+mi.png,pool,10.0,0.6844,45
SITE98_ORNT135,2025-03-01-18-07-41\SITE98_ORNT135_VIS10+mi.png,pool,10.0,0.5889,37
SITE98_ORNT245,2025-02-12-14-37-35\SITE98_ORNT245_VIS10+mi.png,pool,10.0,0.5641,26
SITE98_ORNT25,2025-04-07-16-10-10\SITE98_ORNT25_VIS10+mi.png,pool,10.0,0.6137,33
SITE98_ORNT80,2024-12-20-15-16-09\SITE98_ORNT80_VIS10+mi.png,pool,10.0,0.6389,38
SITE9_ORNT115,2025-04-07-16-10-10\SITE9_ORNT115_VIS10+mi.png,pool,10.0,0.7152,23
SITE9_ORNT200,2025-04-27-17-08-08\SITE9_ORNT200_VIS10+mi.png,pool,10.0,0.6208,23
SITE9_ORNT260,2025-03-26-14-35-40\SITE9_ORNT260_VIS10+mi.png,pool,10.0,0.6331,24
SITE9_ORNT5,2025-05-17-16-10-31\SITE9_ORNT5_VIS10+mi.png,pool,10.0,0.6166,20
