predicted,truth,output,top,path
0,0,"[0.2362, 0.1778, 0.1661, 0.0997, 0.0941, 0.0801, 0.0391, 0.0575, 0.0305, 0.0189]",0.2361913025379181,2025-01-17-15-10-02/SITE561_ORNT350_VIS1mi.png
0,0,"[0.2129, 0.1963, 0.1529, 0.1412, 0.1012, 0.0672, 0.0513, 0.0536, 0.0119, 0.0115]",0.21291568875312805,2024-05-07-15-42-07/SITE87_ORNT114_VIS1-5mi.png
0,0,"[0.3400, 0.2080, 0.2146, 0.0498, 0.0552, 0.0710, 0.0096, 0.0215, 0.0285, 0.0019]",0.33997949957847595,2025-03-31-13-29-12/SITE485_ORNT290_VIS1mi.png
9,0,"[0.0387, 0.0445, 0.0717, 0.0910, 0.1048, 0.1168, 0.1329, 0.1593, 0.0443, 0.1960]",0.19596798717975616,2025-04-01-16-59-16/SITE97_ORNT98_VIS1-25mi.png
1,0,"[0.1640, 0.1803, 0.1448, 0.1585, 0.1141, 0.0771, 0.0682, 0.0666, 0.0104, 0.0160]",0.1802738755941391,2024-05-08-14-34-39/SITE7_ORNT312_VIS1-75mi.png
1,0,"[0.1880, 0.2070, 0.1508, 0.1555, 0.1050, 0.0674, 0.0568, 0.0525, 0.0080, 0.0089]",0.20700912177562714,2025-01-23-15-05-27/SITE7_ORNT312_VIS1mi.png
0,0,"[0.4038, 0.2121, 0.1566, 0.0789, 0.0581, 0.0348, 0.0170, 0.0289, 0.0056, 0.0041]",0.40380772948265076,2024-05-03-12-14-06/SITE41_ORNT25_VIS1-25mi.png
1,0,"[0.2050, 0.2329, 0.1493, 0.1687, 0.0986, 0.0539, 0.0445, 0.0399, 0.0041, 0.0031]",0.2328805774450302,2025-04-13-19-09-12/SITE439_ORNT90_VIS1-75mi.png
3,0,"[0.1375, 0.1413, 0.1323, 0.1429, 0.1213, 0.0881, 0.0833, 0.0901, 0.0227, 0.0406]",0.14294999837875366,2024-12-10-14-08-09/SITE735_ORNT170_VIS1-5mi.png
3,0,"[0.1248, 0.1474, 0.1342, 0.1529, 0.1247, 0.0943, 0.0880, 0.0864, 0.0171, 0.0302]",0.15285412967205048,2025-01-31-13-49-43/SITE818_ORNT40_VIS1-75mi.png
0,0,"[0.3173, 0.2105, 0.1720, 0.0939, 0.0768, 0.0535, 0.0216, 0.0351, 0.0141, 0.0053]",0.3173120617866516,2024-05-07-15-42-07/SITE132_ORNT30_VIS1-75mi.png
1,0,"[0.2000, 0.2060, 0.1516, 0.1569, 0.1031, 0.0626, 0.0520, 0.0511, 0.0077, 0.0090]",0.2060118466615677,2024-07-22-20-17-56/SITE217_ORNT250_VIS1-5mi.png
0,0,"[0.3104, 0.1995, 0.1641, 0.0998, 0.0793, 0.0543, 0.0285, 0.0429, 0.0122, 0.0090]",0.31035369634628296,2025-03-04-14-20-15/SITE134_ORNT165_VIS1mi.png
1,0,"[0.1554, 0.2008, 0.1494, 0.1661, 0.1142, 0.0756, 0.0669, 0.0547, 0.0094, 0.0077]",0.20076356828212738,2025-03-31-13-29-12/SITE272_ORNT130_VIS1-75mi.png
1,0,"[0.1890, 0.1999, 0.1555, 0.1469, 0.1059, 0.0726, 0.0560, 0.0536, 0.0110, 0.0097]",0.19985459744930267,2025-01-15-15-33-17/SITE186_ORNT275_VIS1-75mi.png
0,0,"[0.2320, 0.2166, 0.1520, 0.1563, 0.0953, 0.0527, 0.0402, 0.0434, 0.0053, 0.0063]",0.23195849359035492,2025-03-03-11-33-30/SITE251_ORNT140_VIS1mi.png
7,0,"[0.0626, 0.0768, 0.1026, 0.1177, 0.1256, 0.1132, 0.1104, 0.1521, 0.0236, 0.1153]",0.15211687982082367,2025-02-05-13-59-56/SITE179_ORNT36_VIS1mi.png
1,0,"[0.1939, 0.2130, 0.1557, 0.1559, 0.1022, 0.0657, 0.0521, 0.0472, 0.0077, 0.0066]",0.21297350525856018,2024-05-01-16-21-18/SITE91_ORNT195_VIS1mi.png
1,0,"[0.1464, 0.1735, 0.1460, 0.1504, 0.1204, 0.0900, 0.0730, 0.0709, 0.0140, 0.0155]",0.173516184091568,2025-02-04-15-47-48/SITE41_ORNT335_VIS1mi.png
3,0,"[0.0799, 0.1405, 0.1312, 0.1587, 0.1360, 0.1192, 0.1188, 0.0827, 0.0178, 0.0151]",0.15874750912189484,2024-10-05-11-04-16/SITE161_ORNT141_VIS1-5mi.png
7,0,"[0.0763, 0.0843, 0.1060, 0.1268, 0.1285, 0.1163, 0.1139, 0.1312, 0.0386, 0.0781]",0.1311824470758438,2024-05-28-11-05-32/SITE620_ORNT150_VIS1-25mi.png
1,0,"[0.1299, 0.1851, 0.1496, 0.1563, 0.1203, 0.0955, 0.0784, 0.0656, 0.0100, 0.0092]",0.18511706590652466,2025-03-31-13-29-12/SITE106_ORNT12_VIS1-5mi.png
0,0,"[0.2772, 0.2685, 0.1524, 0.1535, 0.0711, 0.0325, 0.0224, 0.0203, 0.0015, 0.0007]",0.277167946100235,2024-06-30-10-21-08/SITE7_ORNT55_VIS1-25mi.png
3,0,"[0.1179, 0.1509, 0.1365, 0.1564, 0.1283, 0.0976, 0.0878, 0.0826, 0.0192, 0.0228]",0.15638574957847595,2024-07-05-14-33-31/SITE241_ORNT120_VIS1-5mi.png
1,0,"[0.1907, 0.2143, 0.1517, 0.1686, 0.1044, 0.0614, 0.0502, 0.0467, 0.0059, 0.0061]",0.21426139771938324,2024-07-02-16-22-41/SITE198_ORNT248_VIS1-75mi.png
0,0,"[0.2225, 0.2198, 0.1560, 0.1506, 0.0961, 0.0580, 0.0435, 0.0419, 0.0068, 0.0049]",0.22247916460037231,2024-07-05-10-36-13/SITE41_ORNT170_VIS1-5mi.png
0,0,"[0.2935, 0.1960, 0.1587, 0.1036, 0.0833, 0.0565, 0.0340, 0.0475, 0.0150, 0.0116]",0.29352763295173645,2025-02-04-15-47-48/SITE801_ORNT255_VIS1mi.png
2,0,"[0.1442, 0.1440, 0.1452, 0.1372, 0.1227, 0.0872, 0.0671, 0.0952, 0.0153, 0.0420]",0.14523780345916748,2025-03-06-15-10-58/SITE171_ORNT23_VIS1mi.png
0,0,"[0.1853, 0.1728, 0.1491, 0.1295, 0.1082, 0.0817, 0.0620, 0.0675, 0.0203, 0.0236]",0.18529628217220306,2025-03-17-19-09-03/SITE186_ORNT12_VIS1-75mi.png
2,0,"[0.1459, 0.1724, 0.1754, 0.1094, 0.1160, 0.1171, 0.0459, 0.0542, 0.0572, 0.0066]",0.1754222810268402,2024-04-25-17-48-06/SITE399_ORNT45_VIS1-25mi.png
0,0,"[0.4085, 0.2214, 0.1499, 0.0911, 0.0573, 0.0313, 0.0130, 0.0223, 0.0037, 0.0015]",0.40848520398139954,2025-02-17-14-46-26/SITE241_ORNT214_VIS1-5mi.png
0,0,"[0.3426, 0.2275, 0.1473, 0.1194, 0.0695, 0.0344, 0.0230, 0.0298, 0.0033, 0.0032]",0.3426111340522766,2025-02-10-14-47-56/SITE719_ORNT20_VIS1mi.png
1,0,"[0.1338, 0.1719, 0.1430, 0.1635, 0.1320, 0.0891, 0.0689, 0.0742, 0.0133, 0.0102]",0.171935573220253,2024-05-07-15-42-07/SITE95_ORNT67_VIS1-5mi.png
0,0,"[0.3548, 0.2089, 0.1731, 0.0836, 0.0679, 0.0483, 0.0185, 0.0312, 0.0100, 0.0039]",0.3547857701778412,2024-12-29-16-00-12/SITE259_ORNT59_VIS1mi.png
0,0,"[0.2059, 0.1812, 0.1594, 0.1228, 0.1031, 0.0794, 0.0509, 0.0591, 0.0216, 0.0166]",0.20591677725315094,2025-03-18-13-52-55/SITE439_ORNT265_VIS1-5mi.png
0,0,"[0.1452, 0.1376, 0.1299, 0.1331, 0.1168, 0.0872, 0.0825, 0.0937, 0.0211, 0.0529]",0.14519895613193512,2025-03-06-15-10-58/SITE896_ORNT210_VIS1mi.png
1,0,"[0.1538, 0.1561, 0.1414, 0.1359, 0.1154, 0.0890, 0.0761, 0.0778, 0.0227, 0.0319]",0.15608879923820496,2025-02-14-15-24-27/SITE30_ORNT170_VIS1-75mi.png
0,0,"[0.2437, 0.1804, 0.1697, 0.1001, 0.0944, 0.0779, 0.0372, 0.0552, 0.0256, 0.0157]",0.24373817443847656,2024-10-13-12-27-42/SITE13_ORNT240_VIS1mi.png
1,0,"[0.1867, 0.2115, 0.1491, 0.1639, 0.1048, 0.0653, 0.0564, 0.0490, 0.0066, 0.0067]",0.21154552698135376,2024-09-08-13-07-06/SITE45_ORNT180_VIS1-5mi.png
0,0,"[0.2084, 0.1634, 0.1528, 0.1075, 0.1014, 0.0789, 0.0516, 0.0733, 0.0252, 0.0374]",0.20841600000858307,2025-03-29-15-28-57/SITE217_ORNT100_VIS1mi.png
8,0,"[0.0038, 0.0126, 0.0361, 0.0235, 0.0563, 0.1647, 0.0878, 0.0627, 0.5257, 0.0267]",0.5256972312927246,2025-02-27-11-22-46/SITE455_ORNT0_VIS1-25mi.png
3,0,"[0.1026, 0.1586, 0.1428, 0.1654, 0.1377, 0.1079, 0.0815, 0.0759, 0.0176, 0.0101]",0.165399432182312,2024-07-29-16-41-43/SITE19_ORNT60_VIS1-75mi.png
1,0,"[0.1147, 0.1398, 0.1359, 0.1362, 0.1232, 0.1058, 0.0951, 0.0867, 0.0287, 0.0340]",0.13983644545078278,2025-01-15-15-33-17/SITE186_ORNT110_VIS1-75mi.png
9,0,"[0.0338, 0.0346, 0.0642, 0.0737, 0.0855, 0.0890, 0.0896, 0.1497, 0.0399, 0.3400]",0.3400437533855438,2025-03-31-13-29-12/SITE205_ORNT305_VIS1-75mi.png
0,0,"[0.2006, 0.1806, 0.1587, 0.1230, 0.1087, 0.0818, 0.0467, 0.0582, 0.0289, 0.0128]",0.20060332119464874,2025-03-15-15-41-34/SITE352_ORNT175_VIS1mi.png
0,0,"[0.2606, 0.1900, 0.1635, 0.1091, 0.0920, 0.0695, 0.0346, 0.0472, 0.0235, 0.0099]",0.2605612277984619,2025-02-04-15-47-48/SITE12_ORNT270_VIS1mi.png
0,0,"[0.3069, 0.2043, 0.1662, 0.1022, 0.0807, 0.0533, 0.0273, 0.0405, 0.0117, 0.0070]",0.30685925483703613,2025-02-17-14-46-26/SITE78_ORNT189_VIS1-25mi.png
1,0,"[0.1970, 0.2080, 0.1528, 0.1537, 0.1037, 0.0651, 0.0528, 0.0505, 0.0082, 0.0082]",0.20798218250274658,2025-03-02-13-12-40/SITE7_ORNT312_VIS1-75mi.png
0,0,"[0.3053, 0.2032, 0.1684, 0.0969, 0.0791, 0.0557, 0.0272, 0.0415, 0.0137, 0.0091]",0.30530038475990295,2025-02-15-16-53-20/SITE547_ORNT260_VIS1mi.png
1,0,"[0.1813, 0.1855, 0.1508, 0.1462, 0.1095, 0.0756, 0.0607, 0.0614, 0.0135, 0.0156]",0.18545939028263092,2024-07-14-16-38-50/SITE13_ORNT240_VIS1-5mi.png
0,0,"[0.3246, 0.2076, 0.1750, 0.0907, 0.0770, 0.0518, 0.0189, 0.0389, 0.0081, 0.0074]",0.3246016800403595,2024-05-08-14-34-39/SITE205_ORNT305_VIS1mi.png
0,0,"[0.1846, 0.1690, 0.1442, 0.1482, 0.1126, 0.0721, 0.0591, 0.0724, 0.0129, 0.0248]",0.18456551432609558,2025-04-01-16-59-16/SITE896_ORNT280_VIS1-75mi.png
0,0,"[0.2227, 0.1828, 0.1486, 0.1379, 0.1028, 0.0683, 0.0482, 0.0577, 0.0159, 0.0152]",0.22266939282417297,2024-12-10-14-08-09/SITE871_ORNT90_VIS1-75mi.png
3,0,"[0.0776, 0.0958, 0.1076, 0.1373, 0.1253, 0.1074, 0.1296, 0.1285, 0.0195, 0.0715]",0.1373060792684555,2024-06-29-10-50-12/SITE747_ORNT315_VIS1-25mi.png
0,0,"[0.2379, 0.2046, 0.1469, 0.1454, 0.0973, 0.0535, 0.0463, 0.0519, 0.0064, 0.0098]",0.23787708580493927,2025-01-31-13-49-43/SITE658_ORNT260_VIS1mi.png
3,0,"[0.0946, 0.1697, 0.1506, 0.1747, 0.1405, 0.1091, 0.0752, 0.0673, 0.0126, 0.0057]",0.17472127079963684,2024-08-11-13-07-09/SITE447_ORNT295_VIS1mi.png
0,0,"[0.2098, 0.1970, 0.1486, 0.1531, 0.1053, 0.0631, 0.0497, 0.0541, 0.0092, 0.0100]",0.20983359217643738,2024-08-19-10-27-18/SITE620_ORNT225_VIS1-75mi.png
0,0,"[0.3810, 0.2425, 0.1467, 0.1118, 0.0570, 0.0258, 0.0143, 0.0182, 0.0019, 0.0009]",0.3809785842895508,2024-07-05-10-36-13/SITE167_ORNT312_VIS1mi.png
0,0,"[0.2133, 0.1853, 0.1590, 0.1273, 0.1035, 0.0735, 0.0484, 0.0583, 0.0163, 0.0153]",0.213261216878891,2025-03-29-15-28-57/SITE171_ORNT184_VIS1-25mi.png
0,0,"[0.2280, 0.2207, 0.1445, 0.1679, 0.0950, 0.0480, 0.0433, 0.0437, 0.0033, 0.0054]",0.22799533605575562,2024-05-07-15-42-07/SITE545_ORNT20_VIS1-25mi.png
0,0,"[0.3392, 0.2082, 0.1596, 0.0975, 0.0733, 0.0445, 0.0256, 0.0378, 0.0077, 0.0066]",0.3391760587692261,2025-04-07-16-10-10/SITE437_ORNT195_VIS1-25mi.png
8,0,"[0.0246, 0.0490, 0.0889, 0.0760, 0.1177, 0.1750, 0.0883, 0.1035, 0.2428, 0.0342]",0.2427854984998703,2024-12-29-16-00-12/SITE345_ORNT225_VIS1-25mi.png
0,0,"[0.2640, 0.1892, 0.1869, 0.0847, 0.0845, 0.0811, 0.0258, 0.0437, 0.0313, 0.0088]",0.26402047276496887,2025-01-31-13-49-43/SITE239_ORNT110_VIS1-75mi.png
2,0,"[0.1040, 0.1002, 0.1194, 0.1039, 0.1125, 0.1067, 0.0872, 0.1094, 0.0472, 0.1095]",0.11935192346572876,2025-02-01-12-44-07/SITE59_ORNT10_VIS1mi.png
4,0,"[0.0556, 0.0789, 0.1032, 0.1317, 0.1364, 0.1347, 0.1290, 0.1291, 0.0422, 0.0592]",0.13639958202838898,2024-05-07-15-42-07/SITE43_ORNT10_VIS1-75mi.png
0,0,"[0.3025, 0.1961, 0.1644, 0.0972, 0.0817, 0.0568, 0.0304, 0.0465, 0.0135, 0.0110]",0.3025277554988861,2025-02-02-12-13-03/SITE821_ORNT225_VIS1-5mi.png
0,0,"[0.2823, 0.2059, 0.1483, 0.1446, 0.0871, 0.0475, 0.0313, 0.0407, 0.0065, 0.0057]",0.2823471426963806,2025-03-31-13-29-12/SITE521_ORNT240_VIS1-5mi.png
0,0,"[0.2146, 0.1745, 0.1596, 0.1167, 0.1045, 0.0793, 0.0457, 0.0608, 0.0254, 0.0189]",0.21460705995559692,2025-02-16-12-49-10/SITE593_ORNT10_VIS1-5mi.png
3,0,"[0.0979, 0.1690, 0.1404, 0.1690, 0.1369, 0.1004, 0.0933, 0.0725, 0.0129, 0.0078]",0.1689929962158203,2024-08-30-17-21-54/SITE98_ORNT135_VIS1mi.png
6,0,"[0.0412, 0.0789, 0.0897, 0.1306, 0.1234, 0.1325, 0.2226, 0.1253, 0.0159, 0.0400]",0.22263969480991364,2024-07-23-13-08-12/SITE58_ORNT90_VIS1mi.png
0,0,"[0.2215, 0.1722, 0.1522, 0.1125, 0.0997, 0.0751, 0.0508, 0.0667, 0.0217, 0.0275]",0.22151340544223785,2025-04-01-16-59-16/SITE59_ORNT10_VIS1-25mi.png
0,0,"[0.5109, 0.2138, 0.1384, 0.0586, 0.0366, 0.0182, 0.0070, 0.0138, 0.0018, 0.0008]",0.5109440088272095,2025-03-23-13-51-54/SITE9_ORNT200_VIS1mi.png
2,0,"[0.1405, 0.1399, 0.1425, 0.1161, 0.1162, 0.1023, 0.0717, 0.0838, 0.0416, 0.0454]",0.14245961606502533,2024-12-27-14-55-32/SITE556_ORNT223_VIS1-75mi.png
0,0,"[0.2603, 0.1923, 0.1652, 0.1129, 0.0925, 0.0659, 0.0356, 0.0494, 0.0155, 0.0105]",0.2602798640727997,2025-01-17-15-10-02/SITE438_ORNT30_VIS1-5mi.png
0,0,"[0.2929, 0.1951, 0.1797, 0.0885, 0.0811, 0.0678, 0.0250, 0.0414, 0.0210, 0.0076]",0.2928537428379059,2024-12-17-16-15-56/SITE576_ORNT235_VIS1-75mi.png
1,0,"[0.1564, 0.1899, 0.1492, 0.1588, 0.1150, 0.0787, 0.0684, 0.0611, 0.0111, 0.0114]",0.189944788813591,2024-05-23-15-19-49/SITE253_ORNT195_VIS1mi.png
0,0,"[0.3916, 0.2351, 0.1528, 0.1028, 0.0560, 0.0262, 0.0124, 0.0196, 0.0022, 0.0014]",0.39158356189727783,2025-02-16-12-49-10/SITE617_ORNT40_VIS1-75mi.png
3,0,"[0.0810, 0.1320, 0.1245, 0.1548, 0.1286, 0.1127, 0.1383, 0.0920, 0.0147, 0.0215]",0.15476877987384796,2024-06-30-10-21-08/SITE7_ORNT221_VIS1-25mi.png
2,0,"[0.1008, 0.1100, 0.1314, 0.1128, 0.1254, 0.1206, 0.0804, 0.1037, 0.0561, 0.0587]",0.13144800066947937,2024-09-20-16-20-08/SITE76_ORNT205_VIS1-5mi.png
5,0,"[0.0637, 0.1164, 0.1430, 0.1212, 0.1402, 0.1583, 0.0868, 0.0771, 0.0846, 0.0086]",0.15828928351402283,2025-03-31-15-41-11/SITE506_ORNT0_VIS1-75mi.png
0,0,"[0.2691, 0.2220, 0.1507, 0.1414, 0.0858, 0.0467, 0.0353, 0.0388, 0.0049, 0.0052]",0.2691061198711395,2024-08-02-10-36-13/SITE215_ORNT40_VIS1-75mi.png
0,0,"[0.3662, 0.2283, 0.1553, 0.1025, 0.0658, 0.0359, 0.0161, 0.0236, 0.0048, 0.0015]",0.3662271499633789,2025-02-01-17-30-02/SITE30_ORNT345_VIS1mi.png
0,0,"[0.3116, 0.2042, 0.1840, 0.0796, 0.0738, 0.0641, 0.0204, 0.0351, 0.0220, 0.0053]",0.3116120994091034,2025-02-17-14-46-26/SITE521_ORNT150_VIS1-5mi.png
1,0,"[0.1147, 0.1820, 0.1445, 0.1644, 0.1191, 0.0976, 0.0974, 0.0623, 0.0099, 0.0081]",0.1819659024477005,2024-09-08-16-00-24/SITE94_ORNT80_VIS1mi.png
2,0,"[0.1417, 0.1401, 0.1475, 0.1167, 0.1174, 0.1098, 0.0659, 0.0817, 0.0478, 0.0314]",0.14753662049770355,2024-12-09-12-13-38/SITE508_ORNT315_VIS1-25mi.png
0,0,"[0.2104, 0.1968, 0.1513, 0.1464, 0.1023, 0.0648, 0.0513, 0.0541, 0.0107, 0.0118]",0.21038998663425446,2024-07-04-10-22-12/SITE171_ORNT126_VIS1-5mi.png
0,0,"[0.2544, 0.1966, 0.1485, 0.1271, 0.0955, 0.0583, 0.0423, 0.0537, 0.0105, 0.0131]",0.2543834447860718,2025-03-05-12-08-53/SITE601_ORNT90_VIS1-75mi.png
0,0,"[0.1565, 0.1430, 0.1442, 0.1172, 0.1119, 0.0921, 0.0703, 0.0872, 0.0284, 0.0492]",0.15652935206890106,2025-03-15-15-41-34/SITE13_ORNT240_VIS1mi.png
0,0,"[0.2278, 0.2056, 0.1539, 0.1429, 0.0968, 0.0606, 0.0463, 0.0481, 0.0092, 0.0087]",0.22778791189193726,2025-03-01-18-07-41/SITE49_ORNT15_VIS1-75mi.png
0,0,"[0.4080, 0.2159, 0.1538, 0.0848, 0.0577, 0.0324, 0.0157, 0.0249, 0.0044, 0.0024]",0.40795302391052246,2025-02-01-17-30-02/SITE75_ORNT170_VIS1mi.png
6,0,"[0.0529, 0.1117, 0.0972, 0.1355, 0.1111, 0.1242, 0.2562, 0.0863, 0.0103, 0.0146]",0.25621694326400757,2024-12-09-12-13-38/SITE186_ORNT217_VIS1-25mi.png
3,0,"[0.0634, 0.1088, 0.1245, 0.1474, 0.1456, 0.1410, 0.1113, 0.0977, 0.0401, 0.0201]",0.14741680026054382,2025-02-04-15-47-48/SITE639_ORNT10_VIS1mi.png
3,0,"[0.0588, 0.1340, 0.1249, 0.1631, 0.1385, 0.1311, 0.1441, 0.0799, 0.0168, 0.0087]",0.1630713939666748,2024-07-20-11-08-20/SITE186_ORNT275_VIS1-75mi.png
1,0,"[0.1365, 0.1412, 0.1363, 0.1356, 0.1219, 0.0963, 0.0781, 0.0872, 0.0277, 0.0392]",0.14117026329040527,2024-07-14-13-28-24/SITE156_ORNT294_VIS1-75mi.png
5,0,"[0.0702, 0.1066, 0.1409, 0.1081, 0.1336, 0.1585, 0.0714, 0.0842, 0.1079, 0.0185]",0.1585233211517334,2024-06-27-10-23-10/SITE533_ORNT325_VIS1-5mi.png
3,0,"[0.1222, 0.1241, 0.1232, 0.1445, 0.1221, 0.0924, 0.0949, 0.1024, 0.0220, 0.0521]",0.14454114437103271,2025-03-31-13-29-12/SITE626_ORNT290_VIS1mi.png
0,0,"[0.2607, 0.2000, 0.1533, 0.1240, 0.0911, 0.0584, 0.0406, 0.0502, 0.0101, 0.0116]",0.2606995105743408,2025-01-26-15-53-06/SITE40_ORNT120_VIS1mi.png
0,0,"[0.2743, 0.1921, 0.1571, 0.1129, 0.0885, 0.0593, 0.0384, 0.0518, 0.0117, 0.0139]",0.2743200659751892,2024-07-29-16-41-43/SITE13_ORNT240_VIS1mi.png
0,0,"[0.1466, 0.1206, 0.1326, 0.1292, 0.1174, 0.0884, 0.0666, 0.1014, 0.0388, 0.0584]",0.14660905301570892,2025-02-10-14-47-56/SITE467_ORNT135_VIS1-5mi.png
0,0,"[0.1513, 0.1500, 0.1413, 0.1319, 0.1170, 0.0926, 0.0726, 0.0801, 0.0277, 0.0355]",0.15130837261676788,2024-09-21-11-24-11/SITE73_ORNT20_VIS1-75mi.png
0,0,"[0.2567, 0.2237, 0.1495, 0.1498, 0.0881, 0.0449, 0.0366, 0.0409, 0.0043, 0.0055]",0.25669339299201965,2025-03-15-15-41-34/SITE626_ORNT195_VIS1mi.png
1,0,"[0.1132, 0.1761, 0.1720, 0.1230, 0.1281, 0.1314, 0.0539, 0.0491, 0.0510, 0.0022]",0.17610879242420197,2025-02-04-15-47-48/SITE377_ORNT110_VIS1mi.png
1,0,"[0.1971, 0.1988, 0.1519, 0.1490, 0.1056, 0.0711, 0.0535, 0.0552, 0.0088, 0.0090]",0.19878093898296356,2024-08-15-16-44-48/SITE43_ORNT270_VIS1-25mi.png
0,0,"[0.2731, 0.2012, 0.1589, 0.1142, 0.0873, 0.0585, 0.0376, 0.0466, 0.0127, 0.0098]",0.27308928966522217,2025-02-01-17-30-02/SITE309_ORNT30_VIS1mi.png
0,0,"[0.2446, 0.1944, 0.1578, 0.1211, 0.0963, 0.0652, 0.0408, 0.0512, 0.0176, 0.0111]",0.2445734441280365,2025-02-05-13-59-56/SITE376_ORNT70_VIS1mi.png
4,0,"[0.0860, 0.0948, 0.1133, 0.1238, 0.1247, 0.1142, 0.0999, 0.1211, 0.0308, 0.0915]",0.12466628849506378,2025-01-31-13-49-43/SITE178_ORNT300_VIS1-25mi.png
3,0,"[0.0793, 0.1146, 0.1216, 0.1517, 0.1394, 0.1143, 0.1093, 0.1066, 0.0252, 0.0379]",0.15173402428627014,2024-08-30-17-21-54/SITE53_ORNT170_VIS1-5mi.png
1,0,"[0.1155, 0.1365, 0.1351, 0.1363, 0.1230, 0.1060, 0.0928, 0.0877, 0.0298, 0.0372]",0.13650186359882355,2024-05-21-12-02-34/SITE435_ORNT15_VIS1-25mi.png
0,0,"[0.5609, 0.2015, 0.1287, 0.0496, 0.0295, 0.0143, 0.0043, 0.0096, 0.0012, 0.0004]",0.5608738660812378,2024-05-03-12-14-06/SITE41_ORNT170_VIS1-25mi.png
1,0,"[0.1506, 0.1514, 0.1410, 0.1327, 0.1165, 0.0913, 0.0753, 0.0805, 0.0260, 0.0347]",0.15140092372894287,2025-01-17-15-10-02/SITE438_ORNT110_VIS1-5mi.png
0,0,"[0.4001, 0.2151, 0.1534, 0.0861, 0.0601, 0.0356, 0.0156, 0.0253, 0.0062, 0.0024]",0.400135338306427,2025-04-02-15-05-32/SITE15_ORNT350_VIS1-25mi.png
0,0,"[0.1709, 0.1555, 0.1443, 0.1252, 0.1120, 0.0859, 0.0650, 0.0777, 0.0265, 0.0370]",0.17086046934127808,2025-03-31-15-41-11/SITE48_ORNT115_VIS1mi.png
0,0,"[0.4507, 0.2195, 0.1448, 0.0780, 0.0483, 0.0239, 0.0117, 0.0193, 0.0024, 0.0015]",0.4507087767124176,2024-12-10-14-08-09/SITE606_ORNT90_VIS1-75mi.png
0,0,"[0.3208, 0.2092, 0.1588, 0.1048, 0.0767, 0.0473, 0.0280, 0.0391, 0.0084, 0.0069]",0.32082700729370117,2025-03-31-15-41-11/SITE5_ORNT230_VIS1-25mi.png
9,0,"[0.0123, 0.0190, 0.0415, 0.0743, 0.0897, 0.1184, 0.1730, 0.2096, 0.0169, 0.2453]",0.24527126550674438,2024-06-21-15-35-27/SITE87_ORNT329_VIS1-75mi.png
6,0,"[0.0436, 0.0644, 0.0893, 0.1075, 0.1243, 0.1364, 0.1498, 0.1411, 0.0486, 0.0950]",0.14977364242076874,2024-06-01-11-15-19/SITE205_ORNT230_VIS1-75mi.png
1,0,"[0.1645, 0.2209, 0.1432, 0.1937, 0.1113, 0.0595, 0.0560, 0.0430, 0.0052, 0.0027]",0.22091683745384216,2024-09-08-13-07-06/SITE111_ORNT336_VIS1-5mi.png
9,0,"[0.0531, 0.0611, 0.0855, 0.1008, 0.1080, 0.1139, 0.1361, 0.1435, 0.0296, 0.1681]",0.16814902424812317,2024-07-28-13-48-26/SITE73_ORNT20_VIS1-25mi.png
8,0,"[0.0128, 0.0265, 0.0593, 0.0368, 0.0721, 0.1514, 0.0692, 0.0746, 0.4461, 0.0513]",0.446096807718277,2024-08-18-13-20-24/SITE522_ORNT270_VIS1-25mi.png
7,0,"[0.0824, 0.0937, 0.1139, 0.1275, 0.1303, 0.1090, 0.0936, 0.1320, 0.0277, 0.0901]",0.1320165991783142,2024-06-10-18-34-10/SITE94_ORNT80_VIS1-25mi.png
3,0,"[0.0992, 0.1557, 0.1378, 0.1613, 0.1302, 0.1078, 0.1014, 0.0763, 0.0168, 0.0135]",0.1612803041934967,2024-07-05-14-33-31/SITE94_ORNT80_VIS1-75mi.png
0,0,"[0.2565, 0.2069, 0.1529, 0.1324, 0.0910, 0.0559, 0.0409, 0.0467, 0.0080, 0.0087]",0.25652584433555603,2024-06-14-11-11-00/SITE209_ORNT150_VIS1-25mi.png
0,0,"[0.2282, 0.1734, 0.1520, 0.1106, 0.0983, 0.0734, 0.0497, 0.0653, 0.0229, 0.0260]",0.2282378375530243,2025-03-02-13-12-40/SITE134_ORNT70_VIS1-5mi.png
5,0,"[0.0773, 0.0878, 0.1127, 0.0973, 0.1140, 0.1249, 0.0972, 0.1095, 0.0744, 0.1049]",0.12494821101427078,2024-12-09-12-13-38/SITE36_ORNT80_VIS1-25mi.png
9,0,"[0.0546, 0.0577, 0.0807, 0.0943, 0.0999, 0.1095, 0.1507, 0.1416, 0.0295, 0.1816]",0.18157409131526947,2025-03-31-13-29-12/SITE626_ORNT110_VIS1mi.png
0,0,"[0.2540, 0.1855, 0.1743, 0.0976, 0.0911, 0.0761, 0.0331, 0.0506, 0.0250, 0.0127]",0.25400593876838684,2025-02-11-14-30-47/SITE545_ORNT240_VIS1-5mi.png
1,0,"[0.1974, 0.2205, 0.1563, 0.1613, 0.1009, 0.0612, 0.0481, 0.0430, 0.0064, 0.0048]",0.220513254404068,2025-03-31-15-41-11/SITE111_ORNT246_VIS1-75mi.png
9,0,"[0.0803, 0.0780, 0.1014, 0.1052, 0.1100, 0.0999, 0.0965, 0.1273, 0.0390, 0.1625]",0.1624622344970703,2025-04-01-16-59-16/SITE97_ORNT200_VIS1-25mi.png
0,0,"[0.3566, 0.2111, 0.1553, 0.0960, 0.0687, 0.0408, 0.0236, 0.0354, 0.0066, 0.0059]",0.35660412907600403,2024-12-09-12-13-38/SITE542_ORNT350_VIS1-5mi.png
0,0,"[0.1856, 0.1615, 0.1589, 0.1033, 0.1043, 0.0995, 0.0550, 0.0683, 0.0386, 0.0251]",0.18555079400539398,2025-04-14-19-44-02/SITE76_ORNT147_VIS1-5mi.png
0,0,"[0.2350, 0.1928, 0.1605, 0.1190, 0.0978, 0.0695, 0.0430, 0.0540, 0.0150, 0.0132]",0.23502370715141296,2024-05-07-15-42-07/SITE132_ORNT141_VIS1-75mi.png
0,0,"[0.1630, 0.1560, 0.1341, 0.1449, 0.1150, 0.0817, 0.0773, 0.0808, 0.0152, 0.0319]",0.16303226351737976,2025-01-31-13-49-43/SITE658_ORNT305_VIS1mi.png
6,0,"[0.0331, 0.0725, 0.0964, 0.1216, 0.1311, 0.1738, 0.1843, 0.1083, 0.0525, 0.0262]",0.18430998921394348,2024-12-23-15-38-40/SITE119_ORNT13_VIS1-5mi.png
3,0,"[0.1076, 0.1186, 0.1208, 0.1420, 0.1250, 0.0999, 0.1045, 0.1030, 0.0267, 0.0518]",0.14199693500995636,2024-12-24-15-14-57/SITE658_ORNT305_VIS1mi.png
3,0,"[0.0923, 0.1358, 0.1374, 0.1485, 0.1322, 0.1210, 0.0984, 0.0818, 0.0329, 0.0197]",0.14852702617645264,2024-07-25-10-00-39/SITE434_ORNT325_VIS1-25mi.png
0,0,"[0.1766, 0.1554, 0.1414, 0.1283, 0.1111, 0.0824, 0.0667, 0.0787, 0.0232, 0.0362]",0.17658603191375732,2025-03-31-13-29-12/SITE272_ORNT325_VIS1-75mi.png
1,0,"[0.1887, 0.1913, 0.1542, 0.1432, 0.1076, 0.0748, 0.0559, 0.0574, 0.0138, 0.0130]",0.1912946254014969,2025-01-28-16-10-28/SITE161_ORNT316_VIS1-5mi.png
0,0,"[0.4132, 0.2202, 0.1601, 0.0769, 0.0545, 0.0331, 0.0124, 0.0221, 0.0054, 0.0020]",0.4132139980792999,2025-01-23-15-05-27/SITE262_ORNT124_VIS1mi.png
0,0,"[0.4054, 0.2211, 0.1566, 0.0837, 0.0571, 0.0311, 0.0146, 0.0239, 0.0040, 0.0024]",0.4054034948348999,2025-03-31-13-29-12/SITE15_ORNT90_VIS1-25mi.png
5,0,"[0.0478, 0.0815, 0.1173, 0.0899, 0.1240, 0.1654, 0.0929, 0.0937, 0.1539, 0.0335]",0.16541166603565216,2025-01-29-12-01-12/SITE389_ORNT120_VIS1mi.png
6,0,"[0.0322, 0.0510, 0.0733, 0.1007, 0.1096, 0.1346, 0.2166, 0.1451, 0.0347, 0.1022]",0.21658501029014587,2024-07-14-16-38-50/SITE81_ORNT326_VIS1mi.png
0,0,"[0.4058, 0.2166, 0.1612, 0.0802, 0.0570, 0.0342, 0.0139, 0.0238, 0.0053, 0.0021]",0.40576809644699097,2025-03-31-15-41-11/SITE606_ORNT180_VIS1-75mi.png
0,0,"[0.2215, 0.2147, 0.1516, 0.1553, 0.0970, 0.0566, 0.0442, 0.0456, 0.0064, 0.0072]",0.2214524894952774,2025-02-17-14-46-26/SITE19_ORNT170_VIS1-75mi.png
9,0,"[0.0301, 0.0342, 0.0610, 0.0834, 0.0962, 0.1056, 0.1335, 0.1771, 0.0294, 0.2495]",0.2495131492614746,2025-03-05-12-08-53/SITE66_ORNT162_VIS1-75mi.png
0,0,"[0.2024, 0.1670, 0.1523, 0.1144, 0.1041, 0.0872, 0.0539, 0.0662, 0.0309, 0.0215]",0.2023504674434662,2025-03-06-15-10-58/SITE45_ORNT290_VIS1mi.png
0,0,"[0.1583, 0.1459, 0.1567, 0.1019, 0.1084, 0.1001, 0.0590, 0.0790, 0.0473, 0.0435]",0.1582714319229126,2025-02-14-15-24-27/SITE179_ORNT230_VIS1-25mi.png
0,0,"[0.4011, 0.2196, 0.1549, 0.0868, 0.0584, 0.0323, 0.0155, 0.0246, 0.0045, 0.0024]",0.4010803699493408,2025-02-14-15-24-27/SITE230_ORNT214_VIS1-75mi.png
6,0,"[0.0063, 0.0140, 0.0338, 0.0730, 0.0965, 0.1487, 0.2317, 0.2194, 0.0263, 0.1504]",0.23165130615234375,2024-12-23-15-38-40/SITE128_ORNT242_VIS1-5mi.png
0,0,"[0.3514, 0.2085, 0.1600, 0.0950, 0.0698, 0.0427, 0.0235, 0.0360, 0.0072, 0.0061]",0.35137420892715454,2025-03-29-15-28-57/SITE198_ORNT80_VIS1-25mi.png
0,0,"[0.4781, 0.2183, 0.1655, 0.0514, 0.0383, 0.0267, 0.0053, 0.0121, 0.0037, 0.0005]",0.478107750415802,2025-04-02-15-05-32/SITE208_ORNT18_VIS1-5mi.png
1,0,"[0.1620, 0.1966, 0.1493, 0.1683, 0.1154, 0.0727, 0.0620, 0.0553, 0.0102, 0.0082]",0.19663959741592407,2024-06-20-11-19-17/SITE58_ORNT245_VIS1-25mi.png
0,0,"[0.2033, 0.1698, 0.1612, 0.1117, 0.1047, 0.0830, 0.0465, 0.0658, 0.0275, 0.0265]",0.20325227081775665,2025-03-06-15-10-58/SITE217_ORNT100_VIS1-25mi.png
0,0,"[0.2771, 0.1993, 0.1652, 0.1109, 0.0872, 0.0585, 0.0327, 0.0468, 0.0117, 0.0106]",0.2771492004394531,2025-03-01-18-07-41/SITE240_ORNT112_VIS1-75mi.png
9,0,"[0.0054, 0.0071, 0.0230, 0.0429, 0.0564, 0.0787, 0.1055, 0.1825, 0.0341, 0.4644]",0.4644390344619751,2024-07-01-19-28-49/SITE239_ORNT110_VIS1-5mi.png
2,0,"[0.1244, 0.1341, 0.1577, 0.0916, 0.1107, 0.1301, 0.0569, 0.0716, 0.0958, 0.0272]",0.1577199101448059,2025-03-31-15-41-11/SITE5_ORNT155_VIS1-25mi.png
0,0,"[0.2320, 0.1899, 0.1578, 0.1247, 0.0979, 0.0677, 0.0451, 0.0563, 0.0133, 0.0152]",0.2319609522819519,2025-04-02-15-05-32/SITE167_ORNT105_VIS1-5mi.png
0,0,"[0.3501, 0.2654, 0.1427, 0.1308, 0.0553, 0.0231, 0.0149, 0.0163, 0.0009, 0.0007]",0.3500552177429199,2025-03-03-11-33-30/SITE73_ORNT335_VIS1-5mi.png
1,0,"[0.1360, 0.2083, 0.1521, 0.1702, 0.1162, 0.0801, 0.0731, 0.0514, 0.0077, 0.0049]",0.20825503766536713,2024-07-05-14-33-31/SITE239_ORNT30_VIS1mi.png
3,0,"[0.1031, 0.1621, 0.1381, 0.1752, 0.1323, 0.0946, 0.0960, 0.0760, 0.0108, 0.0117]",0.1752302050590515,2024-07-04-10-22-12/SITE76_ORNT60_VIS1-75mi.png
7,0,"[0.0109, 0.0194, 0.0445, 0.0775, 0.1075, 0.1308, 0.1566, 0.2094, 0.0899, 0.1537]",0.20937268435955048,2025-02-02-12-13-03/SITE831_ORNT0_VIS1mi.png
0,0,"[0.1828, 0.1509, 0.1436, 0.1198, 0.1067, 0.0794, 0.0634, 0.0840, 0.0200, 0.0493]",0.1828230619430542,2025-03-23-13-51-54/SITE116_ORNT3_VIS1-25mi.png
1,0,"[0.1722, 0.1795, 0.1497, 0.1409, 0.1112, 0.0825, 0.0656, 0.0653, 0.0154, 0.0178]",0.17952001094818115,2025-01-31-13-49-43/SITE86_ORNT75_VIS1-75mi.png
0,0,"[0.2020, 0.1992, 0.1517, 0.1479, 0.1032, 0.0665, 0.0537, 0.0542, 0.0101, 0.0115]",0.20201127231121063,2024-07-27-10-27-08/SITE215_ORNT235_VIS1mi.png
0,0,"[0.3178, 0.2489, 0.1514, 0.1365, 0.0680, 0.0311, 0.0198, 0.0230, 0.0020, 0.0015]",0.3178388774394989,2024-05-31-11-53-14/SITE66_ORNT95_VIS1mi.png
0,0,"[0.1834, 0.1525, 0.1403, 0.1203, 0.1073, 0.0825, 0.0649, 0.0812, 0.0228, 0.0448]",0.1833656281232834,2024-05-08-14-34-39/SITE17_ORNT95_VIS1mi.png
1,0,"[0.1972, 0.2266, 0.1573, 0.1675, 0.1056, 0.0573, 0.0406, 0.0399, 0.0052, 0.0028]",0.2265663892030716,2025-03-26-12-24-08/SITE251_ORNT25_VIS1mi.png
1,0,"[0.1242, 0.1464, 0.1432, 0.1388, 0.1236, 0.1051, 0.0825, 0.0785, 0.0320, 0.0257]",0.1463976353406906,2024-07-04-13-27-11/SITE43_ORNT190_VIS1-25mi.png
0,0,"[0.2127, 0.2014, 0.1509, 0.1453, 0.1013, 0.0646, 0.0510, 0.0527, 0.0097, 0.0106]",0.21270769834518433,2024-07-28-13-48-26/SITE13_ORNT85_VIS1-25mi.png
0,0,"[0.1787, 0.1658, 0.1444, 0.1341, 0.1125, 0.0805, 0.0638, 0.0727, 0.0209, 0.0267]",0.17866525053977966,2025-02-02-12-13-03/SITE446_ORNT165_VIS1-75mi.png
1,0,"[0.1418, 0.1757, 0.1488, 0.1513, 0.1233, 0.0890, 0.0723, 0.0669, 0.0177, 0.0131]",0.1757434904575348,2024-07-05-10-36-13/SITE41_ORNT25_VIS1-5mi.png
0,0,"[0.1970, 0.1767, 0.1394, 0.1485, 0.1071, 0.0688, 0.0632, 0.0670, 0.0125, 0.0197]",0.1970246583223343,2025-01-28-16-10-28/SITE132_ORNT305_VIS1mi.png
0,0,"[0.2898, 0.2062, 0.1670, 0.1113, 0.0840, 0.0551, 0.0279, 0.0412, 0.0105, 0.0071]",0.2897595167160034,2025-03-06-15-10-58/SITE194_ORNT194_VIS1-5mi.png
0,0,"[0.4285, 0.2202, 0.1438, 0.0850, 0.0530, 0.0278, 0.0139, 0.0223, 0.0035, 0.0020]",0.4284825325012207,2025-02-16-12-49-10/SITE355_ORNT130_VIS1-25mi.png
0,0,"[0.4298, 0.2228, 0.1466, 0.0847, 0.0526, 0.0273, 0.0119, 0.0197, 0.0034, 0.0013]",0.42984455823898315,2024-12-24-15-14-57/SITE65_ORNT64_VIS1-5mi.png
3,0,"[0.1130, 0.1402, 0.1267, 0.1743, 0.1305, 0.0889, 0.0985, 0.0944, 0.0111, 0.0223]",0.1743268221616745,2024-09-18-18-13-42/SITE561_ORNT145_VIS1-75mi.png
0,0,"[0.1985, 0.1785, 0.1494, 0.1349, 0.1060, 0.0738, 0.0581, 0.0654, 0.0143, 0.0210]",0.19854894280433655,2024-07-28-11-17-19/SITE13_ORNT240_VIS1-25mi.png
9,0,"[0.0187, 0.0189, 0.0447, 0.0601, 0.0703, 0.0744, 0.0775, 0.1604, 0.0297, 0.4454]",0.4453878700733185,2025-03-15-15-41-34/SITE205_ORNT305_VIS1-75mi.png
0,0,"[0.2327, 0.2070, 0.1521, 0.1478, 0.0980, 0.0562, 0.0425, 0.0473, 0.0084, 0.0080]",0.23270969092845917,2025-04-07-16-10-10/SITE75_ORNT270_VIS1mi.png
0,0,"[0.2007, 0.1914, 0.1426, 0.1808, 0.1070, 0.0602, 0.0508, 0.0533, 0.0069, 0.0063]",0.20072726905345917,2024-08-19-10-27-18/SITE521_ORNT240_VIS1mi.png
0,0,"[0.1906, 0.1727, 0.1807, 0.0963, 0.1006, 0.1043, 0.0357, 0.0527, 0.0543, 0.0120]",0.19059477746486664,2025-03-04-14-20-15/SITE165_ORNT100_VIS1-25mi.png
1,0,"[0.1774, 0.1822, 0.1481, 0.1490, 0.1108, 0.0759, 0.0628, 0.0634, 0.0131, 0.0172]",0.18217740952968597,2024-07-02-16-22-41/SITE198_ORNT20_VIS1-75mi.png
0,0,"[0.2448, 0.1878, 0.1733, 0.1028, 0.0928, 0.0765, 0.0338, 0.0498, 0.0260, 0.0124]",0.24476243555545807,2025-02-01-12-44-07/SITE721_ORNT320_VIS1-25mi.png
0,0,"[0.3783, 0.2090, 0.1607, 0.0838, 0.0641, 0.0400, 0.0194, 0.0325, 0.0070, 0.0050]",0.3783331513404846,2025-04-16-13-54-24/SITE9_ORNT200_VIS1-75mi.png
0,0,"[0.4390, 0.2224, 0.1443, 0.0832, 0.0501, 0.0244, 0.0124, 0.0199, 0.0027, 0.0016]",0.4390260577201843,2025-02-04-15-47-48/SITE12_ORNT5_VIS1mi.png
6,0,"[0.0387, 0.0852, 0.0938, 0.1469, 0.1361, 0.1461, 0.1986, 0.1127, 0.0191, 0.0228]",0.19860266149044037,2024-08-29-17-58-30/SITE5_ORNT320_VIS1mi.png
8,0,"[0.0019, 0.0048, 0.0206, 0.0310, 0.0600, 0.1153, 0.1109, 0.1413, 0.3806, 0.1336]",0.3805980086326599,2024-07-01-19-28-49/SITE239_ORNT245_VIS1-5mi.png
0,0,"[0.2192, 0.1723, 0.1672, 0.0968, 0.0977, 0.0897, 0.0422, 0.0593, 0.0364, 0.0192]",0.21921929717063904,2025-01-31-13-49-43/SITE22_ORNT285_VIS1mi.png
0,0,"[0.4634, 0.2179, 0.1533, 0.0650, 0.0446, 0.0252, 0.0090, 0.0170, 0.0034, 0.0011]",0.4633719027042389,2025-03-31-15-41-11/SITE94_ORNT10_VIS1mi.png
0,0,"[0.1954, 0.1677, 0.1539, 0.1164, 0.1059, 0.0825, 0.0549, 0.0690, 0.0260, 0.0283]",0.19542112946510315,2024-07-05-10-36-13/SITE217_ORNT250_VIS1-5mi.png
0,0,"[0.2290, 0.2157, 0.1531, 0.1490, 0.0952, 0.0566, 0.0438, 0.0442, 0.0069, 0.0064]",0.22903001308441162,2024-07-28-13-48-26/SITE13_ORNT185_VIS1-25mi.png
3,0,"[0.0891, 0.1496, 0.1300, 0.1644, 0.1333, 0.1053, 0.1217, 0.0815, 0.0125, 0.0127]",0.16437694430351257,2024-05-28-11-05-32/SITE17_ORNT340_VIS1mi.png
0,0,"[0.3075, 0.2061, 0.1621, 0.1093, 0.0813, 0.0511, 0.0282, 0.0392, 0.0091, 0.0061]",0.30753132700920105,2024-06-17-19-22-23/SITE167_ORNT312_VIS1-25mi.png
0,0,"[0.1948, 0.1854, 0.1491, 0.1380, 0.1079, 0.0756, 0.0576, 0.0619, 0.0138, 0.0159]",0.19483962655067444,2024-05-07-15-42-07/SITE116_ORNT108_VIS1-25mi.png
1,0,"[0.1865, 0.2196, 0.1554, 0.1605, 0.1023, 0.0646, 0.0532, 0.0460, 0.0061, 0.0057]",0.21957942843437195,2024-07-07-11-04-33/SITE65_ORNT290_VIS1-75mi.png
0,0,"[0.3126, 0.2332, 0.1477, 0.1387, 0.0755, 0.0362, 0.0235, 0.0276, 0.0030, 0.0020]",0.3126417398452759,2025-04-07-16-10-10/SITE75_ORNT75_VIS1mi.png
1,0,"[0.1421, 0.1452, 0.1369, 0.1310, 0.1168, 0.0928, 0.0820, 0.0867, 0.0246, 0.0418]",0.14518466591835022,2025-02-05-13-59-56/SITE438_ORNT110_VIS1-5mi.png
0,0,"[0.2289, 0.2203, 0.1553, 0.1532, 0.0942, 0.0542, 0.0409, 0.0415, 0.0059, 0.0055]",0.22894829511642456,2024-06-14-11-11-00/SITE205_ORNT230_VIS1mi.png
0,0,"[0.2845, 0.2018, 0.1756, 0.0996, 0.0835, 0.0663, 0.0247, 0.0375, 0.0211, 0.0054]",0.2845098674297333,2025-01-17-15-10-02/SITE12_ORNT270_VIS1-25mi.png
3,0,"[0.1206, 0.1320, 0.1310, 0.1393, 0.1238, 0.0995, 0.0889, 0.0947, 0.0254, 0.0448]",0.1392686665058136,2024-06-09-10-51-06/SITE13_ORNT10_VIS1-5mi.png
1,0,"[0.1668, 0.1752, 0.1637, 0.1258, 0.1141, 0.0974, 0.0562, 0.0601, 0.0288, 0.0118]",0.17522425949573517,2025-04-02-15-05-32/SITE262_ORNT290_VIS1-5mi.png
0,0,"[0.3217, 0.2010, 0.1602, 0.0997, 0.0768, 0.0501, 0.0288, 0.0427, 0.0099, 0.0090]",0.3217334449291229,2025-03-18-13-52-55/SITE541_ORNT255_VIS1-75mi.png
0,0,"[0.1848, 0.1591, 0.1495, 0.1172, 0.1084, 0.0831, 0.0593, 0.0779, 0.0232, 0.0376]",0.18480363488197327,2025-02-04-15-47-48/SITE14_ORNT195_VIS1mi.png
9,0,"[0.0001, 0.0002, 0.0015, 0.0071, 0.0113, 0.0230, 0.0459, 0.1654, 0.0034, 0.7421]",0.7421402335166931,2024-07-22-20-17-56/SITE20_ORNT226_VIS1-5mi.png
0,1,"[0.2881, 0.2317, 0.1504, 0.1400, 0.0798, 0.0411, 0.0298, 0.0321, 0.0038, 0.0031]",0.28809258341789246,2024-09-08-13-07-06/SITE13_ORNT85_VIS2mi.png
7,1,"[0.0428, 0.0584, 0.0858, 0.1225, 0.1326, 0.1229, 0.1253, 0.1693, 0.0320, 0.1084]",0.1693144589662552,2024-10-11-15-41-13/SITE446_ORNT101_VIS2-5mi.png
1,1,"[0.1126, 0.1819, 0.1462, 0.1627, 0.1271, 0.0948, 0.0909, 0.0614, 0.0164, 0.0059]",0.18193422257900238,2024-10-07-14-17-08/SITE622_ORNT285_VIS2mi.png
0,1,"[0.1458, 0.1293, 0.1412, 0.1079, 0.1108, 0.1014, 0.0683, 0.0926, 0.0401, 0.0625]",0.1457878053188324,2024-05-30-17-47-26/SITE94_ORNT280_VIS2-5mi.png
1,1,"[0.1677, 0.1681, 0.1451, 0.1463, 0.1151, 0.0818, 0.0652, 0.0702, 0.0178, 0.0226]",0.16813267767429352,2025-03-31-15-41-11/SITE12_ORNT5_VIS2mi.png
2,1,"[0.0972, 0.1250, 0.1502, 0.1018, 0.1247, 0.1397, 0.0675, 0.0811, 0.0882, 0.0247]",0.1502336710691452,2025-02-12-14-37-35/SITE322_ORNT180_VIS2-25mi.png
6,1,"[0.0703, 0.0845, 0.1024, 0.1148, 0.1165, 0.1155, 0.1377, 0.1242, 0.0349, 0.0992]",0.13769511878490448,2024-10-07-14-17-08/SITE58_ORNT90_VIS2mi.png
0,1,"[0.2132, 0.1845, 0.1520, 0.1332, 0.1029, 0.0700, 0.0520, 0.0604, 0.0139, 0.0178]",0.2131500095129013,2025-04-22-15-39-35/SITE606_ORNT90_VIS2-5mi.png
1,1,"[0.1493, 0.2038, 0.1502, 0.1681, 0.1137, 0.0768, 0.0695, 0.0533, 0.0084, 0.0069]",0.20382273197174072,2024-09-08-13-07-06/SITE22_ORNT285_VIS2-5mi.png
5,1,"[0.0183, 0.0642, 0.0915, 0.1372, 0.1643, 0.1924, 0.1645, 0.1254, 0.0332, 0.0091]",0.19240859150886536,2024-05-31-11-53-14/SITE203_ORNT155_VIS2-5mi.png
9,1,"[0.0077, 0.0092, 0.0266, 0.0493, 0.0618, 0.0802, 0.1069, 0.1916, 0.0283, 0.4383]",0.438323974609375,2024-08-01-13-32-05/SITE575_ORNT85_VIS2-5mi.png
3,1,"[0.1300, 0.1232, 0.1164, 0.1690, 0.1203, 0.0714, 0.1015, 0.1174, 0.0099, 0.0407]",0.16901162266731262,2024-05-08-14-34-39/SITE735_ORNT75_VIS2mi.png
1,1,"[0.1728, 0.1872, 0.1505, 0.1509, 0.1119, 0.0768, 0.0620, 0.0607, 0.0132, 0.0141]",0.1871759593486786,2024-08-15-16-44-48/SITE435_ORNT15_VIS2mi.png
0,1,"[0.4078, 0.2089, 0.1582, 0.0778, 0.0583, 0.0365, 0.0147, 0.0275, 0.0065, 0.0037]",0.4078095555305481,2025-03-23-13-51-54/SITE229_ORNT18_VIS2-5mi.png
0,1,"[0.2096, 0.2054, 0.1551, 0.1464, 0.1018, 0.0646, 0.0496, 0.0496, 0.0096, 0.0084]",0.20957429707050323,2024-08-30-17-21-54/SITE417_ORNT315_VIS2mi.png
0,1,"[0.2999, 0.2041, 0.1620, 0.1076, 0.0820, 0.0537, 0.0304, 0.0420, 0.0103, 0.0078]",0.2998984158039093,2025-04-16-13-54-24/SITE684_ORNT179_VIS2-5mi.png
3,1,"[0.1001, 0.1387, 0.1372, 0.1668, 0.1400, 0.1043, 0.0864, 0.0841, 0.0250, 0.0173]",0.16679079830646515,2024-06-09-10-51-06/SITE581_ORNT250_VIS2-5mi.png
8,1,"[0.0411, 0.0567, 0.0990, 0.0849, 0.1146, 0.1524, 0.0683, 0.1000, 0.2396, 0.0433]",0.23961815237998962,2024-08-16-20-03-50/SITE522_ORNT90_VIS2mi.png
3,1,"[0.0946, 0.1730, 0.1418, 0.1776, 0.1404, 0.0980, 0.0868, 0.0709, 0.0109, 0.0061]",0.17762158811092377,2024-07-22-11-13-59/SITE98_ORNT135_VIS2mi.png
3,1,"[0.1317, 0.1696, 0.1439, 0.1757, 0.1354, 0.0857, 0.0678, 0.0673, 0.0173, 0.0056]",0.17572417855262756,2024-07-23-13-08-12/SITE327_ORNT45_VIS2mi.png
9,1,"[0.0291, 0.0319, 0.0598, 0.0860, 0.0969, 0.1038, 0.1223, 0.1792, 0.0341, 0.2570]",0.25698384642601013,2025-04-11-14-52-32/SITE96_ORNT45_VIS2mi.png
5,1,"[0.0666, 0.0838, 0.1061, 0.1134, 0.1247, 0.1278, 0.1207, 0.1223, 0.0493, 0.0853]",0.12778188288211823,2025-04-02-15-05-32/SITE786_ORNT40_VIS2mi.png
1,1,"[0.1647, 0.2150, 0.1564, 0.1678, 0.1112, 0.0698, 0.0564, 0.0470, 0.0072, 0.0045]",0.21498306095600128,2024-07-28-13-48-26/SITE244_ORNT50_VIS2mi.png
0,1,"[0.3443, 0.2177, 0.1666, 0.0954, 0.0699, 0.0443, 0.0204, 0.0306, 0.0072, 0.0036]",0.34428051114082336,2025-03-06-15-10-58/SITE216_ORNT55_VIS2mi.png
2,1,"[0.0819, 0.1142, 0.1426, 0.1154, 0.1319, 0.1415, 0.0843, 0.0870, 0.0776, 0.0236]",0.1425851583480835,2025-01-15-15-33-17/SITE483_ORNT95_VIS2mi.png
0,1,"[0.3462, 0.2570, 0.1317, 0.1414, 0.0614, 0.0231, 0.0179, 0.0193, 0.0011, 0.0009]",0.34615862369537354,2025-02-04-15-47-48/SITE871_ORNT170_VIS2mi.png
0,1,"[0.1764, 0.1621, 0.1516, 0.1297, 0.1151, 0.0900, 0.0559, 0.0716, 0.0275, 0.0201]",0.17638669908046722,2025-03-04-14-20-15/SITE606_ORNT270_VIS2mi.png
0,1,"[0.2002, 0.1811, 0.1477, 0.1467, 0.1068, 0.0683, 0.0555, 0.0649, 0.0113, 0.0174]",0.2001875936985016,2025-01-17-15-10-02/SITE852_ORNT135_VIS2mi.png
0,1,"[0.3152, 0.2221, 0.1518, 0.1244, 0.0750, 0.0400, 0.0280, 0.0341, 0.0049, 0.0044]",0.315214067697525,2024-10-11-15-41-13/SITE256_ORNT290_VIS2-5mi.png
3,1,"[0.0855, 0.1648, 0.1412, 0.1828, 0.1384, 0.1079, 0.0958, 0.0667, 0.0113, 0.0056]",0.18278028070926666,2024-10-11-15-41-13/SITE98_ORNT80_VIS2mi.png
9,1,"[0.0147, 0.0201, 0.0428, 0.0771, 0.0913, 0.1007, 0.1399, 0.2278, 0.0182, 0.2675]",0.26752352714538574,2025-02-10-14-47-56/SITE813_ORNT15_VIS2mi.png
0,1,"[0.4577, 0.2209, 0.1568, 0.0623, 0.0448, 0.0271, 0.0088, 0.0167, 0.0038, 0.0010]",0.45773613452911377,2025-02-04-15-47-48/SITE219_ORNT70_VIS2-5mi.png
0,1,"[0.2982, 0.1982, 0.1730, 0.0964, 0.0838, 0.0567, 0.0236, 0.0469, 0.0109, 0.0122]",0.2982040345668793,2024-05-03-12-14-06/SITE205_ORNT305_VIS2mi.png
2,1,"[0.1280, 0.1242, 0.1320, 0.1152, 0.1151, 0.1062, 0.0811, 0.0930, 0.0478, 0.0576]",0.13200518488883972,2025-02-15-16-53-20/SITE578_ORNT185_VIS2mi.png
2,1,"[0.1000, 0.1253, 0.1325, 0.1270, 0.1267, 0.1183, 0.0961, 0.0949, 0.0376, 0.0416]",0.13254770636558533,2025-01-31-13-49-43/SITE19_ORNT325_VIS2-5mi.png
9,1,"[0.0113, 0.0124, 0.0325, 0.0530, 0.0646, 0.0763, 0.0951, 0.1822, 0.0255, 0.4470]",0.4470330774784088,2024-06-06-10-38-22/SITE725_ORNT180_VIS2mi.png
0,1,"[0.3190, 0.2113, 0.1604, 0.1051, 0.0770, 0.0460, 0.0278, 0.0386, 0.0080, 0.0069]",0.3189888000488281,2025-02-27-11-22-46/SITE626_ORNT110_VIS2mi.png
1,1,"[0.1842, 0.1969, 0.1516, 0.1520, 0.1085, 0.0717, 0.0583, 0.0553, 0.0112, 0.0103]",0.19690492749214172,2024-04-30-13-21-52/SITE10_ORNT90_VIS2-5mi.png
0,1,"[0.4140, 0.2113, 0.1482, 0.0856, 0.0571, 0.0316, 0.0168, 0.0277, 0.0041, 0.0036]",0.41402456164360046,2025-01-31-13-49-43/SITE230_ORNT280_VIS2mi.png
1,1,"[0.1523, 0.2461, 0.1575, 0.1871, 0.1108, 0.0634, 0.0419, 0.0379, 0.0017, 0.0012]",0.24610167741775513,2024-08-15-16-44-48/SITE22_ORNT0_VIS2-5mi.png
0,1,"[0.3852, 0.2256, 0.1574, 0.0898, 0.0610, 0.0346, 0.0153, 0.0239, 0.0053, 0.0020]",0.3852164149284363,2025-03-26-12-24-08/SITE366_ORNT300_VIS2mi.png
0,1,"[0.3163, 0.2042, 0.1701, 0.0939, 0.0778, 0.0555, 0.0244, 0.0383, 0.0136, 0.0060]",0.3163171410560608,2024-05-09-16-15-37/SITE58_ORNT245_VIS2-5mi.png
0,1,"[0.2223, 0.2083, 0.1546, 0.1437, 0.0981, 0.0624, 0.0464, 0.0482, 0.0082, 0.0078]",0.22229376435279846,2024-07-14-10-21-23/SITE421_ORNT110_VIS2-5mi.png
0,1,"[0.2247, 0.2214, 0.1561, 0.1505, 0.0942, 0.0566, 0.0436, 0.0411, 0.0069, 0.0049]",0.22469724714756012,2024-07-22-11-13-59/SITE179_ORNT230_VIS2mi.png
3,1,"[0.1183, 0.1468, 0.1379, 0.1577, 0.1325, 0.0954, 0.0811, 0.0864, 0.0201, 0.0239]",0.15771546959877014,2024-07-14-16-38-50/SITE420_ORNT275_VIS2-5mi.png
6,1,"[0.0220, 0.0441, 0.0751, 0.1257, 0.1297, 0.1400, 0.2093, 0.1588, 0.0368, 0.0586]",0.20932985842227936,2024-07-05-14-33-31/SITE217_ORNT150_VIS2mi.png
9,1,"[0.0386, 0.0406, 0.0689, 0.0832, 0.0944, 0.1055, 0.1202, 0.1470, 0.0503, 0.2514]",0.2513503134250641,2024-10-07-12-00-07/SITE629_ORNT125_VIS2-5mi.png
1,1,"[0.1287, 0.1749, 0.1472, 0.1645, 0.1281, 0.0894, 0.0735, 0.0668, 0.0164, 0.0104]",0.1748799830675125,2024-09-19-14-23-02/SITE262_ORNT124_VIS2mi.png
0,1,"[0.2119, 0.1830, 0.1756, 0.1107, 0.1025, 0.0890, 0.0366, 0.0511, 0.0309, 0.0088]",0.21185651421546936,2024-05-23-15-19-49/SITE36_ORNT350_VIS2mi.png
0,1,"[0.3406, 0.2063, 0.1732, 0.0850, 0.0713, 0.0526, 0.0201, 0.0330, 0.0135, 0.0043]",0.3406446874141693,2025-03-23-13-51-54/SITE230_ORNT214_VIS2-5mi.png
3,1,"[0.0851, 0.1193, 0.1205, 0.1639, 0.1391, 0.1037, 0.1118, 0.1073, 0.0158, 0.0336]",0.16387544572353363,2024-06-09-10-51-06/SITE581_ORNT350_VIS2-5mi.png
0,1,"[0.1909, 0.1838, 0.1471, 0.1399, 0.1083, 0.0747, 0.0603, 0.0636, 0.0140, 0.0174]",0.19090595841407776,2024-08-02-10-36-13/SITE29_ORNT200_VIS2-5mi.png
1,1,"[0.1392, 0.1472, 0.1441, 0.1377, 0.1141, 0.0997, 0.0843, 0.0789, 0.0256, 0.0292]",0.14723649621009827,2025-01-15-15-33-17/SITE129_ORNT356_VIS2mi.png
9,1,"[0.0164, 0.0183, 0.0414, 0.0625, 0.0738, 0.0904, 0.1236, 0.1819, 0.0216, 0.3701]",0.3701134920120239,2025-02-12-14-37-35/SITE259_ORNT205_VIS2mi.png
1,1,"[0.1854, 0.1995, 0.1389, 0.1854, 0.1119, 0.0571, 0.0555, 0.0548, 0.0061, 0.0056]",0.19947829842567444,2024-08-15-16-44-48/SITE53_ORNT223_VIS2mi.png
1,1,"[0.2503, 0.2624, 0.1390, 0.1748, 0.0808, 0.0350, 0.0288, 0.0263, 0.0014, 0.0011]",0.2624324560165405,2024-07-05-14-33-31/SITE116_ORNT277_VIS2-5mi.png
1,1,"[0.1344, 0.1665, 0.1466, 0.1508, 0.1255, 0.0917, 0.0759, 0.0748, 0.0159, 0.0179]",0.1665268838405609,2024-06-10-18-34-10/SITE104_ORNT325_VIS2mi.png
0,1,"[0.2251, 0.2177, 0.1535, 0.1514, 0.0955, 0.0564, 0.0444, 0.0436, 0.0064, 0.0061]",0.22505782544612885,2024-08-31-14-30-34/SITE179_ORNT36_VIS2mi.png
0,1,"[0.4790, 0.2189, 0.1463, 0.0637, 0.0418, 0.0228, 0.0084, 0.0155, 0.0027, 0.0009]",0.47896504402160645,2025-02-01-17-30-02/SITE212_ORNT170_VIS2-5mi.png
1,1,"[0.2006, 0.2385, 0.1559, 0.1646, 0.0963, 0.0561, 0.0444, 0.0370, 0.0041, 0.0026]",0.23850029706954956,2024-07-27-10-27-08/SITE132_ORNT141_VIS2mi.png
8,1,"[0.0005, 0.0025, 0.0124, 0.0075, 0.0243, 0.0996, 0.0338, 0.0386, 0.7550, 0.0258]",0.7549790143966675,2025-02-17-14-46-26/SITE355_ORNT70_VIS2-25mi.png
0,1,"[0.1819, 0.1533, 0.1615, 0.0943, 0.1014, 0.0967, 0.0483, 0.0700, 0.0556, 0.0368]",0.18190203607082367,2025-03-15-15-41-34/SITE471_ORNT0_VIS2-5mi.png
0,1,"[0.2320, 0.1845, 0.1534, 0.1242, 0.1001, 0.0678, 0.0474, 0.0587, 0.0148, 0.0171]",0.23200437426567078,2024-07-22-11-13-59/SITE179_ORNT185_VIS2mi.png
0,1,"[0.2670, 0.1842, 0.1662, 0.0996, 0.0892, 0.0709, 0.0349, 0.0522, 0.0219, 0.0138]",0.2670082151889801,2025-01-23-15-05-27/SITE422_ORNT300_VIS2-5mi.png
6,1,"[0.0395, 0.0590, 0.0843, 0.1015, 0.1171, 0.1399, 0.1711, 0.1389, 0.0426, 0.1061]",0.17111627757549286,2025-01-23-15-05-27/SITE98_ORNT80_VIS2mi.png
2,1,"[0.1159, 0.1253, 0.1537, 0.0945, 0.1144, 0.1257, 0.0582, 0.0816, 0.0904, 0.0402]",0.15372022986412048,2025-04-10-17-56-44/SITE198_ORNT80_VIS2-5mi.png
0,1,"[0.3879, 0.2150, 0.1513, 0.0909, 0.0618, 0.0339, 0.0198, 0.0301, 0.0049, 0.0042]",0.3879375755786896,2024-05-08-14-34-39/SITE48_ORNT115_VIS2-5mi.png
3,1,"[0.1030, 0.1279, 0.1269, 0.1501, 0.1327, 0.1023, 0.0969, 0.1002, 0.0214, 0.0386]",0.1500704139471054,2024-12-10-14-08-09/SITE719_ORNT300_VIS2-5mi.png
1,1,"[0.1398, 0.1763, 0.1531, 0.1491, 0.1242, 0.0940, 0.0687, 0.0678, 0.0140, 0.0129]",0.1762894243001938,2024-07-02-10-19-43/SITE747_ORNT255_VIS2-5mi.png
3,1,"[0.0975, 0.1017, 0.1162, 0.1259, 0.1207, 0.1036, 0.0991, 0.1154, 0.0303, 0.0897]",0.1258964091539383,2025-03-02-13-12-40/SITE171_ORNT315_VIS2mi.png
3,1,"[0.1133, 0.1927, 0.1391, 0.1955, 0.1323, 0.0782, 0.0759, 0.0624, 0.0058, 0.0046]",0.19552136957645416,2024-06-07-15-28-05/SITE620_ORNT225_VIS2mi.png
0,1,"[0.3233, 0.2143, 0.1516, 0.1128, 0.0762, 0.0422, 0.0285, 0.0386, 0.0058, 0.0066]",0.32333478331565857,2025-04-01-16-59-16/SITE6_ORNT355_VIS2mi.png
3,1,"[0.0694, 0.1143, 0.1212, 0.1709, 0.1522, 0.1126, 0.1063, 0.1087, 0.0196, 0.0249]",0.17085297405719757,2024-06-06-10-38-22/SITE58_ORNT245_VIS2-5mi.png
0,1,"[0.3079, 0.2337, 0.1526, 0.1353, 0.0751, 0.0370, 0.0238, 0.0290, 0.0030, 0.0025]",0.3079337477684021,2024-05-23-15-19-49/SITE203_ORNT335_VIS2mi.png
1,1,"[0.1760, 0.2074, 0.1542, 0.1614, 0.1092, 0.0698, 0.0573, 0.0494, 0.0092, 0.0061]",0.20741088688373566,2024-05-23-15-19-49/SITE41_ORNT170_VIS2-5mi.png
6,1,"[0.0258, 0.0436, 0.0665, 0.0996, 0.1125, 0.1391, 0.2042, 0.1735, 0.0190, 0.1162]",0.20424123108386993,2024-09-19-14-23-02/SITE13_ORNT10_VIS2mi.png
0,1,"[0.2019, 0.1984, 0.1622, 0.1417, 0.1074, 0.0734, 0.0447, 0.0499, 0.0131, 0.0072]",0.20190110802650452,2024-07-28-11-17-19/SITE117_ORNT320_VIS2mi.png
0,1,"[0.1940, 0.1838, 0.1480, 0.1420, 0.1073, 0.0715, 0.0596, 0.0635, 0.0126, 0.0177]",0.19398938119411469,2024-09-20-16-20-08/SITE14_ORNT195_VIS2mi.png
3,1,"[0.1274, 0.1582, 0.1387, 0.1589, 0.1302, 0.0943, 0.0782, 0.0791, 0.0183, 0.0166]",0.15890440344810486,2024-05-30-17-47-26/SITE25_ORNT30_VIS2mi.png
1,1,"[0.1952, 0.1990, 0.1423, 0.1676, 0.1073, 0.0612, 0.0554, 0.0564, 0.0067, 0.0090]",0.1989501267671585,2024-05-23-15-19-49/SITE203_ORNT70_VIS2mi.png
6,1,"[0.0423, 0.0665, 0.0863, 0.1265, 0.1311, 0.1306, 0.1661, 0.1599, 0.0186, 0.0722]",0.1660570204257965,2024-06-14-14-13-33/SITE240_ORNT286_VIS2mi.png
3,1,"[0.0762, 0.1867, 0.1375, 0.2003, 0.1347, 0.0972, 0.1045, 0.0548, 0.0059, 0.0022]",0.2003006637096405,2024-07-14-16-38-50/SITE178_ORNT300_VIS2mi.png
1,1,"[0.1107, 0.1657, 0.1432, 0.1592, 0.1329, 0.1035, 0.0841, 0.0746, 0.0154, 0.0108]",0.16570134460926056,2025-01-28-16-10-28/SITE229_ORNT202_VIS2mi.png
1,1,"[0.1708, 0.1900, 0.1545, 0.1491, 0.1127, 0.0794, 0.0601, 0.0577, 0.0146, 0.0111]",0.18998956680297852,2024-08-15-16-44-48/SITE437_ORNT340_VIS2-5mi.png
0,1,"[0.1982, 0.1813, 0.1501, 0.1330, 0.1057, 0.0734, 0.0573, 0.0648, 0.0154, 0.0209]",0.19824980199337006,2025-03-01-18-07-41/SITE86_ORNT321_VIS2-5mi.png
0,1,"[0.2567, 0.1920, 0.1670, 0.1058, 0.0922, 0.0695, 0.0353, 0.0500, 0.0196, 0.0118]",0.25667595863342285,2025-02-04-15-47-48/SITE219_ORNT160_VIS2-5mi.png
0,1,"[0.1755, 0.1715, 0.1461, 0.1335, 0.1103, 0.0831, 0.0679, 0.0688, 0.0203, 0.0231]",0.17548395693302155,2024-12-29-16-00-12/SITE561_ORNT60_VIS2-5mi.png
1,1,"[0.2109, 0.2207, 0.1507, 0.1592, 0.0976, 0.0569, 0.0478, 0.0447, 0.0053, 0.0061]",0.2206636518239975,2024-07-14-10-21-23/SITE7_ORNT312_VIS2mi.png
3,1,"[0.1102, 0.1340, 0.1339, 0.1408, 0.1282, 0.1055, 0.0911, 0.0904, 0.0300, 0.0360]",0.14082352817058563,2024-10-11-15-41-13/SITE40_ORNT295_VIS2-5mi.png
1,1,"[0.1408, 0.1829, 0.1467, 0.1549, 0.1180, 0.0873, 0.0803, 0.0641, 0.0133, 0.0116]",0.18292354047298431,2024-07-22-11-13-59/SITE98_ORNT245_VIS2mi.png
1,1,"[0.1482, 0.1872, 0.1497, 0.1533, 0.1159, 0.0863, 0.0729, 0.0642, 0.0108, 0.0115]",0.18715190887451172,2025-03-01-18-07-41/SITE106_ORNT12_VIS2-5mi.png
0,1,"[0.2985, 0.2463, 0.1440, 0.1458, 0.0741, 0.0345, 0.0261, 0.0267, 0.0022, 0.0018]",0.2984555661678314,2024-07-27-10-27-08/SITE132_ORNT305_VIS2mi.png
1,1,"[0.1278, 0.1822, 0.1438, 0.1679, 0.1232, 0.0874, 0.0813, 0.0638, 0.0124, 0.0103]",0.18217501044273376,2025-03-01-18-07-41/SITE86_ORNT75_VIS2-5mi.png
0,1,"[0.2505, 0.2338, 0.1535, 0.1491, 0.0861, 0.0476, 0.0363, 0.0356, 0.0040, 0.0035]",0.2504897713661194,2024-07-05-10-36-13/SITE48_ORNT275_VIS2mi.png
1,1,"[0.1198, 0.1832, 0.1446, 0.1709, 0.1251, 0.0901, 0.0833, 0.0636, 0.0107, 0.0087]",0.18321163952350616,2024-08-02-13-37-25/SITE26_ORNT85_VIS2mi.png
0,1,"[0.1758, 0.1568, 0.1427, 0.1278, 0.1120, 0.0858, 0.0647, 0.0753, 0.0277, 0.0313]",0.17580363154411316,2024-12-23-15-38-40/SITE719_ORNT180_VIS2-5mi.png
1,1,"[0.1658, 0.1793, 0.1483, 0.1484, 0.1131, 0.0809, 0.0665, 0.0650, 0.0156, 0.0171]",0.1792614758014679,2024-07-28-19-40-21/SITE15_ORNT170_VIS2-5mi.png
0,1,"[0.6126, 0.2108, 0.0987, 0.0480, 0.0187, 0.0055, 0.0018, 0.0036, 0.0002, 0.0000]",0.6125531792640686,4-9-24-5-23-PM/SITE245_ORNT11_VIS2mi.png
0,1,"[0.2541, 0.2066, 0.1634, 0.1310, 0.0919, 0.0583, 0.0340, 0.0439, 0.0092, 0.0076]",0.25412771105766296,2025-03-31-15-41-11/SITE194_ORNT194_VIS2-5mi.png
1,1,"[0.1863, 0.1968, 0.1534, 0.1509, 0.1079, 0.0720, 0.0563, 0.0548, 0.0113, 0.0103]",0.19680511951446533,2024-06-13-13-46-47/SITE435_ORNT15_VIS2mi.png
1,1,"[0.1435, 0.1519, 0.1448, 0.1276, 0.1206, 0.0991, 0.0713, 0.0794, 0.0325, 0.0294]",0.15189993381500244,2025-02-04-15-47-48/SITE219_ORNT264_VIS2-5mi.png
0,1,"[0.1899, 0.1663, 0.1556, 0.1246, 0.1113, 0.0899, 0.0470, 0.0612, 0.0392, 0.0151]",0.1898701936006546,2025-02-10-14-47-56/SITE471_ORNT90_VIS2-25mi.png
9,1,"[0.0548, 0.0618, 0.0922, 0.1005, 0.1124, 0.1145, 0.1107, 0.1345, 0.0495, 0.1691]",0.1691432148218155,2025-02-05-13-59-56/SITE59_ORNT100_VIS2mi.png
0,1,"[0.2489, 0.1923, 0.1684, 0.1130, 0.0953, 0.0720, 0.0322, 0.0470, 0.0221, 0.0088]",0.2489366978406906,2025-02-04-15-47-48/SITE33_ORNT280_VIS2mi.png
0,1,"[0.2309, 0.2286, 0.1588, 0.1505, 0.0912, 0.0542, 0.0384, 0.0382, 0.0051, 0.0041]",0.2308523952960968,2024-07-18-14-04-18/SITE73_ORNT335_VIS2mi.png
1,1,"[0.1516, 0.1577, 0.1456, 0.1319, 0.1166, 0.0936, 0.0725, 0.0746, 0.0274, 0.0287]",0.1576634794473648,2025-02-17-14-46-26/SITE244_ORNT3_VIS2mi.png
1,1,"[0.1640, 0.1664, 0.1616, 0.1239, 0.1171, 0.1007, 0.0535, 0.0653, 0.0329, 0.0146]",0.16637901961803436,2025-02-05-13-59-56/SITE230_ORNT214_VIS2-5mi.png
8,1,"[0.0264, 0.0427, 0.0770, 0.0542, 0.0886, 0.1509, 0.0886, 0.0899, 0.3128, 0.0688]",0.31284573674201965,2024-06-07-11-09-12/SITE508_ORNT135_VIS2-5mi.png
0,1,"[0.3529, 0.2080, 0.1631, 0.0884, 0.0690, 0.0463, 0.0220, 0.0346, 0.0103, 0.0053]",0.35286745429039,2024-12-16-12-39-30/SITE521_ORNT150_VIS2mi.png
3,1,"[0.0713, 0.1088, 0.1121, 0.1524, 0.1321, 0.1112, 0.1490, 0.1127, 0.0175, 0.0329]",0.15236897766590118,2024-09-02-17-43-28/SITE167_ORNT60_VIS2-5mi.png
1,1,"[0.2043, 0.2182, 0.1544, 0.1534, 0.0999, 0.0618, 0.0504, 0.0452, 0.0070, 0.0055]",0.2182081937789917,2024-07-04-10-22-12/SITE437_ORNT260_VIS2mi.png
3,1,"[0.1024, 0.1928, 0.1389, 0.1963, 0.1355, 0.0833, 0.0795, 0.0621, 0.0055, 0.0037]",0.1963205486536026,2024-09-27-16-12-40/SITE42_ORNT205_VIS2-5mi.png
0,1,"[0.2230, 0.1803, 0.1545, 0.1258, 0.1040, 0.0746, 0.0430, 0.0557, 0.0261, 0.0130]",0.22302675247192383,2025-01-26-13-23-03/SITE471_ORNT90_VIS2-5mi.png
3,1,"[0.0670, 0.0973, 0.1115, 0.1440, 0.1403, 0.1182, 0.1164, 0.1273, 0.0269, 0.0510]",0.14400358498096466,2024-05-23-15-19-49/SITE203_ORNT220_VIS2mi.png
8,1,"[0.0071, 0.0208, 0.0518, 0.0476, 0.0929, 0.1983, 0.1336, 0.1145, 0.2842, 0.0491]",0.2841866612434387,2024-07-29-17-46-25/SITE426_ORNT250_VIS2-25mi.png
7,1,"[0.0430, 0.0647, 0.0921, 0.1164, 0.1307, 0.1345, 0.1373, 0.1504, 0.0327, 0.0983]",0.1503594070672989,2024-05-23-15-19-49/SITE104_ORNT325_VIS2mi.png
2,1,"[0.1169, 0.1472, 0.1504, 0.1307, 0.1192, 0.1129, 0.0839, 0.0748, 0.0368, 0.0273]",0.15038394927978516,2024-06-14-14-13-33/SITE179_ORNT230_VIS2mi.png
0,1,"[0.2822, 0.1961, 0.1543, 0.1114, 0.0863, 0.0562, 0.0379, 0.0504, 0.0120, 0.0131]",0.2822275161743164,2025-04-02-15-05-32/SITE169_ORNT57_VIS2mi.png
4,1,"[0.0763, 0.0894, 0.1179, 0.1220, 0.1304, 0.1221, 0.0910, 0.1164, 0.0667, 0.0678]",0.1303667426109314,2025-01-31-13-49-43/SITE18_ORNT290_VIS2-5mi.png
0,1,"[0.3459, 0.2059, 0.1585, 0.0957, 0.0711, 0.0451, 0.0246, 0.0373, 0.0093, 0.0066]",0.34587228298187256,2025-02-05-13-59-56/SITE43_ORNT190_VIS2mi.png
9,1,"[0.0003, 0.0005, 0.0037, 0.0088, 0.0145, 0.0291, 0.0421, 0.1117, 0.0238, 0.7654]",0.765448808670044,2024-09-19-14-23-02/SITE575_ORNT85_VIS2-5mi.png
0,1,"[0.5153, 0.2153, 0.1482, 0.0514, 0.0336, 0.0190, 0.0045, 0.0104, 0.0021, 0.0004]",0.5153289437294006,2025-03-01-18-07-41/SITE207_ORNT235_VIS2mi.png
8,1,"[0.0475, 0.0818, 0.1206, 0.0794, 0.1159, 0.1708, 0.0824, 0.0851, 0.1879, 0.0285]",0.1879018098115921,2025-02-19-12-18-05/SITE424_ORNT0_VIS2mi.png
1,1,"[0.1142, 0.1613, 0.1567, 0.1361, 0.1335, 0.1160, 0.0720, 0.0700, 0.0298, 0.0104]",0.16128486394882202,2025-02-01-17-30-02/SITE328_ORNT0_VIS2mi.png
0,1,"[0.2576, 0.2019, 0.1787, 0.1053, 0.0904, 0.0740, 0.0258, 0.0389, 0.0235, 0.0039]",0.2575627863407135,2025-02-14-15-24-27/SITE394_ORNT0_VIS2-25mi.png
0,1,"[0.3519, 0.2175, 0.1556, 0.1017, 0.0715, 0.0418, 0.0203, 0.0300, 0.0068, 0.0029]",0.35187792778015137,2025-01-28-16-10-28/SITE78_ORNT322_VIS2-5mi.png
0,1,"[0.2008, 0.1687, 0.1497, 0.1172, 0.1045, 0.0800, 0.0563, 0.0692, 0.0244, 0.0291]",0.2008286565542221,2025-01-22-12-38-15/SITE801_ORNT155_VIS2mi.png
3,1,"[0.0633, 0.0852, 0.1023, 0.1364, 0.1303, 0.1215, 0.1353, 0.1341, 0.0193, 0.0724]",0.13644233345985413,2025-02-11-14-30-47/SITE568_ORNT349_VIS2mi.png
1,1,"[0.1509, 0.2151, 0.1531, 0.1779, 0.1233, 0.0742, 0.0506, 0.0442, 0.0092, 0.0016]",0.21505722403526306,2024-06-05-18-49-24/SITE464_ORNT90_VIS2-25mi.png
1,1,"[0.1778, 0.2047, 0.1539, 0.1600, 0.1103, 0.0707, 0.0549, 0.0516, 0.0089, 0.0073]",0.20467232167720795,2024-12-17-16-15-56/SITE41_ORNT235_VIS2mi.png
6,1,"[0.0082, 0.0341, 0.0490, 0.0947, 0.1130, 0.1780, 0.3440, 0.1469, 0.0133, 0.0188]",0.3439658284187317,2024-08-11-09-28-59/SITE411_ORNT75_VIS2-5mi.png
0,1,"[0.2517, 0.1960, 0.1515, 0.1409, 0.0957, 0.0524, 0.0391, 0.0527, 0.0085, 0.0115]",0.25174573063850403,2025-02-16-12-49-10/SITE626_ORNT195_VIS2mi.png
4,1,"[0.0577, 0.0898, 0.1084, 0.1423, 0.1450, 0.1257, 0.1275, 0.1307, 0.0326, 0.0402]",0.1450207531452179,2024-05-30-17-47-26/SITE25_ORNT320_VIS2mi.png
9,1,"[0.0521, 0.0609, 0.0864, 0.1006, 0.1122, 0.1174, 0.1258, 0.1405, 0.0469, 0.1572]",0.1571996510028839,2025-02-05-13-59-56/SITE59_ORNT10_VIS2mi.png
1,1,"[0.1340, 0.1544, 0.1361, 0.1537, 0.1202, 0.0906, 0.0923, 0.0778, 0.0173, 0.0236]",0.15438038110733032,2024-07-05-10-36-13/SITE229_ORNT80_VIS2-5mi.png
3,1,"[0.0881, 0.1142, 0.1210, 0.1432, 0.1310, 0.1087, 0.1104, 0.1075, 0.0253, 0.0506]",0.14323937892913818,2024-06-01-16-58-02/SITE417_ORNT220_VIS2-5mi.png
1,1,"[0.1329, 0.1700, 0.1498, 0.1464, 0.1253, 0.0966, 0.0751, 0.0690, 0.0212, 0.0137]",0.17000825703144073,2025-03-01-18-07-41/SITE212_ORNT80_VIS2mi.png
2,1,"[0.2036, 0.1812, 0.2192, 0.0570, 0.0767, 0.1217, 0.0184, 0.0335, 0.0846, 0.0042]",0.21924327313899994,2025-03-06-15-10-58/SITE485_ORNT290_VIS2mi.png
0,1,"[0.4360, 0.2231, 0.1522, 0.0775, 0.0497, 0.0260, 0.0116, 0.0195, 0.0027, 0.0015]",0.436023086309433,4-9-24-5-23-PM/SITE100_ORNT210_VIS2mi.png
0,1,"[0.2502, 0.2004, 0.1565, 0.1294, 0.0928, 0.0606, 0.0411, 0.0496, 0.0091, 0.0102]",0.25024184584617615,2024-06-17-10-37-40/SITE564_ORNT18_VIS2-5mi.png
5,1,"[0.0425, 0.0916, 0.1244, 0.1004, 0.1329, 0.2001, 0.1023, 0.0850, 0.1071, 0.0136]",0.20013108849525452,2024-07-22-11-13-59/SITE330_ORNT20_VIS2-5mi.png
3,1,"[0.0571, 0.1405, 0.1303, 0.1914, 0.1669, 0.1155, 0.0981, 0.0870, 0.0086, 0.0046]",0.19141481816768646,2024-07-05-10-36-13/SITE219_ORNT344_VIS2-5mi.png
0,1,"[0.2432, 0.1746, 0.1507, 0.1102, 0.0947, 0.0672, 0.0474, 0.0651, 0.0194, 0.0274]",0.24322490394115448,2025-01-22-12-38-15/SITE801_ORNT255_VIS2mi.png
1,1,"[0.1780, 0.2256, 0.1556, 0.1690, 0.1043, 0.0632, 0.0524, 0.0426, 0.0054, 0.0039]",0.2256031185388565,2024-09-08-16-00-24/SITE26_ORNT310_VIS2mi.png
8,1,"[0.0098, 0.0189, 0.0489, 0.0341, 0.0671, 0.1347, 0.0598, 0.0833, 0.4624, 0.0810]",0.46244296431541443,2024-07-18-11-32-15/SITE508_ORNT225_VIS2-5mi.png
1,1,"[0.1763, 0.3300, 0.1411, 0.2090, 0.0747, 0.0285, 0.0249, 0.0151, 0.0003, 0.0001]",0.3300175964832306,2024-07-25-10-00-39/SITE616_ORNT0_VIS2mi.png
0,1,"[0.4029, 0.2119, 0.1586, 0.0805, 0.0579, 0.0358, 0.0161, 0.0273, 0.0059, 0.0032]",0.40286892652511597,2025-03-31-13-29-12/SITE383_ORNT215_VIS2-25mi.png
0,1,"[0.2950, 0.2390, 0.1363, 0.1542, 0.0762, 0.0320, 0.0297, 0.0324, 0.0021, 0.0031]",0.29503121972084045,2024-04-25-17-48-06/SITE115_ORNT287_VIS2mi.png
6,1,"[0.0407, 0.0811, 0.0976, 0.1318, 0.1291, 0.1491, 0.1962, 0.1160, 0.0247, 0.0337]",0.1962413340806961,2024-07-02-10-19-43/SITE747_ORNT0_VIS2-5mi.png
8,1,"[0.0172, 0.0368, 0.0709, 0.0649, 0.1065, 0.1702, 0.1083, 0.1159, 0.2536, 0.0558]",0.2536361813545227,2024-06-29-10-50-12/SITE380_ORNT55_VIS2mi.png
0,1,"[0.2888, 0.1991, 0.1680, 0.1005, 0.0841, 0.0613, 0.0296, 0.0437, 0.0164, 0.0085]",0.28881970047950745,2025-02-04-15-47-48/SITE33_ORNT215_VIS2mi.png
0,1,"[0.2027, 0.1975, 0.1502, 0.1494, 0.1050, 0.0675, 0.0524, 0.0540, 0.0106, 0.0105]",0.20270897448062897,2024-07-25-18-03-52/SITE53_ORNT15_VIS2mi.png
1,1,"[0.1429, 0.1857, 0.1427, 0.1793, 0.1274, 0.0764, 0.0644, 0.0647, 0.0089, 0.0076]",0.18565833568572998,2024-05-08-14-34-39/SITE11_ORNT308_VIS2mi.png
0,1,"[0.2965, 0.1955, 0.1637, 0.1011, 0.0824, 0.0579, 0.0314, 0.0465, 0.0142, 0.0108]",0.2965192198753357,2025-04-22-15-39-35/SITE36_ORNT165_VIS2-5mi.png
1,1,"[0.1640, 0.1844, 0.1531, 0.1461, 0.1164, 0.0827, 0.0626, 0.0619, 0.0152, 0.0137]",0.1844359189271927,2025-02-11-14-30-47/SITE80_ORNT192_VIS2-5mi.png
9,1,"[0.0209, 0.0220, 0.0468, 0.0701, 0.0790, 0.0893, 0.1133, 0.1771, 0.0221, 0.3593]",0.35933220386505127,2025-03-28-10-38-15/SITE33_ORNT215_VIS2-5mi.png
0,1,"[0.2135, 0.1948, 0.1484, 0.1443, 0.1014, 0.0655, 0.0538, 0.0539, 0.0133, 0.0111]",0.21349339187145233,2025-02-01-12-44-07/SITE522_ORNT270_VIS2mi.png
1,1,"[0.1456, 0.1767, 0.1473, 0.1554, 0.1182, 0.0861, 0.0736, 0.0678, 0.0142, 0.0152]",0.17669114470481873,2024-08-19-19-34-52/SITE253_ORNT195_VIS2mi.png
0,1,"[0.3630, 0.2253, 0.1621, 0.0935, 0.0669, 0.0414, 0.0155, 0.0243, 0.0067, 0.0014]",0.3629928529262543,2025-01-31-13-49-43/SITE30_ORNT345_VIS2mi.png
0,1,"[0.3435, 0.2149, 0.1573, 0.1044, 0.0722, 0.0413, 0.0229, 0.0328, 0.0065, 0.0042]",0.34351301193237305,2025-04-01-16-59-16/SITE421_ORNT240_VIS2mi.png
8,1,"[0.0420, 0.0679, 0.1043, 0.0869, 0.1198, 0.1575, 0.0921, 0.1041, 0.1715, 0.0537]",0.17147240042686462,2024-07-18-14-04-18/SITE397_ORNT345_VIS2-25mi.png
0,1,"[0.1971, 0.1735, 0.1459, 0.1335, 0.1061, 0.0733, 0.0597, 0.0700, 0.0148, 0.0261]",0.19708707928657532,2024-05-30-17-47-26/SITE94_ORNT10_VIS2-5mi.png
1,1,"[0.1503, 0.1741, 0.1528, 0.1574, 0.1249, 0.0903, 0.0577, 0.0643, 0.0183, 0.0098]",0.17409896850585938,2024-07-25-10-00-39/SITE533_ORNT325_VIS2mi.png
8,1,"[0.0434, 0.0735, 0.1205, 0.0664, 0.1040, 0.1764, 0.0652, 0.0741, 0.2504, 0.0260]",0.25042861700057983,2025-03-20-11-55-50/SITE477_ORNT50_VIS2-25mi.png
1,1,"[0.1139, 0.1468, 0.1394, 0.1443, 0.1272, 0.1039, 0.0903, 0.0812, 0.0281, 0.0248]",0.14680838584899902,2024-08-30-10-00-55/SITE161_ORNT316_VIS2-5mi.png
1,1,"[0.1752, 0.1921, 0.1493, 0.1551, 0.1112, 0.0752, 0.0609, 0.0580, 0.0117, 0.0111]",0.1921262890100479,2025-02-11-14-30-47/SITE417_ORNT140_VIS2-5mi.png
0,1,"[0.2973, 0.1986, 0.1961, 0.0693, 0.0719, 0.0793, 0.0181, 0.0325, 0.0326, 0.0042]",0.2973332405090332,2025-03-01-18-07-41/SITE207_ORNT120_VIS2mi.png
0,1,"[0.4063, 0.2326, 0.1559, 0.0892, 0.0542, 0.0280, 0.0112, 0.0184, 0.0031, 0.0011]",0.40625521540641785,2025-04-11-14-52-32/SITE96_ORNT233_VIS2mi.png
1,1,"[0.1906, 0.1974, 0.1525, 0.1495, 0.1060, 0.0710, 0.0562, 0.0549, 0.0109, 0.0110]",0.19738461077213287,2024-07-18-11-32-15/SITE73_ORNT65_VIS2-5mi.png
5,1,"[0.0697, 0.0946, 0.1291, 0.1001, 0.1238, 0.1525, 0.0877, 0.0936, 0.1078, 0.0412]",0.15246282517910004,2025-01-29-12-01-12/SITE607_ORNT90_VIS2mi.png
3,1,"[0.1019, 0.1372, 0.1199, 0.1663, 0.1266, 0.0886, 0.1262, 0.0999, 0.0117, 0.0216]",0.16633480787277222,2024-05-27-19-19-47/SITE610_ORNT90_VIS2-5mi.png
0,1,"[0.1578, 0.1369, 0.1372, 0.1118, 0.1093, 0.0950, 0.0703, 0.0873, 0.0385, 0.0560]",0.15776577591896057,2025-04-01-16-59-16/SITE69_ORNT315_VIS2mi.png
7,1,"[0.0192, 0.0411, 0.0678, 0.0987, 0.1308, 0.1578, 0.1845, 0.1891, 0.0332, 0.0778]",0.18908356130123138,2025-01-15-12-14-16/SITE117_ORNT43_VIS2mi.png
0,1,"[0.2942, 0.2129, 0.1565, 0.1216, 0.0829, 0.0480, 0.0311, 0.0391, 0.0077, 0.0059]",0.29423174262046814,2025-02-04-15-47-48/SITE219_ORNT344_VIS2-5mi.png
1,1,"[0.1957, 0.2009, 0.1547, 0.1465, 0.1044, 0.0705, 0.0543, 0.0530, 0.0105, 0.0095]",0.2009444534778595,2024-06-14-14-13-33/SITE215_ORNT235_VIS2mi.png
3,1,"[0.0943, 0.1408, 0.1356, 0.1624, 0.1388, 0.1063, 0.0956, 0.0858, 0.0213, 0.0190]",0.16239699721336365,2024-08-01-10-54-34/SITE239_ORNT110_VIS2mi.png
0,1,"[0.4250, 0.2403, 0.1317, 0.1062, 0.0487, 0.0188, 0.0117, 0.0157, 0.0010, 0.0008]",0.4250074028968811,2024-08-19-19-34-52/SITE253_ORNT280_VIS2mi.png
3,1,"[0.0958, 0.1939, 0.1441, 0.2013, 0.1371, 0.0865, 0.0754, 0.0556, 0.0075, 0.0028]",0.20134800672531128,2024-06-09-10-51-06/SITE581_ORNT70_VIS2-5mi.png
1,1,"[0.1514, 0.1935, 0.1525, 0.1618, 0.1199, 0.0810, 0.0632, 0.0577, 0.0115, 0.0076]",0.1934676170349121,2025-02-17-14-46-26/SITE84_ORNT43_VIS2mi.png
1,1,"[0.1151, 0.1702, 0.1566, 0.1564, 0.1311, 0.1107, 0.0700, 0.0648, 0.0182, 0.0068]",0.17017985880374908,2024-10-07-12-00-07/SITE606_ORNT180_VIS2-5mi.png
3,1,"[0.1424, 0.1402, 0.1333, 0.1460, 0.1212, 0.0879, 0.0802, 0.0915, 0.0176, 0.0397]",0.14601153135299683,2024-09-08-13-07-06/SITE171_ORNT23_VIS2-5mi.png
1,1,"[0.1607, 0.1843, 0.1553, 0.1386, 0.1150, 0.0872, 0.0662, 0.0620, 0.0178, 0.0129]",0.18432970345020294,2025-01-17-15-10-02/SITE852_ORNT225_VIS2mi.png
1,1,"[0.1489, 0.1744, 0.1686, 0.1314, 0.1235, 0.1084, 0.0443, 0.0522, 0.0440, 0.0043]",0.17439283430576324,2025-04-16-13-54-24/SITE508_ORNT225_VIS2mi.png
3,1,"[0.0935, 0.1326, 0.1259, 0.1727, 0.1340, 0.0955, 0.1080, 0.1044, 0.0082, 0.0252]",0.1726677119731903,2024-07-02-10-19-43/SITE747_ORNT315_VIS2-5mi.png
0,1,"[0.2223, 0.1815, 0.1462, 0.1358, 0.1027, 0.0641, 0.0516, 0.0631, 0.0121, 0.0205]",0.22226522862911224,2025-04-11-14-52-32/SITE12_ORNT60_VIS2-5mi.png
3,1,"[0.1013, 0.1583, 0.1402, 0.1745, 0.1435, 0.0981, 0.0799, 0.0788, 0.0148, 0.0107]",0.1744510680437088,2024-05-07-15-42-07/SITE75_ORNT170_VIS2-5mi.png
9,1,"[0.0365, 0.0343, 0.0588, 0.0733, 0.0807, 0.0930, 0.1332, 0.1590, 0.0207, 0.3104]",0.31038469076156616,2024-05-08-14-34-39/SITE629_ORNT60_VIS2-5mi.png
1,1,"[0.1278, 0.1478, 0.1380, 0.1451, 0.1240, 0.0961, 0.0839, 0.0824, 0.0245, 0.0303]",0.1478295475244522,2024-05-07-15-42-07/SITE40_ORNT295_VIS2mi.png
1,1,"[0.1858, 0.2059, 0.1511, 0.1597, 0.1060, 0.0669, 0.0562, 0.0513, 0.0087, 0.0084]",0.2059461623430252,2024-07-28-11-17-19/SITE244_ORNT240_VIS2mi.png
2,1,"[0.0852, 0.1325, 0.1389, 0.1381, 0.1335, 0.1279, 0.1097, 0.0832, 0.0360, 0.0150]",0.13889993727207184,2025-02-16-12-49-10/SITE411_ORNT220_VIS2mi.png
2,1,"[0.1481, 0.1447, 0.1498, 0.1156, 0.1127, 0.1033, 0.0687, 0.0790, 0.0394, 0.0387]",0.14980973303318024,2024-07-05-14-33-31/SITE217_ORNT100_VIS2mi.png
1,1,"[0.1784, 0.1920, 0.1514, 0.1502, 0.1099, 0.0754, 0.0604, 0.0580, 0.0125, 0.0119]",0.1920197755098343,2024-06-20-11-19-17/SITE50_ORNT149_VIS2-5mi.png
0,1,"[0.5334, 0.2109, 0.1343, 0.0537, 0.0327, 0.0158, 0.0057, 0.0115, 0.0015, 0.0005]",0.5334174633026123,2025-01-31-13-49-43/SITE230_ORNT90_VIS2mi.png
7,1,"[0.0574, 0.0668, 0.0892, 0.1086, 0.1166, 0.1116, 0.1312, 0.1452, 0.0421, 0.1313]",0.1452433317899704,2024-05-08-14-34-39/SITE735_ORNT170_VIS2mi.png
1,1,"[0.1428, 0.1716, 0.1462, 0.1517, 0.1200, 0.0871, 0.0768, 0.0695, 0.0168, 0.0175]",0.17159855365753174,2024-05-30-17-47-26/SITE94_ORNT180_VIS2-5mi.png
3,1,"[0.0582, 0.1085, 0.1235, 0.1744, 0.1587, 0.1258, 0.1067, 0.1074, 0.0222, 0.0146]",0.17437785863876343,2024-09-07-11-42-21/SITE208_ORNT18_VIS2-5mi.png
3,1,"[0.1152, 0.1504, 0.1393, 0.1582, 0.1311, 0.0971, 0.0855, 0.0817, 0.0198, 0.0217]",0.15821713209152222,2024-12-24-15-14-57/SITE40_ORNT295_VIS2mi.png
2,1,"[0.1073, 0.1289, 0.1529, 0.1016, 0.1204, 0.1347, 0.0645, 0.0770, 0.0876, 0.0251]",0.15289188921451569,2025-02-15-16-53-20/SITE365_ORNT100_VIS2mi.png
0,1,"[0.2166, 0.1681, 0.1767, 0.0844, 0.0908, 0.0978, 0.0370, 0.0568, 0.0518, 0.0200]",0.21663343906402588,2025-02-01-12-44-07/SITE324_ORNT225_VIS2mi.png
3,1,"[0.1185, 0.1539, 0.1362, 0.1552, 0.1253, 0.0940, 0.0926, 0.0849, 0.0143, 0.0251]",0.15517546236515045,2025-03-05-12-08-53/SITE658_ORNT120_VIS2mi.png
3,1,"[0.0565, 0.1301, 0.1376, 0.1768, 0.1484, 0.1379, 0.1133, 0.0760, 0.0181, 0.0052]",0.17676006257534027,2024-09-07-11-42-21/SITE607_ORNT90_VIS2-5mi.png
1,1,"[0.1734, 0.2107, 0.1519, 0.1709, 0.1110, 0.0664, 0.0548, 0.0481, 0.0079, 0.0049]",0.21071811020374298,2025-02-16-12-49-10/SITE442_ORNT210_VIS2-5mi.png
0,1,"[0.3002, 0.1996, 0.1740, 0.0968, 0.0815, 0.0598, 0.0252, 0.0411, 0.0143, 0.0074]",0.3001774549484253,2025-04-01-16-59-16/SITE240_ORNT112_VIS2-5mi.png
1,2,"[0.1726, 0.1740, 0.1652, 0.1227, 0.1136, 0.1014, 0.0416, 0.0526, 0.0503, 0.0060]",0.174016073346138,2025-02-04-15-47-48/SITE522_ORNT90_VIS3mi.png
6,2,"[0.0223, 0.0333, 0.0541, 0.0829, 0.0891, 0.1295, 0.2716, 0.1535, 0.0242, 0.1394]",0.27164262533187866,2024-07-02-10-19-43/SITE542_ORNT350_VIS3mi.png
1,2,"[0.1842, 0.2017, 0.1575, 0.1577, 0.1102, 0.0701, 0.0510, 0.0501, 0.0104, 0.0071]",0.20170500874519348,2024-08-30-17-21-54/SITE117_ORNT320_VIS3mi.png
1,2,"[0.1255, 0.1715, 0.1438, 0.1591, 0.1253, 0.0926, 0.0831, 0.0711, 0.0140, 0.0141]",0.1714729219675064,2024-07-26-10-22-16/SITE160_ORNT237_VIS3mi.png
2,2,"[0.1169, 0.1193, 0.1233, 0.1220, 0.1137, 0.1041, 0.1099, 0.1009, 0.0266, 0.0632]",0.1232781857252121,2025-02-14-15-24-27/SITE100_ORNT280_VIS3mi.png
2,2,"[0.1649, 0.1719, 0.1736, 0.1077, 0.1113, 0.1095, 0.0444, 0.0558, 0.0519, 0.0091]",0.1735846847295761,2025-02-17-14-46-26/SITE386_ORNT290_VIS3mi.png
0,2,"[0.2658, 0.1955, 0.1638, 0.1132, 0.0912, 0.0624, 0.0357, 0.0480, 0.0143, 0.0102]",0.2657809555530548,2024-08-18-13-20-24/SITE179_ORNT185_VIS3mi.png
1,2,"[0.2254, 0.2379, 0.1556, 0.1609, 0.0915, 0.0489, 0.0378, 0.0352, 0.0039, 0.0029]",0.23790930211544037,2024-09-07-13-37-18/SITE262_ORNT290_VIS3mi.png
7,2,"[0.0274, 0.0404, 0.0744, 0.0817, 0.1163, 0.1412, 0.1160, 0.1465, 0.1423, 0.1138]",0.14654359221458435,2024-10-11-15-41-13/SITE310_ORNT314_VIS3mi.png
8,2,"[0.0026, 0.0125, 0.0402, 0.0462, 0.0934, 0.1988, 0.0811, 0.1128, 0.3916, 0.0209]",0.39161068201065063,2024-08-19-10-27-18/SITE322_ORNT0_VIS3mi.png
1,2,"[0.1616, 0.2036, 0.1518, 0.1585, 0.1099, 0.0772, 0.0666, 0.0537, 0.0093, 0.0079]",0.20355290174484253,2024-12-23-15-38-40/SITE258_ORNT125_VIS3mi.png
3,2,"[0.0844, 0.1528, 0.1272, 0.1712, 0.1330, 0.1069, 0.1237, 0.0788, 0.0102, 0.0119]",0.17117497324943542,2024-07-05-10-36-13/SITE420_ORNT170_VIS3mi.png
1,2,"[0.1181, 0.1666, 0.1404, 0.1560, 0.1256, 0.0972, 0.0920, 0.0730, 0.0168, 0.0142]",0.16660793125629425,2025-01-23-15-05-27/SITE19_ORNT170_VIS3mi.png
6,2,"[0.0315, 0.0611, 0.0834, 0.1129, 0.1283, 0.1578, 0.1894, 0.1458, 0.0261, 0.0640]",0.18937306106090546,2024-07-14-10-21-23/SITE747_ORNT255_VIS3mi.png
2,2,"[0.1123, 0.1065, 0.1262, 0.1019, 0.1113, 0.1085, 0.0769, 0.1027, 0.0567, 0.0968]",0.1262279897928238,2025-02-10-14-47-56/SITE786_ORNT130_VIS3mi.png
0,2,"[0.2107, 0.1713, 0.1549, 0.1071, 0.1012, 0.0810, 0.0503, 0.0673, 0.0281, 0.0280]",0.21070033311843872,2025-01-31-13-49-43/SITE29_ORNT200_VIS3mi.png
6,2,"[0.0297, 0.0610, 0.0756, 0.1206, 0.1162, 0.1453, 0.2728, 0.1279, 0.0167, 0.0342]",0.27275657653808594,2025-04-01-16-59-16/SITE82_ORNT135_VIS3mi.png
0,2,"[0.2606, 0.1879, 0.1761, 0.0969, 0.0894, 0.0746, 0.0316, 0.0478, 0.0248, 0.0103]",0.2606070935726166,2025-03-06-15-10-58/SITE397_ORNT30_VIS3mi.png
0,2,"[0.2998, 0.2361, 0.1484, 0.1418, 0.0763, 0.0372, 0.0262, 0.0289, 0.0030, 0.0024]",0.29981714487075806,2024-08-31-14-30-34/SITE25_ORNT30_VIS3mi.png
1,2,"[0.2036, 0.2153, 0.1506, 0.1543, 0.1004, 0.0629, 0.0517, 0.0485, 0.0063, 0.0065]",0.2152976095676422,2024-05-07-15-42-07/SITE561_ORNT350_VIS3mi.png
0,2,"[0.2019, 0.2012, 0.1509, 0.1517, 0.1041, 0.0655, 0.0528, 0.0525, 0.0094, 0.0101]",0.20194482803344727,2024-07-14-10-21-23/SITE8_ORNT278_VIS3mi.png
0,2,"[0.2278, 0.2214, 0.1573, 0.1471, 0.0948, 0.0565, 0.0424, 0.0411, 0.0067, 0.0049]",0.22779540717601776,2024-07-14-10-21-23/SITE179_ORNT230_VIS3mi.png
0,2,"[0.1805, 0.1693, 0.1455, 0.1541, 0.1125, 0.0732, 0.0632, 0.0700, 0.0153, 0.0164]",0.18049094080924988,2025-03-05-12-08-53/SITE483_ORNT275_VIS3mi.png
0,2,"[0.3158, 0.2010, 0.1641, 0.1007, 0.0789, 0.0529, 0.0272, 0.0410, 0.0109, 0.0074]",0.31575825810432434,2025-01-31-13-49-43/SITE438_ORNT30_VIS3mi.png
4,2,"[0.0837, 0.1093, 0.1299, 0.1255, 0.1326, 0.1291, 0.0951, 0.1010, 0.0509, 0.0428]",0.13262119889259338,2024-06-09-10-51-06/SITE179_ORNT185_VIS3mi.png
6,2,"[0.0282, 0.0616, 0.0864, 0.1161, 0.1376, 0.1639, 0.1815, 0.1391, 0.0440, 0.0416]",0.18150563538074493,2024-07-02-16-22-41/SITE13_ORNT240_VIS3mi.png
0,2,"[0.3434, 0.2084, 0.1632, 0.0945, 0.0714, 0.0460, 0.0230, 0.0351, 0.0096, 0.0054]",0.3433675169944763,2024-12-16-12-39-30/SITE339_ORNT290_VIS3mi.png
0,2,"[0.2186, 0.2052, 0.1552, 0.1447, 0.0991, 0.0628, 0.0477, 0.0488, 0.0094, 0.0085]",0.2185673713684082,2024-06-17-19-22-23/SITE563_ORNT135_VIS3mi.png
5,2,"[0.0313, 0.0806, 0.1140, 0.1373, 0.1505, 0.1915, 0.1340, 0.0962, 0.0553, 0.0094]",0.1915084570646286,2025-04-13-19-09-12/SITE607_ORNT90_VIS3mi.png
6,2,"[0.0180, 0.0364, 0.0551, 0.0812, 0.0929, 0.1538, 0.3291, 0.1397, 0.0207, 0.0732]",0.32910048961639404,2024-08-18-13-20-24/SITE446_ORNT165_VIS3mi.png
9,2,"[0.0151, 0.0186, 0.0415, 0.0666, 0.0812, 0.1022, 0.1256, 0.1868, 0.0278, 0.3344]",0.3343718349933624,2025-02-12-14-37-35/SITE568_ORNT349_VIS3mi.png
5,2,"[0.0692, 0.0789, 0.1056, 0.1045, 0.1170, 0.1213, 0.1039, 0.1188, 0.0623, 0.1184]",0.12125621736049652,2025-02-05-13-59-56/SITE18_ORNT135_VIS3mi.png
3,2,"[0.0821, 0.1419, 0.1392, 0.1644, 0.1461, 0.1173, 0.0921, 0.0794, 0.0273, 0.0103]",0.16441361606121063,2024-07-27-10-27-08/SITE262_ORNT124_VIS3mi.png
3,2,"[0.1121, 0.1443, 0.1385, 0.1610, 0.1343, 0.0975, 0.0853, 0.0835, 0.0221, 0.0215]",0.1609504669904709,2024-08-01-10-54-34/SITE58_ORNT245_VIS3mi.png
6,2,"[0.0385, 0.0506, 0.0755, 0.0968, 0.1112, 0.1247, 0.1615, 0.1534, 0.0463, 0.1416]",0.16146865487098694,2025-02-16-12-49-10/SITE66_ORNT162_VIS3mi.png
1,2,"[0.1561, 0.1751, 0.1466, 0.1563, 0.1186, 0.0820, 0.0667, 0.0671, 0.0144, 0.0170]",0.17509739100933075,2024-06-01-11-15-19/SITE161_ORNT141_VIS3mi.png
6,2,"[0.0332, 0.1012, 0.0969, 0.1562, 0.1392, 0.1445, 0.2130, 0.0985, 0.0084, 0.0089]",0.21299225091934204,2024-07-14-10-21-23/SITE411_ORNT75_VIS3mi.png
0,2,"[0.2459, 0.2317, 0.1558, 0.1499, 0.0874, 0.0491, 0.0368, 0.0353, 0.0047, 0.0034]",0.24592889845371246,2024-07-05-14-33-31/SITE169_ORNT14_VIS3mi.png
6,2,"[0.0429, 0.0698, 0.0907, 0.1338, 0.1309, 0.1353, 0.1763, 0.1338, 0.0298, 0.0566]",0.1762552410364151,2024-08-24-13-47-04/SITE45_ORNT180_VIS3mi.png
6,2,"[0.0559, 0.0781, 0.1011, 0.1246, 0.1271, 0.1290, 0.1330, 0.1317, 0.0349, 0.0848]",0.13295766711235046,2024-05-08-14-34-39/SITE566_ORNT75_VIS3mi.png
1,2,"[0.1580, 0.1943, 0.1479, 0.1706, 0.1117, 0.0735, 0.0691, 0.0573, 0.0080, 0.0096]",0.19426703453063965,2024-08-18-13-20-24/SITE48_ORNT275_VIS3mi.png
5,2,"[0.0349, 0.0790, 0.1219, 0.1073, 0.1430, 0.1962, 0.0932, 0.0928, 0.1175, 0.0141]",0.19615140557289124,2024-07-02-16-22-41/SITE340_ORNT230_VIS3mi.png
3,2,"[0.0785, 0.1506, 0.1293, 0.1934, 0.1442, 0.1053, 0.1017, 0.0810, 0.0079, 0.0080]",0.19338396191596985,2025-04-01-16-59-16/SITE18_ORNT135_VIS3mi.png
3,2,"[0.0739, 0.1159, 0.1183, 0.1533, 0.1365, 0.1187, 0.1271, 0.1047, 0.0190, 0.0325]",0.15334269404411316,2025-04-02-15-05-32/SITE22_ORNT100_VIS3mi.png
9,2,"[0.0747, 0.0709, 0.0948, 0.0976, 0.1047, 0.0976, 0.0975, 0.1355, 0.0284, 0.1982]",0.19820554554462433,2025-03-18-13-52-55/SITE59_ORNT10_VIS3mi.png
2,2,"[0.1209, 0.1369, 0.1450, 0.1045, 0.1143, 0.1253, 0.0815, 0.0749, 0.0734, 0.0233]",0.14495739340782166,2024-12-03-11-18-04/SITE508_ORNT135_VIS3mi.png
3,2,"[0.0508, 0.1774, 0.1091, 0.2062, 0.1284, 0.0981, 0.1706, 0.0566, 0.0019, 0.0011]",0.20616307854652405,2024-07-14-10-21-23/SITE106_ORNT280_VIS3mi.png
6,2,"[0.0331, 0.0516, 0.0675, 0.0970, 0.0950, 0.1230, 0.2884, 0.1454, 0.0117, 0.0874]",0.28840357065200806,2025-02-14-15-24-27/SITE100_ORNT210_VIS3mi.png
1,2,"[0.1503, 0.1813, 0.1491, 0.1583, 0.1199, 0.0821, 0.0682, 0.0645, 0.0133, 0.0130]",0.1813318133354187,2024-09-07-13-37-18/SITE58_ORNT175_VIS3mi.png
0,2,"[0.1722, 0.1505, 0.1359, 0.1462, 0.1139, 0.0766, 0.0716, 0.0837, 0.0148, 0.0347]",0.17215654253959656,2024-12-24-15-14-57/SITE45_ORNT290_VIS3mi.png
2,2,"[0.1210, 0.1255, 0.1357, 0.1135, 0.1181, 0.1122, 0.0887, 0.0934, 0.0449, 0.0470]",0.13573147356510162,2025-02-12-14-37-35/SITE837_ORNT310_VIS3mi.png
0,2,"[0.2018, 0.2009, 0.1451, 0.1737, 0.1052, 0.0546, 0.0492, 0.0550, 0.0049, 0.0096]",0.20178449153900146,2024-10-10-15-17-15/SITE193_ORNT240_VIS3mi.png
3,2,"[0.1130, 0.1526, 0.1382, 0.1560, 0.1294, 0.1035, 0.0912, 0.0801, 0.0186, 0.0173]",0.1560315489768982,2025-04-01-16-59-16/SITE786_ORNT255_VIS3mi.png
1,2,"[0.1927, 0.2092, 0.1524, 0.1609, 0.1057, 0.0637, 0.0514, 0.0496, 0.0072, 0.0072]",0.2092331200838089,2024-09-08-16-00-24/SITE21_ORNT10_VIS3mi.png
8,2,"[0.0002, 0.0007, 0.0056, 0.0062, 0.0182, 0.0697, 0.0447, 0.0466, 0.7305, 0.0776]",0.730455756187439,2025-04-16-13-54-24/SITE366_ORNT95_VIS3mi.png
0,2,"[0.1696, 0.1498, 0.1411, 0.1267, 0.1126, 0.0883, 0.0691, 0.0801, 0.0277, 0.0350]",0.1696040779352188,2025-04-16-13-54-24/SITE45_ORNT290_VIS3mi.png
3,2,"[0.0987, 0.1338, 0.1336, 0.1400, 0.1272, 0.1125, 0.1061, 0.0876, 0.0295, 0.0311]",0.13999591767787933,2024-08-24-13-47-04/SITE179_ORNT108_VIS3mi.png
0,2,"[0.2457, 0.1875, 0.1577, 0.1145, 0.0956, 0.0659, 0.0432, 0.0572, 0.0150, 0.0178]",0.2457251101732254,2025-02-11-14-30-47/SITE59_ORNT10_VIS3mi.png
6,2,"[0.0167, 0.0438, 0.0617, 0.1004, 0.1147, 0.1684, 0.2832, 0.1443, 0.0201, 0.0467]",0.2832172214984894,2024-07-26-10-22-16/SITE747_ORNT255_VIS3mi.png
0,2,"[0.3657, 0.2221, 0.1586, 0.0969, 0.0648, 0.0361, 0.0193, 0.0287, 0.0045, 0.0034]",0.3657021224498749,2025-03-28-10-38-15/SITE602_ORNT270_VIS3mi.png
3,2,"[0.0538, 0.1153, 0.1255, 0.1713, 0.1631, 0.1362, 0.1010, 0.0970, 0.0258, 0.0109]",0.17128068208694458,2024-09-07-11-42-21/SITE421_ORNT240_VIS3mi.png
9,2,"[0.0491, 0.0472, 0.0754, 0.0909, 0.0979, 0.0965, 0.1060, 0.1520, 0.0318, 0.2531]",0.2531265616416931,2025-01-15-15-33-17/SITE41_ORNT235_VIS3mi.png
1,2,"[0.1486, 0.1648, 0.1397, 0.1514, 0.1193, 0.0830, 0.0783, 0.0780, 0.0136, 0.0233]",0.16483910381793976,2025-01-17-15-10-02/SITE268_ORNT355_VIS3mi.png
9,2,"[0.0244, 0.0238, 0.0563, 0.0470, 0.0663, 0.0787, 0.0547, 0.1263, 0.0921, 0.4304]",0.43041110038757324,2025-02-01-12-44-07/SITE460_ORNT165_VIS3mi.png
0,2,"[0.2218, 0.2097, 0.1346, 0.1863, 0.1007, 0.0421, 0.0437, 0.0524, 0.0029, 0.0057]",0.22184565663337708,2024-06-13-13-46-47/SITE115_ORNT287_VIS3mi.png
3,2,"[0.0950, 0.1298, 0.1293, 0.1507, 0.1364, 0.1110, 0.1013, 0.0922, 0.0305, 0.0237]",0.15072716772556305,2024-06-13-13-46-47/SITE115_ORNT36_VIS3mi.png
0,2,"[0.3815, 0.2273, 0.1464, 0.1089, 0.0605, 0.0287, 0.0178, 0.0242, 0.0026, 0.0021]",0.3815091848373413,2024-07-04-10-22-12/SITE198_ORNT80_VIS3mi.png
6,2,"[0.0502, 0.0947, 0.1004, 0.1382, 0.1258, 0.1329, 0.2034, 0.1079, 0.0165, 0.0301]",0.2034299671649933,2024-07-18-11-32-15/SITE105_ORNT28_VIS3mi.png
1,2,"[0.1395, 0.1553, 0.1404, 0.1404, 0.1210, 0.0931, 0.0793, 0.0787, 0.0238, 0.0284]",0.1553475558757782,2024-07-26-10-22-16/SITE160_ORNT332_VIS3mi.png
1,2,"[0.1511, 0.2292, 0.1432, 0.1964, 0.1103, 0.0606, 0.0591, 0.0445, 0.0029, 0.0028]",0.22923259437084198,2024-06-23-11-02-14/SITE626_ORNT290_VIS3mi.png
0,2,"[0.2912, 0.2294, 0.1505, 0.1377, 0.0820, 0.0422, 0.0276, 0.0316, 0.0051, 0.0027]",0.29121750593185425,2025-04-07-16-10-10/SITE115_ORNT115_VIS3mi.png
5,2,"[0.0845, 0.1053, 0.1359, 0.1050, 0.1262, 0.1406, 0.0745, 0.0940, 0.0965, 0.0375]",0.14064960181713104,2025-04-11-14-52-32/SITE94_ORNT280_VIS3mi.png
1,2,"[0.1799, 0.1878, 0.1370, 0.1760, 0.1150, 0.0654, 0.0584, 0.0632, 0.0072, 0.0102]",0.18775789439678192,2024-07-07-20-11-04/SITE66_ORNT323_VIS3mi.png
0,2,"[0.4254, 0.2123, 0.1704, 0.0626, 0.0503, 0.0364, 0.0115, 0.0219, 0.0073, 0.0019]",0.425402969121933,2025-04-14-19-44-02/SITE13_ORNT85_VIS3mi.png
1,2,"[0.1280, 0.1883, 0.1471, 0.1647, 0.1235, 0.0890, 0.0774, 0.0643, 0.0096, 0.0082]",0.18825675547122955,2025-01-31-13-49-43/SITE106_ORNT12_VIS3mi.png
5,2,"[0.0558, 0.0752, 0.1000, 0.1165, 0.1288, 0.1343, 0.1224, 0.1316, 0.0470, 0.0884]",0.1343001276254654,2025-03-06-15-10-58/SITE186_ORNT110_VIS3mi.png
5,2,"[0.0251, 0.0796, 0.1066, 0.1537, 0.1702, 0.1799, 0.1346, 0.1102, 0.0315, 0.0087]",0.17989908158779144,2024-06-17-10-37-40/SITE447_ORNT295_VIS3mi.png
3,2,"[0.1355, 0.1524, 0.1399, 0.1556, 0.1219, 0.0893, 0.0806, 0.0799, 0.0172, 0.0277]",0.15557542443275452,2024-07-05-10-36-13/SITE193_ORNT80_VIS3mi.png
3,2,"[0.0530, 0.1261, 0.1137, 0.1732, 0.1393, 0.1301, 0.1605, 0.0861, 0.0097, 0.0083]",0.17318521440029144,2025-02-11-14-30-47/SITE41_ORNT170_VIS3mi.png
0,2,"[0.2519, 0.1920, 0.1558, 0.1199, 0.0942, 0.0633, 0.0430, 0.0528, 0.0142, 0.0128]",0.2519221305847168,2025-01-23-15-05-27/SITE358_ORNT290_VIS3mi.png
3,2,"[0.0873, 0.1412, 0.1285, 0.1719, 0.1343, 0.1041, 0.1142, 0.0880, 0.0139, 0.0165]",0.1719142645597458,2024-10-05-11-04-16/SITE595_ORNT180_VIS3mi.png
9,2,"[0.0420, 0.0421, 0.0713, 0.0890, 0.0973, 0.0958, 0.0960, 0.1565, 0.0397, 0.2704]",0.2704225480556488,2025-02-04-15-47-48/SITE18_ORNT210_VIS3mi.png
4,2,"[0.0760, 0.1162, 0.1345, 0.1393, 0.1502, 0.1352, 0.0798, 0.0970, 0.0518, 0.0201]",0.15017449855804443,2025-01-17-15-10-02/SITE844_ORNT15_VIS3mi.png
1,2,"[0.1395, 0.1742, 0.1459, 0.1523, 0.1192, 0.0904, 0.0799, 0.0666, 0.0172, 0.0147]",0.17421862483024597,2024-05-08-14-34-39/SITE563_ORNT5_VIS3mi.png
0,2,"[0.2043, 0.1886, 0.1529, 0.1407, 0.1056, 0.0697, 0.0524, 0.0583, 0.0131, 0.0144]",0.20432795584201813,2025-03-31-13-29-12/SITE446_ORNT230_VIS3mi.png
5,2,"[0.0262, 0.0839, 0.1230, 0.1060, 0.1375, 0.2237, 0.1217, 0.0764, 0.0967, 0.0050]",0.22369341552257538,2024-07-20-11-08-20/SITE528_ORNT235_VIS3mi.png
0,2,"[0.2125, 0.1651, 0.1511, 0.1132, 0.0997, 0.0826, 0.0560, 0.0655, 0.0287, 0.0256]",0.21249563992023468,2025-02-14-15-24-27/SITE12_ORNT270_VIS3mi.png
2,2,"[0.1244, 0.1598, 0.1602, 0.1484, 0.1368, 0.1118, 0.0529, 0.0722, 0.0238, 0.0098]",0.1602310687303543,2024-07-25-10-00-39/SITE331_ORNT135_VIS3mi.png
3,2,"[0.1064, 0.1423, 0.1310, 0.1524, 0.1263, 0.1024, 0.1117, 0.0873, 0.0166, 0.0236]",0.15236075222492218,2025-02-14-15-24-27/SITE50_ORNT103_VIS3mi.png
3,2,"[0.0956, 0.1466, 0.1500, 0.1590, 0.1448, 0.1229, 0.0679, 0.0681, 0.0395, 0.0055]",0.1589963138103485,2024-07-24-16-43-44/SITE528_ORNT35_VIS3mi.png
0,2,"[0.2332, 0.2011, 0.1641, 0.1160, 0.0947, 0.0723, 0.0452, 0.0472, 0.0189, 0.0073]",0.23316219449043274,2025-03-11-17-13-52/SITE508_ORNT135_VIS3mi.png
1,2,"[0.1965, 0.2317, 0.1595, 0.1667, 0.1046, 0.0568, 0.0395, 0.0379, 0.0045, 0.0023]",0.23171557486057281,2024-10-06-12-31-10/SITE117_ORNT43_VIS3mi.png
0,2,"[0.1834, 0.1686, 0.1474, 0.1363, 0.1099, 0.0812, 0.0622, 0.0683, 0.0203, 0.0227]",0.1834055334329605,2024-07-28-11-17-19/SITE119_ORNT275_VIS3mi.png
6,2,"[0.0286, 0.0581, 0.0809, 0.1156, 0.1266, 0.1426, 0.2142, 0.1361, 0.0477, 0.0497]",0.21419329941272736,2024-05-03-19-33-18/SITE244_ORNT240_VIS3mi.png
3,2,"[0.0840, 0.1473, 0.1277, 0.1777, 0.1363, 0.1016, 0.1159, 0.0880, 0.0081, 0.0134]",0.17768625915050507,2024-07-14-13-28-24/SITE7_ORNT221_VIS3mi.png
3,2,"[0.1008, 0.1096, 0.1200, 0.1393, 0.1233, 0.1065, 0.1074, 0.1090, 0.0238, 0.0602]",0.13932019472122192,2025-04-22-15-39-35/SITE602_ORNT270_VIS3mi.png
3,2,"[0.1169, 0.1214, 0.1316, 0.1352, 0.1256, 0.1018, 0.0803, 0.1031, 0.0277, 0.0564]",0.13517431914806366,2025-03-02-13-12-40/SITE48_ORNT20_VIS3mi.png
0,2,"[0.2122, 0.1734, 0.1519, 0.1216, 0.1027, 0.0741, 0.0517, 0.0676, 0.0177, 0.0271]",0.21216171979904175,2024-12-29-16-00-12/SITE617_ORNT40_VIS3mi.png
3,2,"[0.1028, 0.1758, 0.1434, 0.1912, 0.1395, 0.0896, 0.0780, 0.0626, 0.0123, 0.0048]",0.19118355214595795,2024-06-09-10-51-06/SITE442_ORNT210_VIS3mi.png
9,2,"[0.0414, 0.0442, 0.0718, 0.0853, 0.0952, 0.1062, 0.1161, 0.1468, 0.0353, 0.2576]",0.257641077041626,2025-01-28-16-10-28/SITE437_ORNT110_VIS3mi.png
8,2,"[0.0002, 0.0008, 0.0063, 0.0078, 0.0218, 0.0700, 0.0351, 0.0619, 0.7159, 0.0803]",0.7158597707748413,2025-04-14-19-44-02/SITE407_ORNT215_VIS3mi.png
3,2,"[0.0968, 0.1083, 0.1206, 0.1315, 0.1259, 0.1083, 0.0961, 0.1082, 0.0347, 0.0695]",0.13150633871555328,2024-06-17-10-37-40/SITE568_ORNT67_VIS3mi.png
6,2,"[0.0099, 0.0671, 0.0842, 0.1606, 0.1754, 0.1681, 0.2114, 0.1096, 0.0118, 0.0019]",0.21139274537563324,2024-08-19-10-27-18/SITE411_ORNT220_VIS3mi.png
3,2,"[0.1171, 0.1295, 0.1243, 0.1485, 0.1231, 0.0897, 0.1023, 0.1046, 0.0144, 0.0463]",0.14854009449481964,2024-09-07-13-37-18/SITE167_ORNT60_VIS3mi.png
1,2,"[0.1019, 0.1687, 0.1360, 0.1600, 0.1230, 0.1044, 0.1139, 0.0698, 0.0116, 0.0106]",0.16869598627090454,2024-05-27-19-19-47/SITE617_ORNT215_VIS3mi.png
9,2,"[0.0855, 0.0879, 0.1049, 0.1146, 0.1138, 0.1029, 0.1105, 0.1247, 0.0285, 0.1267]",0.12665385007858276,2025-02-27-11-22-46/SITE161_ORNT192_VIS3mi.png
6,2,"[0.0098, 0.0321, 0.0578, 0.0988, 0.1303, 0.1835, 0.2389, 0.1602, 0.0585, 0.0300]",0.2389347106218338,2024-12-23-15-38-40/SITE446_ORNT165_VIS3mi.png
0,2,"[0.1827, 0.1657, 0.1476, 0.1206, 0.1091, 0.0842, 0.0624, 0.0731, 0.0243, 0.0304]",0.1826731562614441,2025-02-11-14-30-47/SITE324_ORNT115_VIS3mi.png
8,2,"[0.0304, 0.0421, 0.0759, 0.0741, 0.1040, 0.1352, 0.1115, 0.1230, 0.1727, 0.1311]",0.17270827293395996,2025-01-15-12-14-16/SITE471_ORNT255_VIS3mi.png
9,2,"[0.0371, 0.0507, 0.0790, 0.0975, 0.1160, 0.1297, 0.1344, 0.1489, 0.0495, 0.1572]",0.15717560052871704,2025-04-02-15-05-32/SITE86_ORNT239_VIS3mi.png
1,2,"[0.1083, 0.1862, 0.1400, 0.1771, 0.1286, 0.0896, 0.0920, 0.0628, 0.0089, 0.0064]",0.18624602258205414,2024-09-29-15-43-38/SITE272_ORNT325_VIS3mi.png
1,2,"[0.1690, 0.2070, 0.1536, 0.1614, 0.1089, 0.0725, 0.0601, 0.0522, 0.0078, 0.0076]",0.20700770616531372,2024-07-05-14-33-31/SITE65_ORNT290_VIS3mi.png
5,2,"[0.0224, 0.0624, 0.1006, 0.1006, 0.1488, 0.2106, 0.1136, 0.1149, 0.1109, 0.0152]",0.21061092615127563,2024-10-08-11-05-48/SITE360_ORNT115_VIS3mi.png
3,2,"[0.1030, 0.1535, 0.1490, 0.1564, 0.1375, 0.1143, 0.0784, 0.0709, 0.0280, 0.0092]",0.15642762184143066,2024-05-30-17-47-26/SITE394_ORNT180_VIS3mi.png
3,2,"[0.1560, 0.1565, 0.1367, 0.1601, 0.1198, 0.0786, 0.0735, 0.0793, 0.0148, 0.0246]",0.1601092666387558,2025-03-02-11-48-27/SITE117_ORNT128_VIS3mi.png
0,2,"[0.1972, 0.1764, 0.1689, 0.1139, 0.1024, 0.1012, 0.0365, 0.0473, 0.0503, 0.0059]",0.1972316950559616,2025-02-17-14-46-26/SITE353_ORNT135_VIS3mi.png
6,2,"[0.0830, 0.0987, 0.1098, 0.1243, 0.1193, 0.1096, 0.1297, 0.1186, 0.0246, 0.0825]",0.12970304489135742,2024-06-01-11-15-19/SITE161_ORNT192_VIS3mi.png
7,2,"[0.0343, 0.0496, 0.0814, 0.1095, 0.1287, 0.1294, 0.1204, 0.1673, 0.0578, 0.1218]",0.1672922819852829,2024-10-05-11-04-16/SITE595_ORNT270_VIS3mi.png
0,2,"[0.3765, 0.2115, 0.1460, 0.0992, 0.0641, 0.0349, 0.0237, 0.0337, 0.0046, 0.0058]",0.37649160623550415,2025-03-18-13-52-55/SITE542_ORNT80_VIS3mi.png
1,2,"[0.1369, 0.1979, 0.1445, 0.1848, 0.1227, 0.0760, 0.0683, 0.0560, 0.0076, 0.0052]",0.1978657841682434,2024-06-16-11-08-10/SITE721_ORNT0_VIS3mi.png
5,2,"[0.0131, 0.0420, 0.0808, 0.0842, 0.1441, 0.2264, 0.1101, 0.1348, 0.1474, 0.0170]",0.22636014223098755,2024-08-19-10-27-18/SITE334_ORNT95_VIS3mi.png
3,2,"[0.1135, 0.1700, 0.1559, 0.1755, 0.1342, 0.1008, 0.0676, 0.0619, 0.0161, 0.0045]",0.1754661202430725,2024-12-27-14-55-32/SITE483_ORNT5_VIS3mi.png
1,2,"[0.1355, 0.1548, 0.1405, 0.1448, 0.1216, 0.0925, 0.0806, 0.0783, 0.0235, 0.0279]",0.15477004647254944,2024-05-30-17-47-26/SITE417_ORNT220_VIS3mi.png
1,2,"[0.1503, 0.1983, 0.1488, 0.1754, 0.1193, 0.0736, 0.0635, 0.0553, 0.0094, 0.0062]",0.19833673536777496,2024-12-17-16-15-56/SITE442_ORNT210_VIS3mi.png
3,2,"[0.0872, 0.1582, 0.1410, 0.1811, 0.1449, 0.1042, 0.0880, 0.0715, 0.0168, 0.0070]",0.18111297488212585,2024-10-11-15-41-13/SITE442_ORNT40_VIS3mi.png
0,2,"[0.1755, 0.1612, 0.1499, 0.1226, 0.1134, 0.0912, 0.0574, 0.0707, 0.0350, 0.0233]",0.1754816323518753,2025-03-26-14-35-40/SITE76_ORNT250_VIS3mi.png
2,2,"[0.1126, 0.1367, 0.1383, 0.1346, 0.1252, 0.1063, 0.0891, 0.0857, 0.0364, 0.0351]",0.13830386102199554,2024-08-31-14-30-34/SITE253_ORNT65_VIS3mi.png
1,2,"[0.1564, 0.1878, 0.1436, 0.1672, 0.1174, 0.0731, 0.0710, 0.0635, 0.0094, 0.0106]",0.187801331281662,2024-07-28-19-40-21/SITE116_ORNT179_VIS3mi.png
3,2,"[0.0868, 0.1067, 0.1189, 0.1487, 0.1379, 0.1069, 0.1011, 0.1189, 0.0260, 0.0483]",0.1486964076757431,2024-07-29-16-41-43/SITE229_ORNT18_VIS3mi.png
2,2,"[0.1078, 0.1128, 0.1268, 0.1262, 0.1238, 0.1097, 0.0867, 0.1018, 0.0515, 0.0530]",0.12679366767406464,2025-02-01-17-30-02/SITE18_ORNT290_VIS3mi.png
0,2,"[0.2698, 0.1934, 0.1650, 0.1058, 0.0891, 0.0650, 0.0336, 0.0478, 0.0196, 0.0109]",0.2698040008544922,2025-03-15-15-41-34/SITE78_ORNT268_VIS3mi.png
1,2,"[0.1173, 0.1645, 0.1384, 0.1621, 0.1253, 0.0957, 0.0926, 0.0739, 0.0141, 0.0161]",0.1644948571920395,2024-07-18-11-32-15/SITE125_ORNT35_VIS3mi.png
0,2,"[0.1982, 0.1762, 0.1555, 0.1309, 0.1076, 0.0799, 0.0513, 0.0621, 0.0205, 0.0179]",0.19816714525222778,2025-02-04-15-47-48/SITE194_ORNT237_VIS3mi.png
1,2,"[0.1420, 0.1658, 0.1521, 0.1350, 0.1175, 0.1012, 0.0742, 0.0700, 0.0234, 0.0187]",0.16582214832305908,2024-07-26-10-22-16/SITE198_ORNT80_VIS3mi.png
1,2,"[0.1264, 0.1422, 0.1382, 0.1383, 0.1217, 0.1011, 0.0872, 0.0848, 0.0268, 0.0335]",0.14215587079524994,2024-08-02-20-27-22/SITE43_ORNT190_VIS3mi.png
0,2,"[0.1866, 0.1699, 0.1780, 0.1011, 0.1050, 0.1042, 0.0399, 0.0563, 0.0466, 0.0124]",0.1865883469581604,2025-03-02-13-12-40/SITE15_ORNT170_VIS3mi.png
0,2,"[0.5912, 0.2002, 0.1212, 0.0434, 0.0238, 0.0107, 0.0026, 0.0060, 0.0008, 0.0001]",0.5912250280380249,2024-10-13-15-24-41/SITE65_ORNT290_VIS3mi.png
0,2,"[0.2379, 0.1869, 0.1494, 0.1255, 0.1003, 0.0661, 0.0474, 0.0595, 0.0134, 0.0136]",0.23786160349845886,2025-03-05-12-08-53/SITE616_ORNT180_VIS3mi.png
3,2,"[0.1171, 0.1388, 0.1254, 0.1555, 0.1225, 0.0956, 0.1106, 0.0901, 0.0147, 0.0298]",0.15549321472644806,2024-12-24-15-14-57/SITE45_ORNT180_VIS3mi.png
2,2,"[0.1330, 0.1650, 0.1684, 0.1141, 0.1186, 0.1228, 0.0639, 0.0605, 0.0445, 0.0092]",0.1684233397245407,2025-02-17-14-46-26/SITE343_ORNT360_VIS3mi.png
2,2,"[0.1631, 0.1714, 0.1744, 0.1147, 0.1140, 0.1106, 0.0404, 0.0533, 0.0521, 0.0061]",0.1743791550397873,2025-04-01-16-59-16/SITE394_ORNT0_VIS3mi.png
0,2,"[0.2022, 0.1776, 0.1494, 0.1358, 0.1078, 0.0755, 0.0532, 0.0618, 0.0194, 0.0173]",0.2021617293357849,2025-02-15-15-20-00/SITE719_ORNT180_VIS3mi.png
9,2,"[0.0358, 0.0321, 0.0599, 0.0685, 0.0765, 0.0793, 0.0804, 0.1528, 0.0203, 0.3943]",0.3942778408527374,2025-04-10-17-56-44/SITE443_ORNT67_VIS3mi.png
9,2,"[0.0298, 0.0322, 0.0609, 0.0830, 0.0939, 0.0963, 0.0971, 0.1681, 0.0366, 0.3022]",0.3021846115589142,2025-02-04-15-47-48/SITE18_ORNT135_VIS3mi.png
0,2,"[0.2582, 0.2236, 0.1568, 0.1529, 0.0872, 0.0482, 0.0302, 0.0350, 0.0045, 0.0035]",0.25820356607437134,2025-04-16-13-54-24/SITE411_ORNT220_VIS3mi.png
1,2,"[0.1745, 0.2103, 0.1521, 0.1698, 0.1090, 0.0664, 0.0557, 0.0491, 0.0073, 0.0059]",0.21030080318450928,2024-08-31-14-30-34/SITE58_ORNT15_VIS3mi.png
4,2,"[0.0671, 0.0983, 0.1138, 0.1320, 0.1334, 0.1320, 0.1251, 0.1105, 0.0385, 0.0493]",0.13340482115745544,2024-07-27-10-27-08/SITE5_ORNT155_VIS3mi.png
3,2,"[0.0322, 0.0895, 0.1047, 0.1879, 0.1723, 0.1392, 0.1368, 0.1122, 0.0161, 0.0091]",0.18788257241249084,2024-07-05-14-33-31/SITE127_ORNT114_VIS3mi.png
1,2,"[0.1567, 0.1748, 0.1644, 0.1475, 0.1223, 0.0901, 0.0509, 0.0656, 0.0160, 0.0116]",0.1748477816581726,2024-07-26-10-22-16/SITE262_ORNT10_VIS3mi.png
7,2,"[0.0341, 0.0451, 0.0711, 0.1147, 0.1183, 0.1099, 0.1555, 0.1926, 0.0185, 0.1401]",0.19256232678890228,2024-05-31-15-13-16/SITE203_ORNT70_VIS3mi.png
3,2,"[0.0598, 0.0978, 0.1122, 0.1510, 0.1430, 0.1254, 0.1300, 0.1176, 0.0258, 0.0374]",0.15104345977306366,2024-05-09-16-15-37/SITE117_ORNT165_VIS3mi.png
3,2,"[0.1088, 0.1320, 0.1342, 0.1447, 0.1322, 0.1057, 0.0879, 0.0923, 0.0290, 0.0331]",0.14472176134586334,2024-08-11-13-07-09/SITE156_ORNT294_VIS3mi.png
1,2,"[0.1744, 0.1821, 0.1441, 0.1621, 0.1142, 0.0728, 0.0623, 0.0633, 0.0115, 0.0133]",0.1821325719356537,2024-07-25-10-00-39/SITE620_ORNT150_VIS3mi.png
9,2,"[0.0346, 0.0333, 0.0653, 0.0756, 0.0867, 0.0893, 0.0801, 0.1556, 0.0448, 0.3348]",0.3347511291503906,2025-02-12-14-37-35/SITE97_ORNT247_VIS3mi.png
1,2,"[0.1269, 0.1592, 0.1451, 0.1486, 0.1246, 0.0986, 0.0833, 0.0750, 0.0195, 0.0193]",0.159225732088089,2024-09-08-13-07-06/SITE98_ORNT245_VIS3mi.png
1,2,"[0.1038, 0.2013, 0.1440, 0.1880, 0.1269, 0.0868, 0.0855, 0.0542, 0.0059, 0.0036]",0.2012830674648285,2024-06-20-11-19-17/SITE84_ORNT336_VIS3mi.png
0,2,"[0.1932, 0.1865, 0.1469, 0.1488, 0.1083, 0.0706, 0.0582, 0.0606, 0.0124, 0.0145]",0.19316506385803223,2024-09-08-13-07-06/SITE167_ORNT60_VIS3mi.png
5,2,"[0.0177, 0.0539, 0.0834, 0.1367, 0.1599, 0.1760, 0.1671, 0.1358, 0.0511, 0.0184]",0.1759984791278839,2024-08-15-16-44-48/SITE21_ORNT10_VIS3mi.png
2,2,"[0.1264, 0.1458, 0.1728, 0.0942, 0.1109, 0.1337, 0.0492, 0.0623, 0.0901, 0.0145]",0.17283466458320618,2025-03-02-13-12-40/SITE397_ORNT270_VIS3mi.png
9,2,"[0.0047, 0.0037, 0.0135, 0.0222, 0.0251, 0.0241, 0.0288, 0.1215, 0.0049, 0.7516]",0.7516298294067383,2025-01-28-16-10-28/SITE98_ORNT135_VIS3mi.png
0,2,"[0.2429, 0.1868, 0.1650, 0.1069, 0.0936, 0.0742, 0.0399, 0.0549, 0.0190, 0.0168]",0.24292400479316711,2025-01-28-16-10-28/SITE98_ORNT245_VIS3mi.png
1,2,"[0.1204, 0.1534, 0.1445, 0.1489, 0.1303, 0.1002, 0.0846, 0.0800, 0.0206, 0.0173]",0.15336118638515472,2024-05-23-15-19-49/SITE422_ORNT85_VIS3mi.png
3,2,"[0.0484, 0.0797, 0.0964, 0.1633, 0.1460, 0.1136, 0.1406, 0.1497, 0.0158, 0.0464]",0.163279727101326,2024-06-10-14-33-22/SITE595_ORNT100_VIS3mi.png
1,2,"[0.1346, 0.1613, 0.1418, 0.1499, 0.1233, 0.0927, 0.0804, 0.0765, 0.0191, 0.0203]",0.16133561730384827,2024-08-29-14-11-27/SITE29_ORNT200_VIS3mi.png
0,2,"[0.2124, 0.1863, 0.1971, 0.0864, 0.0925, 0.1025, 0.0276, 0.0423, 0.0471, 0.0058]",0.21235916018486023,2025-04-14-19-44-02/SITE205_ORNT100_VIS3mi.png
7,2,"[0.0559, 0.0703, 0.0929, 0.1224, 0.1231, 0.1195, 0.1354, 0.1472, 0.0247, 0.1086]",0.14718745648860931,2024-08-29-14-11-27/SITE29_ORNT270_VIS3mi.png
8,2,"[0.0005, 0.0011, 0.0086, 0.0117, 0.0245, 0.0562, 0.0358, 0.0822, 0.4550, 0.3244]",0.4549899995326996,2025-04-16-13-54-24/SITE366_ORNT200_VIS3mi.png
1,2,"[0.2175, 0.2617, 0.1399, 0.1917, 0.0879, 0.0377, 0.0335, 0.0276, 0.0015, 0.0010]",0.26169127225875854,2024-07-28-13-48-26/SITE116_ORNT277_VIS3mi.png
2,2,"[0.0984, 0.1076, 0.1255, 0.1213, 0.1252, 0.1171, 0.0945, 0.1080, 0.0400, 0.0626]",0.1254560500383377,2025-02-01-12-44-07/SITE405_ORNT35_VIS3mi.png
1,2,"[0.1614, 0.1699, 0.1443, 0.1435, 0.1146, 0.0842, 0.0715, 0.0701, 0.0184, 0.0220]",0.16993314027786255,2024-12-17-16-15-56/SITE442_ORNT300_VIS3mi.png
6,2,"[0.0232, 0.0524, 0.0665, 0.1022, 0.0992, 0.1504, 0.3433, 0.1184, 0.0132, 0.0312]",0.3432932496070862,2024-07-27-10-27-08/SITE411_ORNT280_VIS3mi.png
7,2,"[0.0015, 0.0099, 0.0285, 0.0905, 0.1436, 0.1860, 0.2024, 0.2732, 0.0430, 0.0214]",0.27317413687705994,2024-06-29-10-50-12/SITE203_ORNT220_VIS3mi.png
0,2,"[0.2863, 0.1919, 0.1643, 0.0986, 0.0862, 0.0626, 0.0329, 0.0500, 0.0150, 0.0122]",0.2862524390220642,2024-04-30-13-21-52/SITE13_ORNT10_VIS3mi.png
3,2,"[0.1210, 0.1079, 0.1213, 0.1216, 0.1138, 0.0905, 0.0849, 0.1126, 0.0255, 0.1010]",0.12159986793994904,2025-03-06-15-10-58/SITE239_ORNT202_VIS3mi.png
0,2,"[0.2304, 0.1906, 0.2191, 0.0590, 0.0752, 0.1093, 0.0181, 0.0329, 0.0615, 0.0038]",0.23039838671684265,2025-04-01-16-59-16/SITE485_ORNT290_VIS3mi.png
2,2,"[0.1270, 0.1353, 0.1499, 0.1174, 0.1235, 0.1190, 0.0619, 0.0755, 0.0717, 0.0188]",0.14990226924419403,2025-02-27-11-22-46/SITE463_ORNT340_VIS3mi.png
3,2,"[0.1319, 0.1259, 0.1272, 0.1328, 0.1166, 0.0915, 0.0895, 0.1032, 0.0188, 0.0627]",0.13280853629112244,2025-01-23-15-05-27/SITE602_ORNT60_VIS3mi.png
9,2,"[0.0345, 0.0428, 0.0705, 0.0949, 0.1059, 0.1217, 0.1449, 0.1644, 0.0265, 0.1939]",0.1939452439546585,2024-12-29-16-00-12/SITE59_ORNT333_VIS3mi.png
9,2,"[0.0060, 0.0106, 0.0328, 0.0636, 0.0920, 0.1098, 0.1070, 0.2206, 0.1115, 0.2461]",0.24609816074371338,2024-08-11-09-28-59/SITE556_ORNT223_VIS3mi.png
1,2,"[0.1340, 0.1780, 0.1445, 0.1572, 0.1220, 0.0897, 0.0828, 0.0655, 0.0150, 0.0114]",0.17795079946517944,2024-06-06-10-38-22/SITE65_ORNT234_VIS3mi.png
3,2,"[0.0545, 0.1332, 0.1203, 0.1621, 0.1369, 0.1317, 0.1584, 0.0821, 0.0132, 0.0076]",0.16205476224422455,2024-07-04-10-22-12/SITE438_ORNT110_VIS3mi.png
1,2,"[0.1649, 0.1742, 0.1453, 0.1497, 0.1153, 0.0797, 0.0669, 0.0687, 0.0146, 0.0207]",0.17416930198669434,2024-07-04-10-22-12/SITE198_ORNT248_VIS3mi.png
1,2,"[0.1473, 0.1686, 0.1437, 0.1468, 0.1197, 0.0884, 0.0741, 0.0732, 0.0179, 0.0203]",0.16864676773548126,2024-09-27-16-12-40/SITE438_ORNT110_VIS3mi.png
9,2,"[0.0178, 0.0292, 0.0574, 0.0817, 0.1062, 0.1384, 0.1614, 0.1664, 0.0741, 0.1673]",0.1673005074262619,2025-03-23-13-51-54/SITE117_ORNT165_VIS3mi.png
3,2,"[0.1027, 0.1508, 0.1397, 0.1665, 0.1344, 0.1026, 0.0906, 0.0796, 0.0171, 0.0160]",0.16649599373340607,2024-05-23-15-19-49/SITE117_ORNT165_VIS3mi.png
5,2,"[0.0295, 0.0826, 0.1303, 0.0962, 0.1429, 0.2149, 0.0736, 0.0775, 0.1473, 0.0052]",0.21485933661460876,2024-12-29-16-00-12/SITE361_ORNT170_VIS3mi.png
0,2,"[0.2034, 0.1737, 0.1381, 0.1490, 0.1047, 0.0626, 0.0607, 0.0733, 0.0094, 0.0252]",0.20341816544532776,2025-03-01-18-07-41/SITE45_ORNT5_VIS3mi.png
0,2,"[0.2653, 0.2055, 0.1665, 0.1157, 0.0896, 0.0603, 0.0339, 0.0440, 0.0114, 0.0078]",0.2652668058872223,2024-12-24-15-14-57/SITE438_ORNT290_VIS3mi.png
0,2,"[0.2280, 0.2041, 0.1622, 0.1310, 0.1027, 0.0647, 0.0370, 0.0514, 0.0101, 0.0087]",0.2280340939760208,2024-07-28-19-40-21/SITE205_ORNT305_VIS3mi.png
3,2,"[0.0914, 0.1083, 0.1204, 0.1302, 0.1262, 0.1125, 0.1051, 0.1079, 0.0347, 0.0632]",0.1302373856306076,2025-02-10-14-47-56/SITE53_ORNT115_VIS3mi.png
3,2,"[0.1084, 0.1486, 0.1405, 0.1590, 0.1346, 0.1026, 0.0837, 0.0808, 0.0238, 0.0181]",0.15904603898525238,2024-08-11-13-07-09/SITE81_ORNT326_VIS3mi.png
1,2,"[0.1624, 0.2394, 0.1616, 0.1731, 0.1054, 0.0635, 0.0508, 0.0378, 0.0041, 0.0019]",0.2393985390663147,2024-08-18-13-20-24/SITE33_ORNT90_VIS3mi.png
6,2,"[0.0698, 0.0757, 0.0949, 0.1040, 0.1088, 0.1155, 0.1395, 0.1271, 0.0342, 0.1305]",0.13946297764778137,2025-02-12-14-37-35/SITE837_ORNT90_VIS3mi.png
0,2,"[0.2153, 0.1709, 0.1604, 0.1101, 0.1015, 0.0784, 0.0467, 0.0668, 0.0234, 0.0267]",0.2152537852525711,2025-03-02-13-12-40/SITE217_ORNT25_VIS3mi.png
3,2,"[0.1188, 0.1404, 0.1346, 0.1648, 0.1392, 0.0876, 0.0705, 0.1066, 0.0109, 0.0265]",0.1648261547088623,2025-02-04-15-47-48/SITE20_ORNT226_VIS3mi.png
0,2,"[0.2487, 0.1952, 0.1621, 0.1235, 0.0942, 0.0640, 0.0378, 0.0503, 0.0124, 0.0118]",0.2486669421195984,2025-02-15-15-20-00/SITE802_ORNT235_VIS3mi.png
5,2,"[0.0396, 0.0692, 0.0972, 0.1148, 0.1339, 0.1538, 0.1491, 0.1144, 0.0942, 0.0338]",0.15383435785770416,2024-07-02-16-22-41/SITE340_ORNT330_VIS3mi.png
1,2,"[0.1961, 0.2709, 0.1534, 0.1805, 0.0869, 0.0449, 0.0380, 0.0267, 0.0016, 0.0010]",0.27088499069213867,2024-06-17-19-22-23/SITE84_ORNT336_VIS3mi.png
3,2,"[0.1001, 0.1710, 0.1365, 0.1753, 0.1321, 0.0952, 0.0991, 0.0711, 0.0106, 0.0091]",0.1752576231956482,2024-06-10-10-43-57/SITE411_ORNT135_VIS3mi.png
2,2,"[0.0926, 0.1212, 0.1456, 0.1044, 0.1243, 0.1387, 0.0731, 0.0812, 0.0904, 0.0285]",0.14557848870754242,2025-04-16-13-54-24/SITE323_ORNT135_VIS3mi.png
1,2,"[0.1310, 0.1493, 0.1401, 0.1385, 0.1235, 0.0988, 0.0798, 0.0844, 0.0242, 0.0304]",0.1493351012468338,2025-03-31-13-29-12/SITE128_ORNT303_VIS3mi.png
1,2,"[0.1877, 0.2063, 0.1474, 0.1621, 0.1074, 0.0639, 0.0556, 0.0542, 0.0067, 0.0087]",0.2063293755054474,2024-09-08-13-07-06/SITE129_ORNT266_VIS3mi.png
2,2,"[0.1473, 0.1585, 0.1667, 0.1097, 0.1194, 0.1182, 0.0520, 0.0651, 0.0515, 0.0116]",0.16668054461479187,2025-02-01-17-30-02/SITE339_ORNT90_VIS3mi.png
9,3,"[0.0444, 0.0346, 0.0600, 0.0728, 0.0767, 0.0695, 0.0857, 0.1635, 0.0128, 0.3800]",0.379963755607605,2025-03-05-12-08-53/SITE719_ORNT20_VIS4mi.png
9,3,"[0.0219, 0.0232, 0.0538, 0.0626, 0.0770, 0.0819, 0.0761, 0.1424, 0.0838, 0.3775]",0.3774910271167755,2025-02-16-12-49-10/SITE658_ORNT25_VIS4mi.png
7,3,"[0.0626, 0.0723, 0.0968, 0.1027, 0.1181, 0.1215, 0.1123, 0.1308, 0.0552, 0.1275]",0.13083726167678833,2024-07-20-11-08-20/SITE722_ORNT255_VIS4mi.png
8,3,"[0.0003, 0.0018, 0.0110, 0.0085, 0.0276, 0.1108, 0.0343, 0.0474, 0.7388, 0.0195]",0.738774836063385,2024-07-25-18-03-52/SITE375_ORNT330_VIS4mi.png
1,3,"[0.1878, 0.1951, 0.1390, 0.1751, 0.1119, 0.0629, 0.0548, 0.0581, 0.0067, 0.0087]",0.19507881999015808,2025-02-01-17-30-02/SITE66_ORNT323_VIS4mi.png
3,3,"[0.1196, 0.1741, 0.1438, 0.1837, 0.1381, 0.0904, 0.0669, 0.0623, 0.0160, 0.0052]",0.18367066979408264,2025-04-01-16-59-16/SITE127_ORNT30_VIS4mi.png
3,3,"[0.0949, 0.1329, 0.1274, 0.1484, 0.1295, 0.1091, 0.1164, 0.0933, 0.0198, 0.0284]",0.148421972990036,2024-10-18-12-30-03/SITE8_ORNT278_VIS4mi.png
5,3,"[0.0034, 0.0170, 0.0456, 0.0684, 0.1273, 0.3149, 0.1076, 0.1366, 0.1612, 0.0180]",0.3149176239967346,2024-06-10-18-34-10/SITE617_ORNT125_VIS4mi.png
0,3,"[0.2206, 0.2174, 0.1368, 0.1766, 0.1016, 0.0497, 0.0443, 0.0446, 0.0044, 0.0041]",0.22060854732990265,2024-07-26-10-22-16/SITE240_ORNT48_VIS4mi.png
1,3,"[0.1253, 0.2002, 0.1586, 0.1773, 0.1229, 0.0880, 0.0663, 0.0496, 0.0087, 0.0031]",0.20023706555366516,2025-01-26-15-53-06/SITE7_ORNT55_VIS4mi.png
1,3,"[0.0928, 0.1649, 0.1531, 0.1613, 0.1324, 0.1175, 0.0879, 0.0601, 0.0244, 0.0056]",0.16489051282405853,2024-08-30-17-21-54/SITE123_ORNT67_VIS4mi.png
9,3,"[0.0066, 0.0065, 0.0217, 0.0382, 0.0461, 0.0505, 0.0615, 0.1770, 0.0146, 0.5774]",0.5774282813072205,2025-04-11-14-52-32/SITE215_ORNT330_VIS4mi.png
4,3,"[0.0504, 0.0869, 0.1104, 0.1492, 0.1528, 0.1326, 0.1239, 0.1206, 0.0398, 0.0334]",0.15282399952411652,2024-06-03-13-44-33/SITE33_ORNT215_VIS4mi.png
0,3,"[0.2176, 0.1733, 0.1509, 0.1150, 0.1004, 0.0755, 0.0529, 0.0665, 0.0216, 0.0263]",0.21762143075466156,2025-03-26-12-24-08/SITE169_ORNT228_VIS4mi.png
0,3,"[0.2450, 0.1922, 0.1770, 0.0990, 0.0926, 0.0778, 0.0353, 0.0478, 0.0246, 0.0088]",0.2450493574142456,2024-12-16-12-39-30/SITE343_ORNT360_VIS4mi.png
3,3,"[0.0926, 0.1747, 0.1358, 0.1822, 0.1462, 0.1013, 0.0827, 0.0734, 0.0075, 0.0036]",0.18223004043102264,2024-09-18-18-13-42/SITE20_ORNT226_VIS4mi.png
1,3,"[0.1366, 0.1587, 0.1410, 0.1490, 0.1219, 0.0915, 0.0799, 0.0764, 0.0205, 0.0244]",0.15871240198612213,2025-03-02-13-12-40/SITE40_ORNT295_VIS4mi.png
1,3,"[0.1269, 0.2844, 0.1420, 0.2363, 0.0990, 0.0437, 0.0437, 0.0231, 0.0007, 0.0003]",0.2843671441078186,2024-06-06-17-01-51/SITE620_ORNT30_VIS4mi.png
1,3,"[0.1312, 0.2166, 0.1418, 0.1994, 0.1219, 0.0682, 0.0644, 0.0498, 0.0038, 0.0028]",0.21662618219852448,2024-06-06-17-01-51/SITE620_ORNT225_VIS4mi.png
8,3,"[0.0203, 0.0486, 0.0865, 0.0646, 0.1064, 0.2120, 0.1095, 0.0910, 0.2305, 0.0305]",0.23052625358104706,2024-09-08-13-07-06/SITE330_ORNT20_VIS4mi.png
1,3,"[0.1723, 0.1781, 0.1483, 0.1479, 0.1141, 0.0790, 0.0631, 0.0642, 0.0165, 0.0165]",0.17807169258594513,2024-12-21-15-04-41/SITE10_ORNT175_VIS4mi.png
3,3,"[0.0582, 0.1157, 0.1102, 0.1881, 0.1563, 0.1080, 0.1280, 0.1118, 0.0108, 0.0129]",0.18813276290893555,2024-07-26-10-22-16/SITE203_ORNT70_VIS4mi.png
7,3,"[0.0023, 0.0064, 0.0208, 0.0526, 0.0863, 0.1706, 0.2375, 0.2421, 0.0518, 0.1295]",0.24211841821670532,2024-05-28-11-05-32/SITE439_ORNT200_VIS4mi.png
6,3,"[0.0315, 0.0638, 0.0852, 0.1277, 0.1335, 0.1476, 0.1967, 0.1373, 0.0298, 0.0468]",0.19670715928077698,2024-08-31-14-30-34/SITE194_ORNT237_VIS4mi.png
0,3,"[0.2357, 0.1858, 0.1457, 0.1401, 0.0989, 0.0603, 0.0484, 0.0586, 0.0098, 0.0167]",0.23566579818725586,2024-10-14-13-08-27/SITE610_ORNT260_VIS4mi.png
0,3,"[0.1465, 0.1320, 0.1411, 0.1082, 0.1092, 0.1017, 0.0711, 0.0850, 0.0503, 0.0549]",0.14652547240257263,2025-03-04-14-20-15/SITE629_ORNT125_VIS4mi.png
0,3,"[0.1968, 0.1873, 0.1518, 0.1364, 0.1057, 0.0748, 0.0574, 0.0598, 0.0147, 0.0153]",0.1968064308166504,2025-04-01-16-59-16/SITE26_ORNT180_VIS4mi.png
6,3,"[0.0455, 0.0764, 0.0981, 0.1194, 0.1316, 0.1492, 0.1570, 0.1339, 0.0281, 0.0608]",0.1569838523864746,2025-02-05-13-59-56/SITE747_ORNT255_VIS4mi.png
3,3,"[0.0801, 0.1135, 0.1243, 0.1411, 0.1353, 0.1207, 0.1091, 0.1024, 0.0337, 0.0397]",0.14106830954551697,2024-09-08-16-00-24/SITE19_ORNT325_VIS4mi.png
1,3,"[0.1567, 0.2021, 0.1412, 0.1778, 0.1158, 0.0700, 0.0664, 0.0574, 0.0060, 0.0067]",0.20211546123027802,2024-06-06-10-38-22/SITE84_ORNT147_VIS4mi.png
0,3,"[0.2215, 0.1968, 0.1343, 0.1672, 0.0965, 0.0484, 0.0607, 0.0598, 0.0035, 0.0113]",0.22147753834724426,2025-03-04-14-20-15/SITE629_ORNT300_VIS4mi.png
1,3,"[0.1249, 0.1678, 0.1500, 0.1507, 0.1240, 0.0996, 0.0802, 0.0675, 0.0219, 0.0134]",0.16783757507801056,2024-08-01-13-32-05/SITE43_ORNT190_VIS4mi.png
3,3,"[0.0738, 0.1223, 0.1269, 0.1620, 0.1446, 0.1168, 0.1122, 0.0977, 0.0213, 0.0225]",0.16200776398181915,2024-06-17-10-37-40/SITE234_ORNT350_VIS4mi.png
3,3,"[0.1098, 0.1389, 0.1309, 0.1450, 0.1236, 0.1045, 0.1070, 0.0899, 0.0198, 0.0305]",0.14502231776714325,2024-07-04-10-22-12/SITE13_ORNT10_VIS4mi.png
1,3,"[0.1042, 0.1397, 0.1392, 0.1395, 0.1297, 0.1138, 0.0921, 0.0822, 0.0347, 0.0248]",0.13967131078243256,2025-04-07-16-10-10/SITE276_ORNT225_VIS4mi.png
1,3,"[0.1729, 0.2079, 0.1411, 0.1745, 0.1086, 0.0614, 0.0660, 0.0552, 0.0052, 0.0073]",0.20787706971168518,2024-05-27-19-19-47/SITE616_ORNT270_VIS4mi.png
1,3,"[0.1072, 0.1735, 0.1448, 0.1635, 0.1273, 0.1007, 0.0926, 0.0673, 0.0135, 0.0096]",0.17347384989261627,2024-07-05-14-33-31/SITE19_ORNT325_VIS4mi.png
5,3,"[0.0759, 0.1122, 0.1310, 0.1185, 0.1261, 0.1375, 0.1130, 0.0899, 0.0624, 0.0335]",0.13746097683906555,2024-05-22-13-05-54/SITE205_ORNT100_VIS4mi.png
9,3,"[0.0410, 0.0431, 0.0720, 0.0805, 0.0940, 0.1080, 0.1128, 0.1395, 0.0557, 0.2535]",0.25353699922561646,2025-02-12-14-37-35/SITE179_ORNT36_VIS4mi.png
1,3,"[0.1422, 0.1740, 0.1479, 0.1653, 0.1235, 0.0866, 0.0670, 0.0667, 0.0146, 0.0122]",0.17404669523239136,2024-07-14-16-38-50/SITE194_ORNT145_VIS4mi.png
1,3,"[0.1523, 0.1782, 0.1453, 0.1606, 0.1174, 0.0803, 0.0710, 0.0660, 0.0129, 0.0161]",0.17816080152988434,2025-03-06-15-10-58/SITE193_ORNT80_VIS4mi.png
1,3,"[0.1543, 0.2080, 0.1499, 0.1693, 0.1130, 0.0743, 0.0660, 0.0519, 0.0069, 0.0064]",0.20802746713161469,2024-07-05-14-33-31/SITE439_ORNT265_VIS4mi.png
7,3,"[0.0098, 0.0243, 0.0521, 0.1000, 0.1378, 0.1613, 0.1500, 0.2128, 0.0681, 0.0838]",0.21282052993774414,2024-12-29-16-00-12/SITE834_ORNT100_VIS4mi.png
5,3,"[0.0730, 0.1264, 0.1516, 0.1286, 0.1433, 0.1573, 0.0674, 0.0695, 0.0772, 0.0058]",0.1572779417037964,2024-07-20-15-11-13/SITE528_ORNT35_VIS4mi.png
0,3,"[0.3677, 0.2535, 0.1427, 0.1222, 0.0558, 0.0238, 0.0145, 0.0176, 0.0012, 0.0008]",0.36772772669792175,2025-03-02-13-12-40/SITE40_ORNT120_VIS4mi.png
6,3,"[0.0111, 0.0283, 0.0366, 0.0593, 0.0590, 0.1276, 0.5481, 0.0890, 0.0107, 0.0302]",0.5480514764785767,2025-04-07-16-10-10/SITE160_ORNT176_VIS4mi.png
0,3,"[0.3840, 0.2143, 0.1877, 0.0636, 0.0556, 0.0475, 0.0104, 0.0223, 0.0124, 0.0021]",0.38404422998428345,2025-03-06-15-10-58/SITE193_ORNT295_VIS4mi.png
1,3,"[0.1287, 0.2098, 0.1475, 0.1845, 0.1121, 0.0804, 0.0809, 0.0484, 0.0043, 0.0035]",0.20976980030536652,2024-07-07-11-04-33/SITE411_ORNT280_VIS4mi.png
1,3,"[0.2184, 0.2257, 0.1508, 0.1646, 0.0954, 0.0522, 0.0434, 0.0406, 0.0044, 0.0043]",0.22574199736118317,2024-08-02-13-37-25/SITE45_ORNT290_VIS4mi.png
3,3,"[0.0545, 0.0843, 0.1051, 0.1417, 0.1380, 0.1237, 0.1335, 0.1352, 0.0239, 0.0601]",0.14166288077831268,2025-01-26-15-53-06/SITE7_ORNT221_VIS4mi.png
6,3,"[0.0269, 0.0599, 0.0870, 0.1199, 0.1471, 0.1615, 0.1635, 0.1442, 0.0559, 0.0341]",0.16350430250167847,2024-09-20-16-20-08/SITE25_ORNT30_VIS4mi.png
0,3,"[0.2080, 0.2008, 0.1505, 0.1541, 0.1050, 0.0629, 0.0489, 0.0525, 0.0086, 0.0087]",0.20801672339439392,2024-12-29-16-00-12/SITE164_ORNT68_VIS4mi.png
3,3,"[0.0858, 0.1761, 0.1443, 0.2059, 0.1524, 0.0931, 0.0666, 0.0672, 0.0057, 0.0028]",0.20587413012981415,2024-09-08-16-00-24/SITE19_ORNT170_VIS4mi.png
6,3,"[0.0487, 0.0611, 0.0845, 0.1030, 0.1110, 0.1190, 0.1508, 0.1478, 0.0273, 0.1467]",0.150833860039711,2024-07-04-10-22-12/SITE239_ORNT202_VIS4mi.png
2,3,"[0.1420, 0.1521, 0.1628, 0.1135, 0.1164, 0.1157, 0.0567, 0.0659, 0.0591, 0.0158]",0.16281859576702118,2025-03-05-12-08-53/SITE386_ORNT30_VIS4mi.png
0,3,"[0.1854, 0.1531, 0.1418, 0.1213, 0.1077, 0.0803, 0.0622, 0.0805, 0.0229, 0.0446]",0.18543405830860138,2024-05-08-14-34-39/SITE684_ORNT267_VIS4mi.png
6,3,"[0.0233, 0.0524, 0.0717, 0.1125, 0.1233, 0.1478, 0.2467, 0.1526, 0.0231, 0.0467]",0.24671027064323425,2024-10-07-12-00-07/SITE8_ORNT123_VIS4mi.png
9,3,"[0.0183, 0.0177, 0.0400, 0.0562, 0.0654, 0.0734, 0.0870, 0.1641, 0.0191, 0.4589]",0.45887425541877747,2024-04-25-17-48-06/SITE36_ORNT350_VIS4mi.png
3,3,"[0.0900, 0.1210, 0.1281, 0.1409, 0.1293, 0.1170, 0.1080, 0.0975, 0.0301, 0.0380]",0.14091049134731293,2025-03-05-12-08-53/SITE40_ORNT295_VIS4mi.png
6,3,"[0.0165, 0.0371, 0.0593, 0.0940, 0.1141, 0.1676, 0.2474, 0.1609, 0.0270, 0.0761]",0.24737870693206787,2024-10-07-14-17-08/SITE747_ORNT255_VIS4mi.png
3,3,"[0.0651, 0.0886, 0.1028, 0.1503, 0.1386, 0.1124, 0.1288, 0.1338, 0.0231, 0.0567]",0.15026327967643738,2024-09-07-13-37-18/SITE595_ORNT0_VIS4mi.png
6,3,"[0.0657, 0.1071, 0.1196, 0.1320, 0.1330, 0.1334, 0.1388, 0.1027, 0.0332, 0.0345]",0.13875910639762878,2024-05-09-16-15-37/SITE125_ORNT190_VIS4mi.png
6,3,"[0.0173, 0.0524, 0.0801, 0.1508, 0.1643, 0.1619, 0.1678, 0.1458, 0.0393, 0.0203]",0.1678023338317871,2024-07-07-15-01-32/SITE19_ORNT60_VIS4mi.png
2,3,"[0.1466, 0.1469, 0.1744, 0.0882, 0.1055, 0.1249, 0.0443, 0.0649, 0.0810, 0.0232]",0.1743912696838379,2025-03-28-10-38-15/SITE371_ORNT315_VIS4mi.png
0,3,"[0.2516, 0.2343, 0.1566, 0.1468, 0.0861, 0.0479, 0.0348, 0.0345, 0.0043, 0.0032]",0.2516288161277771,2024-07-26-10-22-16/SITE258_ORNT125_VIS4mi.png
9,3,"[0.0121, 0.0175, 0.0388, 0.0701, 0.0825, 0.1147, 0.2078, 0.2067, 0.0199, 0.2298]",0.2298428863286972,2025-03-05-12-08-53/SITE719_ORNT180_VIS4mi.png
1,3,"[0.1374, 0.1644, 0.1450, 0.1500, 0.1224, 0.0902, 0.0771, 0.0722, 0.0212, 0.0201]",0.16443192958831787,2024-12-20-15-16-09/SITE417_ORNT220_VIS4mi.png
3,3,"[0.0961, 0.1228, 0.1236, 0.1576, 0.1341, 0.1019, 0.0995, 0.1071, 0.0164, 0.0410]",0.15764454007148743,2025-01-26-15-53-06/SITE7_ORNT312_VIS4mi.png
0,3,"[0.1422, 0.1254, 0.1284, 0.1345, 0.1156, 0.0873, 0.0812, 0.1000, 0.0214, 0.0640]",0.14215725660324097,2025-03-31-13-29-12/SITE602_ORNT270_VIS4mi.png
3,3,"[0.1260, 0.1434, 0.1297, 0.1683, 0.1250, 0.0826, 0.0904, 0.0953, 0.0090, 0.0304]",0.16829128563404083,2024-06-03-13-44-33/SITE33_ORNT350_VIS4mi.png
7,3,"[0.0603, 0.0728, 0.1021, 0.0995, 0.1176, 0.1263, 0.1047, 0.1273, 0.0709, 0.1186]",0.12731674313545227,2024-05-22-13-05-54/SITE205_ORNT165_VIS4mi.png
3,3,"[0.0880, 0.1244, 0.1273, 0.1560, 0.1393, 0.1093, 0.1003, 0.1001, 0.0239, 0.0314]",0.15602418780326843,2024-09-08-16-00-24/SITE53_ORNT170_VIS4mi.png
6,3,"[0.0144, 0.0368, 0.0578, 0.0943, 0.1091, 0.1569, 0.2998, 0.1502, 0.0298, 0.0509]",0.2997905910015106,2024-07-28-19-40-21/SITE215_ORNT235_VIS4mi.png
8,3,"[0.0208, 0.0314, 0.0650, 0.0676, 0.0988, 0.1368, 0.1099, 0.1302, 0.1751, 0.1645]",0.17508821189403534,2024-07-22-11-13-59/SITE332_ORNT155_VIS4mi.png
3,3,"[0.0545, 0.1215, 0.1243, 0.1596, 0.1445, 0.1351, 0.1387, 0.0861, 0.0236, 0.0120]",0.1596485823392868,2024-07-07-15-01-32/SITE19_ORNT260_VIS4mi.png
0,3,"[0.2438, 0.1746, 0.1511, 0.1222, 0.0969, 0.0650, 0.0453, 0.0647, 0.0137, 0.0226]",0.24380742013454437,2024-05-14-16-18-20/SITE438_ORNT208_VIS4mi.png
1,3,"[0.1869, 0.1961, 0.1492, 0.1557, 0.1085, 0.0686, 0.0575, 0.0566, 0.0094, 0.0115]",0.1961364448070526,2024-07-07-15-01-32/SITE179_ORNT185_VIS4mi.png
9,3,"[0.0743, 0.0692, 0.1067, 0.0920, 0.1070, 0.1161, 0.0761, 0.1167, 0.1040, 0.1379]",0.13793975114822388,2025-03-29-15-28-57/SITE240_ORNT227_VIS4mi.png
7,3,"[0.0711, 0.0839, 0.1069, 0.1156, 0.1223, 0.1158, 0.1110, 0.1252, 0.0437, 0.1044]",0.12523356080055237,2024-06-22-15-38-49/SITE117_ORNT165_VIS4mi.png
3,3,"[0.0901, 0.1497, 0.1395, 0.1745, 0.1410, 0.1045, 0.0943, 0.0783, 0.0164, 0.0117]",0.17446327209472656,2024-12-10-14-08-09/SITE117_ORNT165_VIS4mi.png
5,3,"[0.0383, 0.0522, 0.0870, 0.0860, 0.1152, 0.1486, 0.1265, 0.1272, 0.1192, 0.0997]",0.1486465334892273,2025-01-29-12-01-12/SITE461_ORNT20_VIS4mi.png
7,3,"[0.0248, 0.0383, 0.0622, 0.0995, 0.1084, 0.1232, 0.1932, 0.2016, 0.0133, 0.1357]",0.2015516459941864,2024-06-03-13-44-33/SITE21_ORNT225_VIS4mi.png
0,3,"[0.2948, 0.2098, 0.1665, 0.1118, 0.0825, 0.0519, 0.0278, 0.0393, 0.0090, 0.0067]",0.2948341369628906,2025-03-06-15-10-58/SITE207_ORNT235_VIS4mi.png
0,3,"[0.2014, 0.1597, 0.1699, 0.0897, 0.0983, 0.0931, 0.0409, 0.0661, 0.0502, 0.0305]",0.2014288604259491,2025-04-16-13-54-24/SITE460_ORNT165_VIS4mi.png
9,3,"[0.0493, 0.0528, 0.0796, 0.0968, 0.1043, 0.1063, 0.1155, 0.1480, 0.0323, 0.2151]",0.2150626927614212,2024-09-19-16-37-08/SITE161_ORNT316_VIS4mi.png
6,3,"[0.0164, 0.0380, 0.0634, 0.1097, 0.1282, 0.1682, 0.2105, 0.1715, 0.0237, 0.0704]",0.2105276733636856,2024-07-30-16-52-29/SITE19_ORNT260_VIS4mi.png
9,3,"[0.0168, 0.0169, 0.0407, 0.0553, 0.0653, 0.0751, 0.0850, 0.1574, 0.0277, 0.4597]",0.4597426652908325,2025-03-20-11-55-50/SITE7_ORNT221_VIS4mi.png
1,3,"[0.1052, 0.2261, 0.1309, 0.1954, 0.1162, 0.0700, 0.1031, 0.0492, 0.0022, 0.0018]",0.22609299421310425,2024-05-08-14-34-39/SITE616_ORNT270_VIS4mi.png
8,3,"[0.0238, 0.0502, 0.0907, 0.0608, 0.1012, 0.1824, 0.0936, 0.0894, 0.2706, 0.0374]",0.2705754041671753,2025-02-04-15-47-48/SITE24_ORNT330_VIS4mi.png
6,3,"[0.0209, 0.0361, 0.0618, 0.0991, 0.1183, 0.1431, 0.1881, 0.1792, 0.0507, 0.1029]",0.18808519840240479,2025-03-03-11-33-30/SITE13_ORNT85_VIS4mi.png
7,3,"[0.0126, 0.0224, 0.0479, 0.0880, 0.1110, 0.1380, 0.1845, 0.2072, 0.0573, 0.1311]",0.20722252130508423,2024-08-18-13-20-24/SITE241_ORNT311_VIS4mi.png
1,3,"[0.1705, 0.1777, 0.1469, 0.1484, 0.1127, 0.0780, 0.0654, 0.0662, 0.0147, 0.0194]",0.17770375311374664,2024-08-15-16-44-48/SITE171_ORNT315_VIS4mi.png
0,3,"[0.2054, 0.1866, 0.1536, 0.1329, 0.1051, 0.0732, 0.0514, 0.0592, 0.0164, 0.0161]",0.2054070085287094,2025-02-16-12-49-10/SITE801_ORNT155_VIS4mi.png
6,3,"[0.0611, 0.1207, 0.1163, 0.1574, 0.1285, 0.1318, 0.1728, 0.0853, 0.0131, 0.0130]",0.17275623977184296,2024-07-25-18-03-52/SITE411_ORNT280_VIS4mi.png
9,3,"[0.0801, 0.0781, 0.1008, 0.1033, 0.1096, 0.1002, 0.0987, 0.1305, 0.0334, 0.1653]",0.16526739299297333,2025-03-18-13-52-55/SITE13_ORNT185_VIS4mi.png
3,3,"[0.1231, 0.1168, 0.1265, 0.1312, 0.1214, 0.0985, 0.0846, 0.0985, 0.0465, 0.0529]",0.13122117519378662,2025-03-23-13-51-54/SITE29_ORNT350_VIS4mi.png
0,3,"[0.2275, 0.2083, 0.1435, 0.1593, 0.1031, 0.0528, 0.0428, 0.0506, 0.0057, 0.0063]",0.2275446653366089,2025-03-29-15-28-57/SITE215_ORNT330_VIS4mi.png
9,3,"[0.0282, 0.0337, 0.0637, 0.0806, 0.0964, 0.1039, 0.1095, 0.1647, 0.0494, 0.2699]",0.26990196108818054,2024-06-06-17-01-51/SITE7_ORNT312_VIS4mi.png
9,3,"[0.0340, 0.0357, 0.0652, 0.0847, 0.0942, 0.0926, 0.1010, 0.1650, 0.0346, 0.2931]",0.29309338331222534,2025-03-15-15-41-34/SITE601_ORNT250_VIS4mi.png
6,3,"[0.0496, 0.0928, 0.0978, 0.1382, 0.1257, 0.1285, 0.2066, 0.1145, 0.0145, 0.0319]",0.20659473538398743,2024-07-14-13-28-24/SITE58_ORNT90_VIS4mi.png
1,3,"[0.1909, 0.2234, 0.1515, 0.1676, 0.1020, 0.0597, 0.0512, 0.0433, 0.0058, 0.0046]",0.2233520895242691,2024-07-14-13-28-24/SITE58_ORNT245_VIS4mi.png
0,3,"[0.2949, 0.1968, 0.1670, 0.0957, 0.0833, 0.0604, 0.0303, 0.0464, 0.0146, 0.0105]",0.2948979139328003,2025-03-29-15-28-57/SITE15_ORNT90_VIS4mi.png
0,3,"[0.1790, 0.1628, 0.1557, 0.1185, 0.1094, 0.0938, 0.0571, 0.0679, 0.0316, 0.0241]",0.17901946604251862,2025-04-07-16-10-10/SITE314_ORNT35_VIS4mi.png
6,3,"[0.0177, 0.0374, 0.0649, 0.0864, 0.1142, 0.1750, 0.2212, 0.1419, 0.0657, 0.0757]",0.22121751308441162,2025-02-05-13-59-56/SITE747_ORNT0_VIS4mi.png
9,3,"[0.0336, 0.0356, 0.0637, 0.0803, 0.0921, 0.0974, 0.1001, 0.1584, 0.0357, 0.3032]",0.3031620979309082,2024-04-30-13-21-52/SITE41_ORNT235_VIS4mi.png
5,3,"[0.0421, 0.1152, 0.1359, 0.1585, 0.1473, 0.1758, 0.1172, 0.0690, 0.0358, 0.0033]",0.17579969763755798,2024-10-07-14-17-08/SITE598_ORNT285_VIS4mi.png
0,3,"[0.3138, 0.2268, 0.1434, 0.1325, 0.0760, 0.0374, 0.0280, 0.0339, 0.0037, 0.0046]",0.3137659430503845,2025-04-13-19-09-12/SITE602_ORNT0_VIS4mi.png
0,3,"[0.2067, 0.2060, 0.1507, 0.1546, 0.1022, 0.0618, 0.0504, 0.0506, 0.0078, 0.0091]",0.20669662952423096,2025-04-13-19-09-12/SITE7_ORNT312_VIS4mi.png
0,3,"[0.2135, 0.1854, 0.1744, 0.1050, 0.1011, 0.0881, 0.0377, 0.0515, 0.0343, 0.0090]",0.21352939307689667,2025-03-05-12-08-53/SITE386_ORNT290_VIS4mi.png
4,3,"[0.0025, 0.0264, 0.0434, 0.1732, 0.2120, 0.2045, 0.1344, 0.1999, 0.0020, 0.0017]",0.21197786927223206,2024-08-02-13-37-25/SITE19_ORNT170_VIS4mi.png
5,3,"[0.0461, 0.0902, 0.1205, 0.1170, 0.1499, 0.1731, 0.0969, 0.1065, 0.0819, 0.0179]",0.17309963703155518,2024-06-06-17-01-51/SITE339_ORNT90_VIS4mi.png
0,3,"[0.2072, 0.1875, 0.1544, 0.1354, 0.1046, 0.0709, 0.0513, 0.0594, 0.0135, 0.0158]",0.2071918100118637,2025-01-15-15-33-17/SITE262_ORNT10_VIS4mi.png
6,3,"[0.0036, 0.0104, 0.0213, 0.0467, 0.0547, 0.1298, 0.5437, 0.1261, 0.0114, 0.0522]",0.5437306761741638,2025-03-01-18-07-41/SITE437_ORNT260_VIS4mi.png
1,3,"[0.1504, 0.1848, 0.1491, 0.1698, 0.1193, 0.0814, 0.0654, 0.0615, 0.0097, 0.0086]",0.18476563692092896,2024-05-08-14-34-39/SITE43_ORNT270_VIS4mi.png
1,3,"[0.1932, 0.2115, 0.1484, 0.1610, 0.1051, 0.0633, 0.0552, 0.0486, 0.0075, 0.0062]",0.21148383617401123,2024-05-31-11-53-14/SITE84_ORNT147_VIS4mi.png
9,3,"[0.0527, 0.0570, 0.0881, 0.0982, 0.1139, 0.1076, 0.0955, 0.1579, 0.0403, 0.1889]",0.1889410763978958,2025-02-10-14-47-56/SITE75_ORNT270_VIS4mi.png
6,3,"[0.0318, 0.0643, 0.0877, 0.1384, 0.1455, 0.1376, 0.1713, 0.1544, 0.0232, 0.0458]",0.17132079601287842,2024-07-25-18-03-52/SITE411_ORNT75_VIS4mi.png
6,3,"[0.0008, 0.0034, 0.0070, 0.0180, 0.0189, 0.0772, 0.8077, 0.0512, 0.0017, 0.0142]",0.8076658248901367,2024-08-02-20-27-22/SITE19_ORNT260_VIS4mi.png
6,3,"[0.0185, 0.0456, 0.0713, 0.1244, 0.1409, 0.1594, 0.1990, 0.1604, 0.0378, 0.0427]",0.1989680826663971,2024-10-11-15-41-13/SITE75_ORNT170_VIS4mi.png
2,3,"[0.1311, 0.1446, 0.1584, 0.1093, 0.1159, 0.1205, 0.0623, 0.0713, 0.0616, 0.0250]",0.15838515758514404,2024-04-25-17-48-06/SITE435_ORNT15_VIS4mi.png
1,3,"[0.1970, 0.2005, 0.1496, 0.1566, 0.1059, 0.0642, 0.0537, 0.0535, 0.0091, 0.0100]",0.20049434900283813,2024-05-21-12-02-34/SITE719_ORNT120_VIS4mi.png
0,3,"[0.3252, 0.2035, 0.1787, 0.0846, 0.0735, 0.0569, 0.0201, 0.0360, 0.0155, 0.0061]",0.32520583271980286,2025-02-14-15-24-27/SITE207_ORNT235_VIS4mi.png
1,3,"[0.1535, 0.1768, 0.1451, 0.1603, 0.1210, 0.0806, 0.0660, 0.0686, 0.0136, 0.0145]",0.17678537964820862,2024-07-04-13-27-11/SITE420_ORNT275_VIS4mi.png
7,3,"[0.0165, 0.0348, 0.0622, 0.1131, 0.1382, 0.1418, 0.1608, 0.2155, 0.0277, 0.0894]",0.21548989415168762,2024-06-06-10-38-22/SITE203_ORNT220_VIS4mi.png
3,3,"[0.0575, 0.1383, 0.1168, 0.2170, 0.1579, 0.0993, 0.1144, 0.0883, 0.0049, 0.0056]",0.2170230895280838,2024-08-15-16-44-48/SITE439_ORNT350_VIS4mi.png
7,3,"[0.0735, 0.0817, 0.1031, 0.1358, 0.1281, 0.1043, 0.1100, 0.1382, 0.0289, 0.0963]",0.13822384178638458,2024-10-07-12-00-07/SITE595_ORNT100_VIS4mi.png
2,3,"[0.1078, 0.1263, 0.1515, 0.1030, 0.1205, 0.1334, 0.0689, 0.0819, 0.0782, 0.0285]",0.1514892727136612,2025-02-01-12-44-07/SITE331_ORNT315_VIS4mi.png
1,3,"[0.1190, 0.1777, 0.1500, 0.1667, 0.1302, 0.0918, 0.0776, 0.0638, 0.0148, 0.0084]",0.17774474620819092,2024-07-27-10-27-08/SITE33_ORNT215_VIS4mi.png
3,3,"[0.0970, 0.1011, 0.1139, 0.1354, 0.1210, 0.0924, 0.1026, 0.1298, 0.0136, 0.0932]",0.13539105653762817,2024-06-06-17-01-51/SITE622_ORNT230_VIS4mi.png
2,3,"[0.0933, 0.1172, 0.1415, 0.1031, 0.1229, 0.1395, 0.0713, 0.0829, 0.1003, 0.0281]",0.14149224758148193,2025-01-31-13-49-43/SITE324_ORNT45_VIS4mi.png
9,3,"[0.0234, 0.0246, 0.0487, 0.0694, 0.0792, 0.0919, 0.1221, 0.1768, 0.0192, 0.3445]",0.3445412218570709,2024-06-15-10-59-58/SITE422_ORNT180_VIS4mi.png
1,3,"[0.1405, 0.1864, 0.1434, 0.1720, 0.1218, 0.0795, 0.0729, 0.0641, 0.0096, 0.0098]",0.18641692399978638,2024-07-23-10-10-08/SITE434_ORNT230_VIS4mi.png
1,3,"[0.1639, 0.1706, 0.1518, 0.1400, 0.1140, 0.0909, 0.0657, 0.0678, 0.0181, 0.0171]",0.17059694230556488,2025-04-01-16-59-16/SITE852_ORNT45_VIS4mi.png
1,3,"[0.1099, 0.1607, 0.1406, 0.1594, 0.1306, 0.1002, 0.0920, 0.0755, 0.0164, 0.0147]",0.1607108861207962,2025-04-01-16-59-16/SITE111_ORNT246_VIS4mi.png
3,3,"[0.1017, 0.1354, 0.1302, 0.1624, 0.1295, 0.0999, 0.1028, 0.0944, 0.0150, 0.0285]",0.16244567930698395,2024-09-07-13-37-18/SITE595_ORNT180_VIS4mi.png
3,3,"[0.0740, 0.1156, 0.1174, 0.1517, 0.1352, 0.1147, 0.1332, 0.1056, 0.0204, 0.0321]",0.1517149806022644,2024-08-18-13-20-24/SITE11_ORNT253_VIS4mi.png
3,3,"[0.1038, 0.1290, 0.1297, 0.1419, 0.1285, 0.1071, 0.0977, 0.0948, 0.0283, 0.0392]",0.141851007938385,2024-09-07-13-37-18/SITE161_ORNT316_VIS4mi.png
0,3,"[0.6076, 0.2071, 0.1186, 0.0352, 0.0179, 0.0080, 0.0014, 0.0037, 0.0004, 0.0000]",0.6075718402862549,2024-12-24-15-14-57/SITE193_ORNT295_VIS4mi.png
0,3,"[0.2329, 0.2281, 0.1493, 0.1669, 0.0925, 0.0481, 0.0376, 0.0371, 0.0039, 0.0035]",0.23290526866912842,2024-08-18-13-20-24/SITE438_ORNT208_VIS4mi.png
1,3,"[0.1971, 0.2011, 0.1505, 0.1543, 0.1050, 0.0656, 0.0541, 0.0530, 0.0092, 0.0101]",0.20114663243293762,2024-07-23-10-10-08/SITE8_ORNT278_VIS4mi.png
5,3,"[0.0640, 0.1325, 0.1334, 0.1286, 0.1305, 0.1581, 0.1302, 0.0780, 0.0326, 0.0120]",0.15813226997852325,2024-05-11-17-39-19/SITE330_ORNT20_VIS4mi.png
6,3,"[0.0533, 0.0973, 0.1114, 0.1253, 0.1303, 0.1458, 0.1626, 0.1021, 0.0418, 0.0302]",0.16255676746368408,2024-07-29-16-41-43/SITE443_ORNT275_VIS4mi.png
3,3,"[0.1157, 0.1419, 0.1367, 0.1451, 0.1262, 0.1020, 0.0902, 0.0880, 0.0221, 0.0321]",0.14512032270431519,2025-01-28-16-10-28/SITE19_ORNT325_VIS4mi.png
3,3,"[0.0617, 0.0947, 0.1158, 0.1517, 0.1483, 0.1303, 0.1049, 0.1194, 0.0347, 0.0386]",0.15168067812919617,2024-07-26-10-22-16/SITE692_ORNT150_VIS4mi.png
7,3,"[0.0172, 0.0412, 0.0698, 0.1304, 0.1513, 0.1483, 0.1697, 0.1866, 0.0395, 0.0460]",0.18664361536502838,2024-06-10-18-34-10/SITE629_ORNT210_VIS4mi.png
0,3,"[0.1573, 0.1368, 0.1369, 0.1299, 0.1156, 0.0880, 0.0705, 0.0896, 0.0278, 0.0476]",0.1573217213153839,2025-02-15-16-53-20/SITE802_ORNT315_VIS4mi.png
0,3,"[0.2968, 0.2029, 0.1604, 0.1086, 0.0833, 0.0529, 0.0323, 0.0439, 0.0101, 0.0088]",0.2967713177204132,2024-05-08-14-34-39/SITE684_ORNT179_VIS4mi.png
1,3,"[0.1677, 0.1908, 0.1524, 0.1553, 0.1143, 0.0769, 0.0616, 0.0581, 0.0119, 0.0110]",0.19079263508319855,2024-08-01-10-54-34/SITE24_ORNT250_VIS4mi.png
6,3,"[0.0390, 0.1016, 0.1030, 0.1449, 0.1310, 0.1437, 0.2143, 0.0938, 0.0164, 0.0122]",0.2143193781375885,2024-07-04-10-22-12/SITE239_ORNT30_VIS4mi.png
9,3,"[0.0385, 0.0397, 0.0677, 0.0815, 0.0922, 0.0985, 0.1056, 0.1524, 0.0355, 0.2884]",0.28842976689338684,2024-07-07-20-11-04/SITE547_ORNT170_VIS4mi.png
4,3,"[0.0335, 0.0798, 0.1010, 0.1577, 0.1634, 0.1410, 0.1430, 0.1308, 0.0296, 0.0202]",0.16337567567825317,2024-07-23-10-10-08/SITE53_ORNT170_VIS4mi.png
6,3,"[0.0345, 0.0627, 0.0796, 0.1073, 0.1136, 0.1407, 0.2401, 0.1319, 0.0289, 0.0606]",0.24014440178871155,2024-08-18-13-20-24/SITE261_ORNT90_VIS4mi.png
9,3,"[0.0035, 0.0051, 0.0179, 0.0368, 0.0524, 0.0887, 0.1743, 0.1916, 0.0496, 0.3801]",0.38011935353279114,2024-12-29-16-00-12/SITE164_ORNT358_VIS4mi.png
9,3,"[0.0053, 0.0057, 0.0172, 0.0358, 0.0404, 0.0787, 0.2094, 0.1589, 0.0098, 0.4389]",0.43885114789009094,2024-06-16-19-09-40/SITE722_ORNT315_VIS4mi.png
0,3,"[0.2633, 0.2390, 0.1481, 0.1495, 0.0835, 0.0427, 0.0342, 0.0336, 0.0031, 0.0029]",0.26325204968452454,2024-08-16-20-03-50/SITE208_ORNT330_VIS4mi.png
0,3,"[0.2124, 0.2081, 0.1562, 0.1479, 0.1003, 0.0635, 0.0478, 0.0476, 0.0088, 0.0074]",0.21235503256320953,2024-08-01-10-54-34/SITE86_ORNT239_VIS4mi.png
0,3,"[0.2581, 0.2447, 0.1526, 0.1493, 0.0826, 0.0433, 0.0326, 0.0316, 0.0029, 0.0023]",0.25809037685394287,2024-08-29-14-11-27/SITE17_ORNT340_VIS4mi.png
0,3,"[0.1747, 0.1658, 0.1535, 0.1332, 0.1132, 0.0888, 0.0577, 0.0671, 0.0255, 0.0204]",0.17468081414699554,2025-02-15-15-20-00/SITE194_ORNT237_VIS4mi.png
1,3,"[0.1642, 0.1822, 0.1494, 0.1462, 0.1141, 0.0826, 0.0672, 0.0635, 0.0161, 0.0146]",0.18215790390968323,2024-09-02-17-43-28/SITE209_ORNT335_VIS4mi.png
3,3,"[0.1215, 0.1473, 0.1434, 0.1504, 0.1296, 0.0971, 0.0781, 0.0853, 0.0217, 0.0256]",0.15039464831352234,2025-03-06-15-10-58/SITE207_ORNT75_VIS4mi.png
5,3,"[0.0664, 0.1002, 0.1232, 0.1193, 0.1328, 0.1466, 0.1161, 0.1004, 0.0632, 0.0318]",0.1466476023197174,2024-10-14-13-08-27/SITE598_ORNT90_VIS4mi.png
1,3,"[0.2110, 0.2159, 0.1541, 0.1584, 0.0999, 0.0585, 0.0452, 0.0446, 0.0066, 0.0060]",0.21592862904071808,2024-10-13-15-24-41/SITE75_ORNT15_VIS4mi.png
2,3,"[0.1504, 0.1494, 0.1561, 0.1118, 0.1140, 0.1080, 0.0589, 0.0732, 0.0496, 0.0285]",0.15607093274593353,2025-03-15-15-41-34/SITE5_ORNT155_VIS4mi.png
1,3,"[0.1821, 0.2217, 0.1495, 0.1721, 0.1050, 0.0605, 0.0544, 0.0448, 0.0055, 0.0045]",0.22168581187725067,2024-07-04-13-27-11/SITE421_ORNT170_VIS4mi.png
1,3,"[0.1934, 0.2013, 0.1545, 0.1482, 0.1044, 0.0697, 0.0560, 0.0528, 0.0104, 0.0093]",0.20130407810211182,2024-07-14-10-21-23/SITE134_ORNT294_VIS4mi.png
3,3,"[0.0825, 0.1508, 0.1393, 0.1788, 0.1435, 0.1136, 0.0931, 0.0768, 0.0135, 0.0082]",0.17879952490329742,2024-08-29-17-58-30/SITE98_ORNT80_VIS4mi.png
1,3,"[0.2335, 0.2464, 0.1561, 0.1621, 0.0896, 0.0450, 0.0322, 0.0304, 0.0029, 0.0017]",0.24638740718364716,2024-08-10-09-44-28/SITE117_ORNT43_VIS4mi.png
3,3,"[0.0794, 0.1338, 0.1337, 0.1787, 0.1473, 0.1145, 0.0926, 0.0904, 0.0172, 0.0125]",0.17873263359069824,2024-08-31-14-30-34/SITE194_ORNT145_VIS4mi.png
7,3,"[0.0265, 0.0362, 0.0663, 0.0946, 0.1159, 0.1333, 0.1651, 0.1719, 0.0683, 0.1219]",0.17189033329486847,2025-03-02-11-48-27/SITE377_ORNT235_VIS4mi.png
3,3,"[0.0770, 0.1788, 0.1385, 0.1833, 0.1455, 0.1022, 0.0969, 0.0680, 0.0067, 0.0030]",0.18330003321170807,2024-07-01-19-28-49/SITE117_ORNT43_VIS4mi.png
0,3,"[0.2352, 0.2239, 0.1490, 0.1587, 0.0941, 0.0504, 0.0390, 0.0397, 0.0055, 0.0047]",0.2351507842540741,2024-08-01-10-54-34/SITE217_ORNT150_VIS4mi.png
1,3,"[0.1564, 0.1801, 0.1463, 0.1553, 0.1165, 0.0806, 0.0697, 0.0649, 0.0145, 0.0158]",0.18012729287147522,2024-07-28-19-40-21/SITE417_ORNT220_VIS4mi.png
1,3,"[0.1911, 0.1936, 0.1474, 0.1584, 0.1087, 0.0670, 0.0559, 0.0575, 0.0092, 0.0112]",0.1935647875070572,2024-05-08-14-34-39/SITE86_ORNT12_VIS4mi.png
1,3,"[0.1565, 0.1868, 0.1514, 0.1549, 0.1178, 0.0817, 0.0655, 0.0601, 0.0144, 0.0108]",0.18675951659679413,2024-05-14-16-18-20/SITE41_ORNT235_VIS4mi.png
6,3,"[0.0251, 0.0409, 0.0667, 0.0946, 0.1075, 0.1314, 0.2253, 0.1646, 0.0320, 0.1120]",0.22530707716941833,2024-07-29-17-46-25/SITE411_ORNT220_VIS4mi.png
6,3,"[0.0224, 0.0423, 0.0694, 0.0908, 0.1163, 0.1690, 0.1917, 0.1476, 0.0550, 0.0955]",0.19172175228595734,2024-07-27-10-27-08/SITE747_ORNT0_VIS4mi.png
9,3,"[0.0569, 0.0668, 0.0954, 0.1017, 0.1134, 0.1181, 0.1161, 0.1305, 0.0500, 0.1511]",0.15113134682178497,2025-04-01-16-59-16/SITE539_ORNT40_VIS4mi.png
9,3,"[0.0115, 0.0146, 0.0378, 0.0503, 0.0669, 0.0890, 0.0986, 0.1523, 0.0557, 0.4232]",0.42322662472724915,2024-08-26-16-02-03/SITE598_ORNT0_VIS4mi.png
3,3,"[0.0453, 0.1042, 0.1154, 0.1737, 0.1643, 0.1301, 0.1223, 0.1126, 0.0185, 0.0136]",0.17368485033512115,2024-08-02-13-37-25/SITE239_ORNT30_VIS4mi.png
8,3,"[0.0123, 0.0302, 0.0679, 0.0428, 0.0843, 0.1786, 0.0736, 0.0815, 0.3931, 0.0356]",0.393107533454895,2024-08-15-16-44-48/SITE380_ORNT55_VIS4mi.png
9,3,"[0.0042, 0.0054, 0.0180, 0.0404, 0.0486, 0.0793, 0.1845, 0.1903, 0.0169, 0.4122]",0.4122403562068939,2024-08-19-19-34-52/SITE577_ORNT210_VIS4mi.png
6,3,"[0.0454, 0.1007, 0.1058, 0.1500, 0.1392, 0.1480, 0.1753, 0.1032, 0.0165, 0.0160]",0.1753397285938263,2024-05-28-11-05-32/SITE406_ORNT190_VIS4mi.png
1,3,"[0.2140, 0.2247, 0.1517, 0.1677, 0.0972, 0.0532, 0.0417, 0.0408, 0.0044, 0.0046]",0.22466634213924408,2024-07-04-13-27-11/SITE12_ORNT200_VIS4mi.png
0,3,"[0.2616, 0.1930, 0.1535, 0.1207, 0.0921, 0.0575, 0.0410, 0.0541, 0.0113, 0.0152]",0.2616182565689087,2025-03-17-19-09-03/SITE725_ORNT180_VIS4mi.png
3,3,"[0.0749, 0.1056, 0.1207, 0.1359, 0.1356, 0.1238, 0.1130, 0.1085, 0.0357, 0.0462]",0.13586805760860443,2024-12-10-14-08-09/SITE98_ORNT80_VIS4mi.png
3,3,"[0.0650, 0.1032, 0.1195, 0.1458, 0.1398, 0.1297, 0.1263, 0.1088, 0.0318, 0.0301]",0.14582981169223785,2025-01-28-16-10-28/SITE19_ORNT60_VIS4mi.png
7,3,"[0.0218, 0.0347, 0.0598, 0.0925, 0.1116, 0.1320, 0.1700, 0.1967, 0.0252, 0.1557]",0.19669891893863678,2024-08-18-13-20-24/SITE241_ORNT34_VIS4mi.png
7,3,"[0.0040, 0.0084, 0.0279, 0.0603, 0.0900, 0.1142, 0.1255, 0.2584, 0.0705, 0.2409]",0.25842204689979553,2024-08-01-13-32-05/SITE595_ORNT270_VIS4mi.png
1,3,"[0.1296, 0.1499, 0.1403, 0.1336, 0.1199, 0.1009, 0.0870, 0.0796, 0.0290, 0.0301]",0.14988264441490173,2024-07-14-16-38-50/SITE8_ORNT220_VIS4mi.png
0,3,"[0.1690, 0.1517, 0.1405, 0.1286, 0.1136, 0.0871, 0.0674, 0.0793, 0.0279, 0.0350]",0.1690429002046585,2024-12-24-15-14-57/SITE719_ORNT180_VIS4mi.png
0,3,"[0.1910, 0.1766, 0.1433, 0.1662, 0.1126, 0.0623, 0.0538, 0.0669, 0.0105, 0.0167]",0.19100068509578705,2024-09-08-16-00-24/SITE177_ORNT200_VIS4mi.png
3,3,"[0.0896, 0.1031, 0.1162, 0.1244, 0.1238, 0.1097, 0.1048, 0.1125, 0.0368, 0.0791]",0.12437920272350311,2024-12-17-16-15-56/SITE692_ORNT60_VIS4mi.png
3,3,"[0.0963, 0.1778, 0.1330, 0.1954, 0.1390, 0.0853, 0.0903, 0.0714, 0.0062, 0.0054]",0.19544091820716858,2024-06-23-11-02-14/SITE620_ORNT225_VIS4mi.png
0,3,"[0.2580, 0.2433, 0.1498, 0.1538, 0.0842, 0.0419, 0.0323, 0.0314, 0.0029, 0.0024]",0.25798553228378296,2024-07-05-14-33-31/SITE129_ORNT266_VIS4mi.png
5,3,"[0.0159, 0.0404, 0.0731, 0.0794, 0.1219, 0.1827, 0.1542, 0.1349, 0.1515, 0.0459]",0.18270239233970642,2025-02-14-15-24-27/SITE844_ORNT200_VIS4mi.png
0,3,"[0.2865, 0.2214, 0.1579, 0.1259, 0.0840, 0.0482, 0.0290, 0.0368, 0.0056, 0.0047]",0.2864875793457031,2025-02-04-15-47-48/SITE485_ORNT210_VIS4mi.png
9,3,"[0.0307, 0.0263, 0.0533, 0.0615, 0.0680, 0.0654, 0.0616, 0.1439, 0.0240, 0.4653]",0.46529462933540344,2025-02-04-15-47-48/SITE658_ORNT305_VIS4mi.png
0,3,"[0.2397, 0.1799, 0.1664, 0.1019, 0.0946, 0.0776, 0.0394, 0.0555, 0.0285, 0.0165]",0.2396792769432068,2025-02-17-14-46-26/SITE812_ORNT335_VIS4mi.png
7,3,"[0.0713, 0.0895, 0.1061, 0.1308, 0.1259, 0.1075, 0.1253, 0.1377, 0.0185, 0.0874]",0.13767679035663605,2024-08-18-13-20-24/SITE261_ORNT270_VIS4mi.png
3,3,"[0.0909, 0.1804, 0.1410, 0.2067, 0.1453, 0.0913, 0.0738, 0.0602, 0.0072, 0.0032]",0.20668084919452667,2024-05-07-15-42-07/SITE127_ORNT114_VIS4mi.png
1,3,"[0.1302, 0.1420, 0.1404, 0.1353, 0.1250, 0.1012, 0.0749, 0.0864, 0.0303, 0.0344]",0.1420154571533203,2025-01-23-15-05-27/SITE156_ORNT294_VIS4mi.png
0,3,"[0.2011, 0.1882, 0.1529, 0.1402, 0.1063, 0.0716, 0.0531, 0.0583, 0.0136, 0.0147]",0.2011050432920456,2025-02-14-15-24-27/SITE624_ORNT145_VIS4mi.png
7,3,"[0.0151, 0.0366, 0.0635, 0.1236, 0.1438, 0.1618, 0.1856, 0.1859, 0.0365, 0.0477]",0.18588320910930634,2024-08-15-16-44-48/SITE439_ORNT200_VIS4mi.png
7,4,"[0.0324, 0.0478, 0.0756, 0.1143, 0.1272, 0.1216, 0.1335, 0.1840, 0.0327, 0.1310]",0.18396282196044922,2024-07-28-13-48-26/SITE616_ORNT90_VIS5mi.png
0,4,"[0.2572, 0.2233, 0.1534, 0.1434, 0.0889, 0.0502, 0.0353, 0.0390, 0.0047, 0.0046]",0.25719356536865234,2025-02-15-15-20-00/SITE129_ORNT109_VIS5mi.png
0,4,"[0.4455, 0.2164, 0.1537, 0.0703, 0.0489, 0.0278, 0.0111, 0.0204, 0.0041, 0.0019]",0.4454669654369354,2025-02-17-14-46-26/SITE119_ORNT275_VIS5mi.png
9,4,"[0.0172, 0.0190, 0.0456, 0.0646, 0.0775, 0.0856, 0.0833, 0.1678, 0.0549, 0.3845]",0.38448241353034973,2025-02-01-12-44-07/SITE734_ORNT160_VIS5mi.png
7,4,"[0.0029, 0.0063, 0.0221, 0.0575, 0.0822, 0.1118, 0.1742, 0.2956, 0.0265, 0.2210]",0.29560214281082153,2024-07-01-19-28-49/SITE557_ORNT291_VIS5mi.png
3,4,"[0.1020, 0.1344, 0.1272, 0.1561, 0.1356, 0.0981, 0.1011, 0.1006, 0.0182, 0.0267]",0.1561066061258316,2024-06-20-14-40-34/SITE253_ORNT280_VIS5mi.png
3,4,"[0.0978, 0.1408, 0.1372, 0.1503, 0.1347, 0.1083, 0.0971, 0.0854, 0.0261, 0.0223]",0.15026845037937164,2024-05-21-12-02-34/SITE219_ORNT160_VIS5mi.png
0,4,"[0.3673, 0.2430, 0.1515, 0.1143, 0.0590, 0.0267, 0.0149, 0.0203, 0.0018, 0.0013]",0.3673018217086792,2025-03-31-13-29-12/SITE261_ORNT270_VIS5mi.png
3,4,"[0.1302, 0.1569, 0.1345, 0.1696, 0.1368, 0.0820, 0.0732, 0.0899, 0.0123, 0.0146]",0.16959890723228455,2025-02-15-15-20-00/SITE215_ORNT330_VIS5mi.png
2,4,"[0.1242, 0.1419, 0.1422, 0.1317, 0.1237, 0.1055, 0.0831, 0.0879, 0.0290, 0.0309]",0.14222782850265503,2025-04-13-19-09-12/SITE104_ORNT150_VIS5mi.png
7,4,"[0.0205, 0.0309, 0.0598, 0.0880, 0.1101, 0.1293, 0.1447, 0.1824, 0.0523, 0.1820]",0.1823878288269043,2024-06-06-10-38-22/SITE117_ORNT320_VIS5mi.png
9,4,"[0.0197, 0.0198, 0.0436, 0.0623, 0.0728, 0.0836, 0.0985, 0.1684, 0.0303, 0.4010]",0.4010127782821655,2024-05-07-15-42-07/SITE580_ORNT65_VIS5mi.png
2,4,"[0.1256, 0.1306, 0.1441, 0.1084, 0.1190, 0.1153, 0.0682, 0.0837, 0.0704, 0.0347]",0.14413964748382568,2024-12-10-14-08-09/SITE376_ORNT70_VIS5mi.png
3,4,"[0.1180, 0.1483, 0.1339, 0.1536, 0.1260, 0.0967, 0.0925, 0.0854, 0.0178, 0.0279]",0.15358130633831024,2024-05-03-12-14-06/SITE49_ORNT15_VIS5mi.png
8,4,"[0.0099, 0.0215, 0.0540, 0.0381, 0.0730, 0.1489, 0.0696, 0.0841, 0.4335, 0.0674]",0.4334583282470703,2025-01-31-13-49-43/SITE477_ORNT50_VIS5mi.png
6,4,"[0.0249, 0.0595, 0.0795, 0.1706, 0.1551, 0.1434, 0.1771, 0.1533, 0.0118, 0.0248]",0.17713896930217743,2024-07-23-10-10-08/SITE581_ORNT160_VIS5mi.png
0,4,"[0.2474, 0.1905, 0.1775, 0.1054, 0.0932, 0.0767, 0.0315, 0.0476, 0.0207, 0.0094]",0.2474006861448288,2025-03-11-17-13-52/SITE205_ORNT165_VIS5mi.png
4,4,"[0.0728, 0.1013, 0.1192, 0.1341, 0.1362, 0.1214, 0.1133, 0.1136, 0.0409, 0.0472]",0.1361711621284485,2024-07-04-10-22-12/SITE20_ORNT26_VIS5mi.png
5,4,"[0.0031, 0.0101, 0.0295, 0.0542, 0.0984, 0.2225, 0.2007, 0.1987, 0.0882, 0.0947]",0.22250208258628845,2024-06-14-11-11-00/SITE18_ORNT210_VIS5mi.png
3,4,"[0.1098, 0.1479, 0.1389, 0.1605, 0.1348, 0.0995, 0.0845, 0.0830, 0.0213, 0.0198]",0.16049426794052124,2024-06-06-17-01-51/SITE12_ORNT200_VIS5mi.png
1,4,"[0.1461, 0.1558, 0.1433, 0.1421, 0.1210, 0.0953, 0.0714, 0.0772, 0.0239, 0.0238]",0.155799999833107,2025-03-17-19-09-03/SITE10_ORNT175_VIS5mi.png
9,4,"[0.0312, 0.0437, 0.0719, 0.0948, 0.1117, 0.1278, 0.1452, 0.1602, 0.0477, 0.1658]",0.16583386063575745,2024-07-26-10-22-16/SITE259_ORNT59_VIS5mi.png
5,4,"[0.0356, 0.0917, 0.1348, 0.1118, 0.1568, 0.2126, 0.0713, 0.0814, 0.1009, 0.0032]",0.21263107657432556,2025-04-11-14-52-32/SITE276_ORNT45_VIS5mi.png
8,4,"[0.0304, 0.0623, 0.1023, 0.0626, 0.1024, 0.1913, 0.0982, 0.0795, 0.2457, 0.0253]",0.2456912249326706,2025-02-27-11-22-46/SITE385_ORNT230_VIS5mi.png
1,4,"[0.1651, 0.1912, 0.1513, 0.1547, 0.1135, 0.0782, 0.0641, 0.0584, 0.0124, 0.0110]",0.19119229912757874,2024-08-01-10-54-34/SITE5_ORNT155_VIS5mi.png
5,4,"[0.0451, 0.0915, 0.1186, 0.1314, 0.1501, 0.1608, 0.1139, 0.1030, 0.0635, 0.0220]",0.1608264446258545,2024-10-19-10-55-55/SITE334_ORNT325_VIS5mi.png
6,4,"[0.0187, 0.0578, 0.0843, 0.1126, 0.1334, 0.1950, 0.2143, 0.1147, 0.0530, 0.0161]",0.21432608366012573,2024-08-26-16-02-03/SITE417_ORNT140_VIS5mi.png
9,4,"[0.0321, 0.0370, 0.0650, 0.0853, 0.1002, 0.1147, 0.1153, 0.1580, 0.0476, 0.2450]",0.24503378570079803,2024-07-30-16-52-29/SITE722_ORNT115_VIS5mi.png
1,4,"[0.1298, 0.1834, 0.1450, 0.1703, 0.1242, 0.0848, 0.0765, 0.0647, 0.0107, 0.0105]",0.18344031274318695,2025-04-10-17-56-44/SITE831_ORNT125_VIS5mi.png
7,4,"[0.0022, 0.0084, 0.0239, 0.0733, 0.1093, 0.1560, 0.2352, 0.2931, 0.0323, 0.0664]",0.2930578291416168,2024-08-18-19-28-16/SITE42_ORNT330_VIS5mi.png
1,4,"[0.1894, 0.1907, 0.1494, 0.1542, 0.1094, 0.0686, 0.0558, 0.0587, 0.0106, 0.0132]",0.1906716376543045,2025-04-16-13-54-24/SITE96_ORNT135_VIS5mi.png
3,4,"[0.0852, 0.1222, 0.1300, 0.1464, 0.1398, 0.1195, 0.0975, 0.1013, 0.0295, 0.0286]",0.14638590812683105,2024-06-20-11-19-17/SITE253_ORNT195_VIS5mi.png
8,4,"[0.0067, 0.0127, 0.0384, 0.0350, 0.0632, 0.1223, 0.0742, 0.0939, 0.4015, 0.1520]",0.4015388786792755,2025-01-29-12-01-12/SITE397_ORNT270_VIS5mi.png
0,4,"[0.1529, 0.1334, 0.1341, 0.1219, 0.1127, 0.0905, 0.0742, 0.0918, 0.0277, 0.0609]",0.1528703272342682,2025-02-14-15-24-27/SITE813_ORNT15_VIS5mi.png
6,4,"[0.0327, 0.0452, 0.0698, 0.0947, 0.1070, 0.1302, 0.1794, 0.1587, 0.0325, 0.1498]",0.17943939566612244,2024-08-11-09-28-59/SITE569_ORNT211_VIS5mi.png
2,4,"[0.0965, 0.1068, 0.1267, 0.1076, 0.1185, 0.1168, 0.0882, 0.1009, 0.0603, 0.0776]",0.12674552202224731,2025-03-29-15-28-57/SITE178_ORNT40_VIS5mi.png
5,4,"[0.0306, 0.0611, 0.1009, 0.0848, 0.1274, 0.1803, 0.0986, 0.1075, 0.1741, 0.0346]",0.18029308319091797,2024-07-24-16-43-44/SITE612_ORNT300_VIS5mi.png
8,4,"[0.0029, 0.0115, 0.0353, 0.0388, 0.0860, 0.1834, 0.1004, 0.1255, 0.3692, 0.0470]",0.36922454833984375,2024-08-16-20-03-50/SITE612_ORNT30_VIS5mi.png
3,4,"[0.0774, 0.1482, 0.1341, 0.1762, 0.1438, 0.1095, 0.1056, 0.0803, 0.0150, 0.0098]",0.176228865981102,2024-08-02-20-27-22/SITE111_ORNT181_VIS5mi.png
1,4,"[0.1336, 0.1736, 0.1459, 0.1539, 0.1205, 0.0919, 0.0818, 0.0670, 0.0171, 0.0146]",0.17362242937088013,2024-07-20-15-11-13/SITE234_ORNT260_VIS5mi.png
3,4,"[0.1221, 0.1492, 0.1393, 0.1723, 0.1346, 0.0925, 0.0784, 0.0801, 0.0191, 0.0125]",0.17227451503276825,2024-05-01-16-21-18/SITE483_ORNT5_VIS5mi.png
6,4,"[0.0299, 0.0453, 0.0676, 0.1071, 0.1159, 0.1250, 0.1936, 0.1860, 0.0207, 0.1088]",0.19359071552753448,2024-08-11-09-28-59/SITE569_ORNT54_VIS5mi.png
6,4,"[0.0002, 0.0012, 0.0032, 0.0125, 0.0150, 0.0600, 0.8225, 0.0725, 0.0004, 0.0124]",0.8224902749061584,2024-07-29-17-46-25/SITE272_ORNT67_VIS5mi.png
0,4,"[0.2293, 0.2133, 0.1501, 0.1526, 0.0984, 0.0561, 0.0420, 0.0454, 0.0061, 0.0065]",0.22933998703956604,2024-07-05-14-33-31/SITE240_ORNT286_VIS5mi.png
9,4,"[0.0104, 0.0170, 0.0479, 0.0487, 0.0736, 0.1147, 0.0831, 0.1222, 0.1814, 0.3011]",0.30106744170188904,2025-01-15-12-14-16/SITE557_ORNT191_VIS5mi.png
9,4,"[0.0300, 0.0396, 0.0673, 0.0856, 0.1073, 0.1290, 0.1452, 0.1609, 0.0611, 0.1740]",0.17402955889701843,2024-06-10-18-34-10/SITE540_ORNT178_VIS5mi.png
8,4,"[0.0037, 0.0137, 0.0397, 0.0464, 0.0966, 0.1845, 0.1078, 0.1367, 0.3247, 0.0462]",0.32469943165779114,2024-08-12-20-17-35/SITE612_ORNT30_VIS5mi.png
1,4,"[0.1395, 0.1483, 0.1389, 0.1393, 0.1140, 0.0961, 0.0965, 0.0837, 0.0159, 0.0277]",0.14830344915390015,2025-03-03-11-33-30/SITE411_ORNT280_VIS5mi.png
1,4,"[0.1506, 0.1513, 0.1499, 0.1230, 0.1165, 0.0981, 0.0664, 0.0754, 0.0374, 0.0313]",0.1512710005044937,2025-03-29-15-28-57/SITE598_ORNT285_VIS5mi.png
8,4,"[0.0002, 0.0013, 0.0082, 0.0055, 0.0188, 0.1002, 0.0431, 0.0300, 0.7776, 0.0151]",0.7775821685791016,2024-05-31-11-53-14/SITE343_ORNT270_VIS5mi.png
3,4,"[0.1014, 0.1209, 0.1282, 0.1298, 0.1247, 0.1109, 0.0990, 0.0985, 0.0361, 0.0504]",0.12977109849452972,2024-07-28-13-48-26/SITE119_ORNT96_VIS5mi.png
6,4,"[0.0531, 0.0937, 0.1093, 0.1355, 0.1367, 0.1313, 0.1551, 0.1157, 0.0309, 0.0388]",0.15509377419948578,2024-08-31-14-30-34/SITE8_ORNT278_VIS5mi.png
1,4,"[0.0949, 0.1526, 0.1500, 0.1469, 0.1385, 0.1174, 0.0844, 0.0783, 0.0257, 0.0114]",0.15257088840007782,2024-08-01-10-54-34/SITE5_ORNT50_VIS5mi.png
7,4,"[0.0413, 0.0555, 0.0874, 0.1002, 0.1254, 0.1375, 0.1244, 0.1394, 0.1007, 0.0882]",0.13939407467842102,2024-08-15-16-44-48/SITE522_ORNT0_VIS5mi.png
1,4,"[0.1627, 0.2216, 0.1539, 0.1688, 0.1082, 0.0686, 0.0602, 0.0461, 0.0054, 0.0043]",0.22160707414150238,2024-07-14-16-38-50/SITE40_ORNT180_VIS5mi.png
7,4,"[0.0111, 0.0194, 0.0448, 0.0856, 0.1090, 0.1297, 0.1410, 0.2153, 0.0540, 0.1899]",0.2153209149837494,2024-06-10-10-43-57/SITE84_ORNT43_VIS5mi.png
6,4,"[0.0081, 0.0178, 0.0367, 0.0792, 0.0946, 0.1447, 0.2923, 0.2083, 0.0151, 0.1033]",0.2923051714897156,2024-08-26-16-02-03/SITE405_ORNT250_VIS5mi.png
3,4,"[0.1532, 0.1616, 0.1342, 0.1623, 0.1182, 0.0765, 0.0783, 0.0811, 0.0095, 0.0250]",0.16231490671634674,2024-07-29-16-41-43/SITE722_ORNT315_VIS5mi.png
8,4,"[0.0863, 0.0989, 0.1335, 0.0762, 0.1042, 0.1425, 0.0691, 0.0836, 0.1597, 0.0459]",0.1597481667995453,2025-01-23-15-05-27/SITE508_ORNT135_VIS5mi.png
1,4,"[0.1870, 0.2142, 0.1566, 0.1584, 0.1044, 0.0667, 0.0530, 0.0464, 0.0077, 0.0056]",0.21418021619319916,2024-07-25-18-03-52/SITE21_ORNT125_VIS5mi.png
8,4,"[0.0001, 0.0012, 0.0075, 0.0042, 0.0178, 0.0999, 0.0338, 0.0257, 0.8034, 0.0062]",0.8034446239471436,2024-06-09-10-51-06/SITE333_ORNT280_VIS5mi.png
6,4,"[0.0018, 0.0044, 0.0153, 0.0384, 0.0590, 0.1468, 0.3309, 0.1961, 0.0286, 0.1786]",0.33090445399284363,2025-02-14-15-24-27/SITE22_ORNT190_VIS5mi.png
0,4,"[0.1921, 0.1724, 0.1677, 0.1145, 0.1075, 0.0934, 0.0436, 0.0607, 0.0320, 0.0160]",0.1921442151069641,2024-09-21-11-24-11/SITE460_ORNT350_VIS5mi.png
6,4,"[0.0197, 0.0335, 0.0592, 0.0838, 0.1076, 0.1516, 0.2151, 0.1553, 0.0614, 0.1128]",0.21514560282230377,2025-02-01-17-30-02/SITE546_ORNT40_VIS5mi.png
2,4,"[0.0992, 0.1094, 0.1252, 0.1138, 0.1233, 0.1189, 0.0935, 0.1050, 0.0535, 0.0583]",0.12524978816509247,2025-02-01-17-30-02/SITE722_ORNT255_VIS5mi.png
2,4,"[0.1066, 0.1300, 0.1366, 0.1314, 0.1272, 0.1109, 0.0884, 0.0891, 0.0417, 0.0381]",0.13659025728702545,2025-01-29-12-01-12/SITE253_ORNT65_VIS5mi.png
3,4,"[0.1215, 0.1278, 0.1210, 0.1570, 0.1273, 0.0886, 0.0955, 0.1067, 0.0153, 0.0393]",0.15701493620872498,2025-02-11-14-30-47/SITE569_ORNT54_VIS5mi.png
2,4,"[0.0937, 0.1278, 0.1510, 0.1019, 0.1224, 0.1464, 0.0728, 0.0747, 0.0913, 0.0180]",0.15095913410186768,2025-02-14-15-24-27/SITE807_ORNT190_VIS5mi.png
5,4,"[0.0534, 0.0795, 0.1138, 0.0911, 0.1217, 0.1541, 0.0954, 0.1029, 0.1308, 0.0574]",0.1540975272655487,2025-02-04-15-47-48/SITE490_ORNT280_VIS5mi.png
0,4,"[0.4314, 0.2464, 0.1348, 0.1016, 0.0450, 0.0167, 0.0093, 0.0133, 0.0009, 0.0005]",0.431352823972702,2025-03-31-13-29-12/SITE261_ORNT150_VIS5mi.png
0,4,"[0.2925, 0.1976, 0.1775, 0.0915, 0.0820, 0.0640, 0.0264, 0.0421, 0.0184, 0.0079]",0.2924516499042511,2025-04-22-15-39-35/SITE94_ORNT10_VIS5mi.png
9,4,"[0.0015, 0.0017, 0.0079, 0.0194, 0.0242, 0.0318, 0.0471, 0.1540, 0.0039, 0.7086]",0.70857173204422,2025-04-16-13-54-24/SITE96_ORNT45_VIS5mi.png
1,4,"[0.1361, 0.1518, 0.1498, 0.1336, 0.1212, 0.1056, 0.0705, 0.0759, 0.0325, 0.0231]",0.15184372663497925,2024-12-03-11-18-04/SITE721_ORNT90_VIS5mi.png
3,4,"[0.0844, 0.1063, 0.1193, 0.1478, 0.1391, 0.1092, 0.1009, 0.1164, 0.0319, 0.0446]",0.1478186696767807,2025-01-17-15-10-02/SITE842_ORNT230_VIS5mi.png
8,4,"[0.0121, 0.0390, 0.0859, 0.0586, 0.1109, 0.2307, 0.0664, 0.0771, 0.3115, 0.0079]",0.3115030825138092,2024-06-29-15-18-41/SITE380_ORNT220_VIS5mi.png
9,4,"[0.0030, 0.0026, 0.0113, 0.0196, 0.0237, 0.0272, 0.0341, 0.1193, 0.0111, 0.7481]",0.7481163144111633,2025-02-01-12-44-07/SITE734_ORNT75_VIS5mi.png
8,4,"[0.0009, 0.0061, 0.0224, 0.0112, 0.0356, 0.1729, 0.0752, 0.0379, 0.6305, 0.0072]",0.6304962038993835,2025-02-16-12-49-10/SITE338_ORNT200_VIS5mi.png
3,4,"[0.0938, 0.1795, 0.1332, 0.2177, 0.1333, 0.0829, 0.0894, 0.0636, 0.0028, 0.0038]",0.21769174933433533,2024-05-09-16-15-37/SITE418_ORNT138_VIS5mi.png
6,4,"[0.0688, 0.0844, 0.1042, 0.1127, 0.1186, 0.1201, 0.1246, 0.1196, 0.0464, 0.1008]",0.12455112487077713,2025-02-17-14-46-26/SITE607_ORNT180_VIS5mi.png
3,4,"[0.0782, 0.1063, 0.1183, 0.1696, 0.1430, 0.1081, 0.1104, 0.1076, 0.0277, 0.0308]",0.16959047317504883,2024-05-23-15-19-49/SITE43_ORNT115_VIS5mi.png
3,4,"[0.0912, 0.1728, 0.1406, 0.1765, 0.1382, 0.0998, 0.0945, 0.0691, 0.0104, 0.0068]",0.17653317749500275,2024-10-06-17-04-59/SITE251_ORNT140_VIS5mi.png
1,4,"[0.1109, 0.1648, 0.1483, 0.1528, 0.1275, 0.1050, 0.0884, 0.0686, 0.0209, 0.0127]",0.16482238471508026,2024-07-14-10-21-23/SITE186_ORNT275_VIS5mi.png
6,4,"[0.0154, 0.0376, 0.0596, 0.0975, 0.1234, 0.1827, 0.2233, 0.1632, 0.0333, 0.0641]",0.22327455878257751,2024-08-30-10-00-55/SITE749_ORNT315_VIS5mi.png
8,4,"[0.0434, 0.0733, 0.1119, 0.0747, 0.1110, 0.1697, 0.0866, 0.0851, 0.2101, 0.0342]",0.21008601784706116,2025-03-28-10-38-15/SITE385_ORNT230_VIS5mi.png
0,4,"[0.1813, 0.1568, 0.1452, 0.1145, 0.1080, 0.0860, 0.0622, 0.0771, 0.0292, 0.0397]",0.18132460117340088,2024-05-23-15-19-49/SITE13_ORNT185_VIS5mi.png
4,4,"[0.0451, 0.0944, 0.1130, 0.1611, 0.1615, 0.1501, 0.1161, 0.1114, 0.0304, 0.0170]",0.16149434447288513,2024-08-15-16-44-48/SITE624_ORNT145_VIS5mi.png
3,4,"[0.0956, 0.1245, 0.1302, 0.1404, 0.1315, 0.1130, 0.1010, 0.0943, 0.0330, 0.0364]",0.14042675495147705,2024-07-05-14-33-31/SITE86_ORNT239_VIS5mi.png
3,4,"[0.1018, 0.1284, 0.1266, 0.1815, 0.1335, 0.1019, 0.1019, 0.0914, 0.0145, 0.0184]",0.18152908980846405,2024-05-09-16-15-37/SITE418_ORNT260_VIS5mi.png
0,4,"[0.3614, 0.2139, 0.1623, 0.0947, 0.0674, 0.0412, 0.0192, 0.0302, 0.0064, 0.0033]",0.36140793561935425,2025-02-02-12-13-03/SITE520_ORNT180_VIS5mi.png
5,4,"[0.0624, 0.0843, 0.1239, 0.1175, 0.1354, 0.1499, 0.0680, 0.0925, 0.1496, 0.0166]",0.1498812884092331,2024-07-22-20-17-56/SITE522_ORNT90_VIS5mi.png
7,4,"[0.0105, 0.0247, 0.0542, 0.0831, 0.1248, 0.1639, 0.1435, 0.1865, 0.1187, 0.0901]",0.18654891848564148,2025-03-17-19-09-03/SITE73_ORNT335_VIS5mi.png
7,4,"[0.0415, 0.0707, 0.0918, 0.1326, 0.1438, 0.1304, 0.1487, 0.1607, 0.0261, 0.0536]",0.16069605946540833,2024-06-01-11-15-19/SITE439_ORNT350_VIS5mi.png
1,4,"[0.1655, 0.2030, 0.1570, 0.1606, 0.1135, 0.0745, 0.0579, 0.0518, 0.0095, 0.0067]",0.20303165912628174,2024-09-07-11-42-21/SITE262_ORNT240_VIS5mi.png
0,4,"[0.1536, 0.1343, 0.1424, 0.1088, 0.1101, 0.0947, 0.0650, 0.0894, 0.0410, 0.0607]",0.15364502370357513,2024-10-13-15-24-41/SITE58_ORNT90_VIS5mi.png
5,4,"[0.0624, 0.1160, 0.1450, 0.1245, 0.1429, 0.1625, 0.0793, 0.0780, 0.0798, 0.0096]",0.16247795522212982,2024-08-19-10-27-18/SITE401_ORNT350_VIS5mi.png
5,4,"[0.0153, 0.0455, 0.0778, 0.1003, 0.1417, 0.1918, 0.1662, 0.1402, 0.0964, 0.0248]",0.1918281465768814,2024-07-04-13-27-11/SITE422_ORNT85_VIS5mi.png
3,4,"[0.0874, 0.1132, 0.1252, 0.1466, 0.1392, 0.1165, 0.0966, 0.1012, 0.0415, 0.0325]",0.146562397480011,2025-02-15-16-53-20/SITE719_ORNT180_VIS5mi.png
1,4,"[0.1625, 0.1879, 0.1516, 0.1513, 0.1143, 0.0807, 0.0663, 0.0596, 0.0144, 0.0113]",0.1879323273897171,2024-08-18-13-20-24/SITE435_ORNT235_VIS5mi.png
3,4,"[0.0859, 0.1195, 0.1286, 0.1473, 0.1399, 0.1133, 0.1003, 0.1018, 0.0306, 0.0328]",0.1473204493522644,2025-04-16-13-54-24/SITE624_ORNT145_VIS5mi.png
4,4,"[0.0723, 0.1138, 0.1372, 0.1550, 0.1563, 0.1342, 0.0782, 0.0908, 0.0515, 0.0107]",0.15628935396671295,2025-01-17-15-10-02/SITE380_ORNT220_VIS5mi.png
0,4,"[0.2421, 0.2148, 0.1595, 0.1397, 0.0924, 0.0570, 0.0394, 0.0417, 0.0079, 0.0057]",0.24208541214466095,2024-07-27-10-27-08/SITE134_ORNT70_VIS5mi.png
2,4,"[0.1051, 0.1399, 0.1641, 0.1046, 0.1257, 0.1427, 0.0652, 0.0708, 0.0675, 0.0146]",0.1640985906124115,2024-09-30-11-56-46/SITE460_ORNT165_VIS5mi.png
0,4,"[0.2716, 0.1926, 0.1837, 0.0839, 0.0823, 0.0773, 0.0259, 0.0421, 0.0320, 0.0085]",0.2716479003429413,2025-02-15-15-20-00/SITE380_ORNT55_VIS5mi.png
3,4,"[0.0759, 0.1087, 0.1250, 0.1488, 0.1434, 0.1235, 0.0999, 0.1067, 0.0330, 0.0350]",0.14883767068386078,2025-04-16-13-54-24/SITE807_ORNT90_VIS5mi.png
3,4,"[0.0023, 0.0373, 0.0468, 0.2408, 0.2171, 0.1782, 0.1529, 0.1241, 0.0003, 0.0002]",0.24077124893665314,2024-07-23-10-10-08/SITE19_ORNT170_VIS5mi.png
6,4,"[0.0078, 0.0191, 0.0393, 0.0806, 0.1044, 0.1648, 0.2430, 0.2181, 0.0164, 0.1065]",0.2429521679878235,2024-08-29-14-11-27/SITE476_ORNT30_VIS5mi.png
3,4,"[0.1026, 0.1864, 0.1366, 0.1961, 0.1326, 0.0883, 0.0861, 0.0620, 0.0052, 0.0041]",0.19612199068069458,2024-05-21-12-02-34/SITE439_ORNT200_VIS5mi.png
3,4,"[0.0761, 0.1886, 0.1457, 0.1932, 0.1474, 0.1060, 0.0757, 0.0621, 0.0035, 0.0018]",0.1932339370250702,2024-07-23-13-08-12/SITE22_ORNT0_VIS5mi.png
5,4,"[0.0195, 0.0577, 0.0961, 0.1317, 0.1714, 0.2459, 0.0826, 0.1306, 0.0491, 0.0155]",0.24589386582374573,2024-06-16-19-09-40/SITE19_ORNT325_VIS5mi.png
1,4,"[0.1288, 0.1968, 0.1386, 0.1810, 0.1212, 0.0755, 0.0834, 0.0628, 0.0055, 0.0063]",0.19680777192115784,2024-05-09-16-15-37/SITE129_ORNT266_VIS5mi.png
3,4,"[0.0860, 0.1253, 0.1281, 0.1578, 0.1398, 0.1093, 0.1025, 0.1007, 0.0207, 0.0299]",0.15778274834156036,2024-06-20-11-19-17/SITE253_ORNT325_VIS5mi.png
5,4,"[0.0399, 0.0649, 0.0962, 0.1019, 0.1299, 0.1542, 0.1266, 0.1301, 0.0742, 0.0822]",0.15416701138019562,2024-08-02-10-36-13/SITE19_ORNT325_VIS5mi.png
9,4,"[0.0037, 0.0045, 0.0159, 0.0305, 0.0416, 0.0676, 0.1078, 0.1662, 0.0201, 0.5421]",0.5420807600021362,2024-07-24-16-43-44/SITE575_ORNT85_VIS5mi.png
0,4,"[0.5244, 0.2144, 0.1357, 0.0579, 0.0339, 0.0160, 0.0052, 0.0106, 0.0015, 0.0004]",0.5243856906890869,2024-12-27-14-55-32/SITE446_ORNT10_VIS5mi.png
5,4,"[0.0112, 0.0361, 0.0651, 0.0962, 0.1389, 0.1951, 0.1910, 0.1516, 0.0884, 0.0264]",0.19506515562534332,2025-02-27-11-22-46/SITE25_ORNT30_VIS5mi.png
0,4,"[0.2387, 0.1851, 0.1554, 0.1177, 0.0974, 0.0695, 0.0460, 0.0571, 0.0177, 0.0154]",0.23873990774154663,2025-01-15-12-14-16/SITE358_ORNT290_VIS5mi.png
0,4,"[0.2652, 0.1919, 0.1605, 0.1052, 0.0898, 0.0648, 0.0393, 0.0524, 0.0171, 0.0138]",0.2651948034763336,2025-02-19-12-18-05/SITE309_ORNT325_VIS5mi.png
1,4,"[0.1587, 0.1788, 0.1516, 0.1585, 0.1180, 0.0804, 0.0618, 0.0633, 0.0153, 0.0136]",0.17876534163951874,2024-07-02-16-22-41/SITE169_ORNT57_VIS5mi.png
7,4,"[0.0104, 0.0239, 0.0487, 0.1123, 0.1271, 0.1592, 0.1939, 0.2147, 0.0207, 0.0891]",0.21466556191444397,2024-07-25-10-00-39/SITE581_ORNT160_VIS5mi.png
9,4,"[0.0023, 0.0043, 0.0164, 0.0440, 0.0634, 0.0983, 0.1740, 0.2558, 0.0319, 0.3095]",0.3095265030860901,2024-09-08-16-00-24/SITE545_ORNT320_VIS5mi.png
1,4,"[0.2131, 0.2318, 0.1595, 0.1570, 0.0957, 0.0559, 0.0414, 0.0372, 0.0051, 0.0031]",0.23180529475212097,2024-08-18-13-20-24/SITE435_ORNT15_VIS5mi.png
1,4,"[0.1914, 0.2042, 0.1534, 0.1508, 0.1056, 0.0687, 0.0552, 0.0524, 0.0096, 0.0087]",0.20423470437526703,2024-07-26-10-22-16/SITE13_ORNT10_VIS5mi.png
8,4,"[0.0065, 0.0157, 0.0439, 0.0429, 0.0817, 0.1511, 0.0999, 0.1116, 0.3573, 0.0894]",0.35732007026672363,2024-06-03-13-44-33/SITE327_ORNT145_VIS5mi.png
1,4,"[0.1752, 0.1999, 0.1794, 0.1292, 0.1125, 0.0985, 0.0335, 0.0391, 0.0311, 0.0016]",0.1999371200799942,2025-02-14-15-24-27/SITE377_ORNT0_VIS5mi.png
1,4,"[0.1443, 0.1951, 0.1518, 0.1701, 0.1192, 0.0806, 0.0674, 0.0542, 0.0109, 0.0063]",0.19510924816131592,2024-09-08-13-07-06/SITE178_ORNT110_VIS5mi.png
7,4,"[0.0374, 0.0636, 0.0886, 0.1397, 0.1439, 0.1339, 0.1468, 0.1562, 0.0281, 0.0617]",0.156234011054039,2024-07-14-13-28-24/SITE19_ORNT60_VIS5mi.png
9,4,"[0.0180, 0.0264, 0.0597, 0.0618, 0.0892, 0.1240, 0.0977, 0.1252, 0.1834, 0.2146]",0.2145824283361435,2024-09-08-13-07-06/SITE327_ORNT330_VIS5mi.png
0,4,"[0.1521, 0.1320, 0.1358, 0.1255, 0.1133, 0.0845, 0.0722, 0.1012, 0.0160, 0.0676]",0.1520545780658722,2025-01-23-15-05-27/SITE14_ORNT35_VIS5mi.png
9,4,"[0.0462, 0.0427, 0.0697, 0.0793, 0.0863, 0.0931, 0.1055, 0.1468, 0.0226, 0.3079]",0.3079043924808502,2024-04-30-13-21-52/SITE14_ORNT150_VIS5mi.png
0,4,"[0.1974, 0.1632, 0.1480, 0.1183, 0.1050, 0.0773, 0.0587, 0.0751, 0.0211, 0.0358]",0.197432279586792,2025-03-26-12-24-08/SITE519_ORNT200_VIS5mi.png
5,4,"[0.0352, 0.0683, 0.0961, 0.1312, 0.1449, 0.1536, 0.1512, 0.1345, 0.0434, 0.0416]",0.15362192690372467,2024-10-07-14-17-08/SITE490_ORNT280_VIS5mi.png
5,4,"[0.0630, 0.0847, 0.1114, 0.1105, 0.1258, 0.1343, 0.1070, 0.1155, 0.0711, 0.0768]",0.13425175845623016,2024-07-18-14-04-18/SITE40_ORNT295_VIS5mi.png
0,4,"[0.1734, 0.1527, 0.1447, 0.1036, 0.0990, 0.0995, 0.0886, 0.0788, 0.0287, 0.0309]",0.17340581119060516,2025-05-10-19-27-56/SITE13_ORNT85_VIS5mi.png
4,4,"[0.0630, 0.0858, 0.1079, 0.1265, 0.1344, 0.1282, 0.1207, 0.1295, 0.0412, 0.0628]",0.13442973792552948,2025-01-28-16-10-28/SITE25_ORNT225_VIS5mi.png
3,4,"[0.1019, 0.1238, 0.1253, 0.1370, 0.1241, 0.1071, 0.1070, 0.0987, 0.0256, 0.0496]",0.13702349364757538,2024-05-07-15-42-07/SITE577_ORNT10_VIS5mi.png
3,4,"[0.0522, 0.0937, 0.1026, 0.1771, 0.1521, 0.1136, 0.1368, 0.1324, 0.0151, 0.0244]",0.17707543075084686,2025-03-04-14-20-15/SITE203_ORNT70_VIS5mi.png
7,4,"[0.0483, 0.0640, 0.0875, 0.1147, 0.1202, 0.1177, 0.1427, 0.1575, 0.0233, 0.1243]",0.15754815936088562,2024-10-20-11-35-46/SITE82_ORNT235_VIS5mi.png
3,4,"[0.0942, 0.1426, 0.1390, 0.1656, 0.1424, 0.1079, 0.0866, 0.0852, 0.0212, 0.0154]",0.16556724905967712,2025-01-23-15-05-27/SITE420_ORNT275_VIS5mi.png
3,4,"[0.0916, 0.1359, 0.1324, 0.1483, 0.1352, 0.1164, 0.1050, 0.0899, 0.0226, 0.0227]",0.1483391970396042,2024-06-27-10-23-10/SITE41_ORNT335_VIS5mi.png
7,4,"[0.0079, 0.0206, 0.0436, 0.0961, 0.1268, 0.1545, 0.1942, 0.2361, 0.0339, 0.0862]",0.23612135648727417,2024-06-22-10-56-07/SITE234_ORNT304_VIS5mi.png
3,4,"[0.0787, 0.1212, 0.1226, 0.1417, 0.1299, 0.1189, 0.1351, 0.0973, 0.0225, 0.0323]",0.14168968796730042,2025-03-04-14-20-15/SITE417_ORNT315_VIS5mi.png
6,4,"[0.0143, 0.0413, 0.0616, 0.1097, 0.1239, 0.1582, 0.2766, 0.1603, 0.0208, 0.0333]",0.2765895128250122,2024-08-02-13-37-25/SITE241_ORNT34_VIS5mi.png
7,4,"[0.0081, 0.0359, 0.0616, 0.1422, 0.1729, 0.1654, 0.1802, 0.1915, 0.0275, 0.0147]",0.19148026406764984,2024-07-05-10-36-13/SITE203_ORNT220_VIS5mi.png
6,4,"[0.0331, 0.0810, 0.0886, 0.1372, 0.1281, 0.1381, 0.2419, 0.1156, 0.0144, 0.0221]",0.24191346764564514,2024-07-02-16-22-41/SITE417_ORNT315_VIS5mi.png
3,4,"[0.0816, 0.1168, 0.1261, 0.1433, 0.1407, 0.1166, 0.1036, 0.1053, 0.0321, 0.0339]",0.143345907330513,2024-08-31-14-30-34/SITE251_ORNT140_VIS5mi.png
6,4,"[0.0440, 0.0771, 0.0988, 0.1284, 0.1431, 0.1410, 0.1438, 0.1350, 0.0468, 0.0420]",0.14382776618003845,2024-06-03-13-44-33/SITE25_ORNT30_VIS5mi.png
9,4,"[0.0203, 0.0229, 0.0507, 0.0715, 0.0861, 0.0951, 0.1000, 0.1786, 0.0331, 0.3416]",0.34160172939300537,2025-03-26-14-35-40/SITE22_ORNT190_VIS5mi.png
9,4,"[0.0601, 0.0606, 0.0875, 0.0970, 0.1046, 0.1003, 0.0993, 0.1398, 0.0402, 0.2107]",0.21073293685913086,2024-05-23-15-19-49/SITE13_ORNT10_VIS5mi.png
6,4,"[0.0059, 0.0357, 0.0505, 0.1031, 0.1220, 0.2210, 0.3270, 0.1168, 0.0108, 0.0073]",0.32699263095855713,2024-06-17-10-37-40/SITE19_ORNT260_VIS5mi.png
1,4,"[0.1269, 0.1727, 0.1451, 0.1677, 0.1313, 0.0880, 0.0712, 0.0732, 0.0120, 0.0118]",0.17267535626888275,2024-04-25-17-48-06/SITE244_ORNT177_VIS5mi.png
5,4,"[0.0762, 0.0910, 0.1191, 0.1009, 0.1195, 0.1301, 0.0954, 0.1088, 0.0715, 0.0875]",0.13014119863510132,2025-03-04-14-20-15/SITE205_ORNT230_VIS5mi.png
5,4,"[0.0343, 0.0737, 0.1121, 0.1038, 0.1359, 0.1886, 0.1128, 0.0980, 0.1188, 0.0221]",0.18858090043067932,2024-05-27-19-19-47/SITE490_ORNT280_VIS5mi.png
3,4,"[0.0683, 0.1441, 0.1158, 0.2036, 0.1555, 0.0887, 0.1180, 0.0930, 0.0082, 0.0047]",0.2035941183567047,2024-08-15-16-44-48/SITE215_ORNT330_VIS5mi.png
8,4,"[0.0109, 0.0316, 0.0677, 0.0465, 0.0900, 0.1946, 0.0909, 0.0774, 0.3708, 0.0197]",0.3707638084888458,2025-01-15-15-33-17/SITE474_ORNT90_VIS5mi.png
3,4,"[0.0818, 0.0944, 0.1118, 0.1399, 0.1330, 0.1071, 0.0986, 0.1289, 0.0268, 0.0778]",0.13994550704956055,2024-05-23-15-19-49/SITE58_ORNT245_VIS5mi.png
5,4,"[0.0689, 0.1226, 0.1297, 0.1395, 0.1334, 0.1418, 0.1290, 0.0868, 0.0312, 0.0169]",0.1418481022119522,2024-09-07-11-42-21/SITE10_ORNT10_VIS5mi.png
1,4,"[0.1397, 0.1899, 0.1514, 0.1678, 0.1218, 0.0840, 0.0682, 0.0574, 0.0123, 0.0074]",0.18987703323364258,2024-08-02-20-27-22/SITE178_ORNT110_VIS5mi.png
3,4,"[0.0696, 0.1546, 0.1270, 0.2311, 0.1601, 0.0842, 0.0914, 0.0706, 0.0090, 0.0025]",0.23114308714866638,2024-08-02-13-37-25/SITE115_ORNT287_VIS5mi.png
1,4,"[0.1658, 0.2057, 0.1480, 0.1668, 0.1125, 0.0713, 0.0625, 0.0530, 0.0076, 0.0069]",0.2056863009929657,2024-07-14-10-21-23/SITE127_ORNT272_VIS5mi.png
5,4,"[0.0750, 0.1197, 0.1428, 0.1117, 0.1331, 0.1508, 0.0819, 0.0800, 0.0903, 0.0147]",0.15079092979431152,2025-02-01-12-44-07/SITE385_ORNT50_VIS5mi.png
3,4,"[0.1163, 0.1580, 0.1355, 0.1655, 0.1284, 0.0954, 0.0912, 0.0799, 0.0130, 0.0168]",0.16548191010951996,2025-02-11-14-30-47/SITE578_ORNT185_VIS5mi.png
9,4,"[0.0559, 0.0578, 0.0824, 0.1084, 0.1103, 0.0996, 0.1244, 0.1547, 0.0337, 0.1728]",0.1728173792362213,2025-03-05-12-08-53/SITE620_ORNT30_VIS5mi.png
3,4,"[0.0621, 0.1013, 0.1171, 0.1481, 0.1437, 0.1282, 0.1228, 0.1144, 0.0253, 0.0370]",0.14806729555130005,2024-07-01-19-28-49/SITE234_ORNT350_VIS5mi.png
6,4,"[0.0066, 0.0410, 0.0628, 0.0963, 0.1288, 0.2631, 0.2649, 0.1080, 0.0218, 0.0067]",0.26487478613853455,2024-07-02-10-19-43/SITE22_ORNT285_VIS5mi.png
0,4,"[0.2258, 0.1831, 0.1498, 0.1336, 0.1017, 0.0662, 0.0487, 0.0611, 0.0123, 0.0178]",0.22577057778835297,2025-01-31-13-49-43/SITE229_ORNT329_VIS5mi.png
6,4,"[0.0444, 0.0701, 0.0879, 0.1139, 0.1163, 0.1318, 0.1996, 0.1282, 0.0321, 0.0758]",0.19956977665424347,2024-08-26-16-02-03/SITE417_ORNT220_VIS5mi.png
0,4,"[0.1836, 0.1594, 0.1478, 0.1156, 0.1072, 0.0853, 0.0618, 0.0751, 0.0280, 0.0360]",0.18364469707012177,2024-12-10-14-08-09/SITE617_ORNT40_VIS5mi.png
7,4,"[0.0033, 0.0117, 0.0367, 0.0809, 0.1348, 0.1999, 0.1244, 0.2567, 0.0653, 0.0865]",0.2567070424556732,2024-07-18-11-32-15/SITE19_ORNT325_VIS5mi.png
3,4,"[0.0822, 0.1113, 0.1223, 0.1481, 0.1376, 0.1122, 0.1049, 0.1110, 0.0263, 0.0442]",0.14805270731449127,2024-06-20-14-40-34/SITE253_ORNT325_VIS5mi.png
7,4,"[0.0376, 0.0514, 0.0782, 0.0996, 0.1182, 0.1294, 0.1452, 0.1572, 0.0481, 0.1351]",0.15722450613975525,2025-04-22-15-39-35/SITE722_ORNT255_VIS5mi.png
7,4,"[0.0122, 0.0241, 0.0537, 0.0864, 0.1196, 0.1520, 0.1402, 0.1830, 0.1107, 0.1180]",0.1830005645751953,2024-07-22-20-17-56/SITE19_ORNT60_VIS5mi.png
4,4,"[0.0785, 0.1164, 0.1331, 0.1392, 0.1401, 0.1297, 0.0960, 0.0961, 0.0448, 0.0261]",0.1400684416294098,2025-03-06-15-10-58/SITE104_ORNT150_VIS5mi.png
6,4,"[0.0488, 0.1165, 0.1070, 0.1789, 0.1366, 0.1170, 0.1853, 0.0943, 0.0062, 0.0094]",0.18530836701393127,2024-07-02-16-22-41/SITE417_ORNT140_VIS5mi.png
4,4,"[0.0425, 0.0884, 0.1142, 0.1523, 0.1601, 0.1490, 0.1203, 0.1194, 0.0321, 0.0218]",0.16007354855537415,2025-04-07-16-10-10/SITE117_ORNT320_VIS5mi.png
5,4,"[0.0790, 0.1152, 0.1433, 0.1055, 0.1261, 0.1487, 0.0737, 0.0771, 0.1115, 0.0199]",0.14870047569274902,2024-11-19-11-24-38/SITE385_ORNT230_VIS5mi.png
3,4,"[0.0670, 0.1727, 0.1239, 0.1873, 0.1328, 0.1032, 0.1404, 0.0645, 0.0049, 0.0033]",0.18734122812747955,2024-07-29-16-41-43/SITE127_ORNT272_VIS5mi.png
3,4,"[0.0982, 0.1302, 0.1299, 0.1449, 0.1298, 0.1143, 0.1049, 0.0922, 0.0258, 0.0298]",0.14486537873744965,2024-08-29-17-58-30/SITE215_ORNT235_VIS5mi.png
2,4,"[0.1076, 0.1294, 0.1317, 0.1275, 0.1210, 0.1155, 0.1084, 0.0920, 0.0273, 0.0397]",0.1317054033279419,2025-03-15-15-41-34/SITE538_ORNT139_VIS5mi.png
8,4,"[0.0012, 0.0055, 0.0228, 0.0179, 0.0488, 0.1459, 0.0527, 0.0688, 0.6104, 0.0259]",0.6104355454444885,2025-02-10-14-47-56/SITE388_ORNT325_VIS5mi.png
3,4,"[0.0921, 0.1805, 0.1307, 0.2169, 0.1421, 0.0824, 0.0826, 0.0639, 0.0058, 0.0030]",0.21692603826522827,2024-05-09-16-15-37/SITE418_ORNT195_VIS5mi.png
2,4,"[0.1289, 0.1317, 0.1430, 0.1149, 0.1178, 0.1097, 0.0698, 0.0851, 0.0542, 0.0447]",0.1430157870054245,2025-02-04-15-47-48/SITE807_ORNT295_VIS5mi.png
6,4,"[0.0635, 0.0892, 0.1092, 0.1228, 0.1269, 0.1266, 0.1335, 0.1196, 0.0390, 0.0697]",0.1335030198097229,2025-04-02-15-05-32/SITE178_ORNT40_VIS5mi.png
3,4,"[0.0961, 0.1682, 0.1294, 0.1861, 0.1363, 0.0935, 0.1000, 0.0762, 0.0073, 0.0070]",0.18611134588718414,2024-05-21-12-02-34/SITE439_ORNT350_VIS5mi.png
3,4,"[0.0922, 0.1097, 0.1263, 0.1291, 0.1241, 0.1220, 0.1098, 0.1009, 0.0399, 0.0459]",0.1291356384754181,2025-02-17-14-46-26/SITE119_ORNT13_VIS5mi.png
9,4,"[0.0216, 0.0273, 0.0612, 0.0692, 0.0885, 0.1075, 0.0856, 0.1363, 0.1259, 0.2769]",0.2768844664096832,2024-07-07-15-01-32/SITE251_ORNT335_VIS5mi.png
6,4,"[0.0058, 0.0226, 0.0430, 0.1285, 0.1407, 0.1512, 0.2508, 0.2164, 0.0170, 0.0240]",0.25082144141197205,2024-05-27-19-19-47/SITE735_ORNT0_VIS5mi.png
4,4,"[0.0519, 0.0798, 0.1064, 0.1330, 0.1487, 0.1318, 0.1110, 0.1367, 0.0495, 0.0510]",0.14871001243591309,2025-02-01-12-44-07/SITE446_ORNT165_VIS5mi.png
1,4,"[0.2206, 0.2251, 0.1560, 0.1536, 0.0951, 0.0559, 0.0433, 0.0404, 0.0057, 0.0043]",0.22511927783489227,2024-07-02-16-22-41/SITE169_ORNT228_VIS5mi.png
0,4,"[0.1381, 0.1274, 0.1284, 0.1347, 0.1187, 0.0890, 0.0789, 0.0994, 0.0240, 0.0613]",0.1381412148475647,2024-10-13-15-24-41/SITE58_ORNT245_VIS5mi.png
6,4,"[0.0269, 0.0458, 0.0705, 0.0969, 0.1191, 0.1478, 0.1897, 0.1612, 0.0450, 0.0970]",0.18968844413757324,2025-03-28-10-38-15/SITE570_ORNT344_VIS5mi.png
5,4,"[0.0852, 0.1121, 0.1357, 0.1067, 0.1267, 0.1364, 0.0829, 0.0929, 0.0826, 0.0389]",0.13644491136074066,2025-03-29-15-28-57/SITE322_ORNT180_VIS5mi.png
1,4,"[0.1410, 0.1552, 0.1422, 0.1393, 0.1199, 0.0971, 0.0780, 0.0777, 0.0236, 0.0260]",0.155242457985878,2025-03-17-19-09-03/SITE10_ORNT255_VIS5mi.png
0,4,"[0.1774, 0.1676, 0.1561, 0.1259, 0.1140, 0.0910, 0.0517, 0.0657, 0.0333, 0.0173]",0.17738527059555054,2025-01-17-15-10-02/SITE521_ORNT60_VIS5mi.png
2,4,"[0.1168, 0.1353, 0.1547, 0.1069, 0.1192, 0.1280, 0.0618, 0.0745, 0.0780, 0.0248]",0.1547170877456665,2025-02-14-15-24-27/SITE807_ORNT90_VIS5mi.png
5,4,"[0.0160, 0.0386, 0.0709, 0.0834, 0.1248, 0.1930, 0.1554, 0.1229, 0.1612, 0.0338]",0.19298134744167328,2024-09-18-18-13-42/SITE474_ORNT270_VIS5mi.png
3,4,"[0.0664, 0.0996, 0.1073, 0.1543, 0.1382, 0.1026, 0.1304, 0.1497, 0.0072, 0.0444]",0.15428122878074646,2024-08-11-09-28-59/SITE581_ORNT350_VIS5mi.png
3,4,"[0.1201, 0.1489, 0.1349, 0.1523, 0.1268, 0.0965, 0.0891, 0.0852, 0.0186, 0.0275]",0.1523476094007492,2024-05-01-16-21-18/SITE41_ORNT335_VIS5mi.png
0,4,"[0.2322, 0.2176, 0.1469, 0.1573, 0.0948, 0.0496, 0.0448, 0.0461, 0.0041, 0.0066]",0.23220165073871613,2024-12-29-16-00-12/SITE658_ORNT260_VIS5mi.png
8,4,"[0.0199, 0.0318, 0.0674, 0.0722, 0.1030, 0.1349, 0.0992, 0.1355, 0.2027, 0.1334]",0.20269347727298737,2025-02-19-12-18-05/SITE404_ORNT100_VIS5mi.png
4,4,"[0.0358, 0.0717, 0.0965, 0.1468, 0.1568, 0.1430, 0.1370, 0.1399, 0.0352, 0.0373]",0.1567898690700531,2024-08-01-10-54-34/SITE5_ORNT320_VIS5mi.png
0,4,"[0.2950, 0.2312, 0.1502, 0.1381, 0.0783, 0.0407, 0.0281, 0.0317, 0.0037, 0.0031]",0.29495131969451904,2024-08-30-10-00-55/SITE25_ORNT30_VIS5mi.png
6,4,"[0.0591, 0.0812, 0.0962, 0.1366, 0.1332, 0.1152, 0.1493, 0.1465, 0.0227, 0.0598]",0.1492936611175537,2024-08-11-09-28-59/SITE569_ORNT276_VIS5mi.png
7,4,"[0.0121, 0.0282, 0.0516, 0.1027, 0.1275, 0.1485, 0.2091, 0.2175, 0.0311, 0.0719]",0.21746201813220978,2024-10-18-12-30-03/SITE539_ORNT310_VIS5mi.png
1,5,"[0.1504, 0.1768, 0.1486, 0.1499, 0.1178, 0.0849, 0.0730, 0.0662, 0.0166, 0.0158]",0.1767687052488327,2024-10-10-15-17-15/SITE128_ORNT135_VIS6mi.png
6,5,"[0.0315, 0.0473, 0.0748, 0.0922, 0.1124, 0.1485, 0.1733, 0.1441, 0.0576, 0.1184]",0.1732865273952484,2024-10-13-12-27-42/SITE747_ORNT0_VIS6mi.png
1,5,"[0.1367, 0.2036, 0.1466, 0.1882, 0.1248, 0.0758, 0.0628, 0.0501, 0.0082, 0.0033]",0.20357483625411987,2024-07-29-17-46-25/SITE127_ORNT30_VIS6mi.png
7,5,"[0.0029, 0.0099, 0.0288, 0.0758, 0.1163, 0.1594, 0.1791, 0.2652, 0.0794, 0.0833]",0.2651883065700531,2024-08-18-13-20-24/SITE203_ORNT220_VIS6mi.png
9,5,"[0.0068, 0.0074, 0.0239, 0.0433, 0.0526, 0.0651, 0.0853, 0.1759, 0.0278, 0.5119]",0.5118523836135864,2025-04-13-19-09-12/SITE622_ORNT50_VIS6mi.png
5,5,"[0.0589, 0.0864, 0.1201, 0.1002, 0.1267, 0.1509, 0.0828, 0.0935, 0.1463, 0.0342]",0.150941863656044,2025-03-31-13-29-12/SITE506_ORNT0_VIS6mi.png
3,5,"[0.0764, 0.1124, 0.1217, 0.1527, 0.1409, 0.1157, 0.1111, 0.1058, 0.0281, 0.0350]",0.15271387994289398,2024-08-02-10-36-13/SITE22_ORNT100_VIS6mi.png
8,5,"[0.0011, 0.0041, 0.0183, 0.0153, 0.0408, 0.1201, 0.0468, 0.0663, 0.6520, 0.0352]",0.6520288586616516,2024-06-17-10-37-40/SITE377_ORNT0_VIS6mi.png
0,5,"[0.1981, 0.1787, 0.1528, 0.1292, 0.1068, 0.0776, 0.0558, 0.0646, 0.0168, 0.0197]",0.19807039201259613,2025-02-17-14-46-26/SITE33_ORNT90_VIS6mi.png
6,5,"[0.0109, 0.0414, 0.0576, 0.1001, 0.1153, 0.1789, 0.3306, 0.1242, 0.0219, 0.0191]",0.33057644963264465,2024-07-25-18-03-52/SITE22_ORNT190_VIS6mi.png
8,5,"[0.0474, 0.0649, 0.1062, 0.0783, 0.1105, 0.1433, 0.0764, 0.1065, 0.1852, 0.0813]",0.18515868484973907,2025-02-15-16-53-20/SITE165_ORNT290_VIS6mi.png
8,5,"[0.0000, 0.0001, 0.0018, 0.0015, 0.0066, 0.0348, 0.0097, 0.0208, 0.9008, 0.0238]",0.9007774591445923,2024-06-23-11-02-14/SITE345_ORNT225_VIS6mi.png
3,5,"[0.0919, 0.1312, 0.1261, 0.1774, 0.1413, 0.0994, 0.1006, 0.0962, 0.0147, 0.0212]",0.17741696536540985,2024-07-14-10-21-23/SITE12_ORNT270_VIS6mi.png
7,5,"[0.0773, 0.0786, 0.0948, 0.1319, 0.1174, 0.0963, 0.1307, 0.1507, 0.0154, 0.1070]",0.15069758892059326,2024-07-23-10-10-08/SITE719_ORNT20_VIS6mi.png
6,5,"[0.0061, 0.0148, 0.0344, 0.0710, 0.0949, 0.1610, 0.2673, 0.2020, 0.0286, 0.1199]",0.2673085331916809,2024-08-11-13-07-09/SITE747_ORNT0_VIS6mi.png
0,5,"[0.2200, 0.1722, 0.1574, 0.1041, 0.0983, 0.0809, 0.0474, 0.0648, 0.0290, 0.0258]",0.2199992835521698,2025-03-15-15-41-34/SITE437_ORNT260_VIS6mi.png
1,5,"[0.1822, 0.1920, 0.1543, 0.1492, 0.1088, 0.0754, 0.0566, 0.0574, 0.0121, 0.0122]",0.19203858077526093,2025-04-13-19-09-12/SITE161_ORNT141_VIS6mi.png
3,5,"[0.0823, 0.1662, 0.1366, 0.1792, 0.1348, 0.1069, 0.1092, 0.0665, 0.0121, 0.0063]",0.17915326356887817,2024-08-30-17-21-54/SITE22_ORNT285_VIS6mi.png
9,5,"[0.0320, 0.0358, 0.0642, 0.0887, 0.0997, 0.1053, 0.1252, 0.1738, 0.0393, 0.2359]",0.23588190972805023,2025-03-31-15-41-11/SITE829_ORNT100_VIS6mi.png
1,5,"[0.1754, 0.2173, 0.1547, 0.1605, 0.1055, 0.0684, 0.0583, 0.0477, 0.0063, 0.0057]",0.2173253446817398,2024-10-10-15-17-15/SITE160_ORNT237_VIS6mi.png
5,5,"[0.0469, 0.0668, 0.1006, 0.0892, 0.1187, 0.1444, 0.0975, 0.1149, 0.1383, 0.0827]",0.1443880945444107,2025-03-11-17-13-52/SITE494_ORNT270_VIS6mi.png
6,5,"[0.0164, 0.0468, 0.0679, 0.1060, 0.1261, 0.1862, 0.2510, 0.1374, 0.0273, 0.0349]",0.25103870034217834,2024-07-25-18-03-52/SITE557_ORNT291_VIS6mi.png
6,5,"[0.0144, 0.0590, 0.0731, 0.1143, 0.1238, 0.1863, 0.2974, 0.1003, 0.0217, 0.0098]",0.2974071502685547,2024-07-07-15-01-32/SITE22_ORNT190_VIS6mi.png
1,5,"[0.1186, 0.1593, 0.1518, 0.1476, 0.1264, 0.1085, 0.0787, 0.0658, 0.0318, 0.0114]",0.15932875871658325,2024-06-10-18-34-10/SITE123_ORNT67_VIS6mi.png
9,5,"[0.0159, 0.0239, 0.0514, 0.0827, 0.1058, 0.1191, 0.1299, 0.2047, 0.0552, 0.2114]",0.21143963932991028,2025-03-26-12-24-08/SITE11_ORNT308_VIS6mi.png
8,5,"[0.0007, 0.0036, 0.0168, 0.0127, 0.0381, 0.1250, 0.0423, 0.0607, 0.6742, 0.0259]",0.674236536026001,2024-08-18-19-28-16/SITE367_ORNT110_VIS6mi.png
1,5,"[0.1397, 0.1741, 0.1451, 0.1562, 0.1222, 0.0878, 0.0769, 0.0688, 0.0157, 0.0136]",0.1740889996290207,2024-09-15-16-06-51/SITE262_ORNT124_VIS6mi.png
8,5,"[0.0070, 0.0137, 0.0406, 0.0451, 0.0777, 0.1268, 0.0860, 0.1191, 0.3614, 0.1227]",0.3613731265068054,2025-01-28-16-10-28/SITE377_ORNT200_VIS6mi.png
6,5,"[0.0026, 0.0113, 0.0289, 0.0534, 0.0886, 0.2488, 0.3243, 0.1524, 0.0426, 0.0471]",0.32428985834121704,2025-03-18-13-52-55/SITE22_ORNT285_VIS6mi.png
3,5,"[0.0731, 0.1247, 0.1321, 0.1465, 0.1400, 0.1255, 0.1141, 0.0922, 0.0297, 0.0222]",0.14653491973876953,2024-07-28-13-48-26/SITE205_ORNT230_VIS6mi.png
1,5,"[0.1504, 0.1800, 0.1478, 0.1559, 0.1173, 0.0841, 0.0720, 0.0650, 0.0134, 0.0141]",0.1799943894147873,2024-09-08-13-07-06/SITE198_ORNT80_VIS6mi.png
1,5,"[0.1943, 0.2088, 0.1523, 0.1578, 0.1041, 0.0648, 0.0524, 0.0499, 0.0077, 0.0078]",0.20879313349723816,2024-08-30-17-21-54/SITE256_ORNT175_VIS6mi.png
5,5,"[0.0092, 0.0387, 0.0683, 0.0692, 0.1004, 0.2895, 0.2337, 0.0827, 0.0978, 0.0104]",0.2895084023475647,2024-09-20-16-20-08/SITE22_ORNT0_VIS6mi.png
2,5,"[0.0912, 0.1204, 0.1490, 0.1013, 0.1205, 0.1452, 0.0680, 0.0739, 0.1134, 0.0171]",0.1489994376897812,2025-02-10-14-47-56/SITE362_ORNT25_VIS6mi.png
0,5,"[0.1870, 0.1536, 0.1613, 0.0926, 0.1000, 0.0979, 0.0514, 0.0754, 0.0404, 0.0402]",0.18697699904441833,2024-05-22-13-05-54/SITE13_ORNT240_VIS6mi.png
3,5,"[0.1230, 0.1274, 0.1296, 0.1314, 0.1197, 0.0983, 0.0883, 0.0953, 0.0301, 0.0570]",0.1313525140285492,2025-02-01-17-30-02/SITE24_ORNT120_VIS6mi.png
0,5,"[0.4199, 0.2231, 0.1653, 0.0743, 0.0516, 0.0314, 0.0100, 0.0187, 0.0044, 0.0013]",0.4198848009109497,2025-03-02-13-12-40/SITE207_ORNT235_VIS6mi.png
2,5,"[0.1285, 0.1258, 0.1321, 0.1213, 0.1176, 0.0995, 0.0818, 0.0963, 0.0338, 0.0634]",0.13209770619869232,2025-02-14-15-24-27/SITE821_ORNT225_VIS6mi.png
0,5,"[0.1983, 0.1744, 0.1744, 0.1027, 0.1023, 0.0966, 0.0404, 0.0554, 0.0418, 0.0138]",0.19832415878772736,2024-12-16-12-39-30/SITE520_ORNT0_VIS6mi.png
6,5,"[0.0169, 0.0921, 0.0875, 0.1369, 0.1304, 0.2021, 0.2511, 0.0742, 0.0072, 0.0016]",0.2511037290096283,2024-09-27-16-12-40/SITE22_ORNT0_VIS6mi.png
9,5,"[0.0488, 0.0584, 0.0892, 0.0940, 0.1093, 0.1194, 0.1032, 0.1331, 0.0618, 0.1828]",0.1828213930130005,2024-07-25-18-03-52/SITE557_ORNT191_VIS6mi.png
8,5,"[0.0164, 0.0277, 0.0605, 0.0495, 0.0822, 0.1336, 0.0780, 0.0969, 0.3509, 0.1044]",0.3509402275085449,2025-02-27-11-22-46/SITE471_ORNT255_VIS6mi.png
6,5,"[0.0269, 0.0561, 0.0689, 0.1015, 0.1025, 0.1393, 0.3313, 0.1197, 0.0215, 0.0324]",0.33126962184906006,2024-06-28-13-30-05/SITE312_ORNT240_VIS6mi.png
7,5,"[0.0162, 0.0304, 0.0567, 0.0955, 0.1178, 0.1451, 0.1799, 0.1851, 0.0488, 0.1246]",0.18509837985038757,2024-09-29-15-43-38/SITE203_ORNT220_VIS6mi.png
1,5,"[0.1299, 0.1639, 0.1411, 0.1608, 0.1257, 0.0892, 0.0806, 0.0759, 0.0148, 0.0181]",0.1638549566268921,2024-09-12-12-03-32/SITE639_ORNT100_VIS6mi.png
6,5,"[0.0089, 0.0313, 0.0488, 0.0846, 0.0938, 0.1676, 0.4083, 0.1175, 0.0196, 0.0195]",0.40830084681510925,2024-07-28-13-48-26/SITE411_ORNT280_VIS6mi.png
3,5,"[0.0675, 0.1085, 0.1140, 0.1790, 0.1427, 0.1058, 0.1266, 0.1209, 0.0084, 0.0266]",0.17900899052619934,2024-05-28-11-05-32/SITE747_ORNT315_VIS6mi.png
1,5,"[0.1361, 0.1742, 0.1436, 0.1589, 0.1230, 0.0868, 0.0787, 0.0694, 0.0148, 0.0145]",0.17421220242977142,2024-07-23-10-10-08/SITE719_ORNT300_VIS6mi.png
1,5,"[0.1890, 0.2127, 0.1540, 0.1592, 0.1048, 0.0654, 0.0531, 0.0479, 0.0076, 0.0063]",0.21268703043460846,2024-07-07-11-04-33/SITE111_ORNT181_VIS6mi.png
5,5,"[0.0104, 0.0580, 0.0700, 0.1712, 0.1760, 0.1895, 0.1843, 0.1323, 0.0045, 0.0038]",0.18954838812351227,2024-09-15-16-06-51/SITE19_ORNT170_VIS6mi.png
6,5,"[0.0012, 0.0053, 0.0168, 0.0551, 0.0865, 0.1710, 0.2867, 0.2757, 0.0177, 0.0840]",0.28672724962234497,2025-03-02-13-12-40/SITE203_ORNT220_VIS6mi.png
9,5,"[0.0046, 0.0052, 0.0195, 0.0292, 0.0394, 0.0569, 0.0664, 0.1335, 0.0450, 0.6002]",0.6001595854759216,2025-02-04-15-47-48/SITE104_ORNT270_VIS6mi.png
2,5,"[0.0963, 0.1318, 0.1411, 0.1323, 0.1381, 0.1252, 0.0764, 0.0797, 0.0644, 0.0146]",0.14111530780792236,2025-02-27-11-22-46/SITE360_ORNT310_VIS6mi.png
3,5,"[0.0994, 0.1131, 0.1224, 0.1316, 0.1255, 0.1108, 0.0990, 0.1059, 0.0288, 0.0636]",0.1315903216600418,2024-09-08-13-07-06/SITE557_ORNT8_VIS6mi.png
3,5,"[0.0476, 0.0951, 0.1048, 0.1694, 0.1559, 0.1265, 0.1407, 0.1237, 0.0182, 0.0180]",0.1693907082080841,2025-04-13-19-09-12/SITE156_ORNT247_VIS6mi.png
7,5,"[0.0541, 0.0781, 0.1006, 0.1242, 0.1304, 0.1278, 0.1304, 0.1371, 0.0305, 0.0867]",0.13711673021316528,2025-02-15-15-20-00/SITE86_ORNT75_VIS6mi.png
8,5,"[0.0310, 0.0537, 0.0922, 0.0768, 0.1116, 0.1608, 0.0938, 0.1040, 0.2069, 0.0692]",0.20691363513469696,2025-02-10-14-47-56/SITE472_ORNT95_VIS6mi.png
7,5,"[0.0141, 0.0239, 0.0465, 0.0852, 0.0988, 0.1264, 0.1998, 0.2166, 0.0123, 0.1764]",0.21655334532260895,2024-08-16-20-03-50/SITE194_ORNT194_VIS6mi.png
0,5,"[0.1540, 0.1362, 0.1355, 0.1219, 0.1123, 0.0880, 0.0727, 0.0916, 0.0254, 0.0622]",0.15398292243480682,2025-03-06-15-10-58/SITE541_ORNT350_VIS6mi.png
1,5,"[0.1696, 0.1941, 0.1524, 0.1533, 0.1126, 0.0766, 0.0622, 0.0568, 0.0124, 0.0100]",0.19406329095363617,2024-10-14-13-08-27/SITE98_ORNT25_VIS6mi.png
0,5,"[0.2699, 0.1975, 0.1597, 0.1128, 0.0894, 0.0597, 0.0370, 0.0493, 0.0130, 0.0117]",0.26985740661621094,2025-03-02-13-12-40/SITE5_ORNT230_VIS6mi.png
7,5,"[0.0225, 0.0354, 0.0641, 0.0974, 0.1155, 0.1292, 0.1498, 0.1894, 0.0360, 0.1607]",0.1894078105688095,2024-08-24-10-27-52/SITE253_ORNT65_VIS6mi.png
8,5,"[0.0282, 0.0495, 0.0875, 0.0670, 0.1053, 0.1660, 0.0849, 0.0968, 0.2657, 0.0491]",0.26570552587509155,2025-02-02-12-13-03/SITE325_ORNT280_VIS6mi.png
2,5,"[0.1242, 0.1314, 0.1352, 0.1226, 0.1193, 0.1055, 0.0834, 0.0892, 0.0388, 0.0504]",0.13519138097763062,2025-01-22-12-38-15/SITE807_ORNT190_VIS6mi.png
7,5,"[0.0160, 0.0252, 0.0543, 0.0942, 0.1141, 0.1259, 0.1401, 0.2006, 0.0730, 0.1566]",0.2006206065416336,2025-02-15-15-20-00/SITE86_ORNT12_VIS6mi.png
9,5,"[0.0599, 0.0600, 0.0849, 0.0948, 0.1032, 0.1045, 0.1113, 0.1404, 0.0341, 0.2069]",0.2069224864244461,2025-04-14-19-44-02/SITE165_ORNT205_VIS6mi.png
6,5,"[0.0017, 0.0069, 0.0182, 0.0517, 0.0734, 0.1512, 0.4213, 0.2079, 0.0181, 0.0497]",0.4212685227394104,2024-07-25-18-03-52/SITE24_ORNT30_VIS6mi.png
5,5,"[0.0286, 0.0762, 0.1111, 0.0950, 0.1387, 0.2181, 0.1208, 0.1018, 0.0952, 0.0144]",0.2180553525686264,2024-07-07-11-04-33/SITE49_ORNT265_VIS6mi.png
5,5,"[0.0515, 0.0839, 0.1107, 0.1086, 0.1277, 0.1468, 0.1233, 0.1066, 0.0903, 0.0505]",0.1468486338853836,2024-10-06-12-31-10/SITE276_ORNT225_VIS6mi.png
5,5,"[0.0576, 0.0969, 0.1294, 0.0907, 0.1226, 0.1699, 0.0990, 0.0865, 0.1214, 0.0259]",0.16992655396461487,2025-02-05-13-59-56/SITE397_ORNT145_VIS6mi.png
6,5,"[0.0178, 0.0525, 0.0751, 0.1167, 0.1415, 0.1995, 0.2003, 0.1426, 0.0245, 0.0295]",0.20032572746276855,2024-06-16-11-08-10/SITE19_ORNT260_VIS6mi.png
9,5,"[0.0374, 0.0477, 0.0740, 0.0954, 0.1106, 0.1242, 0.1359, 0.1593, 0.0383, 0.1773]",0.17734134197235107,2025-01-15-15-33-17/SITE215_ORNT40_VIS6mi.png
9,5,"[0.0062, 0.0126, 0.0368, 0.0478, 0.0780, 0.1464, 0.1372, 0.1446, 0.1599, 0.2305]",0.2305467277765274,2024-10-14-13-08-27/SITE692_ORNT205_VIS6mi.png
7,5,"[0.0022, 0.0085, 0.0243, 0.0712, 0.1082, 0.1749, 0.2316, 0.2714, 0.0310, 0.0767]",0.27137070894241333,2024-08-30-17-21-54/SITE22_ORNT100_VIS6mi.png
3,5,"[0.1046, 0.1500, 0.1383, 0.1776, 0.1402, 0.0958, 0.0829, 0.0792, 0.0179, 0.0137]",0.17755156755447388,2024-07-28-11-17-19/SITE12_ORNT270_VIS6mi.png
6,5,"[0.0118, 0.0359, 0.0577, 0.1120, 0.1388, 0.1569, 0.2248, 0.2067, 0.0167, 0.0389]",0.22475405037403107,2024-07-24-16-43-44/SITE15_ORNT90_VIS6mi.png
5,5,"[0.0747, 0.0850, 0.1062, 0.1105, 0.1155, 0.1173, 0.1165, 0.1172, 0.0418, 0.1152]",0.11730246245861053,2025-01-31-13-49-43/SITE557_ORNT8_VIS6mi.png
3,5,"[0.0998, 0.1487, 0.1437, 0.1522, 0.1371, 0.1094, 0.0876, 0.0779, 0.0276, 0.0160]",0.15224890410900116,2024-12-29-16-00-12/SITE41_ORNT235_VIS6mi.png
6,5,"[0.0390, 0.0880, 0.1009, 0.1395, 0.1399, 0.1512, 0.1801, 0.1091, 0.0298, 0.0226]",0.180068701505661,2025-03-04-14-20-15/SITE22_ORNT285_VIS6mi.png
0,5,"[0.2913, 0.2386, 0.1542, 0.1410, 0.0763, 0.0392, 0.0249, 0.0289, 0.0030, 0.0025]",0.29130637645721436,2025-02-15-16-53-20/SITE40_ORNT120_VIS6mi.png
9,5,"[0.0506, 0.0486, 0.0793, 0.0882, 0.0962, 0.0902, 0.0861, 0.1458, 0.0414, 0.2735]",0.2735150158405304,2024-07-24-16-43-44/SITE45_ORNT5_VIS6mi.png
0,5,"[0.1627, 0.1455, 0.1407, 0.1330, 0.1141, 0.0846, 0.0672, 0.0851, 0.0222, 0.0450]",0.16266798973083496,2025-01-28-16-10-28/SITE171_ORNT126_VIS6mi.png
5,5,"[0.0059, 0.0222, 0.0501, 0.0608, 0.1128, 0.2605, 0.1795, 0.1401, 0.1364, 0.0318]",0.260483980178833,2024-08-12-20-17-35/SITE22_ORNT0_VIS6mi.png
2,5,"[0.1170, 0.1110, 0.1247, 0.1241, 0.1178, 0.0977, 0.0853, 0.1124, 0.0255, 0.0846]",0.12465167790651321,2025-03-15-15-41-34/SITE230_ORNT45_VIS6mi.png
6,5,"[0.0300, 0.0662, 0.0850, 0.1228, 0.1276, 0.1582, 0.2210, 0.1297, 0.0211, 0.0384]",0.22099268436431885,2024-08-10-09-44-28/SITE747_ORNT0_VIS6mi.png
2,5,"[0.1618, 0.1557, 0.1650, 0.1031, 0.1100, 0.1078, 0.0497, 0.0669, 0.0570, 0.0229]",0.16504983603954315,2025-02-04-15-47-48/SITE725_ORNT295_VIS6mi.png
1,5,"[0.1958, 0.2156, 0.1492, 0.1652, 0.1033, 0.0602, 0.0517, 0.0467, 0.0063, 0.0060]",0.21564531326293945,2024-07-04-10-22-12/SITE421_ORNT170_VIS6mi.png
5,5,"[0.0621, 0.0773, 0.1030, 0.1066, 0.1218, 0.1290, 0.1185, 0.1201, 0.0792, 0.0824]",0.12896156311035156,2024-05-22-13-05-54/SITE471_ORNT255_VIS6mi.png
6,5,"[0.0252, 0.0601, 0.0781, 0.1229, 0.1279, 0.1508, 0.2408, 0.1337, 0.0248, 0.0356]",0.2408284842967987,2025-03-05-12-08-53/SITE834_ORNT220_VIS6mi.png
0,5,"[0.2220, 0.1819, 0.1534, 0.1240, 0.1026, 0.0710, 0.0485, 0.0605, 0.0181, 0.0180]",0.2220049500465393,2025-03-04-14-20-15/SITE421_ORNT240_VIS6mi.png
6,5,"[0.0202, 0.0500, 0.0760, 0.1071, 0.1237, 0.1675, 0.2452, 0.1260, 0.0511, 0.0335]",0.24517744779586792,2024-07-05-10-36-13/SITE7_ORNT55_VIS6mi.png
9,5,"[0.0258, 0.0331, 0.0635, 0.0815, 0.1053, 0.1200, 0.1279, 0.1741, 0.0736, 0.1953]",0.19525118172168732,2025-03-02-11-48-27/SITE203_ORNT70_VIS6mi.png
9,5,"[0.0850, 0.0776, 0.1020, 0.0992, 0.1058, 0.0972, 0.0897, 0.1300, 0.0291, 0.1844]",0.18438497185707092,2024-07-20-15-11-13/SITE198_ORNT248_VIS6mi.png
5,5,"[0.0427, 0.0840, 0.1144, 0.1171, 0.1397, 0.1722, 0.1392, 0.0984, 0.0746, 0.0177]",0.17220565676689148,2024-06-16-15-28-51/SITE483_ORNT95_VIS6mi.png
9,5,"[0.0247, 0.0323, 0.0586, 0.0810, 0.0979, 0.1285, 0.1682, 0.1650, 0.0415, 0.2022]",0.202249214053154,2024-10-06-17-04-59/SITE593_ORNT110_VIS6mi.png
8,5,"[0.0125, 0.0245, 0.0571, 0.0583, 0.0961, 0.1449, 0.0933, 0.1266, 0.2919, 0.0946]",0.29192981123924255,2024-12-16-12-39-30/SITE309_ORNT325_VIS6mi.png
7,5,"[0.0240, 0.0399, 0.0724, 0.0854, 0.1167, 0.1581, 0.1365, 0.1641, 0.0699, 0.1330]",0.16414065659046173,2025-04-01-16-59-16/SITE597_ORNT350_VIS6mi.png
1,5,"[0.1833, 0.2027, 0.1514, 0.1544, 0.1072, 0.0707, 0.0587, 0.0534, 0.0094, 0.0088]",0.2027338743209839,2024-07-04-10-22-12/SITE241_ORNT120_VIS6mi.png
9,5,"[0.0316, 0.0390, 0.0722, 0.0779, 0.0975, 0.1147, 0.1004, 0.1383, 0.0834, 0.2450]",0.24502238631248474,2025-02-19-12-18-05/SITE564_ORNT18_VIS6mi.png
9,5,"[0.0084, 0.0142, 0.0331, 0.0635, 0.0821, 0.1318, 0.2145, 0.2048, 0.0231, 0.2245]",0.2244531512260437,2024-07-25-10-00-39/SITE747_ORNT315_VIS6mi.png
5,5,"[0.0716, 0.1033, 0.1272, 0.1216, 0.1353, 0.1365, 0.0955, 0.0986, 0.0757, 0.0348]",0.1365060806274414,2025-02-10-14-47-56/SITE17_ORNT340_VIS6mi.png
3,5,"[0.0826, 0.1222, 0.1315, 0.1334, 0.1322, 0.1250, 0.1030, 0.0886, 0.0524, 0.0289]",0.13344712555408478,2024-06-29-10-50-12/SITE276_ORNT225_VIS6mi.png
7,5,"[0.0001, 0.0004, 0.0030, 0.0180, 0.0330, 0.0767, 0.3039, 0.3857, 0.0030, 0.1762]",0.38567668199539185,2024-07-04-13-27-11/SITE446_ORNT101_VIS6mi.png
1,5,"[0.1784, 0.1944, 0.1470, 0.1591, 0.1112, 0.0705, 0.0607, 0.0590, 0.0089, 0.0109]",0.1944054663181305,2024-08-19-10-27-18/SITE572_ORNT325_VIS6mi.png
6,5,"[0.0474, 0.0970, 0.1074, 0.1488, 0.1449, 0.1334, 0.1599, 0.1154, 0.0232, 0.0226]",0.1599341183900833,2024-07-24-16-43-44/SITE111_ORNT246_VIS6mi.png
6,5,"[0.0486, 0.0876, 0.1049, 0.1351, 0.1388, 0.1388, 0.1574, 0.1196, 0.0327, 0.0365]",0.15741565823554993,2024-10-14-13-08-27/SITE426_ORNT250_VIS6mi.png
0,5,"[0.1940, 0.1787, 0.1520, 0.1241, 0.1061, 0.0809, 0.0596, 0.0637, 0.0219, 0.0190]",0.1939859688282013,2025-02-14-15-24-27/SITE821_ORNT135_VIS6mi.png
9,5,"[0.0115, 0.0135, 0.0340, 0.0488, 0.0622, 0.0883, 0.1072, 0.1561, 0.0332, 0.4451]",0.4450903534889221,2024-10-14-13-08-27/SITE692_ORNT335_VIS6mi.png
1,5,"[0.1229, 0.1700, 0.1442, 0.1588, 0.1309, 0.0950, 0.0782, 0.0715, 0.0178, 0.0108]",0.17001372575759888,2024-05-08-14-34-39/SITE388_ORNT115_VIS6mi.png
9,5,"[0.0081, 0.0123, 0.0328, 0.0650, 0.0866, 0.1108, 0.1323, 0.2291, 0.0425, 0.2806]",0.28064852952957153,4-9-24-5-23-PM/SITE75_ORNT75_VIS6mi.png
6,5,"[0.0021, 0.0124, 0.0294, 0.0500, 0.0844, 0.2528, 0.3794, 0.1250, 0.0444, 0.0202]",0.3794071078300476,2024-09-20-16-20-08/SITE22_ORNT285_VIS6mi.png
5,5,"[0.0222, 0.0512, 0.0803, 0.1284, 0.1516, 0.1605, 0.1512, 0.1526, 0.0637, 0.0383]",0.160529226064682,2024-07-14-10-21-23/SITE12_ORNT200_VIS6mi.png
2,5,"[0.0927, 0.1382, 0.1590, 0.1276, 0.1385, 0.1443, 0.0550, 0.0648, 0.0753, 0.0047]",0.1589985340833664,2024-12-29-16-00-12/SITE520_ORNT270_VIS6mi.png
0,5,"[0.2045, 0.1732, 0.1489, 0.1315, 0.1070, 0.0767, 0.0556, 0.0645, 0.0195, 0.0185]",0.20449283719062805,2024-12-17-16-15-56/SITE561_ORNT145_VIS6mi.png
3,5,"[0.0838, 0.1038, 0.1241, 0.1490, 0.1417, 0.1194, 0.0894, 0.1041, 0.0580, 0.0267]",0.14900372922420502,2025-02-02-12-13-03/SITE325_ORNT60_VIS6mi.png
6,5,"[0.0573, 0.0962, 0.1045, 0.1553, 0.1381, 0.1182, 0.1638, 0.1172, 0.0234, 0.0259]",0.16375550627708435,2024-06-16-15-28-51/SITE426_ORNT130_VIS6mi.png
9,5,"[0.0173, 0.0213, 0.0469, 0.0717, 0.0882, 0.1039, 0.1179, 0.1863, 0.0427, 0.3039]",0.30389973521232605,2024-08-02-13-37-25/SITE581_ORNT350_VIS6mi.png
6,5,"[0.0043, 0.0102, 0.0239, 0.0533, 0.0655, 0.1344, 0.4318, 0.1615, 0.0224, 0.0927]",0.43179360032081604,2024-12-29-16-00-12/SITE17_ORNT280_VIS6mi.png
5,5,"[0.0015, 0.0056, 0.0226, 0.0378, 0.0706, 0.3220, 0.2299, 0.1354, 0.0904, 0.0843]",0.321987122297287,2025-03-17-19-09-03/SITE22_ORNT285_VIS6mi.png
1,5,"[0.2169, 0.2207, 0.1526, 0.1582, 0.0972, 0.0558, 0.0446, 0.0428, 0.0056, 0.0056]",0.22069476544857025,2024-08-24-13-47-04/SITE58_ORNT175_VIS6mi.png
2,5,"[0.1007, 0.1156, 0.1277, 0.1252, 0.1273, 0.1144, 0.0929, 0.1048, 0.0385, 0.0531]",0.12767325341701508,2025-02-19-12-18-05/SITE25_ORNT225_VIS6mi.png
1,5,"[0.1772, 0.1896, 0.1502, 0.1489, 0.1103, 0.0757, 0.0624, 0.0596, 0.0127, 0.0133]",0.18959809839725494,2024-05-21-12-02-34/SITE543_ORNT126_VIS6mi.png
3,5,"[0.1061, 0.1479, 0.1355, 0.1600, 0.1316, 0.1009, 0.0944, 0.0848, 0.0171, 0.0216]",0.15997767448425293,2024-09-07-13-37-18/SITE607_ORNT180_VIS6mi.png
0,5,"[0.1701, 0.1558, 0.1428, 0.1269, 0.1125, 0.0862, 0.0667, 0.0772, 0.0269, 0.0348]",0.1701265275478363,2025-03-04-14-20-15/SITE542_ORNT350_VIS6mi.png
3,5,"[0.1064, 0.1371, 0.1296, 0.1660, 0.1352, 0.0965, 0.0906, 0.0949, 0.0156, 0.0281]",0.16599208116531372,2025-03-28-10-38-15/SITE658_ORNT305_VIS6mi.png
2,5,"[0.1431, 0.1464, 0.1725, 0.0845, 0.1035, 0.1268, 0.0446, 0.0612, 0.0997, 0.0178]",0.17245782911777496,2025-02-15-15-20-00/SITE397_ORNT345_VIS6mi.png
8,5,"[0.0000, 0.0003, 0.0029, 0.0018, 0.0084, 0.0550, 0.0184, 0.0161, 0.8867, 0.0104]",0.8866906762123108,2024-05-31-15-13-16/SITE343_ORNT360_VIS6mi.png
9,5,"[0.0396, 0.0463, 0.0780, 0.0801, 0.1038, 0.1247, 0.1194, 0.1368, 0.1068, 0.1646]",0.16455398499965668,2025-02-11-14-30-47/SITE340_ORNT330_VIS6mi.png
0,5,"[0.1744, 0.1379, 0.1333, 0.1323, 0.1082, 0.0773, 0.0745, 0.0901, 0.0180, 0.0540]",0.17437836527824402,2024-11-19-11-24-38/SITE542_ORNT80_VIS6mi.png
8,5,"[0.0024, 0.0080, 0.0279, 0.0228, 0.0551, 0.1445, 0.0770, 0.0761, 0.5371, 0.0493]",0.5371112823486328,2025-04-16-13-54-24/SITE404_ORNT180_VIS6mi.png
5,5,"[0.0079, 0.0522, 0.0692, 0.1807, 0.1874, 0.2197, 0.1477, 0.1292, 0.0037, 0.0024]",0.21966469287872314,2024-06-16-15-28-51/SITE19_ORNT170_VIS6mi.png
2,5,"[0.1285, 0.1518, 0.1743, 0.0962, 0.1132, 0.1338, 0.0526, 0.0617, 0.0759, 0.0120]",0.1743008941411972,2025-03-02-11-48-27/SITE528_ORNT235_VIS6mi.png
0,5,"[0.3922, 0.2283, 0.1581, 0.0909, 0.0583, 0.0320, 0.0131, 0.0215, 0.0039, 0.0016]",0.3921513557434082,2025-03-02-13-12-40/SITE207_ORNT75_VIS6mi.png
9,5,"[0.0355, 0.0451, 0.0725, 0.0887, 0.1061, 0.1256, 0.1329, 0.1505, 0.0495, 0.1936]",0.19356098771095276,2024-07-29-16-41-43/SITE692_ORNT335_VIS6mi.png
6,5,"[0.0721, 0.1332, 0.1091, 0.1810, 0.1224, 0.1002, 0.1823, 0.0852, 0.0052, 0.0093]",0.18230552971363068,2024-08-02-13-37-25/SITE438_ORNT208_VIS6mi.png
4,5,"[0.0782, 0.1180, 0.1384, 0.1392, 0.1511, 0.1314, 0.0775, 0.1039, 0.0395, 0.0228]",0.15114347636699677,2025-01-15-15-33-17/SITE339_ORNT90_VIS6mi.png
9,5,"[0.0697, 0.0716, 0.0954, 0.1027, 0.1101, 0.1104, 0.1210, 0.1288, 0.0535, 0.1367]",0.1367117464542389,2025-01-15-15-33-17/SITE629_ORNT125_VIS6mi.png
7,5,"[0.0930, 0.0947, 0.1111, 0.1184, 0.1175, 0.1036, 0.1042, 0.1186, 0.0320, 0.1069]",0.11855635792016983,2025-03-18-13-52-55/SITE161_ORNT192_VIS6mi.png
7,5,"[0.0580, 0.0675, 0.0957, 0.1081, 0.1194, 0.1205, 0.1086, 0.1329, 0.0615, 0.1278]",0.13287831842899323,2024-07-29-16-41-43/SITE593_ORNT255_VIS6mi.png
1,5,"[0.1842, 0.2121, 0.1536, 0.1605, 0.1052, 0.0670, 0.0552, 0.0481, 0.0078, 0.0063]",0.21211020648479462,2024-08-31-14-30-34/SITE10_ORNT255_VIS6mi.png
8,5,"[0.0013, 0.0023, 0.0133, 0.0155, 0.0302, 0.0643, 0.0444, 0.0979, 0.3805, 0.3503]",0.3804718255996704,2024-06-14-14-13-33/SITE239_ORNT202_VIS6mi.png
0,5,"[0.5393, 0.2225, 0.1333, 0.0540, 0.0279, 0.0123, 0.0030, 0.0067, 0.0008, 0.0002]",0.5393183827400208,2025-03-31-15-41-11/SITE193_ORNT295_VIS6mi.png
2,5,"[0.1181, 0.1313, 0.1322, 0.1299, 0.1216, 0.1038, 0.0900, 0.0911, 0.0347, 0.0474]",0.1321694701910019,2024-12-24-15-14-57/SITE417_ORNT220_VIS6mi.png
5,5,"[0.0182, 0.0687, 0.0859, 0.1306, 0.1516, 0.2057, 0.1957, 0.1211, 0.0136, 0.0089]",0.20566730201244354,2024-07-22-20-17-56/SITE22_ORNT0_VIS6mi.png
8,5,"[0.0006, 0.0016, 0.0107, 0.0141, 0.0332, 0.0972, 0.0771, 0.0930, 0.4598, 0.2126]",0.45984286069869995,2025-02-12-14-37-35/SITE397_ORNT270_VIS6mi.png
6,5,"[0.0551, 0.0869, 0.1032, 0.1390, 0.1329, 0.1259, 0.1530, 0.1261, 0.0238, 0.0541]",0.1529809981584549,2025-03-31-13-29-12/SITE76_ORNT60_VIS6mi.png
0,5,"[0.2796, 0.2252, 0.1430, 0.1404, 0.0842, 0.0439, 0.0350, 0.0383, 0.0051, 0.0053]",0.2796116769313812,2024-08-18-13-20-24/SITE45_ORNT5_VIS6mi.png
3,5,"[0.0622, 0.0807, 0.1053, 0.1301, 0.1288, 0.1184, 0.1158, 0.1294, 0.0343, 0.0951]",0.13010764122009277,2025-03-31-15-41-11/SITE178_ORNT300_VIS6mi.png
6,5,"[0.0472, 0.0707, 0.0942, 0.1232, 0.1340, 0.1310, 0.1538, 0.1427, 0.0463, 0.0570]",0.15376140177249908,2024-09-08-13-07-06/SITE623_ORNT180_VIS6mi.png
5,5,"[0.0642, 0.0766, 0.1053, 0.0954, 0.1146, 0.1369, 0.1072, 0.1220, 0.0681, 0.1099]",0.1368802785873413,2024-07-14-16-38-50/SITE597_ORNT115_VIS6mi.png
3,5,"[0.0649, 0.0928, 0.1077, 0.1573, 0.1351, 0.1096, 0.1335, 0.1373, 0.0096, 0.0521]",0.157326802611351,2024-08-10-09-44-28/SITE747_ORNT315_VIS6mi.png
6,5,"[0.0220, 0.0616, 0.0813, 0.1203, 0.1330, 0.1715, 0.2318, 0.1279, 0.0242, 0.0264]",0.23182928562164307,2024-06-29-15-18-41/SITE19_ORNT325_VIS6mi.png
8,5,"[0.0313, 0.0452, 0.0820, 0.0680, 0.0996, 0.1427, 0.0945, 0.1105, 0.2194, 0.1068]",0.21941810846328735,2025-03-03-11-33-30/SITE510_ORNT90_VIS6mi.png
5,5,"[0.0819, 0.1176, 0.1513, 0.0931, 0.1190, 0.1553, 0.0687, 0.0718, 0.1240, 0.0172]",0.15526193380355835,2025-03-02-11-48-27/SITE528_ORNT310_VIS6mi.png
8,5,"[0.0002, 0.0012, 0.0080, 0.0096, 0.0289, 0.0949, 0.0442, 0.0717, 0.6950, 0.0464]",0.6949712634086609,2024-08-10-09-44-28/SITE407_ORNT215_VIS6mi.png
7,5,"[0.0068, 0.0152, 0.0344, 0.0750, 0.0987, 0.1333, 0.2289, 0.2555, 0.0168, 0.1353]",0.255460649728775,2024-09-07-13-37-18/SITE209_ORNT260_VIS6mi.png
9,5,"[0.0265, 0.0350, 0.0625, 0.0890, 0.1044, 0.1046, 0.1223, 0.2026, 0.0182, 0.2349]",0.2349092662334442,2024-08-18-19-28-16/SITE203_ORNT335_VIS6mi.png
3,5,"[0.0471, 0.0891, 0.1104, 0.1592, 0.1589, 0.1318, 0.1229, 0.1193, 0.0366, 0.0246]",0.1591547280550003,2024-06-05-18-49-24/SITE33_ORNT215_VIS6mi.png
2,5,"[0.1248, 0.1106, 0.1304, 0.1210, 0.1153, 0.0891, 0.0685, 0.1095, 0.0277, 0.1030]",0.13041485846042633,2025-01-31-13-49-43/SITE557_ORNT191_VIS6mi.png
7,5,"[0.0596, 0.0722, 0.1000, 0.1105, 0.1250, 0.1184, 0.1084, 0.1356, 0.0526, 0.1178]",0.13558287918567657,2024-07-24-16-43-44/SITE719_ORNT300_VIS6mi.png
6,5,"[0.0469, 0.0746, 0.0904, 0.1112, 0.1162, 0.1321, 0.2047, 0.1301, 0.0263, 0.0675]",0.20472325384616852,2024-05-09-16-15-37/SITE8_ORNT278_VIS6mi.png
0,5,"[0.3080, 0.1957, 0.1627, 0.0952, 0.0786, 0.0573, 0.0306, 0.0453, 0.0155, 0.0111]",0.30796584486961365,2025-02-05-13-59-56/SITE852_ORNT45_VIS6mi.png
5,5,"[0.0649, 0.1045, 0.1303, 0.1098, 0.1332, 0.1542, 0.1019, 0.0928, 0.0803, 0.0281]",0.1541513055562973,2024-07-25-18-03-52/SITE327_ORNT145_VIS6mi.png
8,5,"[0.0101, 0.0272, 0.0601, 0.0537, 0.0964, 0.1832, 0.1187, 0.1030, 0.3050, 0.0427]",0.3049638271331787,2024-10-15-10-59-57/SITE385_ORNT50_VIS6mi.png
9,5,"[0.0367, 0.0401, 0.0696, 0.0767, 0.0931, 0.1101, 0.1015, 0.1475, 0.0458, 0.2791]",0.2791344225406647,2024-10-06-17-04-59/SITE593_ORNT10_VIS6mi.png
8,5,"[0.0191, 0.0463, 0.0912, 0.0453, 0.0874, 0.2086, 0.0769, 0.0662, 0.3443, 0.0147]",0.3443351984024048,2024-12-23-15-38-40/SITE355_ORNT70_VIS6mi.png
8,5,"[0.0003, 0.0010, 0.0076, 0.0142, 0.0336, 0.0734, 0.0605, 0.1197, 0.5765, 0.1133]",0.5765488743782043,2024-05-13-18-48-49/SITE26_ORNT250_VIS6mi.png
8,5,"[0.0002, 0.0011, 0.0073, 0.0056, 0.0210, 0.0904, 0.0282, 0.0400, 0.7906, 0.0157]",0.7905941605567932,2024-06-07-11-09-12/SITE355_ORNT130_VIS6mi.png
6,5,"[0.0271, 0.0499, 0.0789, 0.0930, 0.1190, 0.1617, 0.1668, 0.1320, 0.0892, 0.0823]",0.16677725315093994,2025-01-17-15-10-02/SITE22_ORNT285_VIS6mi.png
9,5,"[0.0105, 0.0158, 0.0421, 0.0571, 0.0811, 0.1139, 0.1115, 0.1533, 0.1585, 0.2561]",0.25610825419425964,2025-04-02-15-05-32/SITE215_ORNT130_VIS6mi.png
2,5,"[0.1473, 0.1661, 0.1904, 0.0908, 0.1064, 0.1303, 0.0375, 0.0505, 0.0736, 0.0072]",0.19037486612796783,2025-02-15-15-20-00/SITE397_ORNT145_VIS6mi.png
9,5,"[0.0071, 0.0119, 0.0330, 0.0556, 0.0809, 0.1181, 0.1491, 0.1978, 0.0532, 0.2933]",0.29330766201019287,2025-02-17-14-46-26/SITE129_ORNT266_VIS6mi.png
3,5,"[0.1184, 0.1321, 0.1301, 0.1407, 0.1243, 0.0987, 0.0906, 0.0966, 0.0216, 0.0468]",0.14074811339378357,2024-08-02-20-27-22/SITE171_ORNT315_VIS6mi.png
1,5,"[0.0829, 0.1731, 0.1585, 0.1302, 0.1281, 0.1367, 0.0980, 0.0531, 0.0364, 0.0030]",0.17309434711933136,2025-02-27-11-22-46/SITE358_ORNT285_VIS6mi.png
7,5,"[0.0724, 0.0836, 0.1041, 0.1236, 0.1209, 0.1114, 0.1132, 0.1293, 0.0313, 0.1102]",0.12926137447357178,2024-10-14-13-08-27/SITE7_ORNT312_VIS6mi.png
3,5,"[0.1104, 0.1363, 0.1356, 0.1429, 0.1287, 0.1055, 0.0910, 0.0891, 0.0281, 0.0323]",0.14294330775737762,2024-12-20-15-16-09/SITE40_ORNT295_VIS6mi.png
2,5,"[0.1257, 0.1264, 0.1304, 0.1274, 0.1191, 0.0983, 0.0855, 0.0957, 0.0319, 0.0595]",0.1303769052028656,2025-01-28-16-10-28/SITE5_ORNT155_VIS6mi.png
1,5,"[0.0984, 0.1797, 0.1440, 0.1762, 0.1404, 0.1012, 0.0746, 0.0755, 0.0043, 0.0058]",0.17965823411941528,2025-03-06-15-10-58/SITE22_ORNT0_VIS6mi.png
8,5,"[0.0383, 0.0615, 0.0979, 0.0828, 0.1154, 0.1563, 0.0916, 0.0994, 0.2070, 0.0500]",0.20701831579208374,2024-12-17-16-15-56/SITE366_ORNT40_VIS6mi.png
9,5,"[0.0434, 0.0446, 0.0729, 0.0937, 0.1009, 0.0978, 0.1045, 0.1620, 0.0290, 0.2512]",0.2512025535106659,2024-07-23-10-10-08/SITE739_ORNT340_VIS6mi.png
0,5,"[0.2175, 0.1880, 0.1495, 0.1368, 0.1016, 0.0665, 0.0511, 0.0596, 0.0124, 0.0170]",0.21749906241893768,2025-02-17-14-46-26/SITE33_ORNT350_VIS6mi.png
0,5,"[0.2531, 0.1816, 0.1678, 0.0969, 0.0911, 0.0731, 0.0370, 0.0564, 0.0246, 0.0183]",0.2531324028968811,2025-02-04-15-47-48/SITE725_ORNT75_VIS6mi.png
0,5,"[0.2925, 0.2363, 0.1574, 0.1320, 0.0773, 0.0420, 0.0255, 0.0301, 0.0041, 0.0028]",0.29250216484069824,2024-06-06-17-01-51/SITE40_ORNT120_VIS6mi.png
9,5,"[0.0356, 0.0464, 0.0749, 0.0947, 0.1117, 0.1190, 0.1236, 0.1614, 0.0434, 0.1892]",0.18920408189296722,2025-03-28-10-38-15/SITE606_ORNT180_VIS6mi.png
6,5,"[0.0028, 0.0098, 0.0238, 0.0600, 0.0832, 0.1896, 0.3609, 0.1891, 0.0182, 0.0623]",0.3609481453895569,2025-02-15-15-20-00/SITE22_ORNT0_VIS6mi.png
6,5,"[0.0108, 0.0246, 0.0424, 0.0763, 0.0881, 0.1436, 0.3588, 0.1595, 0.0176, 0.0783]",0.35876625776290894,2024-09-07-13-37-18/SITE209_ORNT335_VIS6mi.png
6,5,"[0.0407, 0.1148, 0.1113, 0.1624, 0.1429, 0.1326, 0.1876, 0.0871, 0.0144, 0.0062]",0.18762275576591492,2024-07-29-16-41-43/SITE623_ORNT180_VIS6mi.png
8,5,"[0.0043, 0.0102, 0.0333, 0.0283, 0.0576, 0.1255, 0.0687, 0.0819, 0.4960, 0.0941]",0.4959796965122223,2025-01-26-15-53-06/SITE338_ORNT345_VIS6mi.png
7,5,"[0.0031, 0.0102, 0.0286, 0.0785, 0.1184, 0.1460, 0.1765, 0.3085, 0.0340, 0.0962]",0.3085218667984009,2024-08-18-19-28-16/SITE203_ORNT220_VIS6mi.png
5,5,"[0.0356, 0.0614, 0.0915, 0.1055, 0.1339, 0.1502, 0.1345, 0.1306, 0.0929, 0.0639]",0.1502147912979126,2024-07-20-11-08-20/SITE332_ORNT155_VIS6mi.png
8,5,"[0.0269, 0.0439, 0.0815, 0.0585, 0.0932, 0.1532, 0.0839, 0.0946, 0.2794, 0.0849]",0.27941498160362244,2025-02-11-14-30-47/SITE340_ORNT55_VIS6mi.png
9,5,"[0.0719, 0.0660, 0.0936, 0.0933, 0.1015, 0.0923, 0.0859, 0.1376, 0.0321, 0.2258]",0.22579817473888397,2025-03-31-15-41-11/SITE205_ORNT305_VIS6mi.png
7,5,"[0.0072, 0.0153, 0.0401, 0.0849, 0.1165, 0.1302, 0.1389, 0.2538, 0.0565, 0.1565]",0.2538227140903473,2024-08-02-10-36-13/SITE262_ORNT290_VIS6mi.png
6,5,"[0.0246, 0.0360, 0.0599, 0.0867, 0.1011, 0.1262, 0.1984, 0.1776, 0.0232, 0.1664]",0.19840621948242188,2024-10-10-15-17-15/SITE161_ORNT192_VIS6mi.png
9,5,"[0.0028, 0.0044, 0.0192, 0.0407, 0.0577, 0.0744, 0.0854, 0.2053, 0.0947, 0.4152]",0.41523247957229614,2024-05-13-18-48-49/SITE203_ORNT335_VIS6mi.png
7,5,"[0.0243, 0.0328, 0.0615, 0.1017, 0.1158, 0.1080, 0.1300, 0.2159, 0.0333, 0.1768]",0.21588820219039917,2025-03-06-15-10-58/SITE215_ORNT330_VIS6mi.png
9,5,"[0.0373, 0.0433, 0.0753, 0.0833, 0.0983, 0.1082, 0.1001, 0.1386, 0.0703, 0.2453]",0.2452656775712967,2025-03-04-14-20-15/SITE542_ORNT305_VIS6mi.png
3,5,"[0.0902, 0.1274, 0.1309, 0.1354, 0.1237, 0.1246, 0.1204, 0.0874, 0.0313, 0.0287]",0.13543209433555603,2024-07-07-11-04-33/SITE49_ORNT315_VIS6mi.png
7,5,"[0.0037, 0.0074, 0.0252, 0.0597, 0.0854, 0.1110, 0.1481, 0.2489, 0.0810, 0.2297]",0.24885506927967072,2024-08-19-19-34-52/SITE251_ORNT140_VIS6mi.png
6,5,"[0.0069, 0.0353, 0.0545, 0.1157, 0.1435, 0.1734, 0.2790, 0.1598, 0.0250, 0.0069]",0.27902355790138245,2024-07-29-17-46-25/SITE623_ORNT180_VIS6mi.png
3,5,"[0.0405, 0.1003, 0.1136, 0.1885, 0.1712, 0.1342, 0.1143, 0.1067, 0.0193, 0.0115]",0.18847011029720306,2024-06-29-15-18-41/SITE19_ORNT60_VIS6mi.png
5,5,"[0.0511, 0.0766, 0.1112, 0.0847, 0.1133, 0.1557, 0.1038, 0.0974, 0.1510, 0.0552]",0.15570759773254395,2025-02-10-14-47-56/SITE461_ORNT110_VIS6mi.png
5,5,"[0.0219, 0.0645, 0.1089, 0.0785, 0.1193, 0.2313, 0.1157, 0.0790, 0.1723, 0.0086]",0.23130765557289124,2024-07-05-10-36-13/SITE468_ORNT170_VIS6mi.png
1,6,"[0.1481, 0.2216, 0.1356, 0.2008, 0.1096, 0.0595, 0.0713, 0.0482, 0.0020, 0.0032]",0.22164516150951385,2024-09-08-16-00-24/SITE169_ORNT157_VIS7mi.png
6,6,"[0.0029, 0.0129, 0.0181, 0.0318, 0.0348, 0.1059, 0.7232, 0.0553, 0.0052, 0.0098]",0.7231593132019043,2024-07-28-13-48-26/SITE760_ORNT190_VIS7mi.png
6,6,"[0.0016, 0.0058, 0.0099, 0.0231, 0.0226, 0.0796, 0.7838, 0.0563, 0.0014, 0.0160]",0.7837849855422974,2025-01-31-13-49-43/SITE760_ORNT310_VIS7mi.png
1,6,"[0.1430, 0.1629, 0.1461, 0.1443, 0.1185, 0.0957, 0.0772, 0.0726, 0.0198, 0.0201]",0.16289478540420532,2024-12-16-12-39-30/SITE834_ORNT280_VIS7mi.png
3,6,"[0.1043, 0.0996, 0.1169, 0.1299, 0.1187, 0.0924, 0.0980, 0.1283, 0.0152, 0.0967]",0.12990716099739075,2024-07-23-16-31-18/SITE739_ORNT135_VIS7mi.png
6,6,"[0.0370, 0.0789, 0.1005, 0.1332, 0.1509, 0.1471, 0.1530, 0.1363, 0.0329, 0.0302]",0.15300458669662476,2025-02-27-11-22-46/SITE253_ORNT195_VIS7mi.png
5,6,"[0.0202, 0.0601, 0.0906, 0.0898, 0.1211, 0.2025, 0.1987, 0.0945, 0.1047, 0.0178]",0.202522411942482,2024-12-03-11-18-04/SITE338_ORNT200_VIS7mi.png
1,6,"[0.1203, 0.1870, 0.1467, 0.1711, 0.1266, 0.0888, 0.0795, 0.0614, 0.0115, 0.0072]",0.1869766116142273,2024-07-25-18-03-52/SITE241_ORNT120_VIS7mi.png
9,6,"[0.0167, 0.0183, 0.0442, 0.0602, 0.0729, 0.0846, 0.0877, 0.1559, 0.0524, 0.4070]",0.40703916549682617,2025-03-26-14-35-40/SITE5_ORNT230_VIS7mi.png
6,6,"[0.0637, 0.0929, 0.1068, 0.1255, 0.1257, 0.1243, 0.1527, 0.1200, 0.0320, 0.0562]",0.1527070552110672,2024-05-01-16-21-18/SITE542_ORNT140_VIS7mi.png
6,6,"[0.0259, 0.0494, 0.0715, 0.1239, 0.1334, 0.1409, 0.1911, 0.1765, 0.0241, 0.0633]",0.19108636677265167,2024-06-15-10-59-58/SITE45_ORNT5_VIS7mi.png
5,6,"[0.0356, 0.0748, 0.1165, 0.0832, 0.1189, 0.1865, 0.1013, 0.0861, 0.1755, 0.0216]",0.1864502876996994,2025-04-11-14-52-32/SITE507_ORNT0_VIS7mi.png
8,6,"[0.0035, 0.0102, 0.0329, 0.0269, 0.0578, 0.1356, 0.0699, 0.0765, 0.5259, 0.0609]",0.525885820388794,2025-02-12-14-37-35/SITE362_ORNT305_VIS7mi.png
9,6,"[0.0180, 0.0179, 0.0399, 0.0584, 0.0690, 0.0816, 0.1023, 0.1711, 0.0229, 0.4189]",0.4188568592071533,2024-07-23-10-10-08/SITE578_ORNT295_VIS7mi.png
0,6,"[0.1886, 0.1855, 0.1517, 0.1435, 0.1090, 0.0735, 0.0572, 0.0613, 0.0135, 0.0160]",0.1886419802904129,2025-03-02-13-12-40/SITE125_ORNT35_VIS7mi.png
5,6,"[0.0236, 0.0403, 0.0726, 0.0796, 0.1120, 0.1537, 0.1318, 0.1377, 0.1202, 0.1287]",0.1536504030227661,2024-07-29-17-46-25/SITE692_ORNT205_VIS7mi.png
6,6,"[0.0000, 0.0001, 0.0002, 0.0022, 0.0035, 0.0390, 0.9335, 0.0213, 0.0000, 0.0002]",0.933525800704956,2024-05-30-17-47-26/SITE22_ORNT190_VIS7mi.png
6,6,"[0.0236, 0.0379, 0.0642, 0.0966, 0.1120, 0.1435, 0.1932, 0.1729, 0.0290, 0.1271]",0.19316920638084412,2025-03-31-15-41-11/SITE59_ORNT333_VIS7mi.png
6,6,"[0.0061, 0.0144, 0.0247, 0.0477, 0.0493, 0.1143, 0.5732, 0.1103, 0.0054, 0.0545]",0.5732170939445496,2025-03-11-17-13-52/SITE760_ORNT310_VIS7mi.png
6,6,"[0.0000, 0.0000, 0.0001, 0.0004, 0.0003, 0.0045, 0.9938, 0.0010, 0.0000, 0.0000]",0.9938063621520996,2024-07-18-14-04-18/SITE760_ORNT190_VIS7mi.png
6,6,"[0.0184, 0.0338, 0.0604, 0.0854, 0.1080, 0.1473, 0.2069, 0.1617, 0.0556, 0.1226]",0.20691613852977753,2024-08-19-10-27-18/SITE606_ORNT180_VIS7mi.png
6,6,"[0.0093, 0.0309, 0.0505, 0.0923, 0.1130, 0.1749, 0.3069, 0.1545, 0.0297, 0.0379]",0.3069470524787903,2024-10-06-12-31-10/SITE73_ORNT110_VIS7mi.png
2,6,"[0.1037, 0.1138, 0.1288, 0.1180, 0.1220, 0.1139, 0.0884, 0.1004, 0.0479, 0.0632]",0.12875758111476898,2025-04-11-14-52-32/SITE156_ORNT78_VIS7mi.png
6,6,"[0.0054, 0.0107, 0.0284, 0.0607, 0.0827, 0.1379, 0.2203, 0.2161, 0.0274, 0.2105]",0.22026807069778442,2024-08-02-10-36-13/SITE569_ORNT211_VIS7mi.png
9,6,"[0.0477, 0.0391, 0.0687, 0.0849, 0.0854, 0.0719, 0.0825, 0.1633, 0.0164, 0.3401]",0.3400590121746063,2025-03-02-13-12-40/SITE268_ORNT255_VIS7mi.png
3,6,"[0.0633, 0.0965, 0.1174, 0.1372, 0.1362, 0.1337, 0.1208, 0.1050, 0.0494, 0.0405]",0.1371893435716629,2025-01-22-12-38-15/SITE802_ORNT150_VIS7mi.png
9,6,"[0.0094, 0.0159, 0.0404, 0.0645, 0.0920, 0.1215, 0.1344, 0.1856, 0.1117, 0.2246]",0.22457300126552582,2024-08-16-20-03-50/SITE358_ORNT290_VIS7mi.png
6,6,"[0.0332, 0.0746, 0.0919, 0.1393, 0.1432, 0.1512, 0.1824, 0.1314, 0.0205, 0.0322]",0.1823752373456955,2024-07-24-16-43-44/SITE234_ORNT350_VIS7mi.png
6,6,"[0.0002, 0.0016, 0.0025, 0.0073, 0.0068, 0.0344, 0.9273, 0.0184, 0.0002, 0.0014]",0.9273000955581665,2025-02-04-15-47-48/SITE760_ORNT140_VIS7mi.png
3,6,"[0.0861, 0.1573, 0.1397, 0.1640, 0.1414, 0.1102, 0.1014, 0.0750, 0.0167, 0.0083]",0.16396762430667877,2024-06-01-11-15-19/SITE98_ORNT135_VIS7mi.png
9,6,"[0.0215, 0.0280, 0.0551, 0.0851, 0.1010, 0.1150, 0.1474, 0.1888, 0.0437, 0.2144]",0.21436472237110138,2024-09-08-16-00-24/SITE96_ORNT135_VIS7mi.png
4,6,"[0.0781, 0.0865, 0.1090, 0.1168, 0.1215, 0.1170, 0.1078, 0.1214, 0.0422, 0.0997]",0.12153278291225433,2025-02-14-15-24-27/SITE593_ORNT255_VIS7mi.png
0,6,"[0.2482, 0.1796, 0.1523, 0.1123, 0.0939, 0.0655, 0.0457, 0.0621, 0.0169, 0.0236]",0.24816784262657166,2025-04-13-19-09-12/SITE43_ORNT190_VIS7mi.png
5,6,"[0.0262, 0.0524, 0.0880, 0.0795, 0.1136, 0.1842, 0.1502, 0.1059, 0.1476, 0.0526]",0.1841631531715393,2024-07-28-13-48-26/SITE25_ORNT150_VIS7mi.png
6,6,"[0.0124, 0.0282, 0.0508, 0.1155, 0.1243, 0.1438, 0.2332, 0.2092, 0.0142, 0.0684]",0.2332000583410263,2024-07-22-20-17-56/SITE561_ORNT145_VIS7mi.png
6,6,"[0.0132, 0.0583, 0.0775, 0.1571, 0.1633, 0.1520, 0.2254, 0.1307, 0.0160, 0.0065]",0.22535710036754608,2024-08-11-13-07-09/SITE446_ORNT165_VIS7mi.png
1,6,"[0.1101, 0.2010, 0.1468, 0.1800, 0.1244, 0.0868, 0.0848, 0.0542, 0.0077, 0.0043]",0.2010010927915573,2024-06-30-10-21-08/SITE417_ORNT315_VIS7mi.png
7,6,"[0.0648, 0.0832, 0.0973, 0.1298, 0.1312, 0.1140, 0.1395, 0.1503, 0.0206, 0.0694]",0.150278702378273,2025-04-01-16-59-16/SITE897_ORNT300_VIS7mi.png
8,6,"[0.0060, 0.0153, 0.0427, 0.0387, 0.0746, 0.1544, 0.0999, 0.0924, 0.4074, 0.0686]",0.40741223096847534,2025-02-05-13-59-56/SITE490_ORNT280_VIS7mi.png
3,6,"[0.0830, 0.1044, 0.1147, 0.1566, 0.1389, 0.1019, 0.1009, 0.1307, 0.0155, 0.0534]",0.15661482512950897,2024-07-18-11-32-15/SITE519_ORNT5_VIS7mi.png
6,6,"[0.0041, 0.0134, 0.0291, 0.0567, 0.0776, 0.1798, 0.4125, 0.1442, 0.0259, 0.0568]",0.4125191271305084,2024-06-18-18-07-05/SITE22_ORNT285_VIS7mi.png
9,6,"[0.0141, 0.0179, 0.0414, 0.0654, 0.0822, 0.1020, 0.1209, 0.1869, 0.0376, 0.3316]",0.3315892219543457,2025-02-15-16-53-20/SITE115_ORNT36_VIS7mi.png
6,6,"[0.0112, 0.0365, 0.0651, 0.1174, 0.1478, 0.1718, 0.1983, 0.1694, 0.0558, 0.0267]",0.19832970201969147,2024-06-05-18-49-24/SITE623_ORNT10_VIS7mi.png
3,6,"[0.1051, 0.1352, 0.1190, 0.2035, 0.1319, 0.0748, 0.1010, 0.1077, 0.0038, 0.0180]",0.2034873217344284,2025-03-15-15-41-34/SITE735_ORNT75_VIS7mi.png
6,6,"[0.0057, 0.0245, 0.0441, 0.0652, 0.0988, 0.2538, 0.3261, 0.1206, 0.0398, 0.0214]",0.3261379897594452,2024-07-30-16-52-29/SITE22_ORNT0_VIS7mi.png
1,6,"[0.1886, 0.1906, 0.1510, 0.1484, 0.1072, 0.0716, 0.0578, 0.0587, 0.0118, 0.0142]",0.19064702093601227,2024-05-03-19-33-18/SITE49_ORNT315_VIS7mi.png
2,6,"[0.1093, 0.1265, 0.1615, 0.0776, 0.1045, 0.1455, 0.0506, 0.0653, 0.1387, 0.0206]",0.16147591173648834,2025-02-12-14-37-35/SITE324_ORNT225_VIS7mi.png
3,6,"[0.1299, 0.1228, 0.1244, 0.1518, 0.1217, 0.0838, 0.0871, 0.1086, 0.0140, 0.0560]",0.15178433060646057,2025-04-01-16-59-16/SITE561_ORNT145_VIS7mi.png
1,6,"[0.1693, 0.1904, 0.1468, 0.1568, 0.1126, 0.0759, 0.0642, 0.0619, 0.0091, 0.0131]",0.19036805629730225,2024-07-28-13-48-26/SITE422_ORNT300_VIS7mi.png
0,6,"[0.3341, 0.2115, 0.1653, 0.0965, 0.0738, 0.0471, 0.0231, 0.0348, 0.0087, 0.0051]",0.3341330587863922,2025-03-11-17-13-52/SITE216_ORNT55_VIS7mi.png
2,6,"[0.1272, 0.1446, 0.1450, 0.1257, 0.1250, 0.1098, 0.0732, 0.0765, 0.0523, 0.0206]",0.14501897990703583,2025-02-05-13-59-56/SITE132_ORNT305_VIS7mi.png
6,6,"[0.0098, 0.0221, 0.0452, 0.0743, 0.1012, 0.1781, 0.2383, 0.1665, 0.0516, 0.1128]",0.23829929530620575,2024-07-05-10-36-13/SITE747_ORNT0_VIS7mi.png
6,6,"[0.0140, 0.0337, 0.0504, 0.0748, 0.0867, 0.1592, 0.3874, 0.1162, 0.0280, 0.0495]",0.38739603757858276,2024-06-28-13-30-05/SITE19_ORNT260_VIS7mi.png
9,6,"[0.0177, 0.0232, 0.0490, 0.0679, 0.0858, 0.1160, 0.1260, 0.1637, 0.0449, 0.3058]",0.30577653646469116,2024-07-22-11-13-59/SITE692_ORNT335_VIS7mi.png
1,6,"[0.1526, 0.1598, 0.1412, 0.1598, 0.1182, 0.0818, 0.0776, 0.0750, 0.0138, 0.0202]",0.15983323752880096,2025-03-31-15-41-11/SITE256_ORNT290_VIS7mi.png
6,6,"[0.0059, 0.0252, 0.0335, 0.0541, 0.0580, 0.1357, 0.5962, 0.0712, 0.0094, 0.0108]",0.5961947441101074,2024-09-30-11-56-46/SITE760_ORNT190_VIS7mi.png
3,6,"[0.1058, 0.1097, 0.1191, 0.1269, 0.1189, 0.1005, 0.1009, 0.1098, 0.0280, 0.0803]",0.12689724564552307,2025-04-07-16-10-10/SITE658_ORNT120_VIS7mi.png
6,6,"[0.0052, 0.0185, 0.0387, 0.0476, 0.0756, 0.2347, 0.3774, 0.0972, 0.0828, 0.0222]",0.37740594148635864,2024-06-16-19-09-40/SITE22_ORNT0_VIS7mi.png
0,6,"[0.1899, 0.1690, 0.1581, 0.1140, 0.1068, 0.0887, 0.0543, 0.0671, 0.0274, 0.0248]",0.1899266541004181,2025-03-02-13-12-40/SITE98_ORNT80_VIS7mi.png
5,6,"[0.0176, 0.0577, 0.1124, 0.0815, 0.1378, 0.2404, 0.0651, 0.0790, 0.2040, 0.0043]",0.24043194949626923,2025-04-10-17-56-44/SITE367_ORNT110_VIS7mi.png
8,6,"[0.0004, 0.0019, 0.0106, 0.0074, 0.0239, 0.0902, 0.0327, 0.0401, 0.7666, 0.0261]",0.7665919065475464,2024-09-19-16-37-08/SITE365_ORNT100_VIS7mi.png
3,6,"[0.0704, 0.1104, 0.1187, 0.1399, 0.1343, 0.1271, 0.1318, 0.1010, 0.0313, 0.0351]",0.13989944756031036,2024-06-17-10-37-40/SITE17_ORNT95_VIS7mi.png
0,6,"[0.2480, 0.2198, 0.1730, 0.1205, 0.0952, 0.0634, 0.0265, 0.0385, 0.0115, 0.0036]",0.2480497807264328,2024-07-29-16-41-43/SITE205_ORNT305_VIS7mi.png
5,6,"[0.0253, 0.0616, 0.1016, 0.0873, 0.1254, 0.1990, 0.1171, 0.1011, 0.1603, 0.0213]",0.19900260865688324,2024-07-30-14-06-06/SITE43_ORNT190_VIS7mi.png
6,6,"[0.0185, 0.0377, 0.0591, 0.0970, 0.1133, 0.1553, 0.2379, 0.1737, 0.0226, 0.0849]",0.2379177361726761,2024-08-15-16-44-48/SITE683_ORNT240_VIS7mi.png
9,6,"[0.0093, 0.0102, 0.0263, 0.0494, 0.0574, 0.0655, 0.1035, 0.2048, 0.0057, 0.4679]",0.4679119288921356,2024-10-11-15-41-13/SITE13_ORNT10_VIS7mi.png
1,6,"[0.1268, 0.1391, 0.1365, 0.1389, 0.1234, 0.0989, 0.0832, 0.0879, 0.0270, 0.0383]",0.13908913731575012,2024-08-18-19-28-16/SITE259_ORNT314_VIS7mi.png
6,6,"[0.0022, 0.0048, 0.0157, 0.0420, 0.0608, 0.1212, 0.2891, 0.2418, 0.0126, 0.2099]",0.2890680432319641,2024-07-25-10-00-39/SITE569_ORNT276_VIS7mi.png
1,6,"[0.2036, 0.2180, 0.1468, 0.1635, 0.0995, 0.0571, 0.0524, 0.0473, 0.0053, 0.0065]",0.21802732348442078,2024-06-23-11-02-14/SITE595_ORNT180_VIS7mi.png
5,6,"[0.0170, 0.0491, 0.0843, 0.1002, 0.1430, 0.1957, 0.1467, 0.1286, 0.1139, 0.0216]",0.19567906856536865,2024-07-28-13-48-26/SITE422_ORNT85_VIS7mi.png
6,6,"[0.0054, 0.0129, 0.0212, 0.0427, 0.0398, 0.0915, 0.6388, 0.1017, 0.0025, 0.0436]",0.6387887001037598,2025-01-28-16-10-28/SITE760_ORNT140_VIS7mi.png
3,6,"[0.0997, 0.1264, 0.1285, 0.1472, 0.1315, 0.1062, 0.0982, 0.0970, 0.0272, 0.0380]",0.14721199870109558,2025-02-17-14-46-26/SITE40_ORNT295_VIS7mi.png
7,6,"[0.0042, 0.0087, 0.0231, 0.0551, 0.0744, 0.0997, 0.1694, 0.3099, 0.0030, 0.2524]",0.30988043546676636,2024-08-26-16-02-03/SITE411_ORNT75_VIS7mi.png
5,6,"[0.0590, 0.0970, 0.1192, 0.1293, 0.1454, 0.1470, 0.1021, 0.1046, 0.0717, 0.0247]",0.14697012305259705,2024-07-23-13-08-12/SITE486_ORNT220_VIS7mi.png
6,6,"[0.0023, 0.0135, 0.0162, 0.0341, 0.0313, 0.0855, 0.7659, 0.0456, 0.0019, 0.0037]",0.7658817172050476,2024-06-10-14-33-22/SITE760_ORNT140_VIS7mi.png
6,6,"[0.0030, 0.0061, 0.0189, 0.0451, 0.0663, 0.1255, 0.2618, 0.2326, 0.0204, 0.2203]",0.26175305247306824,2024-08-02-10-36-13/SITE569_ORNT276_VIS7mi.png
3,6,"[0.0373, 0.0987, 0.0951, 0.1898, 0.1595, 0.1096, 0.1771, 0.1161, 0.0097, 0.0073]",0.18982447683811188,2024-07-14-16-38-50/SITE30_ORNT345_VIS7mi.png
6,6,"[0.0091, 0.0233, 0.0410, 0.0779, 0.0885, 0.1578, 0.3834, 0.1450, 0.0217, 0.0523]",0.38342443108558655,2024-12-29-16-00-12/SITE892_ORNT205_VIS7mi.png
8,6,"[0.0045, 0.0135, 0.0403, 0.0380, 0.0776, 0.1584, 0.0866, 0.1025, 0.4186, 0.0600]",0.41859233379364014,2024-05-13-18-48-49/SITE327_ORNT330_VIS7mi.png
6,6,"[0.0336, 0.0575, 0.0806, 0.1148, 0.1251, 0.1438, 0.1781, 0.1477, 0.0312, 0.0876]",0.17808718979358673,2024-07-28-11-17-19/SITE557_ORNT8_VIS7mi.png
9,6,"[0.0379, 0.0456, 0.0741, 0.0938, 0.1072, 0.1141, 0.1147, 0.1560, 0.0422, 0.2142]",0.21424071490764618,2024-06-03-13-44-33/SITE58_ORNT175_VIS7mi.png
9,6,"[0.0056, 0.0101, 0.0263, 0.0536, 0.0686, 0.1185, 0.2275, 0.2047, 0.0134, 0.2718]",0.2718135416507721,2025-02-04-15-47-48/SITE598_ORNT180_VIS7mi.png
6,6,"[0.0304, 0.0452, 0.0732, 0.0961, 0.1123, 0.1286, 0.1826, 0.1671, 0.0348, 0.1297]",0.18263180553913116,2024-07-18-14-04-18/SITE411_ORNT220_VIS7mi.png
7,6,"[0.0410, 0.0522, 0.0808, 0.1155, 0.1222, 0.1134, 0.1179, 0.1718, 0.0289, 0.1562]",0.1717541664838791,2024-05-13-18-48-49/SITE129_ORNT109_VIS7mi.png
7,6,"[0.0168, 0.0291, 0.0574, 0.0945, 0.1205, 0.1328, 0.1429, 0.2057, 0.0518, 0.1486]",0.20566564798355103,2025-03-15-15-41-34/SITE69_ORNT108_VIS7mi.png
3,6,"[0.0936, 0.1649, 0.1404, 0.1804, 0.1403, 0.0968, 0.0919, 0.0715, 0.0122, 0.0079]",0.18037286400794983,2024-08-31-14-30-34/SITE272_ORNT325_VIS7mi.png
9,6,"[0.0232, 0.0299, 0.0623, 0.0925, 0.1072, 0.1093, 0.1082, 0.1663, 0.0981, 0.2032]",0.20318220555782318,2024-07-14-10-21-23/SITE177_ORNT200_VIS7mi.png
7,6,"[0.0206, 0.0319, 0.0641, 0.0819, 0.1109, 0.1429, 0.1380, 0.1535, 0.1231, 0.1330]",0.15354275703430176,2025-02-01-17-30-02/SITE283_ORNT260_VIS7mi.png
7,6,"[0.0003, 0.0009, 0.0069, 0.0340, 0.0558, 0.0879, 0.1214, 0.3397, 0.0699, 0.2831]",0.3397200107574463,2025-04-22-15-39-35/SITE156_ORNT135_VIS7mi.png
7,6,"[0.0350, 0.0511, 0.0789, 0.1002, 0.1230, 0.1310, 0.1351, 0.1608, 0.0585, 0.1263]",0.16079945862293243,2024-08-18-19-28-16/SITE45_ORNT130_VIS7mi.png
7,6,"[0.0101, 0.0182, 0.0440, 0.0840, 0.1077, 0.1231, 0.1427, 0.2309, 0.0496, 0.1897]",0.23091185092926025,2024-09-07-11-42-21/SITE595_ORNT270_VIS7mi.png
3,6,"[0.0579, 0.0893, 0.1096, 0.1382, 0.1379, 0.1306, 0.1370, 0.1204, 0.0332, 0.0459]",0.13823676109313965,2025-03-23-13-51-54/SITE426_ORNT250_VIS7mi.png
4,6,"[0.0490, 0.1002, 0.1155, 0.1540, 0.1555, 0.1341, 0.1255, 0.1112, 0.0342, 0.0207]",0.15547862648963928,2024-07-14-10-21-23/SITE177_ORNT260_VIS7mi.png
6,6,"[0.0482, 0.0861, 0.1010, 0.1314, 0.1283, 0.1373, 0.1888, 0.1196, 0.0206, 0.0386]",0.18878725171089172,2025-04-11-14-52-32/SITE760_ORNT140_VIS7mi.png
1,6,"[0.1296, 0.1817, 0.1500, 0.1611, 0.1204, 0.0920, 0.0799, 0.0618, 0.0136, 0.0098]",0.18173208832740784,2024-08-31-14-30-34/SITE186_ORNT275_VIS7mi.png
9,6,"[0.0006, 0.0009, 0.0057, 0.0124, 0.0194, 0.0391, 0.0596, 0.1135, 0.0480, 0.7008]",0.7008156776428223,2024-07-24-16-43-44/SITE14_ORNT195_VIS7mi.png
9,6,"[0.0684, 0.0655, 0.0939, 0.0925, 0.1036, 0.0965, 0.0855, 0.1348, 0.0345, 0.2247]",0.22474420070648193,2025-03-23-13-51-54/SITE59_ORNT10_VIS7mi.png
3,6,"[0.0719, 0.1087, 0.1207, 0.1498, 0.1439, 0.1192, 0.1081, 0.1136, 0.0273, 0.0367]",0.14982393383979797,2025-01-15-15-33-17/SITE253_ORNT325_VIS7mi.png
6,6,"[0.0406, 0.0659, 0.0858, 0.1128, 0.1206, 0.1349, 0.1927, 0.1395, 0.0328, 0.0743]",0.19270645081996918,2024-08-19-19-34-52/SITE58_ORNT90_VIS7mi.png
5,6,"[0.0183, 0.0448, 0.0869, 0.0896, 0.1378, 0.1929, 0.0980, 0.1285, 0.1721, 0.0312]",0.19288215041160583,2025-03-28-10-38-15/SITE375_ORNT330_VIS7mi.png
6,6,"[0.0005, 0.0028, 0.0045, 0.0120, 0.0119, 0.0499, 0.8842, 0.0302, 0.0006, 0.0034]",0.8842019438743591,2025-03-31-15-41-11/SITE760_ORNT255_VIS7mi.png
1,6,"[0.1351, 0.1958, 0.1459, 0.1705, 0.1170, 0.0813, 0.0806, 0.0573, 0.0089, 0.0076]",0.195772185921669,2024-06-21-15-35-27/SITE417_ORNT50_VIS7mi.png
6,6,"[0.0533, 0.0749, 0.0964, 0.1089, 0.1196, 0.1294, 0.1533, 0.1301, 0.0422, 0.0919]",0.15333738923072815,2024-07-02-16-22-41/SITE179_ORNT36_VIS7mi.png
7,6,"[0.0174, 0.0267, 0.0548, 0.0942, 0.1084, 0.1168, 0.1318, 0.2153, 0.0195, 0.2152]",0.21529477834701538,2024-09-02-17-43-28/SITE106_ORNT12_VIS7mi.png
7,6,"[0.0028, 0.0072, 0.0213, 0.0609, 0.0811, 0.1188, 0.2385, 0.2957, 0.0101, 0.1636]",0.2957042455673218,2024-08-02-10-36-13/SITE241_ORNT34_VIS7mi.png
0,6,"[0.3363, 0.2049, 0.1626, 0.0922, 0.0736, 0.0485, 0.0251, 0.0390, 0.0105, 0.0072]",0.33632999658584595,2025-02-05-13-59-56/SITE212_ORNT12_VIS7mi.png
6,6,"[0.0506, 0.1057, 0.1110, 0.1361, 0.1349, 0.1370, 0.1839, 0.1035, 0.0206, 0.0167]",0.1838889718055725,2024-10-10-15-17-15/SITE411_ORNT220_VIS7mi.png
7,6,"[0.0014, 0.0043, 0.0172, 0.0443, 0.0818, 0.1443, 0.1469, 0.3134, 0.0224, 0.2241]",0.31337931752204895,2024-07-01-19-28-49/SITE19_ORNT170_VIS7mi.png
6,6,"[0.0088, 0.0339, 0.0509, 0.1035, 0.1261, 0.1769, 0.2983, 0.1642, 0.0161, 0.0212]",0.2982991933822632,2024-07-24-16-43-44/SITE747_ORNT315_VIS7mi.png
0,6,"[0.1640, 0.1393, 0.1336, 0.1290, 0.1113, 0.0833, 0.0720, 0.0887, 0.0245, 0.0543]",0.16404320299625397,2024-07-23-16-31-18/SITE578_ORNT295_VIS7mi.png
6,6,"[0.0027, 0.0138, 0.0165, 0.0310, 0.0300, 0.0862, 0.7671, 0.0456, 0.0021, 0.0049]",0.7671334147453308,2025-04-22-15-39-35/SITE760_ORNT190_VIS7mi.png
6,6,"[0.0013, 0.0060, 0.0107, 0.0250, 0.0282, 0.0939, 0.7544, 0.0662, 0.0019, 0.0125]",0.7543660402297974,2024-10-10-15-17-15/SITE411_ORNT280_VIS7mi.png
6,6,"[0.0219, 0.0521, 0.0725, 0.1192, 0.1289, 0.1593, 0.2243, 0.1601, 0.0108, 0.0510]",0.22433996200561523,2024-05-30-17-47-26/SITE22_ORNT100_VIS7mi.png
3,6,"[0.0456, 0.0866, 0.0987, 0.1563, 0.1446, 0.1338, 0.1554, 0.1301, 0.0140, 0.0349]",0.15630432963371277,2024-07-22-11-13-59/SITE639_ORNT10_VIS7mi.png
1,6,"[0.1423, 0.1655, 0.1445, 0.1494, 0.1212, 0.0885, 0.0756, 0.0730, 0.0195, 0.0205]",0.16551026701927185,2024-06-16-11-08-10/SITE442_ORNT300_VIS7mi.png
1,6,"[0.1430, 0.1902, 0.1493, 0.1690, 0.1209, 0.0793, 0.0695, 0.0587, 0.0118, 0.0082]",0.19022437930107117,2024-09-20-16-20-08/SITE58_ORNT245_VIS7mi.png
1,6,"[0.1612, 0.1678, 0.1466, 0.1425, 0.1160, 0.0835, 0.0681, 0.0721, 0.0185, 0.0237]",0.16776838898658752,2025-03-15-15-41-34/SITE735_ORNT265_VIS7mi.png
8,6,"[0.0101, 0.0302, 0.0676, 0.0428, 0.0832, 0.1988, 0.0951, 0.0753, 0.3740, 0.0229]",0.373991996049881,2025-04-02-15-05-32/SITE331_ORNT315_VIS7mi.png
1,6,"[0.1081, 0.1841, 0.1488, 0.1749, 0.1397, 0.0930, 0.0716, 0.0658, 0.0091, 0.0050]",0.18411321938037872,2025-04-13-19-09-12/SITE117_ORNT43_VIS7mi.png
7,6,"[0.0232, 0.0394, 0.0680, 0.1068, 0.1316, 0.1404, 0.1241, 0.2107, 0.0237, 0.1322]",0.21073617041110992,2024-07-29-16-41-43/SITE116_ORNT3_VIS7mi.png
6,6,"[0.0085, 0.0331, 0.0404, 0.0629, 0.0651, 0.1422, 0.5527, 0.0740, 0.0093, 0.0119]",0.5526537895202637,2024-06-07-11-09-12/SITE760_ORNT190_VIS7mi.png
6,6,"[0.0109, 0.0285, 0.0505, 0.0925, 0.1194, 0.1583, 0.2385, 0.2120, 0.0186, 0.0709]",0.23845183849334717,2024-07-02-10-19-43/SITE411_ORNT75_VIS7mi.png
6,6,"[0.0051, 0.0148, 0.0338, 0.0631, 0.0913, 0.1828, 0.3255, 0.1694, 0.0374, 0.0767]",0.325459361076355,2024-07-26-10-22-16/SITE584_ORNT225_VIS7mi.png
6,6,"[0.0059, 0.0174, 0.0231, 0.0418, 0.0368, 0.0986, 0.6840, 0.0698, 0.0020, 0.0205]",0.6840248703956604,2024-04-30-13-21-52/SITE760_ORNT310_VIS7mi.png
7,6,"[0.0104, 0.0183, 0.0433, 0.0763, 0.1022, 0.1342, 0.1667, 0.2032, 0.0573, 0.1880]",0.20324954390525818,2024-05-07-15-42-07/SITE253_ORNT195_VIS7mi.png
6,6,"[0.0285, 0.0441, 0.0680, 0.1003, 0.1106, 0.1307, 0.1952, 0.1661, 0.0292, 0.1274]",0.1951856166124344,2024-06-06-10-38-22/SITE156_ORNT294_VIS7mi.png
9,6,"[0.0061, 0.0066, 0.0209, 0.0371, 0.0471, 0.0624, 0.0882, 0.1714, 0.0222, 0.5380]",0.5379796028137207,2025-03-26-14-35-40/SITE84_ORNT336_VIS7mi.png
5,6,"[0.0024, 0.0080, 0.0261, 0.0480, 0.0910, 0.2267, 0.2084, 0.1934, 0.1043, 0.0918]",0.2267472743988037,2024-07-18-14-04-18/SITE22_ORNT0_VIS7mi.png
7,6,"[0.0125, 0.0227, 0.0464, 0.0858, 0.1049, 0.1487, 0.1971, 0.1996, 0.0234, 0.1590]",0.1996283382177353,2024-07-25-18-03-52/SITE569_ORNT138_VIS7mi.png
8,6,"[0.0023, 0.0049, 0.0210, 0.0211, 0.0424, 0.0887, 0.0539, 0.0877, 0.4842, 0.1938]",0.484247624874115,2024-10-11-15-41-13/SITE494_ORNT270_VIS7mi.png
1,6,"[0.1383, 0.1891, 0.1482, 0.1655, 0.1222, 0.0825, 0.0725, 0.0624, 0.0102, 0.0090]",0.1891113668680191,2024-09-08-16-00-24/SITE15_ORNT90_VIS7mi.png
3,6,"[0.1310, 0.1261, 0.1291, 0.1340, 0.1188, 0.0975, 0.0841, 0.0947, 0.0303, 0.0545]",0.13402774930000305,2024-12-16-12-39-30/SITE721_ORNT140_VIS7mi.png
9,6,"[0.0702, 0.0729, 0.0934, 0.1036, 0.1074, 0.1087, 0.1258, 0.1309, 0.0315, 0.1556]",0.1555798351764679,2024-07-20-15-11-13/SITE543_ORNT126_VIS7mi.png
3,6,"[0.0565, 0.1049, 0.1169, 0.1544, 0.1478, 0.1426, 0.1299, 0.1021, 0.0281, 0.0169]",0.15442027151584625,2024-07-20-15-11-13/SITE332_ORNT15_VIS7mi.png
0,6,"[0.2460, 0.2093, 0.1584, 0.1351, 0.0933, 0.0575, 0.0392, 0.0459, 0.0078, 0.0074]",0.24601146578788757,2025-02-11-14-30-47/SITE203_ORNT335_VIS7mi.png
1,6,"[0.1395, 0.1553, 0.1412, 0.1403, 0.1201, 0.0936, 0.0792, 0.0783, 0.0241, 0.0284]",0.15534603595733643,2024-07-30-16-52-29/SITE73_ORNT65_VIS7mi.png
0,6,"[0.2141, 0.1736, 0.1554, 0.1136, 0.1028, 0.0781, 0.0495, 0.0649, 0.0240, 0.0240]",0.21409468352794647,2025-02-04-15-47-48/SITE446_ORNT10_VIS7mi.png
9,6,"[0.0080, 0.0094, 0.0278, 0.0538, 0.0631, 0.0743, 0.1058, 0.2018, 0.0245, 0.4315]",0.4314545691013336,2025-01-26-15-53-06/SITE734_ORNT225_VIS7mi.png
3,6,"[0.0931, 0.1503, 0.1376, 0.1659, 0.1388, 0.1097, 0.0931, 0.0822, 0.0159, 0.0133]",0.16589424014091492,2024-09-08-13-07-06/SITE241_ORNT120_VIS7mi.png
6,6,"[0.0160, 0.0444, 0.0647, 0.1043, 0.1208, 0.1632, 0.2763, 0.1441, 0.0296, 0.0367]",0.27628716826438904,2024-06-27-10-23-10/SITE19_ORNT260_VIS7mi.png
1,6,"[0.1918, 0.3123, 0.1345, 0.2093, 0.0767, 0.0285, 0.0280, 0.0183, 0.0003, 0.0002]",0.31233108043670654,2024-08-18-19-28-16/SITE616_ORNT0_VIS7mi.png
6,6,"[0.0206, 0.0438, 0.0684, 0.1017, 0.1172, 0.1543, 0.2372, 0.1649, 0.0256, 0.0661]",0.2372496873140335,2024-05-01-16-21-18/SITE575_ORNT145_VIS7mi.png
9,6,"[0.0136, 0.0198, 0.0441, 0.0724, 0.0929, 0.1106, 0.1421, 0.2185, 0.0238, 0.2622]",0.26218709349632263,2024-09-08-16-00-24/SITE581_ORNT250_VIS7mi.png
0,6,"[0.2037, 0.1743, 0.1528, 0.1199, 0.1052, 0.0789, 0.0544, 0.0657, 0.0222, 0.0230]",0.20374195277690887,2024-05-09-16-15-37/SITE94_ORNT180_VIS7mi.png
6,6,"[0.0455, 0.0945, 0.1028, 0.1440, 0.1379, 0.1342, 0.1820, 0.1134, 0.0214, 0.0242]",0.18202580511569977,2024-08-16-20-03-50/SITE111_ORNT246_VIS7mi.png
6,6,"[0.0008, 0.0057, 0.0078, 0.0175, 0.0172, 0.0631, 0.8539, 0.0307, 0.0009, 0.0024]",0.8538722991943359,2024-07-02-16-22-41/SITE760_ORNT190_VIS7mi.png
7,6,"[0.0449, 0.0598, 0.0899, 0.0984, 0.1170, 0.1282, 0.1248, 0.1375, 0.0679, 0.1316]",0.13747194409370422,2025-03-31-15-41-11/SITE76_ORNT60_VIS7mi.png
0,6,"[0.1530, 0.1475, 0.1477, 0.1355, 0.1219, 0.0978, 0.0607, 0.0758, 0.0395, 0.0207]",0.15296019613742828,2025-03-02-13-12-40/SITE528_ORNT35_VIS7mi.png
6,6,"[0.0178, 0.0405, 0.0563, 0.0892, 0.0920, 0.1515, 0.3697, 0.1265, 0.0149, 0.0416]",0.3697488307952881,2024-05-28-11-05-32/SITE411_ORNT280_VIS7mi.png
6,6,"[0.0016, 0.0065, 0.0096, 0.0227, 0.0205, 0.0637, 0.8138, 0.0512, 0.0007, 0.0097]",0.8137762546539307,2025-04-22-15-39-35/SITE760_ORNT140_VIS7mi.png
2,6,"[0.1279, 0.1314, 0.1327, 0.1245, 0.1193, 0.1002, 0.0862, 0.0929, 0.0319, 0.0531]",0.13269828259944916,2024-05-08-14-34-39/SITE94_ORNT180_VIS7mi.png
6,6,"[0.0018, 0.0093, 0.0124, 0.0257, 0.0251, 0.0814, 0.7922, 0.0450, 0.0013, 0.0059]",0.7922343015670776,2024-08-12-20-17-35/SITE760_ORNT190_VIS7mi.png
6,6,"[0.0413, 0.0824, 0.0937, 0.1539, 0.1443, 0.1229, 0.1806, 0.1389, 0.0147, 0.0274]",0.18055492639541626,2025-01-29-12-01-12/SITE25_ORNT320_VIS7mi.png
1,6,"[0.1804, 0.2014, 0.1547, 0.1515, 0.1075, 0.0736, 0.0590, 0.0530, 0.0106, 0.0083]",0.20138141512870789,2024-07-23-13-08-12/SITE234_ORNT117_VIS7mi.png
6,6,"[0.0683, 0.1111, 0.1196, 0.1289, 0.1281, 0.1347, 0.1458, 0.0963, 0.0349, 0.0322]",0.14582574367523193,2025-03-01-18-07-41/SITE26_ORNT180_VIS7mi.png
1,6,"[0.1806, 0.1982, 0.1499, 0.1614, 0.1074, 0.0680, 0.0599, 0.0557, 0.0085, 0.0104]",0.19823044538497925,2024-07-14-13-28-24/SITE48_ORNT275_VIS7mi.png
6,6,"[0.0061, 0.0334, 0.0408, 0.1122, 0.1086, 0.1550, 0.4034, 0.1312, 0.0016, 0.0078]",0.40336617827415466,2025-03-23-13-51-54/SITE17_ORNT340_VIS7mi.png
0,6,"[0.3769, 0.2160, 0.1674, 0.0817, 0.0632, 0.0405, 0.0161, 0.0274, 0.0077, 0.0032]",0.3769053816795349,2025-02-15-16-53-20/SITE538_ORNT192_VIS7mi.png
0,6,"[0.2262, 0.1795, 0.1539, 0.1162, 0.0968, 0.0688, 0.0569, 0.0666, 0.0133, 0.0217]",0.22616387903690338,2025-02-04-15-47-48/SITE13_ORNT85_VIS7mi.png
0,6,"[0.2115, 0.2003, 0.1490, 0.1386, 0.1009, 0.0681, 0.0563, 0.0526, 0.0129, 0.0098]",0.21154581010341644,2025-01-26-15-53-06/SITE834_ORNT15_VIS7mi.png
9,6,"[0.0220, 0.0253, 0.0542, 0.0765, 0.0900, 0.1009, 0.1012, 0.1699, 0.0559, 0.3042]",0.3042062520980835,2025-03-31-15-41-11/SITE818_ORNT40_VIS7mi.png
8,6,"[0.0013, 0.0058, 0.0223, 0.0219, 0.0570, 0.1569, 0.0757, 0.0915, 0.5293, 0.0382]",0.529313862323761,2024-08-19-10-27-18/SITE612_ORNT30_VIS7mi.png
5,6,"[0.0729, 0.1074, 0.1269, 0.1237, 0.1334, 0.1346, 0.1011, 0.0975, 0.0657, 0.0368]",0.1346348375082016,2024-06-09-10-51-06/SITE253_ORNT65_VIS7mi.png
5,6,"[0.0379, 0.0669, 0.0990, 0.1177, 0.1434, 0.1537, 0.1206, 0.1288, 0.0761, 0.0558]",0.1536608636379242,2024-05-22-13-05-54/SITE41_ORNT235_VIS7mi.png
3,6,"[0.0846, 0.0999, 0.1101, 0.1529, 0.1301, 0.1001, 0.1190, 0.1289, 0.0163, 0.0582]",0.15289030969142914,2024-10-18-12-30-03/SITE95_ORNT317_VIS7mi.png
3,6,"[0.0716, 0.0968, 0.1109, 0.1411, 0.1328, 0.1119, 0.1247, 0.1239, 0.0248, 0.0615]",0.14112891256809235,2024-05-23-15-19-49/SITE610_ORNT0_VIS7mi.png
3,6,"[0.1115, 0.1411, 0.1350, 0.1540, 0.1307, 0.1004, 0.0912, 0.0877, 0.0217, 0.0267]",0.1540369838476181,2024-06-09-10-51-06/SITE253_ORNT195_VIS7mi.png
6,6,"[0.0034, 0.0107, 0.0233, 0.0536, 0.0659, 0.1439, 0.4431, 0.1791, 0.0042, 0.0727]",0.4431364834308624,2024-10-20-11-35-46/SITE574_ORNT170_VIS7mi.png
6,6,"[0.0357, 0.0506, 0.0777, 0.0972, 0.1145, 0.1346, 0.1519, 0.1482, 0.0450, 0.1447]",0.15189149975776672,2024-07-28-11-17-19/SITE557_ORNT291_VIS7mi.png
7,6,"[0.0153, 0.0279, 0.0539, 0.0866, 0.1130, 0.1444, 0.1610, 0.1909, 0.0497, 0.1573]",0.1908840388059616,2024-07-22-20-17-56/SITE437_ORNT340_VIS7mi.png
6,6,"[0.0256, 0.0548, 0.0797, 0.1139, 0.1325, 0.1492, 0.2084, 0.1520, 0.0376, 0.0462]",0.20836792886257172,2024-05-27-19-19-47/SITE411_ORNT220_VIS7mi.png
6,6,"[0.0073, 0.0306, 0.0507, 0.0964, 0.1249, 0.1851, 0.2945, 0.1652, 0.0249, 0.0203]",0.2945311963558197,2024-06-06-17-01-51/SITE411_ORNT75_VIS7mi.png
6,6,"[0.0241, 0.0637, 0.0869, 0.1638, 0.1621, 0.1421, 0.1689, 0.1460, 0.0206, 0.0219]",0.16889344155788422,2024-07-23-13-08-12/SITE595_ORNT270_VIS7mi.png
9,6,"[0.0794, 0.0755, 0.0998, 0.1142, 0.1113, 0.0891, 0.1018, 0.1521, 0.0143, 0.1625]",0.1624855101108551,2025-03-26-14-35-40/SITE5_ORNT155_VIS7mi.png
3,6,"[0.0665, 0.1426, 0.1232, 0.1612, 0.1287, 0.1214, 0.1590, 0.0741, 0.0139, 0.0093]",0.1611938327550888,2024-07-25-18-03-52/SITE245_ORNT132_VIS7mi.png
5,6,"[0.0114, 0.0287, 0.0568, 0.0748, 0.1138, 0.2006, 0.1910, 0.1495, 0.0936, 0.0797]",0.20060789585113525,2024-08-11-09-28-59/SITE747_ORNT0_VIS7mi.png
6,6,"[0.0026, 0.0149, 0.0188, 0.0336, 0.0353, 0.1031, 0.7352, 0.0477, 0.0039, 0.0048]",0.7352165579795837,2024-06-21-15-35-27/SITE760_ORNT190_VIS7mi.png
3,6,"[0.0945, 0.1372, 0.1391, 0.1457, 0.1332, 0.1190, 0.0957, 0.0800, 0.0357, 0.0199]",0.14565415680408478,2025-02-19-12-18-05/SITE276_ORNT225_VIS7mi.png
6,6,"[0.0000, 0.0000, 0.0001, 0.0004, 0.0003, 0.0050, 0.9923, 0.0019, 0.0000, 0.0000]",0.9922508597373962,2024-06-13-13-46-47/SITE760_ORNT140_VIS7mi.png
6,6,"[0.0237, 0.0555, 0.0797, 0.1152, 0.1333, 0.1592, 0.2081, 0.1438, 0.0400, 0.0414]",0.20808736979961395,2024-10-06-17-04-59/SITE253_ORNT195_VIS7mi.png
7,6,"[0.0300, 0.0456, 0.0737, 0.1173, 0.1304, 0.1280, 0.1412, 0.1769, 0.0422, 0.1147]",0.17690885066986084,2025-03-15-15-41-34/SITE735_ORNT0_VIS7mi.png
1,6,"[0.1835, 0.2097, 0.1504, 0.1717, 0.1078, 0.0627, 0.0535, 0.0482, 0.0069, 0.0057]",0.2096567004919052,2024-07-07-15-01-32/SITE45_ORNT290_VIS7mi.png
6,6,"[0.0068, 0.0154, 0.0353, 0.0745, 0.0981, 0.1482, 0.2562, 0.2158, 0.0361, 0.1136]",0.2562386095523834,2024-07-29-16-41-43/SITE82_ORNT135_VIS7mi.png
7,6,"[0.0220, 0.0467, 0.0732, 0.1308, 0.1418, 0.1422, 0.1786, 0.1859, 0.0179, 0.0609]",0.1859178990125656,2024-08-02-13-37-25/SITE116_ORNT3_VIS7mi.png
5,6,"[0.0182, 0.0507, 0.0838, 0.1231, 0.1582, 0.1859, 0.1481, 0.1370, 0.0747, 0.0203]",0.18590517342090607,2024-08-19-19-34-52/SITE388_ORNT325_VIS7mi.png
9,6,"[0.0501, 0.0593, 0.0859, 0.1009, 0.1137, 0.1191, 0.1227, 0.1468, 0.0431, 0.1584]",0.1583651304244995,2024-06-30-10-21-08/SITE80_ORNT0_VIS7mi.png
8,6,"[0.0061, 0.0127, 0.0375, 0.0556, 0.0917, 0.1320, 0.1199, 0.1776, 0.2130, 0.1540]",0.21300286054611206,2025-03-31-15-41-11/SITE310_ORNT314_VIS7mi.png
6,6,"[0.0072, 0.0159, 0.0350, 0.0681, 0.0888, 0.1611, 0.2929, 0.1820, 0.0257, 0.1233]",0.2929343283176422,2024-08-15-16-44-48/SITE683_ORNT325_VIS7mi.png
3,6,"[0.1080, 0.1525, 0.1336, 0.1684, 0.1312, 0.0991, 0.0965, 0.0823, 0.0121, 0.0163]",0.16839806735515594,2024-07-23-13-08-12/SITE574_ORNT70_VIS7mi.png
1,6,"[0.2059, 0.2074, 0.1516, 0.1583, 0.1020, 0.0611, 0.0490, 0.0492, 0.0072, 0.0084]",0.2074025720357895,2024-08-31-14-30-34/SITE4_ORNT187_VIS7mi.png
1,6,"[0.1627, 0.1911, 0.1482, 0.1523, 0.1120, 0.0796, 0.0700, 0.0600, 0.0124, 0.0117]",0.19108416140079498,2024-09-19-14-23-02/SITE94_ORNT180_VIS7mi.png
6,6,"[0.0022, 0.0068, 0.0164, 0.0400, 0.0496, 0.1255, 0.5563, 0.1343, 0.0145, 0.0543]",0.5563072562217712,2024-12-20-15-16-09/SITE760_ORNT310_VIS7mi.png
3,6,"[0.0695, 0.1084, 0.1230, 0.1494, 0.1483, 0.1275, 0.1068, 0.1099, 0.0328, 0.0243]",0.14943912625312805,2024-06-01-11-15-19/SITE694_ORNT315_VIS7mi.png
5,6,"[0.0183, 0.0584, 0.1090, 0.0920, 0.1505, 0.2242, 0.0793, 0.0987, 0.1607, 0.0090]",0.22419887781143188,2025-01-15-15-33-17/SITE358_ORNT120_VIS7mi.png
2,6,"[0.1231, 0.1287, 0.1395, 0.1200, 0.1190, 0.1061, 0.0752, 0.0892, 0.0472, 0.0520]",0.13947546482086182,2024-07-26-10-22-16/SITE123_ORNT343_VIS7mi.png
0,6,"[0.1741, 0.1718, 0.1454, 0.1466, 0.1127, 0.0795, 0.0647, 0.0688, 0.0155, 0.0209]",0.17408064007759094,2024-07-30-14-06-06/SITE43_ORNT270_VIS7mi.png
6,6,"[0.0000, 0.0001, 0.0002, 0.0007, 0.0006, 0.0075, 0.9879, 0.0029, 0.0000, 0.0001]",0.9878630638122559,2024-05-14-16-18-20/SITE760_ORNT190_VIS7mi.png
6,6,"[0.0057, 0.0237, 0.0285, 0.0535, 0.0508, 0.1176, 0.6376, 0.0695, 0.0036, 0.0095]",0.6375604271888733,2024-05-03-12-14-06/SITE760_ORNT140_VIS7mi.png
2,6,"[0.1475, 0.1513, 0.1724, 0.0933, 0.1070, 0.1238, 0.0472, 0.0617, 0.0789, 0.0169]",0.1723659783601761,2025-02-17-14-46-26/SITE807_ORNT25_VIS7mi.png
8,6,"[0.0040, 0.0096, 0.0321, 0.0381, 0.0707, 0.1524, 0.1207, 0.1242, 0.2767, 0.1716]",0.2766691744327545,2024-07-22-11-13-59/SITE692_ORNT205_VIS7mi.png
0,6,"[0.1841, 0.1420, 0.1510, 0.1113, 0.1072, 0.0797, 0.0534, 0.0945, 0.0165, 0.0603]",0.184107705950737,2025-02-04-15-47-48/SITE205_ORNT305_VIS7mi.png
6,6,"[0.0351, 0.0532, 0.0778, 0.1032, 0.1149, 0.1356, 0.1836, 0.1533, 0.0278, 0.1155]",0.18357406556606293,2024-07-23-13-08-12/SITE584_ORNT225_VIS7mi.png
9,7,"[0.0006, 0.0007, 0.0040, 0.0113, 0.0146, 0.0287, 0.0822, 0.1195, 0.0067, 0.7317]",0.7316919565200806,2025-02-05-13-59-56/SITE575_ORNT85_VIS8mi.png
8,7,"[0.0131, 0.0270, 0.0604, 0.0555, 0.0925, 0.1502, 0.0967, 0.1092, 0.3089, 0.0864]",0.30893877148628235,2025-02-17-14-46-26/SITE389_ORNT120_VIS8mi.png
3,7,"[0.1103, 0.1179, 0.1246, 0.1409, 0.1308, 0.1008, 0.0842, 0.1079, 0.0317, 0.0509]",0.1408933848142624,2025-02-14-15-24-27/SITE65_ORNT64_VIS8mi.png
7,7,"[0.0024, 0.0074, 0.0236, 0.0689, 0.1041, 0.1406, 0.2053, 0.2970, 0.0479, 0.1028]",0.2970040738582611,2024-08-01-10-54-34/SITE240_ORNT48_VIS8mi.png
8,7,"[0.0000, 0.0003, 0.0031, 0.0031, 0.0128, 0.0680, 0.0283, 0.0312, 0.8380, 0.0151]",0.8380194306373596,2025-01-31-13-49-43/SITE389_ORNT120_VIS8mi.png
8,7,"[0.0075, 0.0248, 0.0623, 0.0460, 0.0921, 0.2034, 0.0801, 0.0862, 0.3753, 0.0223]",0.3752885162830353,2024-08-24-13-47-04/SITE340_ORNT230_VIS8mi.png
7,7,"[0.0710, 0.0815, 0.1046, 0.1274, 0.1284, 0.1160, 0.1183, 0.1295, 0.0472, 0.0762]",0.12952466309070587,2025-02-04-15-47-48/SITE268_ORNT255_VIS8mi.png
6,7,"[0.0107, 0.0239, 0.0453, 0.0889, 0.1144, 0.1440, 0.2310, 0.2289, 0.0250, 0.0880]",0.23095703125,2024-06-07-15-28-05/SITE18_ORNT5_VIS8mi.png
9,7,"[0.0450, 0.0400, 0.0691, 0.0807, 0.0875, 0.0835, 0.0850, 0.1514, 0.0337, 0.3241]",0.3241090476512909,2025-02-10-14-47-56/SITE268_ORNT355_VIS8mi.png
5,7,"[0.0371, 0.1007, 0.1205, 0.1212, 0.1386, 0.1760, 0.1488, 0.0865, 0.0621, 0.0085]",0.17597106099128723,2024-07-20-15-11-13/SITE453_ORNT270_VIS8mi.png
9,7,"[0.0542, 0.0647, 0.0894, 0.1092, 0.1189, 0.1162, 0.1128, 0.1447, 0.0401, 0.1498]",0.1498439759016037,2024-07-28-11-17-19/SITE692_ORNT60_VIS8mi.png
7,7,"[0.0454, 0.0556, 0.0763, 0.1106, 0.1105, 0.1101, 0.1680, 0.1760, 0.0135, 0.1340]",0.17602033913135529,2024-07-24-16-43-44/SITE579_ORNT210_VIS8mi.png
1,7,"[0.1844, 0.2204, 0.1528, 0.1631, 0.1002, 0.0650, 0.0571, 0.0458, 0.0056, 0.0056]",0.22037170827388763,2025-03-20-11-55-50/SITE8_ORNT123_VIS8mi.png
7,7,"[0.0324, 0.0559, 0.0862, 0.1195, 0.1414, 0.1477, 0.1336, 0.1538, 0.0530, 0.0765]",0.15376229584217072,2024-07-14-16-38-50/SITE239_ORNT110_VIS8mi.png
6,7,"[0.0124, 0.0261, 0.0506, 0.0824, 0.1142, 0.1706, 0.2181, 0.1959, 0.0416, 0.0881]",0.21809102594852448,2025-01-17-15-10-02/SITE569_ORNT276_VIS8mi.png
6,7,"[0.0122, 0.0471, 0.0714, 0.1241, 0.1525, 0.1822, 0.2108, 0.1518, 0.0330, 0.0148]",0.21081483364105225,2024-10-06-17-04-59/SITE442_ORNT120_VIS8mi.png
6,7,"[0.0181, 0.0386, 0.0561, 0.0828, 0.0887, 0.1533, 0.3716, 0.1247, 0.0162, 0.0499]",0.3715555965900421,2024-06-10-14-33-22/SITE411_ORNT280_VIS8mi.png
1,7,"[0.1560, 0.1856, 0.1480, 0.1606, 0.1153, 0.0793, 0.0687, 0.0620, 0.0118, 0.0126]",0.18558058142662048,2025-03-29-15-28-57/SITE802_ORNT235_VIS8mi.png
9,7,"[0.0006, 0.0014, 0.0074, 0.0276, 0.0426, 0.0792, 0.1796, 0.2978, 0.0089, 0.3549]",0.3549017608165741,2025-04-13-19-09-12/SITE215_ORNT40_VIS8mi.png
1,7,"[0.1384, 0.1934, 0.1475, 0.1857, 0.1249, 0.0753, 0.0655, 0.0556, 0.0088, 0.0050]",0.19339783489704132,2024-08-02-10-36-13/SITE45_ORNT290_VIS8mi.png
9,7,"[0.0105, 0.0130, 0.0310, 0.0559, 0.0638, 0.0969, 0.2079, 0.1865, 0.0141, 0.3203]",0.32033631205558777,2024-10-06-17-04-59/SITE215_ORNT235_VIS8mi.png
3,7,"[0.0568, 0.1038, 0.1164, 0.1575, 0.1500, 0.1291, 0.1275, 0.1093, 0.0264, 0.0232]",0.1575276106595993,2024-05-21-12-02-34/SITE545_ORNT95_VIS8mi.png
0,7,"[0.2861, 0.2196, 0.1496, 0.1384, 0.0843, 0.0440, 0.0313, 0.0370, 0.0051, 0.0047]",0.2861056625843048,2025-02-19-12-18-05/SITE253_ORNT280_VIS8mi.png
2,7,"[0.1056, 0.1450, 0.1554, 0.1346, 0.1342, 0.1279, 0.0680, 0.0724, 0.0449, 0.0120]",0.15539513528347015,2024-10-15-10-59-57/SITE397_ORNT30_VIS8mi.png
3,7,"[0.0921, 0.0957, 0.1136, 0.1230, 0.1212, 0.1060, 0.0981, 0.1192, 0.0325, 0.0988]",0.12296372652053833,2025-04-14-19-44-02/SITE41_ORNT335_VIS8mi.png
2,7,"[0.0970, 0.1211, 0.1334, 0.1255, 0.1279, 0.1192, 0.0911, 0.0934, 0.0511, 0.0402]",0.1334175318479538,2024-07-29-17-46-25/SITE6_ORNT115_VIS8mi.png
3,7,"[0.0616, 0.0902, 0.1049, 0.1464, 0.1408, 0.1167, 0.1277, 0.1346, 0.0235, 0.0537]",0.1463819146156311,2025-02-17-14-46-26/SITE53_ORNT15_VIS8mi.png
6,7,"[0.0289, 0.0473, 0.0677, 0.0947, 0.1045, 0.1362, 0.2464, 0.1430, 0.0353, 0.0959]",0.24641869962215424,2024-07-14-16-38-50/SITE239_ORNT202_VIS8mi.png
9,7,"[0.0030, 0.0044, 0.0158, 0.0401, 0.0536, 0.0837, 0.1515, 0.2262, 0.0215, 0.4002]",0.40022680163383484,2025-01-28-16-10-28/SITE241_ORNT214_VIS8mi.png
1,7,"[0.1836, 0.1870, 0.1477, 0.1501, 0.1098, 0.0751, 0.0604, 0.0630, 0.0099, 0.0133]",0.18699771165847778,2024-08-26-16-02-03/SITE43_ORNT270_VIS8mi.png
6,7,"[0.0283, 0.0533, 0.0808, 0.1127, 0.1343, 0.1556, 0.1642, 0.1508, 0.0519, 0.0681]",0.16417619585990906,2024-07-29-16-41-43/SITE261_ORNT350_VIS8mi.png
1,7,"[0.1518, 0.1798, 0.1559, 0.1474, 0.1197, 0.0900, 0.0618, 0.0593, 0.0249, 0.0095]",0.17980749905109406,2024-05-09-16-15-37/SITE132_ORNT30_VIS8mi.png
6,7,"[0.0223, 0.0487, 0.0675, 0.1007, 0.1089, 0.1511, 0.2850, 0.1306, 0.0314, 0.0537]",0.2849608361721039,2024-10-14-13-08-27/SITE73_ORNT110_VIS8mi.png
7,7,"[0.0018, 0.0078, 0.0215, 0.0734, 0.1088, 0.1475, 0.2366, 0.3331, 0.0116, 0.0578]",0.33310815691947937,2024-07-24-16-43-44/SITE241_ORNT214_VIS8mi.png
9,7,"[0.0154, 0.0172, 0.0420, 0.0649, 0.0781, 0.0892, 0.0812, 0.1816, 0.0330, 0.3973]",0.3973267078399658,2025-04-22-15-39-35/SITE203_ORNT155_VIS8mi.png
7,7,"[0.0171, 0.0304, 0.0581, 0.1103, 0.1281, 0.1324, 0.1508, 0.2209, 0.0259, 0.1261]",0.22090989351272583,2025-04-02-15-05-32/SITE439_ORNT350_VIS8mi.png
8,7,"[0.0230, 0.0372, 0.0717, 0.0665, 0.1012, 0.1473, 0.1129, 0.1157, 0.2131, 0.1115]",0.21312673389911652,2025-04-01-16-59-16/SITE469_ORNT80_VIS8mi.png
2,7,"[0.1428, 0.1423, 0.1574, 0.1034, 0.1122, 0.1132, 0.0591, 0.0733, 0.0651, 0.0313]",0.1573989987373352,2025-01-15-15-33-17/SITE602_ORNT175_VIS8mi.png
7,7,"[0.0200, 0.0292, 0.0562, 0.0901, 0.1103, 0.1233, 0.1507, 0.2007, 0.0485, 0.1710]",0.20070864260196686,2025-04-22-15-39-35/SITE203_ORNT70_VIS8mi.png
3,7,"[0.0970, 0.1533, 0.1464, 0.1610, 0.1413, 0.1131, 0.0798, 0.0762, 0.0207, 0.0112]",0.16096289455890656,2025-01-28-16-10-28/SITE117_ORNT320_VIS8mi.png
6,7,"[0.0297, 0.0710, 0.0944, 0.1267, 0.1403, 0.1572, 0.1830, 0.1199, 0.0503, 0.0276]",0.18298384547233582,2025-01-28-16-10-28/SITE117_ORNT165_VIS8mi.png
6,7,"[0.0194, 0.0333, 0.0563, 0.0850, 0.1010, 0.1491, 0.2321, 0.1622, 0.0267, 0.1348]",0.23211827874183655,2024-07-29-17-46-25/SITE557_ORNT291_VIS8mi.png
7,7,"[0.0036, 0.0109, 0.0320, 0.0732, 0.1144, 0.1605, 0.1624, 0.2556, 0.0728, 0.1145]",0.2556215524673462,2025-03-23-13-51-54/SITE203_ORNT220_VIS8mi.png
6,7,"[0.0334, 0.0819, 0.0945, 0.1342, 0.1331, 0.1439, 0.2197, 0.1163, 0.0220, 0.0208]",0.21974396705627441,2024-06-15-14-23-40/SITE593_ORNT160_VIS8mi.png
6,7,"[0.0220, 0.0273, 0.0473, 0.0681, 0.0742, 0.1285, 0.3157, 0.1373, 0.0300, 0.1496]",0.3156531751155853,2025-03-23-13-51-54/SITE10_ORNT255_VIS8mi.png
3,7,"[0.1295, 0.1482, 0.1377, 0.1513, 0.1260, 0.0923, 0.0797, 0.0849, 0.0209, 0.0294]",0.15127573907375336,2025-04-01-16-59-16/SITE719_ORNT300_VIS8mi.png
6,7,"[0.0287, 0.0547, 0.0805, 0.1225, 0.1386, 0.1561, 0.1717, 0.1490, 0.0393, 0.0590]",0.17165528237819672,2024-07-23-16-31-18/SITE545_ORNT95_VIS8mi.png
9,7,"[0.0038, 0.0085, 0.0306, 0.0497, 0.0807, 0.1262, 0.1210, 0.1759, 0.1719, 0.2316]",0.2315661758184433,2025-03-06-15-10-58/SITE474_ORNT270_VIS8mi.png
6,7,"[0.0118, 0.0339, 0.0588, 0.1097, 0.1316, 0.1568, 0.2381, 0.1795, 0.0383, 0.0415]",0.23813629150390625,2024-05-23-15-19-49/SITE623_ORNT10_VIS8mi.png
6,7,"[0.0460, 0.0676, 0.0862, 0.1245, 0.1299, 0.1214, 0.1634, 0.1624, 0.0230, 0.0756]",0.16344724595546722,2024-07-26-10-22-16/SITE569_ORNT276_VIS8mi.png
3,7,"[0.0542, 0.1036, 0.1094, 0.1785, 0.1523, 0.1093, 0.1414, 0.1208, 0.0107, 0.0199]",0.17854411900043488,2024-05-23-15-19-49/SITE15_ORNT265_VIS8mi.png
9,7,"[0.0155, 0.0198, 0.0460, 0.0699, 0.0877, 0.1008, 0.1082, 0.1852, 0.0452, 0.3217]",0.32168787717819214,2024-06-16-19-09-40/SITE422_ORNT30_VIS8mi.png
1,7,"[0.1077, 0.1830, 0.1424, 0.1757, 0.1274, 0.0936, 0.0899, 0.0644, 0.0088, 0.0071]",0.18304874002933502,2024-05-23-15-19-49/SITE15_ORNT170_VIS8mi.png
7,7,"[0.0036, 0.0090, 0.0294, 0.0553, 0.0902, 0.1524, 0.1473, 0.1987, 0.1653, 0.1488]",0.1986926794052124,2024-05-14-16-18-20/SITE629_ORNT210_VIS8mi.png
2,7,"[0.0883, 0.1317, 0.1456, 0.1353, 0.1365, 0.1347, 0.0881, 0.0874, 0.0310, 0.0214]",0.14561673998832703,2024-05-30-17-47-26/SITE747_ORNT255_VIS8mi.png
9,7,"[0.0397, 0.0348, 0.0630, 0.0758, 0.0817, 0.0757, 0.0799, 0.1569, 0.0264, 0.3660]",0.3660455346107483,2025-02-11-14-30-47/SITE268_ORNT355_VIS8mi.png
6,7,"[0.0120, 0.0369, 0.0491, 0.1069, 0.1078, 0.1422, 0.3658, 0.1495, 0.0072, 0.0227]",0.36583611369132996,2024-07-25-10-00-39/SITE405_ORNT250_VIS8mi.png
7,7,"[0.0077, 0.0166, 0.0407, 0.0803, 0.1099, 0.1407, 0.1721, 0.2238, 0.0614, 0.1467]",0.223798006772995,2025-04-10-17-56-44/SITE215_ORNT130_VIS8mi.png
7,7,"[0.0833, 0.0887, 0.1104, 0.1094, 0.1153, 0.1128, 0.1021, 0.1185, 0.0432, 0.1163]",0.11851601302623749,2024-05-21-12-02-34/SITE58_ORNT175_VIS8mi.png
7,7,"[0.0350, 0.0514, 0.0822, 0.1029, 0.1237, 0.1331, 0.1310, 0.1516, 0.0679, 0.1212]",0.15156173706054688,2025-03-31-13-29-12/SITE18_ORNT135_VIS8mi.png
7,7,"[0.0542, 0.0717, 0.0988, 0.1173, 0.1295, 0.1261, 0.1182, 0.1362, 0.0471, 0.1009]",0.13620010018348694,2024-07-25-18-03-52/SITE420_ORNT275_VIS8mi.png
0,7,"[0.1522, 0.1512, 0.1447, 0.1298, 0.1186, 0.0943, 0.0680, 0.0805, 0.0284, 0.0322]",0.15219871699810028,2024-05-23-15-19-49/SITE362_ORNT135_VIS8mi.png
6,7,"[0.0237, 0.0644, 0.0773, 0.1344, 0.1342, 0.1566, 0.2408, 0.1352, 0.0100, 0.0235]",0.24080204963684082,2024-07-24-16-43-44/SITE584_ORNT225_VIS8mi.png
7,7,"[0.0204, 0.0354, 0.0600, 0.1038, 0.1207, 0.1301, 0.1680, 0.2156, 0.0170, 0.1291]",0.21561703085899353,2024-07-24-16-43-44/SITE241_ORNT120_VIS8mi.png
1,7,"[0.1525, 0.1930, 0.1469, 0.1634, 0.1154, 0.0778, 0.0708, 0.0590, 0.0108, 0.0105]",0.19300267100334167,2024-07-28-13-48-26/SITE417_ORNT220_VIS8mi.png
6,7,"[0.0075, 0.0227, 0.0412, 0.0837, 0.1056, 0.1741, 0.2991, 0.1856, 0.0169, 0.0636]",0.2991068959236145,2024-08-02-10-36-13/SITE747_ORNT315_VIS8mi.png
4,7,"[0.0470, 0.0848, 0.1090, 0.1379, 0.1473, 0.1462, 0.1237, 0.1200, 0.0474, 0.0368]",0.14730648696422577,2024-05-13-18-48-49/SITE7_ORNT135_VIS8mi.png
6,7,"[0.0129, 0.0259, 0.0468, 0.0963, 0.1098, 0.1382, 0.2502, 0.2135, 0.0146, 0.0918]",0.25019383430480957,2024-07-23-16-31-18/SITE545_ORNT20_VIS8mi.png
8,7,"[0.0071, 0.0142, 0.0409, 0.0517, 0.0839, 0.1387, 0.1121, 0.1387, 0.2270, 0.1857]",0.22695015370845795,2025-03-05-12-08-53/SITE472_ORNT95_VIS8mi.png
3,7,"[0.0327, 0.0998, 0.1120, 0.1853, 0.1722, 0.1505, 0.1311, 0.1012, 0.0096, 0.0057]",0.18531373143196106,2024-06-13-13-46-47/SITE747_ORNT60_VIS8mi.png
7,7,"[0.0553, 0.0717, 0.0959, 0.1088, 0.1195, 0.1260, 0.1338, 0.1368, 0.0324, 0.1198]",0.1367746889591217,2025-02-27-11-22-46/SITE693_ORNT65_VIS8mi.png
9,7,"[0.0021, 0.0028, 0.0113, 0.0280, 0.0375, 0.0570, 0.0976, 0.1954, 0.0105, 0.5578]",0.557823657989502,2024-06-16-15-28-51/SITE215_ORNT235_VIS8mi.png
3,7,"[0.0825, 0.0957, 0.1145, 0.1416, 0.1381, 0.1097, 0.0963, 0.1320, 0.0296, 0.0599]",0.14159634709358215,2024-07-02-10-19-43/SITE25_ORNT320_VIS8mi.png
6,7,"[0.0127, 0.0310, 0.0533, 0.0918, 0.1129, 0.1702, 0.2605, 0.1655, 0.0270, 0.0750]",0.2605496346950531,2024-07-24-16-43-44/SITE583_ORNT165_VIS8mi.png
7,7,"[0.0627, 0.0739, 0.0999, 0.1254, 0.1256, 0.1146, 0.1078, 0.1537, 0.0225, 0.1138]",0.15369868278503418,2025-02-04-15-47-48/SITE802_ORNT235_VIS8mi.png
6,7,"[0.0483, 0.0711, 0.0957, 0.1036, 0.1228, 0.1400, 0.1427, 0.1308, 0.0581, 0.0869]",0.1426653116941452,2024-08-15-16-44-48/SITE40_ORNT180_VIS8mi.png
7,7,"[0.0016, 0.0038, 0.0163, 0.0459, 0.0723, 0.1119, 0.1648, 0.2664, 0.0716, 0.2454]",0.2664419710636139,2024-07-22-20-17-56/SITE241_ORNT311_VIS8mi.png
9,7,"[0.0407, 0.0364, 0.0679, 0.0794, 0.0852, 0.0767, 0.0749, 0.1590, 0.0251, 0.3548]",0.35478588938713074,2024-05-27-19-19-47/SITE168_ORNT285_VIS8mi.png
9,7,"[0.0109, 0.0166, 0.0408, 0.0698, 0.0929, 0.1155, 0.1264, 0.2003, 0.0754, 0.2514]",0.25137072801589966,2025-02-11-14-30-47/SITE683_ORNT240_VIS8mi.png
3,7,"[0.1040, 0.1492, 0.1366, 0.1572, 0.1321, 0.1053, 0.0941, 0.0825, 0.0199, 0.0192]",0.15722161531448364,2024-08-01-10-54-34/SITE241_ORNT120_VIS8mi.png
6,7,"[0.0476, 0.0865, 0.1004, 0.1491, 0.1428, 0.1294, 0.1572, 0.1325, 0.0193, 0.0351]",0.1572418510913849,2024-10-06-17-04-59/SITE442_ORNT40_VIS8mi.png
4,7,"[0.0624, 0.0927, 0.1096, 0.1402, 0.1404, 0.1212, 0.1274, 0.1261, 0.0305, 0.0496]",0.14037293195724487,2024-12-10-14-08-09/SITE442_ORNT300_VIS8mi.png
5,7,"[0.0704, 0.1129, 0.1455, 0.1130, 0.1335, 0.1581, 0.0726, 0.0777, 0.1015, 0.0148]",0.15814240276813507,2024-07-25-10-00-39/SITE477_ORNT50_VIS8mi.png
5,7,"[0.0651, 0.0975, 0.1329, 0.1036, 0.1301, 0.1578, 0.0743, 0.0886, 0.1264, 0.0236]",0.15779390931129456,2025-02-17-14-46-26/SITE389_ORNT300_VIS8mi.png
1,7,"[0.0981, 0.1535, 0.1530, 0.1427, 0.1362, 0.1255, 0.0707, 0.0644, 0.0493, 0.0066]",0.15354476869106293,2024-06-01-16-58-02/SITE455_ORNT0_VIS8mi.png
5,7,"[0.0243, 0.0815, 0.1211, 0.1138, 0.1640, 0.2200, 0.0896, 0.0884, 0.0951, 0.0022]",0.22000819444656372,2024-07-22-20-17-56/SITE533_ORNT120_VIS8mi.png
5,7,"[0.0285, 0.0770, 0.0960, 0.1404, 0.1522, 0.1709, 0.1633, 0.1389, 0.0131, 0.0196]",0.17091071605682373,2025-02-05-13-59-56/SITE105_ORNT28_VIS8mi.png
2,7,"[0.0797, 0.1242, 0.1611, 0.1100, 0.1274, 0.1581, 0.0610, 0.0646, 0.1049, 0.0089]",0.16109150648117065,2024-06-07-11-09-12/SITE397_ORNT270_VIS8mi.png
1,7,"[0.1721, 0.2038, 0.1442, 0.1879, 0.1158, 0.0615, 0.0536, 0.0506, 0.0066, 0.0040]",0.20379464328289032,2025-02-17-14-46-26/SITE53_ORNT223_VIS8mi.png
0,7,"[0.2518, 0.2272, 0.1537, 0.1495, 0.0886, 0.0482, 0.0356, 0.0368, 0.0047, 0.0040]",0.2517995834350586,2024-07-26-10-22-16/SITE443_ORNT275_VIS8mi.png
0,7,"[0.2297, 0.2224, 0.1550, 0.1522, 0.0945, 0.0543, 0.0411, 0.0401, 0.0062, 0.0046]",0.22966790199279785,2024-08-01-13-32-05/SITE48_ORNT115_VIS8mi.png
7,7,"[0.0768, 0.0842, 0.1006, 0.1468, 0.1334, 0.1008, 0.1157, 0.1490, 0.0208, 0.0719]",0.14902068674564362,2025-02-04-15-47-48/SITE268_ORNT45_VIS8mi.png
6,7,"[0.0566, 0.0888, 0.1071, 0.1381, 0.1383, 0.1247, 0.1394, 0.1270, 0.0298, 0.0502]",0.13943485915660858,2024-06-23-11-02-14/SITE253_ORNT325_VIS8mi.png
0,7,"[0.4139, 0.2144, 0.1557, 0.0787, 0.0553, 0.0330, 0.0152, 0.0258, 0.0049, 0.0030]",0.4139444828033447,2025-03-05-12-08-53/SITE468_ORNT80_VIS8mi.png
3,7,"[0.0761, 0.1349, 0.1304, 0.1463, 0.1315, 0.1263, 0.1317, 0.0809, 0.0260, 0.0160]",0.146250918507576,2024-12-10-14-08-09/SITE186_ORNT275_VIS8mi.png
0,7,"[0.2249, 0.1775, 0.1722, 0.0998, 0.0955, 0.0868, 0.0390, 0.0545, 0.0349, 0.0148]",0.22489652037620544,2024-12-23-15-38-40/SITE332_ORNT315_VIS8mi.png
3,7,"[0.1042, 0.1472, 0.1381, 0.1517, 0.1282, 0.1096, 0.1011, 0.0789, 0.0221, 0.0188]",0.15172700583934784,2024-08-31-14-30-34/SITE73_ORNT335_VIS8mi.png
2,7,"[0.1113, 0.1272, 0.1478, 0.1057, 0.1183, 0.1272, 0.0695, 0.0791, 0.0837, 0.0302]",0.14781752228736877,2025-04-07-16-10-10/SITE36_ORNT350_VIS8mi.png
9,7,"[0.0313, 0.0396, 0.0670, 0.0901, 0.1053, 0.1201, 0.1336, 0.1605, 0.0488, 0.2037]",0.20374786853790283,2024-08-30-17-21-54/SITE40_ORNT295_VIS8mi.png
7,7,"[0.0226, 0.0515, 0.0797, 0.1216, 0.1496, 0.1558, 0.1612, 0.1635, 0.0546, 0.0398]",0.16347351670265198,2024-09-08-16-00-24/SITE203_ORNT335_VIS8mi.png
9,7,"[0.0022, 0.0038, 0.0165, 0.0339, 0.0536, 0.0804, 0.0865, 0.2023, 0.0506, 0.4702]",0.4701666533946991,2025-04-13-19-09-12/SITE203_ORNT155_VIS8mi.png
9,7,"[0.0132, 0.0168, 0.0388, 0.0627, 0.0784, 0.1021, 0.1330, 0.1910, 0.0292, 0.3347]",0.3347291648387909,2025-04-11-14-52-32/SITE821_ORNT50_VIS8mi.png
9,7,"[0.0149, 0.0191, 0.0438, 0.0684, 0.0840, 0.0952, 0.1076, 0.1953, 0.0331, 0.3385]",0.33849042654037476,2024-06-27-10-23-10/SITE734_ORNT160_VIS8mi.png
9,7,"[0.0007, 0.0016, 0.0106, 0.0205, 0.0383, 0.0862, 0.0738, 0.1339, 0.3023, 0.3321]",0.332123726606369,2024-09-27-16-12-40/SITE581_ORNT160_VIS8mi.png
1,7,"[0.1791, 0.1998, 0.1549, 0.1563, 0.1100, 0.0726, 0.0556, 0.0528, 0.0103, 0.0086]",0.19982464611530304,2024-07-30-14-06-06/SITE435_ORNT15_VIS8mi.png
1,7,"[0.1342, 0.1522, 0.1442, 0.1413, 0.1214, 0.0975, 0.0813, 0.0806, 0.0199, 0.0274]",0.15218855440616608,2024-06-07-15-28-05/SITE98_ORNT245_VIS8mi.png
8,7,"[0.0459, 0.0757, 0.1142, 0.0783, 0.1165, 0.1653, 0.0791, 0.0894, 0.1954, 0.0402]",0.19538332521915436,2025-02-01-12-44-07/SITE332_ORNT155_VIS8mi.png
6,7,"[0.0233, 0.0401, 0.0629, 0.0931, 0.1071, 0.1439, 0.2282, 0.1620, 0.0286, 0.1107]",0.22823739051818848,2024-05-07-15-42-07/SITE569_ORNT211_VIS8mi.png
0,7,"[0.1621, 0.1440, 0.1405, 0.1137, 0.1097, 0.0951, 0.0708, 0.0831, 0.0355, 0.0455]",0.16208435595035553,2025-01-26-13-23-03/SITE578_ORNT185_VIS8mi.png
5,7,"[0.0545, 0.0922, 0.1278, 0.1073, 0.1339, 0.1633, 0.0856, 0.0897, 0.1237, 0.0220]",0.16326278448104858,2024-10-14-13-08-27/SITE477_ORNT50_VIS8mi.png
1,7,"[0.1632, 0.1992, 0.1487, 0.1585, 0.1075, 0.0762, 0.0719, 0.0564, 0.0083, 0.0100]",0.19918209314346313,2024-06-10-14-33-22/SITE40_ORNT180_VIS8mi.png
6,7,"[0.0282, 0.0480, 0.0701, 0.0987, 0.1130, 0.1428, 0.2179, 0.1521, 0.0373, 0.0920]",0.21785689890384674,2024-10-06-17-04-59/SITE215_ORNT40_VIS8mi.png
9,7,"[0.0141, 0.0168, 0.0409, 0.0695, 0.0838, 0.0878, 0.1023, 0.2158, 0.0322, 0.3369]",0.33692875504493713,2024-04-30-13-21-52/SITE215_ORNT330_VIS8mi.png
9,7,"[0.0582, 0.0687, 0.0918, 0.1066, 0.1122, 0.1170, 0.1370, 0.1377, 0.0292, 0.1416]",0.14159655570983887,2024-06-06-17-01-51/SITE258_ORNT170_VIS8mi.png
7,7,"[0.0048, 0.0082, 0.0252, 0.0609, 0.0800, 0.0941, 0.1455, 0.2797, 0.0243, 0.2775]",0.279657244682312,2024-08-02-20-27-22/SITE203_ORNT70_VIS8mi.png
6,7,"[0.0061, 0.0111, 0.0290, 0.0609, 0.0837, 0.1330, 0.2258, 0.2192, 0.0390, 0.1922]",0.22579661011695862,2024-06-07-15-28-05/SITE18_ORNT210_VIS8mi.png
9,7,"[0.0198, 0.0239, 0.0498, 0.0785, 0.0912, 0.1071, 0.1366, 0.1823, 0.0433, 0.2674]",0.26743677258491516,2025-03-04-14-20-15/SITE78_ORNT268_VIS8mi.png
6,7,"[0.0432, 0.0632, 0.0859, 0.1107, 0.1202, 0.1334, 0.1625, 0.1435, 0.0335, 0.1039]",0.16245914995670319,2025-02-10-14-47-56/SITE128_ORNT303_VIS8mi.png
7,7,"[0.0392, 0.0653, 0.0882, 0.1434, 0.1467, 0.1239, 0.1431, 0.1688, 0.0213, 0.0602]",0.16884496808052063,2024-09-15-16-06-51/SITE446_ORNT101_VIS8mi.png
1,7,"[0.1914, 0.2200, 0.1507, 0.1625, 0.1023, 0.0619, 0.0535, 0.0463, 0.0057, 0.0056]",0.22000566124916077,2024-06-06-17-01-51/SITE215_ORNT130_VIS8mi.png
9,7,"[0.0060, 0.0076, 0.0219, 0.0452, 0.0562, 0.0881, 0.1665, 0.1983, 0.0143, 0.3957]",0.39570775628089905,2024-05-13-18-48-49/SITE575_ORNT325_VIS8mi.png
7,7,"[0.0210, 0.0356, 0.0708, 0.1030, 0.1281, 0.1382, 0.1137, 0.1863, 0.0509, 0.1524]",0.18630671501159668,2024-07-28-11-17-19/SITE595_ORNT270_VIS8mi.png
9,7,"[0.0525, 0.0487, 0.0805, 0.0881, 0.0942, 0.0842, 0.0775, 0.1476, 0.0296, 0.2970]",0.2970469295978546,2025-02-14-15-24-27/SITE595_ORNT180_VIS8mi.png
6,7,"[0.0202, 0.0395, 0.0692, 0.0752, 0.1055, 0.1780, 0.2067, 0.1239, 0.0991, 0.0827]",0.20674021542072296,2024-05-08-14-34-39/SITE25_ORNT150_VIS8mi.png
7,7,"[0.0144, 0.0243, 0.0504, 0.0857, 0.1079, 0.1293, 0.1927, 0.2061, 0.0436, 0.1457]",0.20611093938350677,2024-07-18-11-32-15/SITE411_ORNT220_VIS8mi.png
6,7,"[0.0297, 0.0481, 0.0739, 0.1064, 0.1216, 0.1393, 0.1722, 0.1655, 0.0335, 0.1099]",0.17222516238689423,2024-07-18-11-32-15/SITE94_ORNT280_VIS8mi.png
9,7,"[0.0367, 0.0457, 0.0724, 0.0956, 0.1091, 0.1119, 0.1231, 0.1818, 0.0216, 0.2021]",0.20207802951335907,2024-08-18-19-28-16/SITE272_ORNT67_VIS8mi.png
5,7,"[0.0833, 0.0986, 0.1246, 0.1023, 0.1193, 0.1258, 0.0879, 0.1018, 0.0849, 0.0715]",0.12581199407577515,2025-03-28-10-38-15/SITE205_ORNT230_VIS8mi.png
5,7,"[0.0292, 0.0562, 0.0872, 0.1088, 0.1415, 0.1612, 0.1349, 0.1456, 0.0838, 0.0517]",0.16123414039611816,2024-08-01-10-54-34/SITE25_ORNT225_VIS8mi.png
9,7,"[0.0088, 0.0091, 0.0260, 0.0411, 0.0507, 0.0619, 0.0726, 0.1594, 0.0172, 0.5532]",0.553156852722168,2024-07-23-13-08-12/SITE580_ORNT270_VIS8mi.png
8,7,"[0.0027, 0.0144, 0.0457, 0.0365, 0.0895, 0.2245, 0.0704, 0.0902, 0.4161, 0.0099]",0.41612568497657776,2024-04-30-13-21-52/SITE457_ORNT110_VIS8mi.png
8,7,"[0.0571, 0.0878, 0.1399, 0.0543, 0.0948, 0.1792, 0.0483, 0.0615, 0.2614, 0.0158]",0.2613966763019562,2025-01-22-12-38-15/SITE324_ORNT225_VIS8mi.png
3,7,"[0.1170, 0.1633, 0.1471, 0.1668, 0.1360, 0.0950, 0.0755, 0.0704, 0.0186, 0.0103]",0.16678473353385925,2024-10-10-15-17-15/SITE17_ORNT340_VIS8mi.png
0,7,"[0.2590, 0.1999, 0.1496, 0.1378, 0.0927, 0.0542, 0.0396, 0.0489, 0.0080, 0.0104]",0.25903910398483276,2025-03-05-12-08-53/SITE610_ORNT260_VIS8mi.png
8,7,"[0.0111, 0.0216, 0.0537, 0.0500, 0.0833, 0.1339, 0.0811, 0.1043, 0.3575, 0.1034]",0.3575425446033478,2025-01-15-12-14-16/SITE397_ORNT345_VIS8mi.png
0,7,"[0.2207, 0.1814, 0.1546, 0.1232, 0.1002, 0.0731, 0.0503, 0.0607, 0.0172, 0.0187]",0.22066034376621246,2025-02-02-12-13-03/SITE534_ORNT315_VIS8mi.png
9,7,"[0.0035, 0.0054, 0.0232, 0.0378, 0.0549, 0.0754, 0.0671, 0.1551, 0.1793, 0.3983]",0.398259699344635,2024-09-20-16-20-08/SITE203_ORNT335_VIS8mi.png
9,7,"[0.0231, 0.0222, 0.0490, 0.0680, 0.0756, 0.0769, 0.0807, 0.1653, 0.0311, 0.4081]",0.4081094563007355,2024-12-29-16-00-12/SITE808_ORNT135_VIS8mi.png
7,7,"[0.0290, 0.0427, 0.0692, 0.1056, 0.1227, 0.1246, 0.1604, 0.1852, 0.0483, 0.1123]",0.1852082908153534,2025-04-13-19-09-12/SITE203_ORNT70_VIS8mi.png
6,7,"[0.0326, 0.0562, 0.0810, 0.1188, 0.1283, 0.1329, 0.1797, 0.1603, 0.0304, 0.0799]",0.17974154651165009,2024-07-29-16-41-43/SITE261_ORNT270_VIS8mi.png
1,7,"[0.1110, 0.1672, 0.1437, 0.1655, 0.1314, 0.0971, 0.0860, 0.0705, 0.0164, 0.0113]",0.16716717183589935,2024-10-10-15-17-15/SITE17_ORNT95_VIS8mi.png
9,7,"[0.0125, 0.0167, 0.0416, 0.0717, 0.0872, 0.0950, 0.1080, 0.2059, 0.0440, 0.3174]",0.3174082636833191,2025-03-04-14-20-15/SITE78_ORNT322_VIS8mi.png
1,7,"[0.1846, 0.1986, 0.1588, 0.1550, 0.1074, 0.0731, 0.0542, 0.0510, 0.0094, 0.0079]",0.1985960602760315,2025-02-04-15-47-48/SITE802_ORNT150_VIS8mi.png
0,7,"[0.2803, 0.1893, 0.1667, 0.0969, 0.0850, 0.0669, 0.0322, 0.0481, 0.0222, 0.0124]",0.2803208529949188,2024-11-19-11-24-38/SITE463_ORNT230_VIS8mi.png
7,7,"[0.0179, 0.0301, 0.0581, 0.0881, 0.1142, 0.1420, 0.1465, 0.1829, 0.0522, 0.1680]",0.18287576735019684,2025-02-02-12-13-03/SITE272_ORNT130_VIS8mi.png
0,7,"[0.2689, 0.2350, 0.1439, 0.1524, 0.0843, 0.0419, 0.0330, 0.0334, 0.0040, 0.0032]",0.26890572905540466,2024-08-02-10-36-13/SITE45_ORNT5_VIS8mi.png
9,7,"[0.0434, 0.0441, 0.0736, 0.0811, 0.0926, 0.0953, 0.0940, 0.1413, 0.0476, 0.2871]",0.28709328174591064,2025-02-10-14-47-56/SITE684_ORNT27_VIS8mi.png
5,7,"[0.0397, 0.0748, 0.1114, 0.0828, 0.1230, 0.1828, 0.1099, 0.0990, 0.1449, 0.0317]",0.18279358744621277,2024-08-30-10-00-55/SITE457_ORNT225_VIS8mi.png
2,7,"[0.0928, 0.1297, 0.1580, 0.1049, 0.1267, 0.1480, 0.0571, 0.0694, 0.1020, 0.0114]",0.15803074836730957,2025-02-01-17-30-02/SITE528_ORNT35_VIS8mi.png
6,7,"[0.0145, 0.0384, 0.0606, 0.1014, 0.1248, 0.1756, 0.2338, 0.1701, 0.0225, 0.0584]",0.23382143676280975,2024-10-06-12-31-10/SITE22_ORNT285_VIS8mi.png
9,7,"[0.0070, 0.0107, 0.0318, 0.0714, 0.0852, 0.0893, 0.1056, 0.2452, 0.0268, 0.3270]",0.3270186185836792,2024-04-30-13-21-52/SITE734_ORNT75_VIS8mi.png
9,7,"[0.0181, 0.0235, 0.0466, 0.0739, 0.0900, 0.1116, 0.1653, 0.2013, 0.0261, 0.2437]",0.24370242655277252,2024-05-07-15-42-07/SITE575_ORNT325_VIS8mi.png
1,7,"[0.1694, 0.2462, 0.1581, 0.1815, 0.1054, 0.0567, 0.0431, 0.0350, 0.0031, 0.0014]",0.24618643522262573,2024-09-21-11-24-11/SITE117_ORNT43_VIS8mi.png
6,7,"[0.0334, 0.0689, 0.0920, 0.1376, 0.1517, 0.1411, 0.1536, 0.1529, 0.0310, 0.0377]",0.15363915264606476,2024-06-01-16-58-02/SITE442_ORNT40_VIS8mi.png
9,7,"[0.0118, 0.0116, 0.0299, 0.0487, 0.0564, 0.0549, 0.0675, 0.1762, 0.0104, 0.5326]",0.5326467156410217,2025-03-04-14-20-15/SITE78_ORNT189_VIS8mi.png
1,7,"[0.1248, 0.1608, 0.1448, 0.1524, 0.1256, 0.0986, 0.0804, 0.0755, 0.0197, 0.0174]",0.16080573201179504,2024-07-28-13-48-26/SITE15_ORNT170_VIS8mi.png
9,7,"[0.0458, 0.0476, 0.0778, 0.0835, 0.0970, 0.1021, 0.0954, 0.1380, 0.0529, 0.2600]",0.2599512040615082,2025-03-26-14-35-40/SITE207_ORNT235_VIS8mi.png
1,7,"[0.1293, 0.1498, 0.1483, 0.1424, 0.1316, 0.1034, 0.0682, 0.0774, 0.0342, 0.0153]",0.14975520968437195,2024-07-23-10-10-08/SITE404_ORNT350_VIS8mi.png
6,7,"[0.0158, 0.0369, 0.0554, 0.0877, 0.0990, 0.1553, 0.3281, 0.1340, 0.0302, 0.0578]",0.32810238003730774,2025-03-06-15-10-58/SITE73_ORNT110_VIS8mi.png
2,7,"[0.1301, 0.1181, 0.1356, 0.1135, 0.1139, 0.1021, 0.0728, 0.0955, 0.0499, 0.0686]",0.13561657071113586,2025-01-15-15-33-17/SITE602_ORNT270_VIS8mi.png
9,7,"[0.0521, 0.0606, 0.0922, 0.0910, 0.1120, 0.1180, 0.0978, 0.1268, 0.0974, 0.1521]",0.15207763016223907,2024-07-22-20-17-56/SITE309_ORNT325_VIS8mi.png
0,7,"[0.1577, 0.1412, 0.1499, 0.1107, 0.1123, 0.0954, 0.0577, 0.0837, 0.0403, 0.0510]",0.15772531926631927,2025-03-11-17-13-52/SITE198_ORNT80_VIS8mi.png
6,7,"[0.0264, 0.0540, 0.0734, 0.1142, 0.1178, 0.1433, 0.2537, 0.1400, 0.0248, 0.0526]",0.25367891788482666,2025-01-28-16-10-28/SITE186_ORNT217_VIS8mi.png
9,7,"[0.0077, 0.0118, 0.0320, 0.0664, 0.0858, 0.1069, 0.1509, 0.2486, 0.0336, 0.2563]",0.25631558895111084,2025-01-26-15-53-06/SITE18_ORNT5_VIS8mi.png
9,7,"[0.0071, 0.0090, 0.0301, 0.0519, 0.0677, 0.0770, 0.0781, 0.1848, 0.1064, 0.3879]",0.3879404366016388,2024-04-25-17-48-06/SITE241_ORNT214_VIS8mi.png
1,7,"[0.1142, 0.1910, 0.1454, 0.1694, 0.1236, 0.0910, 0.0889, 0.0601, 0.0096, 0.0067]",0.19097311794757843,2024-07-28-13-48-26/SITE417_ORNT315_VIS8mi.png
1,7,"[0.1746, 0.2068, 0.1525, 0.1589, 0.1089, 0.0708, 0.0604, 0.0513, 0.0090, 0.0068]",0.20683959126472473,2024-07-25-18-03-52/SITE437_ORNT260_VIS8mi.png
0,7,"[0.2182, 0.2101, 0.1572, 0.1455, 0.0987, 0.0621, 0.0461, 0.0466, 0.0084, 0.0071]",0.21815082430839539,2024-07-23-10-10-08/SITE258_ORNT325_VIS8mi.png
5,7,"[0.0520, 0.1175, 0.1409, 0.1458, 0.1504, 0.1664, 0.0969, 0.0775, 0.0469, 0.0055]",0.1663905531167984,2024-10-15-10-59-57/SITE397_ORNT270_VIS8mi.png
8,7,"[0.0000, 0.0002, 0.0027, 0.0028, 0.0107, 0.0483, 0.0165, 0.0333, 0.8526, 0.0328]",0.8525676131248474,2025-02-14-15-24-27/SITE490_ORNT110_VIS8mi.png
9,7,"[0.0033, 0.0054, 0.0224, 0.0296, 0.0494, 0.0916, 0.0833, 0.1216, 0.2680, 0.3254]",0.3254193365573883,2024-07-24-16-43-44/SITE366_ORNT40_VIS8mi.png
0,7,"[0.1765, 0.1497, 0.1494, 0.1089, 0.1074, 0.0885, 0.0567, 0.0817, 0.0310, 0.0501]",0.1764853149652481,2025-04-10-17-56-44/SITE217_ORNT100_VIS8mi.png
5,7,"[0.0217, 0.0617, 0.0909, 0.1350, 0.1637, 0.1706, 0.1482, 0.1362, 0.0525, 0.0196]",0.1705603450536728,2025-02-14-15-24-27/SITE245_ORNT227_VIS8mi.png
9,7,"[0.0258, 0.0272, 0.0513, 0.0739, 0.0838, 0.1028, 0.1450, 0.1709, 0.0248, 0.2945]",0.29447343945503235,2025-01-28-16-10-28/SITE208_ORNT330_VIS8mi.png
3,7,"[0.1177, 0.1385, 0.1339, 0.1430, 0.1258, 0.1001, 0.0904, 0.0891, 0.0259, 0.0355]",0.14300312101840973,2025-03-17-19-09-03/SITE25_ORNT150_VIS8mi.png
8,7,"[0.0000, 0.0000, 0.0006, 0.0004, 0.0021, 0.0162, 0.0034, 0.0074, 0.9559, 0.0141]",0.9558953642845154,2024-07-25-10-00-39/SITE388_ORNT325_VIS8mi.png
6,7,"[0.0172, 0.0564, 0.0678, 0.1410, 0.1321, 0.1712, 0.2669, 0.1241, 0.0075, 0.0159]",0.26688361167907715,2024-07-24-16-43-44/SITE583_ORNT285_VIS8mi.png
5,7,"[0.0798, 0.0951, 0.1303, 0.1007, 0.1208, 0.1345, 0.0729, 0.0957, 0.1131, 0.0571]",0.13453012704849243,2025-02-15-15-20-00/SITE168_ORNT205_VIS8mi.png
5,7,"[0.0504, 0.0720, 0.0993, 0.1170, 0.1323, 0.1361, 0.1275, 0.1321, 0.0513, 0.0820]",0.13614751398563385,2025-02-05-13-59-56/SITE41_ORNT25_VIS8mi.png
9,7,"[0.0066, 0.0088, 0.0255, 0.0487, 0.0646, 0.0884, 0.1231, 0.2110, 0.0226, 0.4007]",0.4006972014904022,2025-03-15-15-41-34/SITE540_ORNT178_VIS8mi.png
7,7,"[0.0365, 0.0485, 0.0769, 0.1089, 0.1194, 0.1167, 0.1298, 0.1687, 0.0430, 0.1515]",0.16873589158058167,2025-03-05-12-08-53/SITE808_ORNT235_VIS8mi.png
8,7,"[0.0354, 0.0676, 0.1110, 0.0807, 0.1261, 0.1815, 0.0840, 0.1019, 0.1817, 0.0299]",0.1817118376493454,2025-02-27-11-22-46/SITE325_ORNT145_VIS8mi.png
6,7,"[0.0227, 0.0352, 0.0633, 0.0912, 0.1147, 0.1406, 0.1679, 0.1652, 0.0798, 0.1192]",0.16791796684265137,2025-03-02-13-12-40/SITE117_ORNT128_VIS8mi.png
2,7,"[0.1112, 0.1238, 0.1321, 0.1235, 0.1215, 0.1081, 0.0913, 0.0946, 0.0391, 0.0547]",0.1321217268705368,2025-03-23-13-51-54/SITE86_ORNT239_VIS8mi.png
6,7,"[0.0383, 0.0490, 0.0721, 0.0975, 0.1041, 0.1188, 0.1804, 0.1583, 0.0266, 0.1548]",0.18042820692062378,2024-12-24-15-14-57/SITE18_ORNT210_VIS8mi.png
6,7,"[0.0393, 0.0743, 0.0907, 0.1447, 0.1388, 0.1379, 0.1817, 0.1354, 0.0182, 0.0390]",0.18169498443603516,2024-06-30-10-21-08/SITE587_ORNT280_VIS8mi.png
6,7,"[0.0018, 0.0070, 0.0176, 0.0538, 0.0721, 0.1390, 0.4055, 0.2352, 0.0050, 0.0631]",0.40547776222229004,2024-06-17-10-37-40/SITE405_ORNT250_VIS8mi.png
0,7,"[0.2197, 0.1702, 0.1599, 0.1029, 0.0956, 0.0866, 0.0490, 0.0602, 0.0360, 0.0200]",0.2197050303220749,2025-01-31-13-49-43/SITE119_ORNT13_VIS8mi.png
2,7,"[0.1246, 0.1251, 0.1376, 0.1188, 0.1191, 0.1057, 0.0732, 0.0923, 0.0463, 0.0571]",0.13764318823814392,2025-03-31-13-29-12/SITE14_ORNT240_VIS8mi.png
8,7,"[0.0109, 0.0229, 0.0524, 0.0577, 0.0950, 0.1638, 0.1536, 0.1264, 0.2255, 0.0917]",0.22547650337219238,2024-07-04-10-22-12/SITE333_ORNT200_VIS8mi.png
7,7,"[0.0006, 0.0017, 0.0093, 0.0350, 0.0617, 0.1073, 0.1717, 0.3203, 0.0624, 0.2300]",0.3203352987766266,2024-06-10-18-34-10/SITE26_ORNT250_VIS8mi.png
0,7,"[0.2707, 0.2085, 0.1530, 0.1349, 0.0886, 0.0498, 0.0359, 0.0432, 0.0075, 0.0079]",0.27066460251808167,2025-03-05-12-08-53/SITE610_ORNT0_VIS8mi.png
6,7,"[0.0497, 0.1022, 0.1070, 0.1586, 0.1425, 0.1317, 0.1617, 0.1079, 0.0173, 0.0213]",0.1617303043603897,2024-08-26-16-02-03/SITE215_ORNT235_VIS8mi.png
9,7,"[0.0271, 0.0356, 0.0647, 0.0876, 0.1072, 0.1185, 0.1242, 0.1676, 0.0691, 0.1984]",0.19835302233695984,2024-06-17-10-37-40/SITE683_ORNT180_VIS8mi.png
7,7,"[0.0378, 0.0610, 0.0858, 0.1282, 0.1357, 0.1380, 0.1490, 0.1529, 0.0327, 0.0789]",0.15288439393043518,2024-07-14-13-28-24/SITE251_ORNT335_VIS8mi.png
1,7,"[0.1257, 0.1893, 0.1398, 0.1848, 0.1267, 0.0789, 0.0769, 0.0635, 0.0074, 0.0071]",0.1892574578523636,2024-08-01-10-54-34/SITE6_ORNT355_VIS8mi.png
9,7,"[0.0310, 0.0387, 0.0714, 0.0827, 0.1041, 0.1157, 0.1086, 0.1644, 0.0570, 0.2264]",0.22644813358783722,2024-06-17-10-37-40/SITE132_ORNT141_VIS8mi.png
9,7,"[0.0001, 0.0003, 0.0026, 0.0119, 0.0206, 0.0364, 0.0627, 0.2340, 0.0182, 0.6133]",0.6132533550262451,2024-07-30-14-06-06/SITE735_ORNT75_VIS8mi.png
9,7,"[0.0060, 0.0104, 0.0289, 0.0531, 0.0757, 0.1219, 0.1693, 0.1989, 0.0420, 0.2937]",0.2937169671058655,2024-07-23-13-08-12/SITE215_ORNT235_VIS8mi.png
0,7,"[0.3369, 0.2169, 0.1764, 0.0942, 0.0703, 0.0484, 0.0171, 0.0287, 0.0082, 0.0030]",0.336910605430603,2025-02-14-15-24-27/SITE65_ORNT180_VIS8mi.png
1,7,"[0.1958, 0.1988, 0.1501, 0.1528, 0.1067, 0.0678, 0.0535, 0.0548, 0.0092, 0.0104]",0.19879920780658722,2024-07-02-16-22-41/SITE129_ORNT109_VIS8mi.png
0,7,"[0.7012, 0.1714, 0.0871, 0.0226, 0.0106, 0.0039, 0.0008, 0.0023, 0.0001, 0.0000]",0.7011845111846924,2025-03-04-14-20-15/SITE15_ORNT90_VIS8mi.png
6,7,"[0.0241, 0.0413, 0.0579, 0.0821, 0.0854, 0.1385, 0.3454, 0.1240, 0.0229, 0.0784]",0.34538474678993225,2024-08-02-10-36-13/SITE507_ORNT90_VIS8mi.png
8,8,"[0.0000, 0.0001, 0.0015, 0.0009, 0.0054, 0.0430, 0.0078, 0.0134, 0.9240, 0.0038]",0.9240055084228516,2024-06-29-15-18-41/SITE345_ORNT225_VIS9mi.png
8,8,"[0.0050, 0.0234, 0.0553, 0.0428, 0.0889, 0.2372, 0.1259, 0.0838, 0.3254, 0.0123]",0.32540473341941833,2025-02-02-12-13-03/SITE343_ORNT360_VIS9mi.png
8,8,"[0.0000, 0.0000, 0.0007, 0.0005, 0.0030, 0.0315, 0.0108, 0.0073, 0.9419, 0.0042]",0.9419088363647461,2024-07-04-13-27-11/SITE528_ORNT235_VIS9mi.png
9,8,"[0.0196, 0.0218, 0.0491, 0.0673, 0.0795, 0.0854, 0.0859, 0.1639, 0.0402, 0.3872]",0.3872322738170624,2024-12-10-14-08-09/SITE802_ORNT45_VIS9mi.png
8,8,"[0.0000, 0.0000, 0.0008, 0.0007, 0.0036, 0.0286, 0.0117, 0.0120, 0.9300, 0.0126]",0.9300187230110168,2024-04-25-17-48-06/SITE377_ORNT110_VIS9mi.png
9,8,"[0.0002, 0.0002, 0.0028, 0.0058, 0.0097, 0.0183, 0.0208, 0.0772, 0.0486, 0.8166]",0.8165614604949951,2024-06-28-13-30-05/SITE486_ORNT220_VIS9mi.png
8,8,"[0.0102, 0.0204, 0.0504, 0.0565, 0.0930, 0.1520, 0.1143, 0.1359, 0.2381, 0.1294]",0.23809203505516052,2025-03-26-12-24-08/SITE365_ORNT100_VIS9mi.png
9,8,"[0.0143, 0.0208, 0.0485, 0.0746, 0.0951, 0.1123, 0.1168, 0.1781, 0.0937, 0.2459]",0.24587367475032806,2024-07-24-16-43-44/SITE203_ORNT220_VIS9mi.png
8,8,"[0.0000, 0.0000, 0.0007, 0.0005, 0.0036, 0.0349, 0.0059, 0.0107, 0.9419, 0.0017]",0.9419224858283997,2024-07-02-10-19-43/SITE508_ORNT315_VIS9mi.png
5,8,"[0.0197, 0.0409, 0.0779, 0.1002, 0.1371, 0.1679, 0.1172, 0.1545, 0.1275, 0.0571]",0.16793139278888702,2024-10-07-14-17-08/SITE480_ORNT310_VIS9mi.png
6,8,"[0.0038, 0.0150, 0.0403, 0.0531, 0.0925, 0.2253, 0.2365, 0.1171, 0.1856, 0.0307]",0.23649747669696808,2024-06-06-10-38-22/SITE520_ORNT180_VIS9mi.png
9,8,"[0.0019, 0.0043, 0.0198, 0.0448, 0.0707, 0.0982, 0.0951, 0.2174, 0.1909, 0.2569]",0.2568512558937073,2024-09-22-16-46-10/SITE203_ORNT220_VIS9mi.png
8,8,"[0.0008, 0.0027, 0.0139, 0.0115, 0.0306, 0.0928, 0.0364, 0.0582, 0.6919, 0.0612]",0.6919077038764954,2024-06-09-10-51-06/SITE304_ORNT290_VIS9mi.png
8,8,"[0.0000, 0.0001, 0.0013, 0.0007, 0.0045, 0.0434, 0.0129, 0.0088, 0.9250, 0.0033]",0.9249707460403442,2024-08-10-09-44-28/SITE322_ORNT290_VIS9mi.png
8,8,"[0.0001, 0.0004, 0.0035, 0.0017, 0.0073, 0.0419, 0.0097, 0.0144, 0.9045, 0.0165]",0.9044855833053589,2024-08-30-17-21-54/SITE522_ORNT270_VIS9mi.png
8,8,"[0.0001, 0.0003, 0.0031, 0.0027, 0.0088, 0.0339, 0.0108, 0.0301, 0.7989, 0.1113]",0.7989155650138855,2025-02-02-12-13-03/SITE276_ORNT45_VIS9mi.png
8,8,"[0.0014, 0.0046, 0.0189, 0.0147, 0.0375, 0.1097, 0.0472, 0.0578, 0.6628, 0.0455]",0.6627906560897827,2024-06-07-11-09-12/SITE353_ORNT135_VIS9mi.png
8,8,"[0.0134, 0.0322, 0.0680, 0.0629, 0.1053, 0.1763, 0.1034, 0.1114, 0.2743, 0.0527]",0.27431899309158325,2024-07-02-10-19-43/SITE341_ORNT350_VIS9mi.png
8,8,"[0.0101, 0.0308, 0.0665, 0.0543, 0.0992, 0.2029, 0.1049, 0.0932, 0.3163, 0.0218]",0.3163410425186157,2025-03-31-13-29-12/SITE309_ORNT130_VIS9mi.png
8,8,"[0.0047, 0.0166, 0.0444, 0.0429, 0.0862, 0.1933, 0.1168, 0.0985, 0.3657, 0.0307]",0.36570289731025696,2024-12-03-11-18-04/SITE401_ORNT250_VIS9mi.png
8,8,"[0.0003, 0.0015, 0.0084, 0.0055, 0.0187, 0.0876, 0.0365, 0.0324, 0.7821, 0.0270]",0.7820645570755005,2025-03-31-13-29-12/SITE366_ORNT95_VIS9mi.png
5,8,"[0.0253, 0.0402, 0.0715, 0.0835, 0.1126, 0.1459, 0.1424, 0.1455, 0.0953, 0.1377]",0.14594581723213196,2024-08-31-14-30-34/SITE314_ORNT35_VIS9mi.png
1,8,"[0.1189, 0.1748, 0.1656, 0.1286, 0.1294, 0.1196, 0.0585, 0.0557, 0.0456, 0.0034]",0.17475548386573792,2025-03-03-11-33-30/SITE333_ORNT280_VIS9mi.png
5,8,"[0.0721, 0.1096, 0.1360, 0.1190, 0.1409, 0.1547, 0.0759, 0.0888, 0.0893, 0.0136]",0.15472973883152008,2025-02-16-12-49-10/SITE376_ORNT170_VIS9mi.png
8,8,"[0.0041, 0.0086, 0.0293, 0.0189, 0.0432, 0.1046, 0.0446, 0.0648, 0.5844, 0.0974]",0.5843998193740845,2024-10-13-12-27-42/SITE295_ORNT315_VIS9mi.png
5,8,"[0.0444, 0.0845, 0.1223, 0.0960, 0.1258, 0.1776, 0.0954, 0.0815, 0.1557, 0.0168]",0.17757448554039001,2025-02-16-12-49-10/SITE401_ORNT350_VIS9mi.png
8,8,"[0.0021, 0.0053, 0.0208, 0.0138, 0.0359, 0.1043, 0.0438, 0.0575, 0.6524, 0.0642]",0.6524182558059692,2024-09-02-17-43-28/SITE362_ORNT25_VIS9mi.png
4,8,"[0.0796, 0.0895, 0.1124, 0.1133, 0.1215, 0.1145, 0.1016, 0.1200, 0.0483, 0.0992]",0.12151873111724854,2025-04-13-19-09-12/SITE477_ORNT240_VIS9mi.png
8,8,"[0.0019, 0.0111, 0.0343, 0.0232, 0.0636, 0.2178, 0.0991, 0.0653, 0.4738, 0.0097]",0.4738341271877289,2024-07-28-11-17-19/SITE386_ORNT125_VIS9mi.png
8,8,"[0.0030, 0.0083, 0.0284, 0.0168, 0.0421, 0.1327, 0.0539, 0.0567, 0.6183, 0.0398]",0.6183074712753296,2025-04-13-19-09-12/SITE343_ORNT90_VIS9mi.png
2,8,"[0.0966, 0.1282, 0.1440, 0.1346, 0.1393, 0.1266, 0.0729, 0.0895, 0.0460, 0.0223]",0.14400507509708405,2025-01-26-13-23-03/SITE339_ORNT90_VIS9mi.png
6,8,"[0.0620, 0.1013, 0.1156, 0.1131, 0.1236, 0.1418, 0.1545, 0.0956, 0.0677, 0.0249]",0.15450561046600342,2025-03-26-12-24-08/SITE522_ORNT270_VIS9mi.png
8,8,"[0.0008, 0.0025, 0.0133, 0.0110, 0.0280, 0.0819, 0.0326, 0.0549, 0.6956, 0.0794]",0.6956214308738708,2024-07-28-11-17-19/SITE304_ORNT290_VIS9mi.png
3,8,"[0.1055, 0.1328, 0.1303, 0.1544, 0.1273, 0.1003, 0.1028, 0.0946, 0.0178, 0.0341]",0.15435859560966492,2025-02-17-14-46-26/SITE76_ORNT60_VIS9mi.png
8,8,"[0.0000, 0.0000, 0.0002, 0.0001, 0.0009, 0.0111, 0.0016, 0.0035, 0.9784, 0.0041]",0.978421688079834,2024-07-01-19-28-49/SITE506_ORNT180_VIS9mi.png
8,8,"[0.0000, 0.0001, 0.0015, 0.0014, 0.0051, 0.0246, 0.0067, 0.0198, 0.8693, 0.0714]",0.8693448305130005,2024-06-20-11-19-17/SITE508_ORNT225_VIS9mi.png
3,8,"[0.0972, 0.1178, 0.1293, 0.1355, 0.1300, 0.1134, 0.0990, 0.1035, 0.0260, 0.0483]",0.13552582263946533,2024-07-26-10-22-16/SITE435_ORNT170_VIS9mi.png
8,8,"[0.0220, 0.0393, 0.0748, 0.0572, 0.0958, 0.1566, 0.0929, 0.1016, 0.2890, 0.0708]",0.2890482246875763,2024-07-28-11-17-19/SITE424_ORNT0_VIS9mi.png
8,8,"[0.0028, 0.0065, 0.0257, 0.0443, 0.0724, 0.1114, 0.0884, 0.1616, 0.3193, 0.1676]",0.3192715644836426,2024-05-08-14-34-39/SITE310_ORNT284_VIS9mi.png
8,8,"[0.0003, 0.0015, 0.0091, 0.0077, 0.0241, 0.0881, 0.0436, 0.0446, 0.7479, 0.0330]",0.7478717565536499,2024-08-02-20-27-22/SITE333_ORNT280_VIS9mi.png
5,8,"[0.0078, 0.0185, 0.0482, 0.0628, 0.1075, 0.1750, 0.1378, 0.1687, 0.1399, 0.1338]",0.17500151693820953,2024-09-18-18-13-42/SITE328_ORNT0_VIS9mi.png
8,8,"[0.0000, 0.0000, 0.0003, 0.0002, 0.0019, 0.0229, 0.0056, 0.0063, 0.9599, 0.0028]",0.9598711729049683,2024-06-06-10-38-22/SITE477_ORNT340_VIS9mi.png
9,8,"[0.0590, 0.0537, 0.0838, 0.0926, 0.0981, 0.0856, 0.0822, 0.1480, 0.0324, 0.2646]",0.2646268606185913,2025-03-23-13-51-54/SITE45_ORNT5_VIS9mi.png
8,8,"[0.0091, 0.0158, 0.0436, 0.0447, 0.0748, 0.1204, 0.0865, 0.1117, 0.3349, 0.1585]",0.3348887264728546,2024-05-23-15-19-49/SITE471_ORNT255_VIS9mi.png
8,8,"[0.0024, 0.0088, 0.0299, 0.0285, 0.0661, 0.1565, 0.0820, 0.0970, 0.4804, 0.0484]",0.48043206334114075,2024-07-28-13-48-26/SITE360_ORNT115_VIS9mi.png
8,8,"[0.0002, 0.0006, 0.0051, 0.0037, 0.0114, 0.0450, 0.0163, 0.0331, 0.7598, 0.1247]",0.7598204612731934,2024-08-01-13-32-05/SITE330_ORNT215_VIS9mi.png
9,8,"[0.0051, 0.0075, 0.0287, 0.0286, 0.0495, 0.0823, 0.0525, 0.1093, 0.3060, 0.3305]",0.3304578363895416,2025-04-10-17-56-44/SITE471_ORNT90_VIS9mi.png
8,8,"[0.0000, 0.0000, 0.0006, 0.0006, 0.0039, 0.0438, 0.0148, 0.0113, 0.9231, 0.0019]",0.9231448769569397,2024-07-07-20-11-04/SITE455_ORNT90_VIS9mi.png
8,8,"[0.0002, 0.0012, 0.0083, 0.0056, 0.0206, 0.0951, 0.0239, 0.0362, 0.7949, 0.0140]",0.7949368953704834,2024-07-18-11-32-15/SITE375_ORNT330_VIS9mi.png
8,8,"[0.0071, 0.0131, 0.0388, 0.0345, 0.0623, 0.1122, 0.0621, 0.0920, 0.4426, 0.1353]",0.4426301121711731,2024-07-14-16-38-50/SITE481_ORNT310_VIS9mi.png
8,8,"[0.0041, 0.0092, 0.0314, 0.0338, 0.0645, 0.1234, 0.0803, 0.1049, 0.4250, 0.1235]",0.42498916387557983,2025-03-31-13-29-12/SITE340_ORNT55_VIS9mi.png
8,8,"[0.0001, 0.0005, 0.0040, 0.0026, 0.0100, 0.0485, 0.0138, 0.0224, 0.8680, 0.0301]",0.8679662942886353,2024-04-30-13-21-52/SITE528_ORNT35_VIS9mi.png
8,8,"[0.0000, 0.0002, 0.0022, 0.0014, 0.0060, 0.0315, 0.0079, 0.0169, 0.9002, 0.0335]",0.9002034664154053,2024-07-05-10-36-13/SITE375_ORNT330_VIS9mi.png
9,8,"[0.0012, 0.0024, 0.0136, 0.0184, 0.0342, 0.0767, 0.0603, 0.1103, 0.2446, 0.4384]",0.4383651316165924,2025-02-15-16-53-20/SITE362_ORNT25_VIS9mi.png
5,8,"[0.0425, 0.0610, 0.0995, 0.1003, 0.1301, 0.1533, 0.0944, 0.1306, 0.1253, 0.0629]",0.15329252183437347,2025-02-14-15-24-27/SITE355_ORNT130_VIS9mi.png
3,8,"[0.0975, 0.1431, 0.1198, 0.1885, 0.1375, 0.0870, 0.1117, 0.0945, 0.0094, 0.0109]",0.18852587044239044,2025-03-02-13-12-40/SITE53_ORNT223_VIS9mi.png
3,8,"[0.0550, 0.1137, 0.1187, 0.1722, 0.1628, 0.1202, 0.1152, 0.1077, 0.0217, 0.0128]",0.1722203642129898,2024-07-23-16-31-18/SITE251_ORNT25_VIS9mi.png
8,8,"[0.0067, 0.0162, 0.0452, 0.0343, 0.0675, 0.1425, 0.0671, 0.0820, 0.4746, 0.0640]",0.4746127128601074,2024-06-15-14-23-40/SITE407_ORNT215_VIS9mi.png
8,8,"[0.0000, 0.0001, 0.0014, 0.0006, 0.0045, 0.0728, 0.0241, 0.0075, 0.8882, 0.0006]",0.8881996870040894,2024-08-30-10-00-55/SITE352_ORNT340_VIS9mi.png
8,8,"[0.0016, 0.0088, 0.0318, 0.0286, 0.0711, 0.1946, 0.0661, 0.0902, 0.4910, 0.0164]",0.49100273847579956,2024-06-28-13-30-05/SITE336_ORNT180_VIS9mi.png
8,8,"[0.0009, 0.0046, 0.0201, 0.0163, 0.0463, 0.1376, 0.0495, 0.0694, 0.6294, 0.0258]",0.6294193863868713,2024-05-22-13-05-54/SITE506_ORNT0_VIS9mi.png
9,8,"[0.0384, 0.0477, 0.0754, 0.1051, 0.1127, 0.1183, 0.1343, 0.1577, 0.0408, 0.1695]",0.16950124502182007,2024-08-15-16-44-48/SITE179_ORNT108_VIS9mi.png
8,8,"[0.0030, 0.0077, 0.0278, 0.0270, 0.0561, 0.1177, 0.0656, 0.0909, 0.5070, 0.0972]",0.5069968700408936,2024-09-18-18-13-42/SITE462_ORNT80_VIS9mi.png
8,8,"[0.0000, 0.0000, 0.0005, 0.0005, 0.0023, 0.0155, 0.0043, 0.0116, 0.9379, 0.0273]",0.9379096627235413,2024-07-02-10-19-43/SITE353_ORNT245_VIS9mi.png
8,8,"[0.0087, 0.0218, 0.0513, 0.0598, 0.1024, 0.1741, 0.1324, 0.1393, 0.2293, 0.0809]",0.22928188741207123,2024-07-26-10-22-16/SITE477_ORNT160_VIS9mi.png
8,8,"[0.0055, 0.0151, 0.0421, 0.0336, 0.0704, 0.1515, 0.0781, 0.0877, 0.4599, 0.0561]",0.45993074774742126,2024-09-22-16-46-10/SITE380_ORNT55_VIS9mi.png
8,8,"[0.0096, 0.0250, 0.0583, 0.0488, 0.0924, 0.1810, 0.0902, 0.0929, 0.3722, 0.0296]",0.37224408984184265,2024-07-24-16-43-44/SITE464_ORNT90_VIS9mi.png
8,8,"[0.0000, 0.0002, 0.0025, 0.0023, 0.0081, 0.0365, 0.0115, 0.0296, 0.8317, 0.0775]",0.8317357897758484,2024-10-14-13-08-27/SITE383_ORNT35_VIS9mi.png
8,8,"[0.0019, 0.0044, 0.0197, 0.0123, 0.0314, 0.0944, 0.0327, 0.0547, 0.6622, 0.0863]",0.6621519923210144,2024-07-26-10-22-16/SITE534_ORNT225_VIS9mi.png
8,8,"[0.0114, 0.0417, 0.0800, 0.0615, 0.1090, 0.2289, 0.1322, 0.0841, 0.2391, 0.0122]",0.2390732765197754,2024-07-04-13-27-11/SITE367_ORNT165_VIS9mi.png
8,8,"[0.0002, 0.0006, 0.0057, 0.0068, 0.0164, 0.0490, 0.0251, 0.0652, 0.5313, 0.2996]",0.5313278436660767,2024-07-25-10-00-39/SITE383_ORNT35_VIS9mi.png
8,8,"[0.0034, 0.0105, 0.0336, 0.0390, 0.0797, 0.1576, 0.1013, 0.1222, 0.3910, 0.0618]",0.3909619450569153,2025-03-15-15-41-34/SITE508_ORNT315_VIS9mi.png
8,8,"[0.0002, 0.0011, 0.0069, 0.0047, 0.0179, 0.0801, 0.0293, 0.0309, 0.8116, 0.0172]",0.8116316199302673,2024-10-06-14-34-22/SITE360_ORNT310_VIS9mi.png
8,8,"[0.0197, 0.0459, 0.0855, 0.0780, 0.1240, 0.1878, 0.0980, 0.1092, 0.2228, 0.0292]",0.22282522916793823,2024-10-15-10-59-57/SITE407_ORNT215_VIS9mi.png
8,8,"[0.0008, 0.0021, 0.0119, 0.0082, 0.0220, 0.0724, 0.0235, 0.0438, 0.7288, 0.0866]",0.7287521362304688,2024-08-10-09-44-28/SITE324_ORNT225_VIS9mi.png
8,8,"[0.0255, 0.0473, 0.0826, 0.0777, 0.1119, 0.1603, 0.1118, 0.1092, 0.2080, 0.0658]",0.20799396932125092,2025-03-18-13-52-55/SITE397_ORNT345_VIS9mi.png
6,8,"[0.0047, 0.0135, 0.0356, 0.0746, 0.1101, 0.1683, 0.2326, 0.2107, 0.0800, 0.0700]",0.23256957530975342,2025-04-22-15-39-35/SITE18_ORNT290_VIS9mi.png
8,8,"[0.0053, 0.0149, 0.0427, 0.0475, 0.0914, 0.1644, 0.1016, 0.1241, 0.3563, 0.0519]",0.3562946915626526,2024-10-13-15-24-41/SITE469_ORNT330_VIS9mi.png
7,8,"[0.0905, 0.0929, 0.1130, 0.1224, 0.1222, 0.1026, 0.0907, 0.1227, 0.0382, 0.1046]",0.12269201129674911,2024-05-08-14-34-39/SITE239_ORNT110_VIS9mi.png
9,8,"[0.0026, 0.0033, 0.0137, 0.0289, 0.0387, 0.0576, 0.0863, 0.1675, 0.0253, 0.5761]",0.5761433243751526,2024-10-15-10-59-57/SITE547_ORNT350_VIS9mi.png
7,8,"[0.0044, 0.0149, 0.0364, 0.0722, 0.1183, 0.1850, 0.2014, 0.2276, 0.0813, 0.0585]",0.22764356434345245,2024-06-15-10-59-58/SITE310_ORNT314_VIS9mi.png
8,8,"[0.0074, 0.0131, 0.0396, 0.0372, 0.0655, 0.1093, 0.0704, 0.1033, 0.3830, 0.1713]",0.3830079436302185,2024-05-28-11-05-32/SITE361_ORNT170_VIS9mi.png
6,8,"[0.0430, 0.0816, 0.1006, 0.1325, 0.1391, 0.1522, 0.1634, 0.1218, 0.0305, 0.0353]",0.16344758868217468,2025-02-11-14-30-47/SITE98_ORNT80_VIS9mi.png
8,8,"[0.0009, 0.0047, 0.0194, 0.0136, 0.0398, 0.1474, 0.0695, 0.0517, 0.6364, 0.0167]",0.636383056640625,2025-04-02-15-05-32/SITE401_ORNT350_VIS9mi.png
8,8,"[0.0447, 0.0783, 0.1100, 0.0882, 0.1169, 0.1667, 0.0978, 0.0888, 0.1800, 0.0286]",0.1800006926059723,2025-04-10-17-56-44/SITE522_ORNT270_VIS9mi.png
3,8,"[0.1080, 0.1211, 0.1269, 0.1312, 0.1251, 0.1052, 0.0934, 0.1014, 0.0339, 0.0538]",0.13120819628238678,2025-03-02-13-12-40/SITE6_ORNT55_VIS9mi.png
8,8,"[0.0005, 0.0023, 0.0130, 0.0114, 0.0328, 0.1031, 0.0410, 0.0610, 0.6946, 0.0403]",0.6946431994438171,2025-04-16-13-54-24/SITE358_ORNT120_VIS9mi.png
8,8,"[0.0001, 0.0006, 0.0042, 0.0031, 0.0130, 0.0689, 0.0311, 0.0251, 0.8418, 0.0121]",0.8417790532112122,2024-08-01-10-54-34/SITE333_ORNT280_VIS9mi.png
8,8,"[0.0014, 0.0121, 0.0355, 0.0332, 0.0757, 0.2654, 0.1758, 0.0672, 0.3306, 0.0032]",0.3305932283401489,2024-08-30-10-00-55/SITE424_ORNT180_VIS9mi.png
8,8,"[0.0001, 0.0009, 0.0065, 0.0057, 0.0210, 0.0858, 0.0266, 0.0443, 0.7893, 0.0199]",0.789282500743866,2025-03-31-15-41-11/SITE367_ORNT110_VIS9mi.png
8,8,"[0.0046, 0.0125, 0.0381, 0.0278, 0.0597, 0.1317, 0.0627, 0.0754, 0.5231, 0.0643]",0.5230922698974609,2024-08-29-14-11-27/SITE343_ORNT360_VIS9mi.png
8,8,"[0.0001, 0.0009, 0.0065, 0.0048, 0.0204, 0.1056, 0.0299, 0.0360, 0.7885, 0.0074]",0.7884656190872192,2024-07-28-13-48-26/SITE386_ORNT290_VIS9mi.png
8,8,"[0.0027, 0.0106, 0.0341, 0.0248, 0.0558, 0.1636, 0.0825, 0.0629, 0.5353, 0.0276]",0.5353453159332275,2025-04-11-14-52-32/SITE340_ORNT230_VIS9mi.png
8,8,"[0.0143, 0.0350, 0.0716, 0.0620, 0.1033, 0.1885, 0.0857, 0.0924, 0.3205, 0.0267]",0.32052987813949585,2024-08-01-13-32-05/SITE353_ORNT135_VIS9mi.png
8,8,"[0.0062, 0.0237, 0.0615, 0.0478, 0.0976, 0.2175, 0.0783, 0.0916, 0.3610, 0.0149]",0.36102020740509033,2024-05-23-15-19-49/SITE506_ORNT90_VIS9mi.png
8,8,"[0.0006, 0.0017, 0.0102, 0.0090, 0.0244, 0.0714, 0.0359, 0.0551, 0.6880, 0.1038]",0.6879919171333313,2024-06-17-10-37-40/SITE324_ORNT115_VIS9mi.png
8,8,"[0.0017, 0.0037, 0.0176, 0.0128, 0.0304, 0.0803, 0.0358, 0.0667, 0.5587, 0.1922]",0.5587396621704102,2024-08-01-13-32-05/SITE295_ORNT315_VIS9mi.png
8,8,"[0.0215, 0.0461, 0.0829, 0.0768, 0.1205, 0.1804, 0.1138, 0.1193, 0.1862, 0.0525]",0.18624763190746307,2024-07-20-11-08-20/SITE328_ORNT0_VIS9mi.png
9,8,"[0.0001, 0.0003, 0.0035, 0.0057, 0.0132, 0.0311, 0.0213, 0.0742, 0.3592, 0.4913]",0.4912783205509186,2024-09-08-16-00-24/SITE358_ORNT290_VIS9mi.png
1,8,"[0.1810, 0.1814, 0.1490, 0.1592, 0.1116, 0.0706, 0.0578, 0.0619, 0.0114, 0.0160]",0.18142658472061157,2024-05-23-15-19-49/SITE33_ORNT215_VIS9mi.png
8,8,"[0.0002, 0.0009, 0.0065, 0.0046, 0.0156, 0.0649, 0.0189, 0.0323, 0.8239, 0.0322]",0.8238871693611145,2024-07-28-11-17-19/SITE375_ORNT330_VIS9mi.png
8,8,"[0.0065, 0.0129, 0.0383, 0.0301, 0.0593, 0.1196, 0.0619, 0.0861, 0.4671, 0.1182]",0.46712353825569153,2024-09-19-16-37-08/SITE508_ORNT135_VIS9mi.png
8,8,"[0.0005, 0.0019, 0.0104, 0.0056, 0.0188, 0.0793, 0.0230, 0.0315, 0.7966, 0.0324]",0.7966041564941406,2025-02-12-14-37-35/SITE338_ORNT120_VIS9mi.png
5,8,"[0.0035, 0.0180, 0.0453, 0.0479, 0.1030, 0.2796, 0.1712, 0.1248, 0.1866, 0.0200]",0.2796452045440674,2024-07-22-11-13-59/SITE301_ORNT275_VIS9mi.png
5,8,"[0.0053, 0.0344, 0.0730, 0.0609, 0.1081, 0.2926, 0.1666, 0.0727, 0.1840, 0.0025]",0.2925715446472168,2024-05-28-11-05-32/SITE480_ORNT140_VIS9mi.png
8,8,"[0.0004, 0.0018, 0.0098, 0.0044, 0.0159, 0.0731, 0.0170, 0.0253, 0.8301, 0.0222]",0.8300865292549133,2024-06-14-11-11-00/SITE528_ORNT310_VIS9mi.png
8,8,"[0.0000, 0.0000, 0.0005, 0.0004, 0.0026, 0.0232, 0.0041, 0.0084, 0.9568, 0.0040]",0.9567609429359436,2024-07-01-19-28-49/SITE358_ORNT120_VIS9mi.png
8,8,"[0.0000, 0.0003, 0.0028, 0.0020, 0.0095, 0.0712, 0.0336, 0.0181, 0.8562, 0.0062]",0.8561641573905945,2024-08-11-09-28-59/SITE363_ORNT190_VIS9mi.png
6,8,"[0.0595, 0.0758, 0.0988, 0.1113, 0.1204, 0.1316, 0.1412, 0.1285, 0.0436, 0.0892]",0.14123420417308807,2024-09-02-17-43-28/SITE593_ORNT110_VIS9mi.png
8,8,"[0.0005, 0.0027, 0.0135, 0.0116, 0.0350, 0.1292, 0.0663, 0.0543, 0.6639, 0.0231]",0.6638597249984741,2024-07-02-10-19-43/SITE385_ORNT50_VIS9mi.png
8,8,"[0.0000, 0.0001, 0.0011, 0.0004, 0.0025, 0.0192, 0.0034, 0.0068, 0.9470, 0.0194]",0.9470041394233704,2024-06-03-13-44-33/SITE522_ORNT270_VIS9mi.png
8,8,"[0.0012, 0.0028, 0.0153, 0.0208, 0.0394, 0.0803, 0.0535, 0.1033, 0.4258, 0.2576]",0.4258311092853546,2025-02-19-12-18-05/SITE528_ORNT35_VIS9mi.png
8,8,"[0.0000, 0.0001, 0.0010, 0.0016, 0.0060, 0.0286, 0.0138, 0.0342, 0.8114, 0.1033]",0.811397910118103,2024-07-23-13-08-12/SITE380_ORNT220_VIS9mi.png
8,8,"[0.0002, 0.0007, 0.0047, 0.0019, 0.0071, 0.0375, 0.0077, 0.0172, 0.8690, 0.0540]",0.8690162897109985,2024-06-29-10-50-12/SITE330_ORNT215_VIS9mi.png
5,8,"[0.0138, 0.0287, 0.0617, 0.0742, 0.1167, 0.1646, 0.1351, 0.1583, 0.1350, 0.1118]",0.16463060677051544,2024-08-16-20-03-50/SITE328_ORNT0_VIS9mi.png
8,8,"[0.0057, 0.0150, 0.0442, 0.0312, 0.0645, 0.1476, 0.0650, 0.0766, 0.4888, 0.0615]",0.48877912759780884,2024-06-14-11-11-00/SITE472_ORNT95_VIS9mi.png
8,8,"[0.0040, 0.0225, 0.0546, 0.0328, 0.0743, 0.2657, 0.1332, 0.0545, 0.3531, 0.0054]",0.3530558943748474,2025-02-14-15-24-27/SITE352_ORNT340_VIS9mi.png
3,8,"[0.0542, 0.1080, 0.1205, 0.1603, 0.1533, 0.1274, 0.1218, 0.1121, 0.0213, 0.0212]",0.16029177606105804,2024-06-17-10-37-40/SITE434_ORNT130_VIS9mi.png
8,8,"[0.0000, 0.0002, 0.0020, 0.0012, 0.0057, 0.0346, 0.0081, 0.0147, 0.9153, 0.0182]",0.9152764081954956,2024-07-07-11-04-33/SITE471_ORNT90_VIS9mi.png
8,8,"[0.0006, 0.0023, 0.0115, 0.0047, 0.0164, 0.0776, 0.0168, 0.0254, 0.8241, 0.0205]",0.8240978121757507,2025-03-31-15-41-11/SITE343_ORNT90_VIS9mi.png
6,8,"[0.0227, 0.0501, 0.0819, 0.1019, 0.1325, 0.1797, 0.1827, 0.1324, 0.0766, 0.0394]",0.1827171891927719,2024-05-28-11-05-32/SITE309_ORNT130_VIS9mi.png
2,8,"[0.1053, 0.1183, 0.1380, 0.1294, 0.1287, 0.1155, 0.0818, 0.1006, 0.0344, 0.0479]",0.1379842460155487,2025-01-15-15-33-17/SITE362_ORNT305_VIS9mi.png
8,8,"[0.0000, 0.0004, 0.0036, 0.0027, 0.0112, 0.0602, 0.0168, 0.0236, 0.8703, 0.0111]",0.8702700734138489,2024-07-05-10-36-13/SITE366_ORNT200_VIS9mi.png
8,8,"[0.0000, 0.0001, 0.0011, 0.0005, 0.0034, 0.0536, 0.0176, 0.0059, 0.9170, 0.0009]",0.9170136451721191,2024-04-30-13-21-52/SITE528_ORNT235_VIS9mi.png
8,8,"[0.0032, 0.0083, 0.0276, 0.0152, 0.0386, 0.1142, 0.0410, 0.0490, 0.6444, 0.0585]",0.6443730592727661,2024-10-13-12-27-42/SITE510_ORNT0_VIS9mi.png
8,8,"[0.0062, 0.0165, 0.0452, 0.0424, 0.0805, 0.1581, 0.1036, 0.0976, 0.3785, 0.0713]",0.37852129340171814,2025-04-01-16-59-16/SITE407_ORNT50_VIS9mi.png
7,8,"[0.0266, 0.0537, 0.0814, 0.1295, 0.1469, 0.1487, 0.1538, 0.1563, 0.0546, 0.0484]",0.15631629526615143,2024-07-27-10-27-08/SITE324_ORNT45_VIS9mi.png
9,8,"[0.0005, 0.0009, 0.0073, 0.0127, 0.0227, 0.0428, 0.0348, 0.1012, 0.2715, 0.5055]",0.5055193901062012,2025-03-29-15-28-57/SITE377_ORNT200_VIS9mi.png
9,8,"[0.0219, 0.0304, 0.0641, 0.0673, 0.0942, 0.1262, 0.1012, 0.1342, 0.1524, 0.2080]",0.20801125466823578,2024-05-22-13-05-54/SITE281_ORNT20_VIS9mi.png
8,8,"[0.0071, 0.0153, 0.0423, 0.0270, 0.0581, 0.1324, 0.0591, 0.0718, 0.5073, 0.0795]",0.507318913936615,2024-08-02-13-37-25/SITE492_ORNT20_VIS9mi.png
8,8,"[0.0007, 0.0014, 0.0101, 0.0108, 0.0230, 0.0516, 0.0256, 0.0762, 0.4435, 0.3572]",0.44351428747177124,2024-06-14-14-13-33/SITE508_ORNT225_VIS9mi.png
8,8,"[0.0082, 0.0223, 0.0524, 0.0493, 0.0907, 0.1691, 0.1079, 0.0937, 0.3661, 0.0404]",0.3661324679851532,2025-03-01-18-07-41/SITE360_ORNT310_VIS9mi.png
8,8,"[0.0000, 0.0001, 0.0009, 0.0005, 0.0035, 0.0466, 0.0148, 0.0073, 0.9250, 0.0013]",0.9249641299247742,2024-06-28-13-30-05/SITE386_ORNT130_VIS9mi.png
8,8,"[0.0000, 0.0000, 0.0007, 0.0003, 0.0023, 0.0310, 0.0065, 0.0045, 0.9535, 0.0012]",0.9534697532653809,2024-09-21-11-24-11/SITE371_ORNT315_VIS9mi.png
8,8,"[0.0000, 0.0002, 0.0019, 0.0013, 0.0053, 0.0280, 0.0077, 0.0162, 0.8926, 0.0468]",0.8925662636756897,2024-12-24-15-14-57/SITE471_ORNT255_VIS9mi.png
8,8,"[0.0192, 0.0325, 0.0662, 0.0701, 0.1031, 0.1413, 0.1090, 0.1289, 0.1986, 0.1311]",0.19861900806427002,2025-03-20-11-55-50/SITE360_ORNT45_VIS9mi.png
8,8,"[0.0134, 0.0239, 0.0570, 0.0508, 0.0845, 0.1363, 0.0871, 0.1067, 0.3143, 0.1261]",0.3143024146556854,2025-02-02-12-13-03/SITE281_ORNT20_VIS9mi.png
8,8,"[0.0000, 0.0002, 0.0018, 0.0012, 0.0064, 0.0495, 0.0159, 0.0131, 0.9064, 0.0054]",0.9064492583274841,2024-10-07-14-17-08/SITE407_ORNT50_VIS9mi.png
6,8,"[0.0121, 0.0314, 0.0558, 0.1042, 0.1207, 0.1597, 0.2526, 0.1689, 0.0413, 0.0534]",0.252646803855896,2025-02-15-15-20-00/SITE65_ORNT234_VIS9mi.png
8,8,"[0.0053, 0.0142, 0.0408, 0.0359, 0.0751, 0.1656, 0.1048, 0.1031, 0.3921, 0.0632]",0.39213287830352783,2024-08-02-10-36-13/SITE332_ORNT315_VIS9mi.png
8,8,"[0.0005, 0.0019, 0.0119, 0.0120, 0.0312, 0.0901, 0.0376, 0.0664, 0.6757, 0.0726]",0.6757121682167053,2025-03-01-18-07-41/SITE520_ORNT90_VIS9mi.png
8,8,"[0.0007, 0.0015, 0.0098, 0.0128, 0.0251, 0.0567, 0.0350, 0.0833, 0.4154, 0.3598]",0.415449321269989,2024-07-07-15-01-32/SITE376_ORNT70_VIS9mi.png
5,8,"[0.0363, 0.0755, 0.1134, 0.0889, 0.1278, 0.1829, 0.0946, 0.0908, 0.1696, 0.0202]",0.1828697770833969,2024-07-23-10-10-08/SITE328_ORNT180_VIS9mi.png
8,8,"[0.0004, 0.0017, 0.0093, 0.0051, 0.0187, 0.0870, 0.0285, 0.0297, 0.8008, 0.0188]",0.8007909059524536,2024-09-29-15-43-38/SITE480_ORNT140_VIS9mi.png
8,8,"[0.0063, 0.0166, 0.0452, 0.0346, 0.0720, 0.1681, 0.0940, 0.0872, 0.4188, 0.0572]",0.4188265800476074,2025-03-23-13-51-54/SITE332_ORNT315_VIS9mi.png
8,8,"[0.0000, 0.0002, 0.0020, 0.0010, 0.0059, 0.0683, 0.0255, 0.0102, 0.8846, 0.0021]",0.8846023678779602,2025-03-05-12-08-53/SITE528_ORNT235_VIS9mi.png
8,8,"[0.0135, 0.0389, 0.0804, 0.0577, 0.1088, 0.2074, 0.0814, 0.0909, 0.3034, 0.0176]",0.3033599853515625,2024-06-03-13-44-33/SITE477_ORNT340_VIS9mi.png
8,8,"[0.0000, 0.0002, 0.0025, 0.0024, 0.0081, 0.0363, 0.0136, 0.0276, 0.8343, 0.0750]",0.8342658877372742,2024-08-30-10-00-55/SITE336_ORNT180_VIS9mi.png
3,8,"[0.0747, 0.1170, 0.1333, 0.1443, 0.1438, 0.1307, 0.0987, 0.0934, 0.0411, 0.0229]",0.1442987024784088,2024-08-11-13-07-09/SITE435_ORNT170_VIS9mi.png
8,8,"[0.0153, 0.0279, 0.0615, 0.0696, 0.1046, 0.1454, 0.0966, 0.1294, 0.2645, 0.0852]",0.2645261883735657,2025-03-31-15-41-11/SITE377_ORNT200_VIS9mi.png
8,8,"[0.0000, 0.0000, 0.0004, 0.0003, 0.0016, 0.0139, 0.0026, 0.0063, 0.9606, 0.0143]",0.9605692625045776,2024-08-18-19-28-16/SITE323_ORNT315_VIS9mi.png
5,8,"[0.0427, 0.0694, 0.1016, 0.0850, 0.1170, 0.1581, 0.1156, 0.1030, 0.1530, 0.0546]",0.15813182294368744,2024-07-05-14-33-31/SITE324_ORNT115_VIS9mi.png
8,8,"[0.0000, 0.0000, 0.0007, 0.0006, 0.0045, 0.0398, 0.0082, 0.0131, 0.9310, 0.0020]",0.9310285449028015,2024-08-29-14-11-27/SITE386_ORNT290_VIS9mi.png
8,8,"[0.0034, 0.0104, 0.0333, 0.0297, 0.0641, 0.1486, 0.0871, 0.0830, 0.4907, 0.0497]",0.49070799350738525,2025-03-02-13-12-40/SITE377_ORNT110_VIS9mi.png
8,8,"[0.0002, 0.0011, 0.0072, 0.0064, 0.0223, 0.0823, 0.0325, 0.0472, 0.7710, 0.0298]",0.7709711194038391,2024-10-07-12-00-07/SITE472_ORNT275_VIS9mi.png
5,8,"[0.0506, 0.0701, 0.0992, 0.0900, 0.1144, 0.1446, 0.1184, 0.1085, 0.1270, 0.0772]",0.14464077353477478,2024-06-18-18-07-05/SITE508_ORNT135_VIS9mi.png
8,8,"[0.0008, 0.0037, 0.0163, 0.0115, 0.0335, 0.1141, 0.0522, 0.0475, 0.6926, 0.0278]",0.6925944089889526,2024-05-07-15-42-07/SITE401_ORNT350_VIS9mi.png
7,8,"[0.0132, 0.0206, 0.0443, 0.0816, 0.0995, 0.1166, 0.1641, 0.2291, 0.0241, 0.2068]",0.22908127307891846,2024-07-30-14-06-06/SITE203_ORNT70_VIS9mi.png
8,8,"[0.0001, 0.0006, 0.0047, 0.0032, 0.0134, 0.0719, 0.0183, 0.0264, 0.8482, 0.0131]",0.8482282757759094,2024-10-08-11-05-48/SITE506_ORNT270_VIS9mi.png
1,8,"[0.1523, 0.1694, 0.1656, 0.1360, 0.1170, 0.1003, 0.0602, 0.0629, 0.0235, 0.0129]",0.16942302882671356,2025-02-01-17-30-02/SITE132_ORNT265_VIS9mi.png
5,8,"[0.0562, 0.0774, 0.1133, 0.0970, 0.1242, 0.1481, 0.0877, 0.1028, 0.1397, 0.0536]",0.1481260061264038,2024-08-16-20-03-50/SITE301_ORNT343_VIS9mi.png
8,8,"[0.0004, 0.0021, 0.0123, 0.0232, 0.0566, 0.1361, 0.0909, 0.1619, 0.4457, 0.0707]",0.445747971534729,2024-08-30-10-00-55/SITE520_ORNT90_VIS9mi.png
8,8,"[0.0000, 0.0001, 0.0009, 0.0007, 0.0033, 0.0209, 0.0054, 0.0119, 0.9305, 0.0263]",0.9305119514465332,2024-08-11-13-07-09/SITE471_ORNT90_VIS9mi.png
8,8,"[0.0017, 0.0074, 0.0268, 0.0213, 0.0561, 0.1503, 0.0612, 0.0815, 0.5608, 0.0327]",0.5608052611351013,2024-09-19-14-23-02/SITE612_ORNT30_VIS9mi.png
8,8,"[0.0000, 0.0002, 0.0024, 0.0022, 0.0093, 0.0441, 0.0140, 0.0283, 0.8709, 0.0285]",0.8708838820457458,2024-06-10-14-33-22/SITE508_ORNT225_VIS9mi.png
8,8,"[0.0000, 0.0001, 0.0009, 0.0006, 0.0036, 0.0314, 0.0071, 0.0098, 0.9410, 0.0057]",0.9409566521644592,2024-06-27-10-23-10/SITE380_ORNT220_VIS9mi.png
8,8,"[0.0002, 0.0016, 0.0090, 0.0047, 0.0187, 0.0991, 0.0254, 0.0298, 0.7997, 0.0117]",0.799731433391571,2024-07-07-11-04-33/SITE299_ORNT260_VIS9mi.png
2,8,"[0.0858, 0.1188, 0.1522, 0.1007, 0.1227, 0.1508, 0.0656, 0.0739, 0.1090, 0.0206]",0.1521822065114975,2024-04-30-13-21-52/SITE454_ORNT90_VIS9mi.png
8,8,"[0.0315, 0.0563, 0.1033, 0.0571, 0.0975, 0.1853, 0.0661, 0.0769, 0.3032, 0.0228]",0.3032245635986328,2025-04-14-19-44-02/SITE362_ORNT25_VIS9mi.png
8,8,"[0.0000, 0.0002, 0.0019, 0.0014, 0.0073, 0.0538, 0.0184, 0.0156, 0.8968, 0.0048]",0.8967890739440918,2024-10-19-10-55-55/SITE464_ORNT90_VIS9mi.png
9,8,"[0.0000, 0.0001, 0.0009, 0.0033, 0.0061, 0.0142, 0.0209, 0.0861, 0.0197, 0.8486]",0.848644495010376,2025-02-01-12-44-07/SITE363_ORNT285_VIS9mi.png
6,8,"[0.0001, 0.0006, 0.0017, 0.0068, 0.0086, 0.0482, 0.8983, 0.0320, 0.0011, 0.0026]",0.8983072638511658,2024-07-22-11-13-59/SITE385_ORNT300_VIS9mi.png
8,8,"[0.0000, 0.0000, 0.0005, 0.0005, 0.0023, 0.0153, 0.0038, 0.0118, 0.9185, 0.0474]",0.9184597730636597,2024-10-06-12-31-10/SITE324_ORNT225_VIS9mi.png
8,8,"[0.0000, 0.0000, 0.0002, 0.0001, 0.0013, 0.0203, 0.0044, 0.0039, 0.9689, 0.0009]",0.9688675403594971,2024-07-23-16-31-18/SITE386_ORNT125_VIS9mi.png
8,8,"[0.0007, 0.0021, 0.0125, 0.0145, 0.0323, 0.0779, 0.0435, 0.0762, 0.5854, 0.1549]",0.5854445695877075,2024-06-22-15-38-49/SITE477_ORNT160_VIS9mi.png
3,8,"[0.0973, 0.1201, 0.1253, 0.1552, 0.1248, 0.1045, 0.1139, 0.1008, 0.0153, 0.0428]",0.15522873401641846,2025-03-04-14-20-15/SITE821_ORNT50_VIS9mi.png
7,8,"[0.0106, 0.0203, 0.0469, 0.0800, 0.1151, 0.1413, 0.1302, 0.2245, 0.0618, 0.1694]",0.22448645532131195,2024-12-03-11-18-04/SITE301_ORNT275_VIS9mi.png
6,8,"[0.0512, 0.0680, 0.0905, 0.1122, 0.1172, 0.1255, 0.1563, 0.1389, 0.0302, 0.1101]",0.15628167986869812,2025-01-26-13-23-03/SITE834_ORNT220_VIS9mi.png
8,8,"[0.0008, 0.0028, 0.0142, 0.0127, 0.0320, 0.0950, 0.0496, 0.0586, 0.6524, 0.0820]",0.6524316668510437,2025-03-29-15-28-57/SITE399_ORNT45_VIS9mi.png
8,8,"[0.0000, 0.0002, 0.0020, 0.0012, 0.0062, 0.0470, 0.0124, 0.0122, 0.9134, 0.0054]",0.913386344909668,2024-08-19-10-27-18/SITE464_ORNT90_VIS9mi.png
9,8,"[0.0004, 0.0011, 0.0082, 0.0140, 0.0299, 0.0755, 0.0776, 0.1117, 0.3008, 0.3809]",0.3808915913105011,2025-03-18-13-52-55/SITE331_ORNT315_VIS9mi.png
8,8,"[0.0003, 0.0009, 0.0069, 0.0061, 0.0170, 0.0543, 0.0213, 0.0433, 0.7513, 0.0986]",0.7512692213058472,2024-10-07-12-00-07/SITE508_ORNT315_VIS9mi.png
8,8,"[0.0020, 0.0069, 0.0257, 0.0304, 0.0637, 0.1797, 0.1552, 0.1030, 0.3697, 0.0637]",0.36970245838165283,2024-06-06-17-01-51/SITE520_ORNT180_VIS9mi.png
8,8,"[0.0006, 0.0034, 0.0150, 0.0070, 0.0244, 0.1319, 0.0467, 0.0318, 0.7295, 0.0097]",0.7294788360595703,2025-03-02-13-12-40/SITE474_ORNT180_VIS9mi.png
8,8,"[0.0000, 0.0005, 0.0041, 0.0031, 0.0142, 0.0953, 0.0451, 0.0246, 0.8087, 0.0044]",0.8087078332901001,2024-08-02-20-27-22/SITE424_ORNT180_VIS9mi.png
8,8,"[0.0044, 0.0110, 0.0352, 0.0302, 0.0622, 0.1249, 0.0685, 0.0863, 0.4899, 0.0874]",0.4898607134819031,2024-07-27-10-27-08/SITE486_ORNT0_VIS9mi.png
8,8,"[0.0093, 0.0180, 0.0495, 0.0488, 0.0799, 0.1295, 0.0747, 0.1070, 0.3486, 0.1346]",0.3486196994781494,2025-02-10-14-47-56/SITE454_ORNT90_VIS9mi.png
8,8,"[0.0001, 0.0003, 0.0032, 0.0038, 0.0114, 0.0444, 0.0187, 0.0394, 0.7994, 0.0794]",0.7993543744087219,2024-08-02-20-27-22/SITE336_ORNT180_VIS9mi.png
8,8,"[0.0000, 0.0003, 0.0026, 0.0016, 0.0070, 0.0417, 0.0094, 0.0151, 0.9080, 0.0143]",0.9079729914665222,2024-09-22-16-46-10/SITE454_ORNT90_VIS9mi.png
8,8,"[0.0001, 0.0005, 0.0045, 0.0043, 0.0146, 0.0622, 0.0324, 0.0360, 0.8041, 0.0413]",0.8040876388549805,2025-01-31-13-49-43/SITE380_ORNT55_VIS9mi.png
8,8,"[0.0290, 0.0462, 0.0811, 0.0729, 0.1052, 0.1488, 0.1063, 0.1107, 0.1945, 0.1052]",0.19449183344841003,2025-01-29-12-01-12/SITE324_ORNT310_VIS9mi.png
5,8,"[0.0471, 0.0784, 0.1082, 0.1195, 0.1397, 0.1513, 0.1145, 0.1076, 0.1036, 0.0300]",0.15129344165325165,2024-10-13-15-24-41/SITE471_ORNT255_VIS9mi.png
8,8,"[0.0006, 0.0035, 0.0160, 0.0128, 0.0401, 0.1443, 0.0626, 0.0568, 0.6479, 0.0154]",0.6479354500770569,2024-06-10-14-33-22/SITE377_ORNT110_VIS9mi.png
8,8,"[0.0133, 0.0332, 0.0686, 0.0519, 0.0912, 0.1825, 0.1073, 0.0888, 0.3210, 0.0422]",0.32102489471435547,2025-02-10-14-47-56/SITE477_ORNT160_VIS9mi.png
9,8,"[0.0053, 0.0082, 0.0298, 0.0377, 0.0586, 0.0923, 0.0741, 0.1272, 0.2426, 0.3242]",0.3241642117500305,2024-06-29-15-18-41/SITE324_ORNT310_VIS9mi.png
8,8,"[0.0000, 0.0000, 0.0006, 0.0004, 0.0027, 0.0257, 0.0071, 0.0083, 0.9497, 0.0055]",0.949702799320221,2024-06-20-11-19-17/SITE377_ORNT110_VIS9mi.png
9,8,"[0.0631, 0.0737, 0.1007, 0.1114, 0.1191, 0.1141, 0.1059, 0.1328, 0.0402, 0.1390]",0.13895167410373688,2025-03-26-12-24-08/SITE76_ORNT60_VIS9mi.png
8,8,"[0.0000, 0.0001, 0.0008, 0.0005, 0.0036, 0.0423, 0.0150, 0.0076, 0.9285, 0.0015]",0.9285229444503784,2024-06-16-19-09-40/SITE424_ORNT180_VIS9mi.png
9,8,"[0.0064, 0.0085, 0.0306, 0.0403, 0.0573, 0.0807, 0.0669, 0.1333, 0.1941, 0.3819]",0.3819059133529663,2025-02-11-14-30-47/SITE355_ORNT130_VIS9mi.png
8,8,"[0.0000, 0.0003, 0.0026, 0.0014, 0.0075, 0.0731, 0.0303, 0.0135, 0.8682, 0.0030]",0.868218719959259,2025-03-28-10-38-15/SITE363_ORNT345_VIS9mi.png
4,8,"[0.0601, 0.0788, 0.1069, 0.1219, 0.1374, 0.1341, 0.1155, 0.1297, 0.0663, 0.0492]",0.1374364197254181,2024-05-09-16-15-37/SITE528_ORNT35_VIS9mi.png
8,8,"[0.0032, 0.0087, 0.0302, 0.0299, 0.0628, 0.1341, 0.0720, 0.0964, 0.4869, 0.0758]",0.48692455887794495,2024-07-07-15-01-32/SITE376_ORNT170_VIS9mi.png
5,8,"[0.0491, 0.0879, 0.1254, 0.0799, 0.1142, 0.1798, 0.0979, 0.0821, 0.1597, 0.0240]",0.1797998547554016,2025-03-01-18-07-41/SITE343_ORNT180_VIS9mi.png
9,9,"[0.0016, 0.0023, 0.0107, 0.0252, 0.0364, 0.0581, 0.0777, 0.1821, 0.0189, 0.5869]",0.586912214756012,2024-10-13-15-24-41/SITE50_ORNT265_VIS10+mi.png
9,9,"[0.0004, 0.0009, 0.0073, 0.0159, 0.0317, 0.0732, 0.0842, 0.1500, 0.1705, 0.4658]",0.465813547372818,2025-03-26-12-24-08/SITE82_ORNT302_VIS10+mi.png
9,9,"[0.0887, 0.0874, 0.1067, 0.1089, 0.1117, 0.1033, 0.1021, 0.1223, 0.0323, 0.1368]",0.1368037462234497,2025-02-12-14-37-35/SITE14_ORNT195_VIS10+mi.png
9,9,"[0.0100, 0.0095, 0.0280, 0.0467, 0.0550, 0.0603, 0.0744, 0.1768, 0.0249, 0.5144]",0.5144200921058655,2025-04-02-15-05-32/SITE629_ORNT125_VIS10+mi.png
9,9,"[0.0126, 0.0123, 0.0335, 0.0572, 0.0644, 0.0657, 0.0829, 0.1823, 0.0287, 0.4603]",0.4603181481361389,2025-02-02-12-13-03/SITE629_ORNT125_VIS10+mi.png
9,9,"[0.0117, 0.0190, 0.0498, 0.0561, 0.0837, 0.1206, 0.0945, 0.1352, 0.2100, 0.2194]",0.21939072012901306,2025-03-02-11-48-27/SITE684_ORNT267_VIS10+mi.png
8,9,"[0.0036, 0.0128, 0.0396, 0.0710, 0.1163, 0.1703, 0.1124, 0.1818, 0.2378, 0.0544]",0.23783427476882935,2025-04-13-19-09-12/SITE446_ORNT165_VIS10+mi.png
6,9,"[0.0425, 0.0605, 0.0841, 0.1085, 0.1208, 0.1354, 0.1543, 0.1467, 0.0363, 0.1110]",0.1542801409959793,2025-03-20-11-55-50/SITE69_ORNT315_VIS10+mi.png
8,9,"[0.0010, 0.0048, 0.0199, 0.0114, 0.0360, 0.1357, 0.0468, 0.0468, 0.6801, 0.0175]",0.680140495300293,2025-03-26-12-24-08/SITE467_ORNT225_VIS15mi.png
9,9,"[0.0303, 0.0348, 0.0608, 0.0828, 0.0967, 0.1178, 0.1496, 0.1669, 0.0363, 0.2239]",0.22386442124843597,2025-04-07-16-10-10/SITE587_ORNT280_VIS10+mi.png
6,9,"[0.0109, 0.0231, 0.0381, 0.0670, 0.0716, 0.1296, 0.4369, 0.1415, 0.0089, 0.0724]",0.4369443953037262,2025-02-10-14-47-56/SITE100_ORNT210_VIS10+mi.png
8,9,"[0.0059, 0.0170, 0.0484, 0.0494, 0.0913, 0.1775, 0.0695, 0.0983, 0.4195, 0.0231]",0.4194810390472412,2025-04-11-14-52-32/SITE467_ORNT55_VIS15mi.png
9,9,"[0.0031, 0.0043, 0.0186, 0.0336, 0.0463, 0.0602, 0.0600, 0.1700, 0.0459, 0.5580]",0.5579975247383118,2025-01-15-15-33-17/SITE240_ORNT286_VIS10+mi.png
9,9,"[0.0019, 0.0021, 0.0086, 0.0188, 0.0246, 0.0503, 0.1278, 0.1315, 0.0115, 0.6228]",0.6227594017982483,2025-04-02-15-05-32/SITE575_ORNT85_VIS10+mi.png
8,9,"[0.0131, 0.0282, 0.0628, 0.0473, 0.0887, 0.1611, 0.0917, 0.0960, 0.3314, 0.0797]",0.3314109742641449,2024-07-04-13-27-11/SITE457_ORNT225_VIS12mi.png
9,9,"[0.0412, 0.0389, 0.0648, 0.0828, 0.0893, 0.0922, 0.1143, 0.1656, 0.0189, 0.2921]",0.292076051235199,2025-02-11-14-30-47/SITE583_ORNT40_VIS10+mi.png
9,9,"[0.0192, 0.0276, 0.0534, 0.0815, 0.1000, 0.1299, 0.1528, 0.1804, 0.0349, 0.2204]",0.2203531712293625,2025-03-29-15-28-57/SITE813_ORNT135_VIS10+mi.png
9,9,"[0.0249, 0.0270, 0.0554, 0.0663, 0.0795, 0.0918, 0.0960, 0.1504, 0.0402, 0.3685]",0.3685454726219177,2024-10-13-12-27-42/SITE543_ORNT81_VIS10+mi.png
9,9,"[0.0176, 0.0240, 0.0534, 0.0713, 0.0924, 0.1143, 0.1105, 0.1541, 0.1018, 0.2607]",0.2607417404651642,2025-03-29-15-28-57/SITE582_ORNT345_VIS10+mi.png
9,9,"[0.0270, 0.0254, 0.0568, 0.0635, 0.0722, 0.0728, 0.0654, 0.1444, 0.0429, 0.4295]",0.42951470613479614,2024-10-10-15-17-15/SITE648_ORNT65_VIS10+mi.png
8,9,"[0.0159, 0.0274, 0.0644, 0.0447, 0.0789, 0.1496, 0.0637, 0.0922, 0.3586, 0.1046]",0.358586847782135,2025-05-09-16-29-32/SITE694_ORNT240_VIS10+mi.png
7,9,"[0.0001, 0.0004, 0.0042, 0.0195, 0.0404, 0.0861, 0.1111, 0.2971, 0.1701, 0.2709]",0.2971442937850952,2024-12-17-16-15-56/SITE80_ORNT83_VIS10+mi.png
6,9,"[0.0908, 0.0986, 0.1131, 0.1146, 0.1121, 0.1149, 0.1291, 0.1108, 0.0340, 0.0820]",0.12909546494483948,2025-02-01-17-30-02/SITE128_ORNT135_VIS10+mi.png
9,9,"[0.0130, 0.0121, 0.0347, 0.0508, 0.0585, 0.0633, 0.0700, 0.1577, 0.0384, 0.5017]",0.5016584992408752,2025-02-11-14-30-47/SITE733_ORNT230_VIS10+mi.png
8,9,"[0.0004, 0.0022, 0.0120, 0.0131, 0.0398, 0.1232, 0.0592, 0.0773, 0.6458, 0.0270]",0.6457946300506592,2024-04-30-13-21-52/SITE533_ORNT120_VIS15mi.png
9,9,"[0.0136, 0.0165, 0.0404, 0.0615, 0.0761, 0.0926, 0.1002, 0.1729, 0.0419, 0.3844]",0.38435307145118713,2024-10-13-12-27-42/SITE573_ORNT260_VIS10+mi.png
9,9,"[0.0013, 0.0015, 0.0080, 0.0150, 0.0208, 0.0320, 0.0422, 0.1147, 0.0161, 0.7484]",0.7483762502670288,2025-01-17-15-10-02/SITE547_ORNT350_VIS10+mi.png
9,9,"[0.0300, 0.0282, 0.0573, 0.0661, 0.0766, 0.0790, 0.0747, 0.1465, 0.0402, 0.4013]",0.40130025148391724,2025-02-11-14-30-47/SITE208_ORNT270_VIS10+mi.png
8,9,"[0.0281, 0.0394, 0.0761, 0.0798, 0.1054, 0.1307, 0.1032, 0.1307, 0.1649, 0.1417]",0.16487447917461395,2025-02-15-16-53-20/SITE852_ORNT315_VIS10+mi.png
9,9,"[0.0158, 0.0148, 0.0377, 0.0498, 0.0593, 0.0632, 0.0660, 0.1524, 0.0320, 0.5091]",0.5090507864952087,2025-02-02-12-13-03/SITE521_ORNT240_VIS30mi.png
8,9,"[0.0034, 0.0082, 0.0287, 0.0195, 0.0445, 0.1078, 0.0421, 0.0641, 0.6005, 0.0810]",0.600499153137207,2024-06-20-11-19-17/SITE455_ORNT270_VIS15mi.png
9,9,"[0.0558, 0.0575, 0.0851, 0.0996, 0.1046, 0.1027, 0.1101, 0.1477, 0.0275, 0.2095]",0.20950725674629211,2025-01-26-15-53-06/SITE602_ORNT60_VIS10+mi.png
9,9,"[0.0098, 0.0166, 0.0390, 0.0705, 0.0945, 0.1303, 0.1521, 0.2102, 0.0374, 0.2396]",0.23960886895656586,2025-03-18-13-52-55/SITE212_ORNT170_VIS10+mi.png
6,9,"[0.0186, 0.0325, 0.0561, 0.0981, 0.1054, 0.1334, 0.2336, 0.1834, 0.0193, 0.1196]",0.2336464673280716,2025-04-02-15-05-32/SITE610_ORNT260_VIS10+mi.png
9,9,"[0.0048, 0.0075, 0.0257, 0.0483, 0.0679, 0.0906, 0.1095, 0.1992, 0.0685, 0.3779]",0.37794366478919983,2025-02-05-13-59-56/SITE312_ORNT60_VIS25mi.png
8,9,"[0.0005, 0.0015, 0.0099, 0.0121, 0.0282, 0.0820, 0.0537, 0.0693, 0.5757, 0.1671]",0.5757463574409485,2025-03-20-11-55-50/SITE483_ORNT275_VIS20mi.png
8,9,"[0.0019, 0.0045, 0.0209, 0.0272, 0.0536, 0.1035, 0.0701, 0.1181, 0.4152, 0.1850]",0.41518956422805786,2025-04-10-17-56-44/SITE453_ORNT135_VIS15mi.png
9,9,"[0.0045, 0.0058, 0.0223, 0.0340, 0.0470, 0.0683, 0.0684, 0.1394, 0.0772, 0.5331]",0.5330567955970764,2025-02-02-12-13-03/SITE581_ORNT250_VIS10+mi.png
7,9,"[0.0055, 0.0106, 0.0323, 0.0711, 0.0947, 0.1352, 0.1613, 0.2292, 0.0584, 0.2017]",0.22924458980560303,2025-03-04-14-20-15/SITE447_ORNT295_VIS10+mi.png
0,9,"[0.2086, 0.1906, 0.1535, 0.1451, 0.1042, 0.0674, 0.0497, 0.0559, 0.0115, 0.0134]",0.20864760875701904,2025-02-15-15-20-00/SITE261_ORNT270_VIS10+mi.png
9,9,"[0.0225, 0.0227, 0.0474, 0.0669, 0.0785, 0.0928, 0.1191, 0.1757, 0.0284, 0.3461]",0.34606367349624634,2025-02-12-14-37-35/SITE111_ORNT61_VIS10+mi.png
9,9,"[0.0003, 0.0004, 0.0030, 0.0080, 0.0120, 0.0222, 0.0380, 0.1095, 0.0058, 0.8007]",0.8007420301437378,2025-03-02-13-12-40/SITE82_ORNT65_VIS10+mi.png
9,9,"[0.0000, 0.0001, 0.0011, 0.0060, 0.0101, 0.0238, 0.0593, 0.1700, 0.0146, 0.7148]",0.7147634029388428,2024-08-31-14-30-34/SITE81_ORNT326_VIS25mi.png
9,9,"[0.0017, 0.0031, 0.0147, 0.0374, 0.0579, 0.0799, 0.0963, 0.2423, 0.0744, 0.3924]",0.39242881536483765,2024-12-29-16-00-12/SITE582_ORNT270_VIS10+mi.png
7,9,"[0.0117, 0.0288, 0.0569, 0.0886, 0.1299, 0.1752, 0.1697, 0.1880, 0.0840, 0.0671]",0.18802952766418457,2025-03-02-11-48-27/SITE831_ORNT125_VIS10+mi.png
9,9,"[0.0224, 0.0312, 0.0614, 0.0807, 0.1013, 0.1153, 0.1138, 0.1635, 0.0709, 0.2394]",0.23944823443889618,2025-03-26-14-35-40/SITE119_ORNT96_VIS10+mi.png
9,9,"[0.0049, 0.0054, 0.0206, 0.0352, 0.0438, 0.0483, 0.0503, 0.1619, 0.0226, 0.6070]",0.6070417761802673,2025-01-23-15-05-27/SITE616_ORNT0_VIS10+mi.png
0,9,"[0.2523, 0.1962, 0.1617, 0.1150, 0.0936, 0.0648, 0.0390, 0.0512, 0.0144, 0.0118]",0.2523205578327179,2025-04-02-15-05-32/SITE35_ORNT258_VIS10+mi.png
0,9,"[0.1811, 0.1777, 0.1493, 0.1414, 0.1104, 0.0777, 0.0619, 0.0654, 0.0157, 0.0195]",0.18109765648841858,2025-03-04-14-20-15/SITE219_ORNT264_VIS10+mi.png
9,9,"[0.0054, 0.0080, 0.0240, 0.0527, 0.0680, 0.0931, 0.1341, 0.2309, 0.0176, 0.3661]",0.36611029505729675,2025-02-11-14-30-47/SITE544_ORNT58_VIS10+mi.png
9,9,"[0.0010, 0.0011, 0.0062, 0.0142, 0.0185, 0.0258, 0.0351, 0.1254, 0.0065, 0.7662]",0.7662169933319092,2025-01-28-16-10-28/SITE54_ORNT255_VIS10+mi.png
9,9,"[0.0073, 0.0071, 0.0210, 0.0386, 0.0443, 0.0564, 0.0925, 0.1663, 0.0091, 0.5574]",0.5573557615280151,2025-03-17-19-09-03/SITE24_ORNT120_VIS10+mi.png
8,9,"[0.0189, 0.0330, 0.0675, 0.0569, 0.0943, 0.1532, 0.0983, 0.1157, 0.2668, 0.0955]",0.2667929530143738,2024-10-13-15-24-41/SITE540_ORNT178_VIS10+mi.png
9,9,"[0.0009, 0.0016, 0.0109, 0.0128, 0.0252, 0.0551, 0.0345, 0.0851, 0.3108, 0.4630]",0.4630211591720581,2025-02-16-12-49-10/SITE897_ORNT300_VIS10+mi.png
7,9,"[0.0153, 0.0259, 0.0516, 0.0848, 0.1082, 0.1401, 0.1766, 0.1964, 0.0407, 0.1604]",0.1964302659034729,2025-02-10-14-47-56/SITE569_ORNT138_VIS10+mi.png
9,9,"[0.0298, 0.0374, 0.0668, 0.0973, 0.1086, 0.1112, 0.1305, 0.1899, 0.0275, 0.2011]",0.201079860329628,2024-10-13-15-24-41/SITE95_ORNT67_VIS10+mi.png
8,9,"[0.0000, 0.0001, 0.0011, 0.0007, 0.0035, 0.0212, 0.0050, 0.0116, 0.9249, 0.0319]",0.9249395728111267,2024-08-01-13-32-05/SITE512_ORNT90_VIS15mi.png
6,9,"[0.0294, 0.0902, 0.0987, 0.1578, 0.1453, 0.1616, 0.1965, 0.0993, 0.0124, 0.0088]",0.19647598266601562,2025-02-01-12-44-07/SITE586_ORNT180_VIS10+mi.png
9,9,"[0.0036, 0.0039, 0.0167, 0.0247, 0.0346, 0.0468, 0.0506, 0.1257, 0.0543, 0.6389]",0.6389340758323669,2024-05-31-15-13-16/SITE327_ORNT45_VIS15mi.png
7,9,"[0.0133, 0.0251, 0.0512, 0.0912, 0.1177, 0.1384, 0.1645, 0.2112, 0.0534, 0.1340]",0.21121765673160553,2025-03-31-13-29-12/SITE578_ORNT230_VIS10+mi.png
9,9,"[0.0070, 0.0123, 0.0347, 0.0527, 0.0774, 0.1230, 0.1376, 0.1653, 0.0893, 0.3007]",0.3006722629070282,2024-12-16-12-39-30/SITE639_ORNT10_VIS10+mi.png
9,9,"[0.0029, 0.0053, 0.0229, 0.0362, 0.0603, 0.0945, 0.0780, 0.1559, 0.2450, 0.2989]",0.2989404499530792,2024-07-23-10-10-08/SITE483_ORNT5_VIS20mi.png
9,9,"[0.0028, 0.0034, 0.0134, 0.0314, 0.0414, 0.0559, 0.0876, 0.2116, 0.0109, 0.5417]",0.5417390465736389,2024-10-11-15-41-13/SITE405_ORNT250_VIS15mi.png
9,9,"[0.0394, 0.0394, 0.0708, 0.0802, 0.0911, 0.0913, 0.0857, 0.1474, 0.0439, 0.3107]",0.31068819761276245,2025-01-15-12-14-16/SITE683_ORNT90_VIS10+mi.png
9,9,"[0.0031, 0.0029, 0.0115, 0.0225, 0.0266, 0.0292, 0.0397, 0.1399, 0.0043, 0.7203]",0.7202813029289246,2025-02-05-13-59-56/SITE834_ORNT220_VIS10+mi.png
6,9,"[0.0779, 0.0864, 0.1044, 0.1145, 0.1170, 0.1136, 0.1257, 0.1249, 0.0331, 0.1025]",0.12569260597229004,2024-10-14-13-08-27/SITE593_ORNT160_VIS10+mi.png
5,9,"[0.0262, 0.0473, 0.0786, 0.0922, 0.1273, 0.1609, 0.1381, 0.1369, 0.1367, 0.0559]",0.16088010370731354,2024-07-23-13-08-12/SITE404_ORNT270_VIS14mi.png
9,9,"[0.0056, 0.0076, 0.0242, 0.0473, 0.0628, 0.0873, 0.1308, 0.2144, 0.0271, 0.3929]",0.3929010033607483,2025-03-26-12-24-08/SITE443_ORNT275_VIS10+mi.png
9,9,"[0.0000, 0.0000, 0.0002, 0.0009, 0.0012, 0.0018, 0.0038, 0.0364, 0.0001, 0.9556]",0.9555661082267761,2025-03-02-13-12-40/SITE802_ORNT45_VIS10+mi.png
9,9,"[0.0007, 0.0007, 0.0048, 0.0087, 0.0128, 0.0207, 0.0276, 0.0861, 0.0103, 0.8275]",0.8274810910224915,2025-02-19-12-18-05/SITE50_ORNT265_VIS10+mi.png
3,9,"[0.0792, 0.0967, 0.1222, 0.1403, 0.1383, 0.1221, 0.0898, 0.1055, 0.0740, 0.0318]",0.1403151899576187,2025-03-31-13-29-12/SITE327_ORNT45_VIS15mi.png
9,9,"[0.0020, 0.0028, 0.0139, 0.0179, 0.0301, 0.0517, 0.0478, 0.1091, 0.0947, 0.6300]",0.630016028881073,2024-06-10-18-34-10/SITE426_ORNT70_VIS30mi.png
3,9,"[0.0641, 0.1031, 0.1097, 0.1475, 0.1347, 0.1262, 0.1438, 0.1146, 0.0171, 0.0391]",0.14747057855129242,2025-01-28-16-10-28/SITE639_ORNT270_VIS10+mi.png
9,9,"[0.0336, 0.0354, 0.0662, 0.0774, 0.0898, 0.0924, 0.0872, 0.1492, 0.0468, 0.3219]",0.32192209362983704,2025-03-23-13-51-54/SITE11_ORNT253_VIS10+mi.png
8,9,"[0.0034, 0.0112, 0.0362, 0.0423, 0.0835, 0.1677, 0.0927, 0.1137, 0.4121, 0.0372]",0.412060409784317,2024-05-03-12-14-06/SITE485_ORNT20_VIS15mi.png
6,9,"[0.0004, 0.0013, 0.0035, 0.0118, 0.0122, 0.0584, 0.8280, 0.0547, 0.0012, 0.0284]",0.8279625177383423,2025-05-13-14-10-59/SITE6_ORNT55_VIS10+mi.png
9,9,"[0.0227, 0.0214, 0.0463, 0.0626, 0.0669, 0.0696, 0.0850, 0.1588, 0.0143, 0.4525]",0.4525120258331299,2024-10-18-12-30-03/SITE540_ORNT256_VIS10+mi.png
3,9,"[0.0881, 0.1048, 0.1140, 0.1385, 0.1237, 0.1061, 0.1192, 0.1158, 0.0190, 0.0707]",0.13853071630001068,2025-02-11-14-30-47/SITE50_ORNT265_VIS10+mi.png
9,9,"[0.0002, 0.0005, 0.0051, 0.0081, 0.0160, 0.0379, 0.0273, 0.0783, 0.2853, 0.5413]",0.5412536859512329,2024-10-20-11-35-46/SITE542_ORNT305_VIS10+mi.png
5,9,"[0.0061, 0.0165, 0.0424, 0.0575, 0.0999, 0.1898, 0.1587, 0.1569, 0.1894, 0.0829]",0.18978264927864075,2024-10-13-15-24-41/SITE721_ORNT320_VIS10+mi.png
9,9,"[0.0016, 0.0037, 0.0168, 0.0268, 0.0501, 0.1177, 0.1250, 0.1416, 0.1823, 0.3344]",0.3344338536262512,2025-04-07-16-10-10/SITE539_ORNT40_VIS10+mi.png
9,9,"[0.0456, 0.0463, 0.0771, 0.0918, 0.0993, 0.0934, 0.0888, 0.1506, 0.0401, 0.2670]",0.26704421639442444,2024-12-09-12-13-38/SITE97_ORNT200_VIS10+mi.png
8,9,"[0.0436, 0.0638, 0.1015, 0.1020, 0.1297, 0.1448, 0.0937, 0.1169, 0.1482, 0.0559]",0.1482292264699936,2024-07-23-16-31-18/SITE463_ORNT230_VIS15mi.png
9,9,"[0.0580, 0.0528, 0.0817, 0.0864, 0.0953, 0.0914, 0.0901, 0.1403, 0.0389, 0.2652]",0.26523736119270325,2025-02-11-14-30-47/SITE561_ORNT350_VIS10+mi.png
5,9,"[0.0601, 0.0971, 0.1378, 0.0896, 0.1226, 0.1740, 0.0850, 0.0818, 0.1300, 0.0220]",0.17397430539131165,2024-07-29-17-46-25/SITE483_ORNT95_VIS15mi.png
9,9,"[0.0433, 0.0467, 0.0788, 0.0823, 0.0968, 0.1022, 0.0914, 0.1351, 0.0647, 0.2588]",0.25882676243782043,2025-02-15-15-20-00/SITE239_ORNT30_VIS10+mi.png
9,9,"[0.0243, 0.0295, 0.0580, 0.0805, 0.0938, 0.1097, 0.1332, 0.1601, 0.0655, 0.2453]",0.24533413350582123,2025-04-22-15-39-35/SITE4_ORNT303_VIS10+mi.png
3,9,"[0.0602, 0.1151, 0.1269, 0.1573, 0.1514, 0.1303, 0.1151, 0.0980, 0.0284, 0.0174]",0.15734468400478363,2025-03-02-13-12-40/SITE177_ORNT260_VIS10+mi.png
9,9,"[0.0190, 0.0223, 0.0485, 0.0724, 0.0867, 0.0945, 0.0988, 0.1835, 0.0352, 0.3391]",0.33906033635139465,2025-04-02-15-05-32/SITE417_ORNT220_VIS10+mi.png
9,9,"[0.0014, 0.0015, 0.0090, 0.0184, 0.0254, 0.0354, 0.0444, 0.1346, 0.0424, 0.6874]",0.6874306797981262,2025-04-02-15-05-32/SITE573_ORNT345_VIS10+mi.png
9,9,"[0.0240, 0.0309, 0.0627, 0.0706, 0.0954, 0.1200, 0.1105, 0.1489, 0.0989, 0.2381]",0.23810197412967682,2025-03-18-13-52-55/SITE426_ORNT310_VIS25mi.png
0,9,"[0.1357, 0.1296, 0.1352, 0.1101, 0.1121, 0.1007, 0.0790, 0.0928, 0.0385, 0.0662]",0.1357295662164688,2025-03-05-12-08-53/SITE119_ORNT96_VIS10+mi.png
9,9,"[0.0372, 0.0317, 0.0582, 0.0715, 0.0760, 0.0756, 0.0889, 0.1565, 0.0162, 0.3882]",0.3882366716861725,2025-03-26-12-24-08/SITE694_ORNT35_VIS10+mi.png
9,9,"[0.0232, 0.0233, 0.0480, 0.0680, 0.0780, 0.0817, 0.0930, 0.1827, 0.0194, 0.3827]",0.3826967775821686,2025-04-01-16-59-16/SITE617_ORNT315_VIS10+mi.png
9,9,"[0.0170, 0.0153, 0.0379, 0.0483, 0.0572, 0.0709, 0.0779, 0.1472, 0.0217, 0.5065]",0.506523609161377,2024-07-20-15-11-13/SITE430_ORNT255_VIS15mi.png
9,9,"[0.0156, 0.0187, 0.0467, 0.0616, 0.0810, 0.0961, 0.0941, 0.1599, 0.1039, 0.3224]",0.32241910696029663,2025-03-01-18-07-41/SITE897_ORNT205_VIS10+mi.png
9,9,"[0.0111, 0.0133, 0.0334, 0.0577, 0.0710, 0.0863, 0.1115, 0.1969, 0.0222, 0.3965]",0.39651718735694885,2025-01-15-15-33-17/SITE10_ORNT255_VIS10+mi.png
9,9,"[0.0341, 0.0353, 0.0638, 0.0764, 0.0851, 0.0961, 0.1068, 0.1468, 0.0279, 0.3275]",0.3275400698184967,2025-02-15-15-20-00/SITE557_ORNT191_VIS10+mi.png
9,9,"[0.0409, 0.0401, 0.0711, 0.0773, 0.0889, 0.0869, 0.0814, 0.1451, 0.0400, 0.3284]",0.3283761441707611,2025-04-22-15-39-35/SITE167_ORNT60_VIS10+mi.png
0,9,"[0.2158, 0.1802, 0.1662, 0.1128, 0.1020, 0.0818, 0.0415, 0.0559, 0.0287, 0.0151]",0.21578775346279144,2025-02-05-13-59-56/SITE115_ORNT219_VIS10+mi.png
9,9,"[0.0401, 0.0522, 0.0902, 0.0809, 0.1100, 0.1334, 0.0982, 0.1290, 0.1211, 0.1449]",0.14494368433952332,2025-04-11-14-52-32/SITE104_ORNT325_VIS10+mi.png
9,9,"[0.0096, 0.0111, 0.0298, 0.0462, 0.0587, 0.0816, 0.1089, 0.1618, 0.0291, 0.4632]",0.46319320797920227,2025-02-05-13-59-56/SITE584_ORNT325_VIS10+mi.png
3,9,"[0.1149, 0.1089, 0.1188, 0.1260, 0.1161, 0.0940, 0.0951, 0.1136, 0.0211, 0.0916]",0.12598374485969543,2025-02-19-12-18-05/SITE586_ORNT100_VIS10+mi.png
9,9,"[0.0468, 0.0424, 0.0743, 0.0748, 0.0816, 0.0754, 0.0644, 0.1387, 0.0268, 0.3747]",0.3747428357601166,2025-04-02-15-05-32/SITE417_ORNT50_VIS10+mi.png
9,9,"[0.0000, 0.0001, 0.0012, 0.0074, 0.0145, 0.0304, 0.0727, 0.2679, 0.0089, 0.5969]",0.5969184041023254,2024-12-17-16-15-56/SITE595_ORNT0_VIS10+mi.png
9,9,"[0.0191, 0.0192, 0.0437, 0.0578, 0.0677, 0.0784, 0.0938, 0.1503, 0.0330, 0.4369]",0.43694716691970825,2024-12-23-15-38-40/SITE547_ORNT170_VIS10+mi.png
9,9,"[0.0380, 0.0336, 0.0620, 0.0755, 0.0798, 0.0833, 0.0969, 0.1534, 0.0235, 0.3542]",0.35419508814811707,2024-10-14-13-08-27/SITE59_ORNT10_VIS10+mi.png
9,9,"[0.0029, 0.0047, 0.0195, 0.0337, 0.0550, 0.0906, 0.1114, 0.1803, 0.1296, 0.3724]",0.37235119938850403,2024-05-21-12-02-34/SITE327_ORNT45_VIS15mi.png
9,9,"[0.0283, 0.0403, 0.0693, 0.0923, 0.1130, 0.1264, 0.1336, 0.1627, 0.0629, 0.1711]",0.17114907503128052,2025-03-06-17-34-12/SITE10_ORNT255_VIS10+mi.png
9,9,"[0.0214, 0.0222, 0.0469, 0.0628, 0.0738, 0.0845, 0.0967, 0.1589, 0.0278, 0.4050]",0.40503326058387756,2025-01-26-15-53-06/SITE574_ORNT70_VIS10+mi.png
0,9,"[0.2784, 0.2017, 0.1799, 0.0962, 0.0841, 0.0696, 0.0246, 0.0380, 0.0221, 0.0053]",0.27836906909942627,2025-02-04-15-47-48/SITE78_ORNT268_VIS10+mi.png
9,9,"[0.0000, 0.0001, 0.0013, 0.0078, 0.0143, 0.0263, 0.0581, 0.2632, 0.0069, 0.6219]",0.621910810470581,2025-01-15-12-14-16/SITE601_ORNT180_VIS10+mi.png
7,9,"[0.0546, 0.0683, 0.0925, 0.1158, 0.1220, 0.1177, 0.1344, 0.1443, 0.0350, 0.1155]",0.14425966143608093,2024-12-29-16-00-12/SITE545_ORNT95_VIS10+mi.png
9,9,"[0.0300, 0.0377, 0.0662, 0.0819, 0.0997, 0.1185, 0.1272, 0.1517, 0.0544, 0.2326]",0.2325987070798874,2025-03-31-13-29-12/SITE871_ORNT260_VIS10+mi.png
9,9,"[0.0809, 0.0801, 0.1049, 0.1055, 0.1114, 0.1049, 0.0928, 0.1213, 0.0496, 0.1487]",0.14872774481773376,2025-03-15-15-41-34/SITE563_ORNT135_VIS10+mi.png
9,9,"[0.0050, 0.0084, 0.0241, 0.0524, 0.0677, 0.1079, 0.1998, 0.2190, 0.0153, 0.3004]",0.30039170384407043,2024-10-11-15-41-13/SITE50_ORNT265_VIS10+mi.png
9,9,"[0.0003, 0.0006, 0.0054, 0.0108, 0.0190, 0.0349, 0.0328, 0.1040, 0.1563, 0.6358]",0.635769784450531,2025-03-04-14-20-15/SITE494_ORNT270_VIS30mi.png
0,9,"[0.2011, 0.1666, 0.1458, 0.1355, 0.1098, 0.0763, 0.0564, 0.0679, 0.0218, 0.0188]",0.2011323720216751,2025-02-14-15-24-27/SITE327_ORNT45_VIS10+mi.png
8,9,"[0.0004, 0.0012, 0.0084, 0.0084, 0.0202, 0.0567, 0.0251, 0.0544, 0.6494, 0.1758]",0.6494269967079163,2025-02-10-14-47-56/SITE426_ORNT130_VIS30mi.png
0,9,"[0.3713, 0.2152, 0.1681, 0.0844, 0.0645, 0.0434, 0.0153, 0.0265, 0.0087, 0.0025]",0.3713252544403076,2025-02-15-15-20-00/SITE193_ORNT5_VIS10+mi.png
9,9,"[0.0107, 0.0151, 0.0423, 0.0604, 0.0810, 0.1013, 0.0892, 0.1728, 0.0862, 0.3409]",0.3409184515476227,2024-10-11-15-41-13/SITE595_ORNT270_VIS10+mi.png
6,9,"[0.0401, 0.0720, 0.0950, 0.1372, 0.1399, 0.1401, 0.1658, 0.1320, 0.0341, 0.0439]",0.16576552391052246,2025-03-28-10-38-15/SITE544_ORNT291_VIS10+mi.png
9,9,"[0.0226, 0.0208, 0.0465, 0.0570, 0.0657, 0.0658, 0.0668, 0.1538, 0.0218, 0.4793]",0.47925636172294617,2025-03-01-18-07-41/SITE802_ORNT150_VIS10+mi.png
9,9,"[0.0055, 0.0072, 0.0256, 0.0311, 0.0472, 0.0799, 0.0734, 0.1292, 0.0874, 0.5135]",0.5135126709938049,2025-03-11-17-13-52/SITE813_ORNT15_VIS10+mi.png
9,9,"[0.0557, 0.0610, 0.0895, 0.0950, 0.1073, 0.1114, 0.1065, 0.1298, 0.0594, 0.1844]",0.1844133585691452,2025-02-27-11-22-46/SITE684_ORNT267_VIS10+mi.png
9,9,"[0.0177, 0.0215, 0.0483, 0.0685, 0.0828, 0.0958, 0.0994, 0.1691, 0.0417, 0.3552]",0.3551945388317108,2024-12-29-16-00-12/SITE76_ORNT60_VIS10+mi.png
6,9,"[0.0295, 0.0481, 0.0721, 0.0994, 0.1161, 0.1384, 0.1953, 0.1653, 0.0331, 0.1027]",0.19529573619365692,2025-03-31-13-29-12/SITE80_ORNT274_VIS10+mi.png
9,9,"[0.0027, 0.0036, 0.0149, 0.0310, 0.0414, 0.0618, 0.0836, 0.1704, 0.0275, 0.5633]",0.5632954835891724,2025-01-28-16-10-28/SITE658_ORNT120_VIS10+mi.png
9,9,"[0.0025, 0.0040, 0.0167, 0.0339, 0.0497, 0.0885, 0.1042, 0.1744, 0.0668, 0.4593]",0.4593377709388733,2025-03-17-19-09-03/SITE683_ORNT240_VIS10+mi.png
7,9,"[0.0097, 0.0261, 0.0562, 0.0974, 0.1450, 0.1707, 0.1388, 0.2174, 0.0684, 0.0704]",0.21737103164196014,2024-12-10-14-08-09/SITE19_ORNT325_VIS10+mi.png
9,9,"[0.0042, 0.0053, 0.0191, 0.0372, 0.0498, 0.0747, 0.1089, 0.1761, 0.0467, 0.4779]",0.47792187333106995,2025-03-26-14-35-40/SITE570_ORNT52_VIS10+mi.png
7,9,"[0.0613, 0.0806, 0.0966, 0.1377, 0.1247, 0.1095, 0.1381, 0.1532, 0.0079, 0.0904]",0.15318506956100464,2025-02-04-15-47-48/SITE73_ORNT20_VIS10+mi.png
7,9,"[0.0030, 0.0093, 0.0296, 0.0857, 0.1258, 0.1408, 0.1237, 0.3432, 0.0249, 0.1141]",0.3431916832923889,2024-12-09-12-13-38/SITE581_ORNT250_VIS10+mi.png
9,9,"[0.0004, 0.0005, 0.0040, 0.0112, 0.0161, 0.0276, 0.0396, 0.1289, 0.0105, 0.7612]",0.7611989974975586,2025-04-11-14-52-32/SITE579_ORNT210_VIS10+mi.png
9,9,"[0.0091, 0.0112, 0.0327, 0.0541, 0.0698, 0.0770, 0.0799, 0.1986, 0.0369, 0.4309]",0.4308900535106659,2025-04-13-19-09-12/SITE111_ORNT61_VIS10+mi.png
6,9,"[0.0058, 0.0199, 0.0319, 0.0641, 0.0740, 0.1509, 0.4873, 0.1265, 0.0104, 0.0292]",0.4872949421405792,2025-03-23-13-51-54/SITE442_ORNT210_VIS10+mi.png
0,9,"[0.1922, 0.1516, 0.1472, 0.1244, 0.1063, 0.0724, 0.0584, 0.0894, 0.0138, 0.0444]",0.1921694427728653,2025-04-02-15-05-32/SITE73_ORNT20_VIS10+mi.png
9,9,"[0.0000, 0.0000, 0.0002, 0.0008, 0.0013, 0.0027, 0.0037, 0.0368, 0.0014, 0.9530]",0.9530007243156433,2025-03-03-11-33-30/SITE616_ORNT0_VIS10+mi.png
6,9,"[0.0389, 0.0937, 0.1009, 0.1584, 0.1429, 0.1362, 0.1882, 0.1074, 0.0176, 0.0158]",0.1881633847951889,2024-10-19-10-55-55/SITE539_ORNT110_VIS10+mi.png
9,9,"[0.0839, 0.0833, 0.1043, 0.1091, 0.1126, 0.1019, 0.0986, 0.1264, 0.0318, 0.1481]",0.14805284142494202,2025-02-12-14-37-35/SITE193_ORNT295_VIS10+mi.png
9,9,"[0.0152, 0.0178, 0.0440, 0.0616, 0.0773, 0.0914, 0.0938, 0.1633, 0.0733, 0.3623]",0.36225825548171997,2025-01-26-13-23-03/SITE725_ORNT180_VIS10+mi.png
6,9,"[0.0067, 0.0182, 0.0389, 0.0777, 0.1047, 0.1738, 0.2747, 0.1865, 0.0382, 0.0806]",0.27474120259284973,2024-10-13-15-24-41/SITE583_ORNT165_VIS10+mi.png
9,9,"[0.0040, 0.0045, 0.0165, 0.0347, 0.0419, 0.0512, 0.0691, 0.1796, 0.0088, 0.5897]",0.5896650552749634,2025-01-26-15-53-06/SITE73_ORNT110_VIS10+mi.png
8,9,"[0.0055, 0.0099, 0.0340, 0.0437, 0.0748, 0.1122, 0.0838, 0.1510, 0.2712, 0.2138]",0.27121543884277344,2024-06-06-17-01-51/SITE463_ORNT340_VIS15mi.png
9,9,"[0.0123, 0.0145, 0.0383, 0.0512, 0.0656, 0.0842, 0.0895, 0.1499, 0.0504, 0.4442]",0.44418594241142273,2025-02-19-12-18-05/SITE871_ORNT90_VIS10+mi.png
6,9,"[0.0034, 0.0084, 0.0196, 0.0485, 0.0579, 0.1329, 0.4196, 0.1957, 0.0031, 0.1110]",0.41956987977027893,2025-04-13-19-09-12/SITE106_ORNT280_VIS10+mi.png
9,9,"[0.0252, 0.0233, 0.0510, 0.0707, 0.0783, 0.0786, 0.0879, 0.1650, 0.0437, 0.3763]",0.3763314187526703,2025-03-26-14-35-40/SITE629_ORNT125_VIS10+mi.png
6,9,"[0.0096, 0.0261, 0.0476, 0.0899, 0.1157, 0.1555, 0.2591, 0.2080, 0.0207, 0.0678]",0.259067565202713,2025-04-11-14-52-32/SITE831_ORNT260_VIS10+mi.png
7,9,"[0.0110, 0.0188, 0.0424, 0.0758, 0.0998, 0.1301, 0.1719, 0.2035, 0.0502, 0.1965]",0.20345447957515717,2025-04-11-14-52-32/SITE693_ORNT315_VIS10+mi.png
9,9,"[0.0254, 0.0258, 0.0527, 0.0653, 0.0757, 0.0820, 0.0890, 0.1529, 0.0298, 0.4014]",0.4014361798763275,2025-02-10-14-47-56/SITE871_ORNT260_VIS10+mi.png
7,9,"[0.0072, 0.0138, 0.0368, 0.0740, 0.1044, 0.1308, 0.1527, 0.2304, 0.0903, 0.1596]",0.23040759563446045,2025-03-15-15-41-34/SITE578_ORNT0_VIS10+mi.png
7,9,"[0.0018, 0.0045, 0.0168, 0.0490, 0.0741, 0.1248, 0.1996, 0.2777, 0.0290, 0.2228]",0.27767229080200195,2025-04-22-15-39-35/SITE229_ORNT202_VIS10+mi.png
2,9,"[0.1600, 0.1604, 0.1711, 0.1062, 0.1108, 0.1140, 0.0514, 0.0637, 0.0457, 0.0166]",0.17110037803649902,2024-05-13-18-48-49/SITE453_ORNT135_VIS15mi.png
9,9,"[0.0072, 0.0108, 0.0299, 0.0589, 0.0782, 0.0969, 0.1301, 0.2530, 0.0150, 0.3199]",0.3199484646320343,2025-03-31-15-41-11/SITE539_ORNT205_VIS10+mi.png
9,9,"[0.0421, 0.0484, 0.0765, 0.0991, 0.1082, 0.1084, 0.1145, 0.1627, 0.0322, 0.2080]",0.20800422132015228,2024-12-29-16-00-12/SITE818_ORNT95_VIS10+mi.png
9,9,"[0.0002, 0.0004, 0.0035, 0.0070, 0.0130, 0.0300, 0.0381, 0.0878, 0.0645, 0.7556]",0.7555938959121704,2025-03-02-11-48-27/SITE521_ORNT325_VIS30mi.png
9,9,"[0.0084, 0.0097, 0.0287, 0.0516, 0.0644, 0.0771, 0.0977, 0.1978, 0.0282, 0.4365]",0.43645036220550537,2024-12-27-14-55-32/SITE15_ORNT350_VIS10+mi.png
7,9,"[0.0047, 0.0091, 0.0272, 0.0625, 0.0881, 0.1142, 0.1508, 0.2656, 0.0325, 0.2452]",0.2655507028102875,2025-04-10-17-56-44/SITE606_ORNT180_VIS10+mi.png
0,9,"[0.1579, 0.1363, 0.1237, 0.1539, 0.1141, 0.0706, 0.0803, 0.1010, 0.0101, 0.0520]",0.15788955986499786,2025-03-26-12-24-08/SITE217_ORNT150_VIS10+mi.png
9,9,"[0.0123, 0.0118, 0.0328, 0.0457, 0.0541, 0.0613, 0.0650, 0.1467, 0.0323, 0.5379]",0.537938117980957,2024-12-23-15-38-40/SITE617_ORNT40_VIS10+mi.png
6,9,"[0.0269, 0.0432, 0.0622, 0.0893, 0.0904, 0.1247, 0.2997, 0.1494, 0.0134, 0.1009]",0.2997008264064789,2024-10-13-15-24-41/SITE722_ORNT15_VIS10+mi.png
8,9,"[0.0164, 0.0418, 0.0777, 0.0702, 0.1100, 0.1919, 0.1113, 0.1047, 0.2494, 0.0266]",0.24940718710422516,2024-08-10-09-44-28/SITE483_ORNT185_VIS20mi.png
9,9,"[0.0498, 0.0493, 0.0786, 0.0854, 0.0960, 0.0994, 0.0978, 0.1435, 0.0347, 0.2655]",0.265535831451416,2025-05-16-12-18-46/SITE59_ORNT10_VIS10+mi.png
9,9,"[0.0151, 0.0176, 0.0433, 0.0617, 0.0759, 0.0934, 0.1011, 0.1632, 0.0634, 0.3652]",0.36522984504699707,2025-01-31-13-49-43/SITE564_ORNT315_VIS10+mi.png
9,9,"[0.0362, 0.0398, 0.0705, 0.0793, 0.0918, 0.0992, 0.1009, 0.1429, 0.0502, 0.2892]",0.2891553044319153,2025-02-01-12-44-07/SITE561_ORNT60_VIS10+mi.png
9,9,"[0.0092, 0.0101, 0.0334, 0.0390, 0.0508, 0.0627, 0.0538, 0.1303, 0.0635, 0.5472]",0.5471621155738831,2025-03-02-11-48-27/SITE692_ORNT335_VIS10+mi.png
9,9,"[0.0718, 0.0697, 0.0973, 0.0960, 0.1070, 0.0979, 0.0828, 0.1281, 0.0489, 0.2005]",0.20053614675998688,2025-03-05-12-08-53/SITE20_ORNT285_VIS10+mi.png
9,9,"[0.0146, 0.0183, 0.0440, 0.0553, 0.0761, 0.1132, 0.1241, 0.1500, 0.0748, 0.3296]",0.32958441972732544,2025-03-26-14-35-40/SITE584_ORNT325_VIS10+mi.png
9,9,"[0.0191, 0.0278, 0.0609, 0.0830, 0.1125, 0.1307, 0.0998, 0.1786, 0.1027, 0.1847]",0.1847318559885025,2025-04-07-16-10-10/SITE164_ORNT68_VIS10+mi.png
9,9,"[0.0015, 0.0017, 0.0086, 0.0178, 0.0237, 0.0390, 0.0651, 0.1322, 0.0128, 0.6976]",0.6975963115692139,2025-02-05-13-59-56/SITE95_ORNT317_VIS10+mi.png
9,9,"[0.0044, 0.0069, 0.0252, 0.0289, 0.0493, 0.0849, 0.0618, 0.1400, 0.1042, 0.4944]",0.49439945816993713,2025-02-12-14-37-35/SITE485_ORNT120_VIS15mi.png
5,9,"[0.0477, 0.0916, 0.1168, 0.1387, 0.1480, 0.1543, 0.1076, 0.0992, 0.0789, 0.0172]",0.15434250235557556,2024-10-08-11-05-48/SITE455_ORNT0_VIS15mi.png
9,9,"[0.0513, 0.0541, 0.0812, 0.0923, 0.1026, 0.1064, 0.1066, 0.1397, 0.0426, 0.2231]",0.22305525839328766,2025-01-31-13-49-43/SITE259_ORNT314_VIS10+mi.png
9,9,"[0.0762, 0.0723, 0.1053, 0.0882, 0.1026, 0.1098, 0.0826, 0.1277, 0.0529, 0.1824]",0.18237528204917908,2025-03-02-11-48-27/SITE648_ORNT220_VIS10+mi.png
9,9,"[0.0019, 0.0023, 0.0106, 0.0218, 0.0303, 0.0444, 0.0629, 0.1491, 0.0200, 0.6568]",0.6567994952201843,2025-02-15-15-20-00/SITE579_ORNT75_VIS10+mi.png
8,9,"[0.0032, 0.0079, 0.0293, 0.0334, 0.0629, 0.1158, 0.0846, 0.1078, 0.4267, 0.1284]",0.4267025291919708,2025-04-10-17-56-44/SITE852_ORNT315_VIS10+mi.png
6,9,"[0.0321, 0.0468, 0.0714, 0.1017, 0.1135, 0.1279, 0.1876, 0.1702, 0.0262, 0.1226]",0.1876366287469864,2025-02-04-15-47-48/SITE581_ORNT250_VIS10+mi.png
6,9,"[0.0016, 0.0061, 0.0188, 0.0537, 0.0886, 0.1885, 0.2846, 0.2484, 0.0324, 0.0774]",0.28459063172340393,2025-03-11-17-13-52/SITE587_ORNT280_VIS10+mi.png
8,9,"[0.0600, 0.0853, 0.1295, 0.0707, 0.1035, 0.1621, 0.0615, 0.0746, 0.2222, 0.0306]",0.22217342257499695,2025-02-14-15-24-27/SITE725_ORNT295_VIS10+mi.png
9,9,"[0.0130, 0.0173, 0.0400, 0.0637, 0.0809, 0.1110, 0.1265, 0.1779, 0.0423, 0.3275]",0.32751336693763733,2025-03-15-15-41-34/SITE21_ORNT280_VIS10+mi.png
9,9,"[0.0179, 0.0211, 0.0483, 0.0643, 0.0788, 0.0932, 0.0945, 0.1599, 0.0499, 0.3721]",0.3720558285713196,2025-01-28-16-10-28/SITE80_ORNT274_VIS10+mi.png
9,9,"[0.0133, 0.0154, 0.0428, 0.0553, 0.0721, 0.0930, 0.0891, 0.1457, 0.1251, 0.3482]",0.34817764163017273,2024-12-24-15-14-57/SITE581_ORNT160_VIS10+mi.png
9,9,"[0.0017, 0.0030, 0.0160, 0.0195, 0.0352, 0.0712, 0.0486, 0.0966, 0.3232, 0.3852]",0.3851682245731354,2025-02-15-15-20-00/SITE583_ORNT40_VIS10+mi.png
7,9,"[0.0858, 0.0892, 0.1094, 0.1245, 0.1246, 0.1056, 0.0938, 0.1305, 0.0331, 0.1035]",0.13049954175949097,2025-03-04-14-20-15/SITE230_ORNT214_VIS10+mi.png
6,9,"[0.0103, 0.0238, 0.0418, 0.0685, 0.0821, 0.1501, 0.3902, 0.1350, 0.0268, 0.0714]",0.39017462730407715,2025-03-18-13-52-55/SITE66_ORNT95_VIS10+mi.png
9,9,"[0.0029, 0.0031, 0.0127, 0.0246, 0.0316, 0.0444, 0.0631, 0.1460, 0.0180, 0.6536]",0.653584361076355,2024-07-05-14-33-31/SITE406_ORNT190_VIS14mi.png
7,9,"[0.0148, 0.0308, 0.0667, 0.1152, 0.1456, 0.1593, 0.1295, 0.1984, 0.0382, 0.1016]",0.19842109084129333,2025-04-01-16-59-16/SITE747_ORNT60_VIS10+mi.png
9,9,"[0.0055, 0.0086, 0.0272, 0.0542, 0.0737, 0.0915, 0.1113, 0.2278, 0.0390, 0.3612]",0.36122485995292664,2024-12-29-16-00-12/SITE595_ORNT100_VIS10+mi.png
6,9,"[0.0364, 0.0604, 0.0810, 0.1182, 0.1216, 0.1303, 0.2028, 0.1531, 0.0219, 0.0743]",0.20284192264080048,2024-12-10-14-08-09/SITE786_ORNT255_VIS10+mi.png
5,9,"[0.0337, 0.0515, 0.0807, 0.0908, 0.1195, 0.1447, 0.1399, 0.1411, 0.0898, 0.1084]",0.14466425776481628,2025-02-12-14-37-35/SITE597_ORNT170_VIS10+mi.png
9,9,"[0.0025, 0.0030, 0.0121, 0.0284, 0.0362, 0.0418, 0.0676, 0.1993, 0.0069, 0.6023]",0.602318525314331,2025-01-31-13-49-43/SITE7_ORNT312_VIS10+mi.png
4,9,"[0.0562, 0.0816, 0.1048, 0.1410, 0.1410, 0.1227, 0.1202, 0.1302, 0.0383, 0.0640]",0.14102593064308167,2024-12-17-16-15-56/SITE69_ORNT39_VIS10+mi.png
3,9,"[0.1153, 0.1296, 0.1345, 0.1463, 0.1296, 0.0979, 0.0796, 0.0970, 0.0258, 0.0445]",0.14627905189990997,2024-12-24-15-14-57/SITE259_ORNT314_VIS10+mi.png
9,9,"[0.0497, 0.0507, 0.0793, 0.1055, 0.1074, 0.0984, 0.1142, 0.1583, 0.0331, 0.2034]",0.20340780913829803,2025-01-17-15-10-02/SITE721_ORNT0_VIS10+mi.png
9,9,"[0.0203, 0.0253, 0.0558, 0.0681, 0.0851, 0.1005, 0.0945, 0.1480, 0.0774, 0.3249]",0.32491758465766907,2025-04-16-13-54-24/SITE100_ORNT65_VIS10+mi.png
9,9,"[0.0032, 0.0053, 0.0210, 0.0454, 0.0639, 0.0887, 0.1014, 0.2112, 0.0680, 0.3919]",0.3918820023536682,2025-03-05-12-08-53/SITE50_ORNT149_VIS10+mi.png
8,9,"[0.0014, 0.0029, 0.0152, 0.0121, 0.0284, 0.0701, 0.0302, 0.0636, 0.5737, 0.2025]",0.5737361907958984,2024-04-30-13-21-52/SITE512_ORNT340_VIS15mi.png
9,9,"[0.0222, 0.0219, 0.0473, 0.0645, 0.0746, 0.0843, 0.1011, 0.1620, 0.0330, 0.3891]",0.3890576660633087,2024-12-20-15-16-09/SITE802_ORNT315_VIS10+mi.png
9,9,"[0.0142, 0.0133, 0.0343, 0.0504, 0.0581, 0.0631, 0.0707, 0.1621, 0.0189, 0.5150]",0.5150110125541687,2025-03-05-12-08-53/SITE722_ORNT15_VIS10+mi.png
7,9,"[0.0285, 0.0409, 0.0716, 0.1129, 0.1216, 0.1240, 0.1488, 0.1782, 0.0404, 0.1331]",0.17820702493190765,2025-02-15-16-53-20/SITE129_ORNT356_VIS10+mi.png
9,9,"[0.0058, 0.0075, 0.0225, 0.0477, 0.0569, 0.0702, 0.1229, 0.2220, 0.0067, 0.4378]",0.4378282129764557,2025-03-17-19-09-03/SITE212_ORNT80_VIS10+mi.png
7,9,"[0.0551, 0.0583, 0.0832, 0.1127, 0.1113, 0.1081, 0.1472, 0.1585, 0.0218, 0.1438]",0.15852871537208557,2025-01-17-15-10-02/SITE786_ORNT315_VIS10+mi.png
9,9,"[0.0127, 0.0194, 0.0483, 0.0657, 0.0883, 0.1239, 0.1147, 0.1505, 0.1498, 0.2266]",0.22661897540092468,2025-03-26-14-35-40/SITE571_ORNT224_VIS10+mi.png
