predicted,truth,output,top,path
9,9,"[0.0254, 0.0379, 0.0623, 0.0889, 0.0597, 0.0893, 0.0763, 0.1709, 0.0407, 0.3486]",0.3486352264881134,2025-01-31-13-49-43/SITE7_ORNT312_VIS10+mi.png
0,1,"[0.3868, 0.2391, 0.1204, 0.1115, 0.0651, 0.0324, 0.0210, 0.0190, 0.0030, 0.0017]",0.38680508732795715,2024-09-08-13-07-06/SITE13_ORNT85_VIS2mi.png
0,0,"[0.2861, 0.2457, 0.1248, 0.1570, 0.0838, 0.0447, 0.0253, 0.0274, 0.0029, 0.0022]",0.28608113527297974,2024-09-08-13-07-06/SITE111_ORNT336_VIS1-5mi.png
6,3,"[0.0187, 0.0376, 0.0590, 0.1431, 0.1405, 0.1386, 0.2019, 0.1934, 0.0342, 0.0330]",0.20194877684116364,2024-07-05-14-33-31/SITE19_ORNT325_VIS4mi.png
0,1,"[0.1938, 0.1826, 0.1220, 0.1546, 0.0983, 0.0805, 0.0399, 0.0882, 0.0109, 0.0292]",0.19381234049797058,2025-02-04-15-47-48/SITE33_ORNT215_VIS2mi.png
3,4,"[0.1297, 0.1711, 0.1198, 0.1961, 0.1196, 0.0862, 0.0653, 0.0808, 0.0099, 0.0216]",0.1960504800081253,2024-12-10-14-08-09/SITE617_ORNT40_VIS5mi.png
7,3,"[0.0183, 0.0364, 0.0755, 0.1229, 0.1097, 0.1423, 0.1606, 0.1869, 0.0448, 0.1025]",0.1868831217288971,2025-01-26-15-53-06/SITE7_ORNT312_VIS4mi.png
0,0,"[0.2625, 0.2271, 0.1203, 0.1623, 0.0850, 0.0561, 0.0303, 0.0459, 0.0041, 0.0064]",0.262507826089859,2024-07-25-10-00-39/SITE434_ORNT325_VIS1-25mi.png
6,2,"[0.0206, 0.0520, 0.0864, 0.1525, 0.1553, 0.1549, 0.1879, 0.1423, 0.0292, 0.0189]",0.18788380920886993,2024-08-11-13-07-09/SITE156_ORNT294_VIS3mi.png
7,3,"[0.0525, 0.0748, 0.0931, 0.1480, 0.1017, 0.1209, 0.0911, 0.1694, 0.0309, 0.1177]",0.16936439275741577,2024-05-22-13-05-54/SITE205_ORNT165_VIS4mi.png
6,3,"[0.0241, 0.0369, 0.0628, 0.1176, 0.1106, 0.1382, 0.1930, 0.1811, 0.0322, 0.1036]",0.19301976263523102,2024-07-07-20-11-04/SITE547_ORNT170_VIS4mi.png
7,4,"[0.0129, 0.0141, 0.0256, 0.0611, 0.0656, 0.1092, 0.2294, 0.2566, 0.0360, 0.1895]",0.2565627098083496,2024-08-11-09-28-59/SITE569_ORNT54_VIS5mi.png
0,1,"[0.4343, 0.2338, 0.1161, 0.1010, 0.0537, 0.0266, 0.0148, 0.0160, 0.0025, 0.0013]",0.43426692485809326,2024-07-05-10-36-13/SITE48_ORNT275_VIS2mi.png
3,4,"[0.0367, 0.0860, 0.0984, 0.2007, 0.1737, 0.1291, 0.1438, 0.1053, 0.0177, 0.0086]",0.20065630972385406,2024-10-06-17-04-59/SITE251_ORNT140_VIS5mi.png
3,5,"[0.0411, 0.0699, 0.0999, 0.1535, 0.1221, 0.1321, 0.1287, 0.1301, 0.0242, 0.0985]",0.15353626012802124,2025-02-01-17-30-02/SITE24_ORNT120_VIS6mi.png
9,9,"[0.0040, 0.0072, 0.0137, 0.0187, 0.0113, 0.0277, 0.0207, 0.0892, 0.0840, 0.7235]",0.7235116958618164,2024-06-10-18-34-10/SITE426_ORNT70_VIS30mi.png
3,3,"[0.0542, 0.1085, 0.1104, 0.1905, 0.1664, 0.1243, 0.1365, 0.0867, 0.0133, 0.0093]",0.19045253098011017,2024-08-01-13-32-05/SITE43_ORNT190_VIS4mi.png
7,8,"[0.0114, 0.0216, 0.0968, 0.0943, 0.0680, 0.1294, 0.0668, 0.1995, 0.1941, 0.1179]",0.19948630034923553,2025-04-10-17-56-44/SITE522_ORNT270_VIS9mi.png
5,4,"[0.0662, 0.0979, 0.1069, 0.1351, 0.1323, 0.1416, 0.1401, 0.1047, 0.0172, 0.0580]",0.14161990582942963,2025-03-11-17-13-52/SITE205_ORNT165_VIS5mi.png
0,0,"[0.4057, 0.2085, 0.1229, 0.0718, 0.0752, 0.0577, 0.0114, 0.0360, 0.0089, 0.0021]",0.4056883454322815,2025-02-04-15-47-48/SITE377_ORNT110_VIS1mi.png
1,0,"[0.1704, 0.2176, 0.1272, 0.1958, 0.1206, 0.0693, 0.0479, 0.0430, 0.0045, 0.0038]",0.2175581306219101,2024-07-27-10-27-08/SITE215_ORNT235_VIS1mi.png
7,9,"[0.0060, 0.0082, 0.0191, 0.0535, 0.0366, 0.0647, 0.1674, 0.2994, 0.0461, 0.2989]",0.2994016110897064,2025-03-26-14-35-40/SITE571_ORNT224_VIS10+mi.png
8,8,"[0.0002, 0.0016, 0.0018, 0.0013, 0.0028, 0.0255, 0.0153, 0.0141, 0.9299, 0.0074]",0.9299090504646301,2024-06-28-13-30-05/SITE386_ORNT130_VIS9mi.png
5,4,"[0.1047, 0.1155, 0.1489, 0.1198, 0.1462, 0.1566, 0.0613, 0.0977, 0.0283, 0.0211]",0.1565561443567276,2024-09-21-11-24-11/SITE460_ORNT350_VIS5mi.png
9,1,"[0.0493, 0.0692, 0.0852, 0.1406, 0.0946, 0.1076, 0.0907, 0.1666, 0.0295, 0.1666]",0.16664597392082214,2025-02-16-12-49-10/SITE411_ORNT220_VIS2mi.png
1,0,"[0.2212, 0.2332, 0.1237, 0.1848, 0.1007, 0.0568, 0.0352, 0.0378, 0.0036, 0.0031]",0.23320293426513672,2024-07-28-11-17-19/SITE13_ORNT240_VIS1-25mi.png
0,0,"[0.2501, 0.2254, 0.1265, 0.1499, 0.0913, 0.0625, 0.0338, 0.0483, 0.0046, 0.0075]",0.2500816881656647,2025-04-01-16-59-16/SITE59_ORNT10_VIS1-25mi.png
6,6,"[0.0170, 0.0260, 0.0386, 0.0883, 0.1200, 0.1561, 0.2670, 0.2182, 0.0338, 0.0352]",0.2670068144798279,2024-08-02-10-36-13/SITE569_ORNT276_VIS7mi.png
0,7,"[0.2623, 0.2453, 0.1290, 0.1592, 0.0926, 0.0495, 0.0290, 0.0279, 0.0031, 0.0022]",0.2623385190963745,2024-07-30-14-06-06/SITE435_ORNT15_VIS8mi.png
9,9,"[0.0155, 0.0136, 0.0215, 0.0307, 0.0347, 0.0832, 0.1334, 0.1586, 0.0211, 0.4878]",0.4877602458000183,2025-05-13-14-10-59/SITE6_ORNT55_VIS10+mi.png
0,1,"[0.1950, 0.1490, 0.1327, 0.0990, 0.1018, 0.1267, 0.0225, 0.1074, 0.0468, 0.0191]",0.19501347839832306,2025-02-10-14-47-56/SITE471_ORNT90_VIS2-25mi.png
9,7,"[0.0057, 0.0057, 0.0105, 0.0344, 0.0230, 0.0411, 0.1122, 0.3232, 0.0359, 0.4082]",0.4082089066505432,2024-05-13-18-48-49/SITE575_ORNT325_VIS8mi.png
9,9,"[0.0089, 0.0094, 0.0160, 0.0387, 0.0349, 0.0763, 0.1878, 0.2353, 0.0326, 0.3601]",0.3601318299770355,2025-03-29-15-28-57/SITE813_ORNT135_VIS10+mi.png
3,7,"[0.0688, 0.1056, 0.1232, 0.1494, 0.1341, 0.1302, 0.1119, 0.1013, 0.0165, 0.0590]",0.14937904477119446,2025-03-28-10-38-15/SITE205_ORNT230_VIS8mi.png
0,6,"[0.2107, 0.1922, 0.1330, 0.1416, 0.1016, 0.0843, 0.0362, 0.0744, 0.0099, 0.0161]",0.21068988740444183,2025-02-19-12-18-05/SITE276_ORNT225_VIS7mi.png
9,7,"[0.0066, 0.0081, 0.0149, 0.0219, 0.0135, 0.0294, 0.0311, 0.1234, 0.0271, 0.7241]",0.7240635752677917,2025-03-04-14-20-15/SITE78_ORNT189_VIS8mi.png
3,3,"[0.0799, 0.1379, 0.1065, 0.2425, 0.1395, 0.0934, 0.0811, 0.0950, 0.0130, 0.0112]",0.24250076711177826,2024-09-07-13-37-18/SITE595_ORNT180_VIS4mi.png
6,5,"[0.0183, 0.0456, 0.0770, 0.1307, 0.1573, 0.1656, 0.2204, 0.1437, 0.0281, 0.0133]",0.22037909924983978,2024-07-29-17-46-25/SITE623_ORNT180_VIS6mi.png
1,0,"[0.1860, 0.2047, 0.1279, 0.1621, 0.1172, 0.0793, 0.0599, 0.0498, 0.0054, 0.0076]",0.20473328232765198,2024-06-29-10-50-12/SITE747_ORNT315_VIS1-25mi.png
9,1,"[0.0207, 0.0307, 0.0573, 0.0836, 0.0605, 0.0903, 0.0874, 0.1723, 0.0373, 0.3599]",0.3598814606666565,2025-02-15-16-53-20/SITE578_ORNT185_VIS2mi.png
7,7,"[0.0138, 0.0227, 0.0499, 0.1152, 0.0841, 0.1058, 0.1413, 0.2462, 0.0484, 0.1726]",0.24620679020881653,2024-04-25-17-48-06/SITE241_ORNT214_VIS8mi.png
1,2,"[0.2005, 0.2256, 0.1301, 0.1708, 0.1116, 0.0672, 0.0440, 0.0409, 0.0042, 0.0050]",0.22557033598423004,2024-10-13-15-24-41/SITE65_ORNT290_VIS3mi.png
3,7,"[0.0643, 0.1233, 0.1094, 0.2184, 0.1627, 0.1110, 0.1074, 0.0853, 0.0119, 0.0063]",0.2184133380651474,2024-08-02-10-36-13/SITE45_ORNT5_VIS8mi.png
7,7,"[0.0137, 0.0222, 0.0383, 0.0856, 0.0638, 0.0956, 0.1189, 0.3073, 0.0509, 0.2036]",0.3072851598262787,2024-04-30-13-21-52/SITE734_ORNT75_VIS8mi.png
9,9,"[0.0166, 0.0173, 0.0372, 0.0480, 0.0414, 0.0831, 0.1077, 0.1514, 0.0318, 0.4654]",0.4653680920600891,2025-03-15-15-41-34/SITE563_ORNT135_VIS10+mi.png
8,8,"[0.0003, 0.0017, 0.0022, 0.0046, 0.0019, 0.0140, 0.0100, 0.0162, 0.7408, 0.2085]",0.7407606840133667,2024-06-29-10-50-12/SITE330_ORNT215_VIS9mi.png
7,6,"[0.0117, 0.0231, 0.0474, 0.1174, 0.1195, 0.1325, 0.2127, 0.2409, 0.0438, 0.0509]",0.24094250798225403,2024-08-02-13-37-25/SITE116_ORNT3_VIS7mi.png
9,7,"[0.0179, 0.0151, 0.0179, 0.0275, 0.0267, 0.0605, 0.0745, 0.2323, 0.0263, 0.5012]",0.501223623752594,2024-08-02-20-27-22/SITE203_ORNT70_VIS8mi.png
3,5,"[0.0388, 0.0683, 0.0997, 0.1453, 0.1237, 0.1394, 0.1408, 0.1266, 0.0241, 0.0933]",0.14533483982086182,2025-04-01-16-59-16/SITE597_ORNT350_VIS6mi.png
0,4,"[0.2637, 0.2141, 0.1245, 0.0912, 0.1051, 0.0732, 0.0552, 0.0507, 0.0175, 0.0048]",0.2636836767196655,2024-08-29-14-11-27/SITE476_ORNT30_VIS5mi.png
5,1,"[0.0593, 0.0830, 0.1088, 0.0618, 0.1208, 0.2382, 0.0468, 0.1163, 0.1515, 0.0135]",0.23820149898529053,2025-01-15-15-33-17/SITE483_ORNT95_VIS2mi.png
3,6,"[0.0937, 0.1160, 0.1131, 0.1743, 0.1102, 0.1074, 0.0764, 0.1266, 0.0183, 0.0639]",0.1743355691432953,2025-03-15-15-41-34/SITE735_ORNT265_VIS7mi.png
7,3,"[0.0086, 0.0208, 0.0473, 0.1064, 0.1256, 0.1446, 0.2270, 0.2394, 0.0512, 0.0290]",0.23936164379119873,2024-09-20-16-20-08/SITE25_ORNT30_VIS4mi.png
0,4,"[0.2825, 0.2068, 0.1239, 0.1206, 0.0887, 0.0697, 0.0240, 0.0652, 0.0096, 0.0090]",0.28252527117729187,2025-01-17-15-10-02/SITE380_ORNT220_VIS5mi.png
9,6,"[0.0192, 0.0157, 0.0182, 0.0282, 0.0421, 0.0989, 0.1506, 0.2670, 0.0261, 0.3339]",0.33391091227531433,2024-09-02-17-43-28/SITE106_ORNT12_VIS7mi.png
3,3,"[0.1374, 0.1763, 0.1163, 0.2100, 0.1112, 0.0819, 0.0558, 0.0825, 0.0094, 0.0191]",0.21000324189662933,2024-06-06-17-01-51/SITE620_ORNT225_VIS4mi.png
1,3,"[0.1550, 0.2091, 0.1268, 0.2018, 0.1261, 0.0743, 0.0519, 0.0461, 0.0052, 0.0037]",0.20909960567951202,2024-05-08-14-34-39/SITE86_ORNT12_VIS4mi.png
6,2,"[0.0203, 0.0533, 0.0834, 0.1630, 0.1671, 0.1463, 0.1901, 0.1367, 0.0269, 0.0128]",0.1901284158229828,2024-09-07-11-42-21/SITE421_ORNT240_VIS3mi.png
0,2,"[0.3277, 0.2334, 0.1145, 0.1327, 0.0712, 0.0474, 0.0215, 0.0418, 0.0036, 0.0062]",0.32769012451171875,2025-02-10-14-47-56/SITE786_ORNT130_VIS3mi.png
8,8,"[0.0003, 0.0014, 0.0027, 0.0036, 0.0016, 0.0132, 0.0083, 0.0263, 0.7630, 0.1797]",0.763037919998169,2024-06-20-11-19-17/SITE508_ORNT225_VIS9mi.png
0,0,"[0.4033, 0.2388, 0.1156, 0.1113, 0.0578, 0.0302, 0.0162, 0.0214, 0.0026, 0.0029]",0.40334761142730713,2025-01-31-13-49-43/SITE86_ORNT75_VIS1-75mi.png
1,1,"[0.1781, 0.2100, 0.1297, 0.1681, 0.1211, 0.0777, 0.0567, 0.0471, 0.0051, 0.0064]",0.20995469391345978,2024-10-07-14-17-08/SITE58_ORNT90_VIS2mi.png
3,5,"[0.0947, 0.1635, 0.1234, 0.2063, 0.1615, 0.0980, 0.0815, 0.0598, 0.0079, 0.0036]",0.20625384151935577,2024-10-10-15-17-15/SITE160_ORNT237_VIS6mi.png
6,4,"[0.0345, 0.0663, 0.1065, 0.1358, 0.1382, 0.1529, 0.1645, 0.1163, 0.0218, 0.0630]",0.16447466611862183,2025-03-06-15-10-58/SITE104_ORNT150_VIS5mi.png
3,6,"[0.0912, 0.1495, 0.1333, 0.1805, 0.1513, 0.1086, 0.0970, 0.0674, 0.0085, 0.0127]",0.18051029741764069,2025-04-13-19-09-12/SITE117_ORNT43_VIS7mi.png
3,7,"[0.0942, 0.1621, 0.1193, 0.2173, 0.1555, 0.0956, 0.0806, 0.0628, 0.0081, 0.0045]",0.2173192948102951,2024-07-28-13-48-26/SITE417_ORNT220_VIS8mi.png
5,7,"[0.1040, 0.1131, 0.1432, 0.1305, 0.1344, 0.1570, 0.0552, 0.1071, 0.0307, 0.0248]",0.15704412758350372,2024-07-25-10-00-39/SITE477_ORNT50_VIS8mi.png
0,0,"[0.2666, 0.2448, 0.1275, 0.1584, 0.0910, 0.0494, 0.0284, 0.0286, 0.0031, 0.0022]",0.2666422426700592,2024-07-28-13-48-26/SITE13_ORNT185_VIS1-25mi.png
9,8,"[0.0007, 0.0022, 0.0055, 0.0136, 0.0048, 0.0158, 0.0161, 0.0664, 0.2785, 0.5964]",0.5963772535324097,2025-03-31-13-29-12/SITE309_ORNT130_VIS9mi.png
9,7,"[0.0039, 0.0064, 0.0106, 0.0155, 0.0083, 0.0189, 0.0184, 0.0755, 0.0388, 0.8038]",0.8038271069526672,2025-01-28-16-10-28/SITE208_ORNT330_VIS8mi.png
7,5,"[0.0325, 0.0490, 0.0707, 0.1274, 0.0969, 0.1204, 0.1267, 0.1758, 0.0323, 0.1683]",0.1757963001728058,2025-03-04-14-20-15/SITE542_ORNT305_VIS6mi.png
8,2,"[0.0366, 0.0523, 0.0849, 0.0575, 0.1042, 0.1654, 0.0519, 0.1002, 0.2298, 0.1172]",0.22983497381210327,2025-02-01-12-44-07/SITE460_ORNT165_VIS3mi.png
0,1,"[0.2673, 0.2289, 0.1161, 0.1612, 0.0811, 0.0545, 0.0285, 0.0491, 0.0045, 0.0089]",0.2673168182373047,2025-03-23-13-51-54/SITE230_ORNT214_VIS2-5mi.png
3,2,"[0.0757, 0.1436, 0.1154, 0.2235, 0.1561, 0.1021, 0.0938, 0.0727, 0.0098, 0.0072]",0.22351795434951782,2024-09-07-13-37-18/SITE262_ORNT290_VIS3mi.png
1,1,"[0.2090, 0.2356, 0.1303, 0.1762, 0.1097, 0.0610, 0.0379, 0.0340, 0.0036, 0.0026]",0.23555812239646912,2024-07-05-10-36-13/SITE229_ORNT80_VIS2-5mi.png
7,1,"[0.0182, 0.0408, 0.0710, 0.1495, 0.1386, 0.1411, 0.1771, 0.1860, 0.0418, 0.0358]",0.18598203361034393,2024-07-05-14-33-31/SITE217_ORNT100_VIS2mi.png
1,1,"[0.1592, 0.2064, 0.1267, 0.2033, 0.1251, 0.0736, 0.0513, 0.0464, 0.0049, 0.0031]",0.20643728971481323,2024-10-11-15-41-13/SITE40_ORNT295_VIS2-5mi.png
3,9,"[0.0708, 0.1262, 0.1261, 0.1848, 0.1525, 0.1181, 0.1128, 0.0792, 0.0108, 0.0189]",0.184831902384758,2025-02-11-14-30-47/SITE50_ORNT265_VIS10+mi.png
9,7,"[0.0075, 0.0069, 0.0109, 0.0178, 0.0158, 0.0388, 0.0617, 0.1247, 0.0193, 0.6966]",0.6966248750686646,2025-03-23-13-51-54/SITE10_ORNT255_VIS8mi.png
3,1,"[0.1323, 0.1788, 0.1242, 0.2035, 0.1184, 0.0869, 0.0605, 0.0733, 0.0081, 0.0140]",0.20349258184432983,2025-03-31-15-41-11/SITE12_ORNT5_VIS2mi.png
9,9,"[0.0233, 0.0287, 0.0539, 0.0637, 0.0772, 0.1404, 0.1686, 0.1518, 0.0298, 0.2626]",0.2625914216041565,2025-05-16-12-18-46/SITE59_ORNT10_VIS10+mi.png
6,5,"[0.0867, 0.0689, 0.0531, 0.0652, 0.0759, 0.1876, 0.2879, 0.1047, 0.0126, 0.0573]",0.2879396378993988,2024-10-13-12-27-42/SITE747_ORNT0_VIS6mi.png
9,2,"[0.0558, 0.0789, 0.0908, 0.1403, 0.0949, 0.1074, 0.0910, 0.1405, 0.0258, 0.1746]",0.17464469373226166,2025-03-02-13-12-40/SITE48_ORNT20_VIS3mi.png
3,2,"[0.1089, 0.1720, 0.1223, 0.2185, 0.1458, 0.0896, 0.0720, 0.0596, 0.0069, 0.0043]",0.21854917705059052,2024-08-31-14-30-34/SITE253_ORNT65_VIS3mi.png
6,5,"[0.0202, 0.0223, 0.0306, 0.0585, 0.0871, 0.1632, 0.3165, 0.1987, 0.0267, 0.0762]",0.31654495000839233,2024-06-14-14-13-33/SITE239_ORNT202_VIS6mi.png
8,8,"[0.0001, 0.0012, 0.0014, 0.0060, 0.0009, 0.0088, 0.0103, 0.0121, 0.8984, 0.0607]",0.8984339833259583,2024-08-30-17-21-54/SITE522_ORNT270_VIS9mi.png
7,8,"[0.0031, 0.0064, 0.0242, 0.0433, 0.0352, 0.0745, 0.0576, 0.2653, 0.2439, 0.2465]",0.2652566730976105,2024-05-23-15-19-49/SITE471_ORNT255_VIS9mi.png
3,3,"[0.0596, 0.1130, 0.1066, 0.2085, 0.1647, 0.1115, 0.1181, 0.0941, 0.0140, 0.0098]",0.20852424204349518,2024-07-20-11-08-20/SITE722_ORNT255_VIS4mi.png
7,5,"[0.0080, 0.0106, 0.0201, 0.0715, 0.0644, 0.0885, 0.2072, 0.3530, 0.0496, 0.1269]",0.35299938917160034,2024-07-25-18-03-52/SITE557_ORNT191_VIS6mi.png
9,9,"[0.0110, 0.0132, 0.0239, 0.0486, 0.0539, 0.1120, 0.2239, 0.2377, 0.0376, 0.2384]",0.23842337727546692,2025-04-11-14-52-32/SITE693_ORNT315_VIS10+mi.png
9,4,"[0.0064, 0.0107, 0.0280, 0.0598, 0.0306, 0.0461, 0.0572, 0.1726, 0.0500, 0.5385]",0.5385144352912903,2024-05-23-15-19-49/SITE43_ORNT115_VIS5mi.png
6,0,"[0.0124, 0.0141, 0.0197, 0.0456, 0.0567, 0.1269, 0.3221, 0.2388, 0.0321, 0.1316]",0.3221057951450348,2024-07-01-19-28-49/SITE239_ORNT110_VIS1-5mi.png
7,7,"[0.0603, 0.0792, 0.0992, 0.1357, 0.0961, 0.1152, 0.0771, 0.1559, 0.0299, 0.1514]",0.15587103366851807,2025-01-15-15-33-17/SITE602_ORNT270_VIS8mi.png
7,1,"[0.0104, 0.0280, 0.0559, 0.1407, 0.1447, 0.1375, 0.1983, 0.2174, 0.0487, 0.0184]",0.21735452115535736,2024-06-09-10-51-06/SITE581_ORNT70_VIS2-5mi.png
0,9,"[0.2013, 0.1947, 0.1177, 0.1488, 0.0861, 0.0755, 0.0346, 0.0862, 0.0111, 0.0441]",0.2012762874364853,2025-03-05-12-08-53/SITE119_ORNT96_VIS10+mi.png
0,0,"[0.1802, 0.1781, 0.1207, 0.1541, 0.0964, 0.0839, 0.0423, 0.0949, 0.0119, 0.0373]",0.18024121224880219,2025-02-16-12-49-10/SITE593_ORNT10_VIS1-5mi.png
5,0,"[0.1302, 0.1460, 0.1317, 0.0673, 0.1231, 0.1876, 0.0333, 0.0952, 0.0787, 0.0069]",0.18758733570575714,2025-01-29-12-01-12/SITE389_ORNT120_VIS1mi.png
0,1,"[0.2817, 0.2224, 0.1145, 0.1435, 0.0746, 0.0569, 0.0252, 0.0588, 0.0057, 0.0167]",0.2816968560218811,2025-02-04-15-47-48/SITE219_ORNT160_VIS2-5mi.png
9,4,"[0.0114, 0.0167, 0.0512, 0.0682, 0.0530, 0.0857, 0.0554, 0.1797, 0.1048, 0.3739]",0.3739430904388428,2024-08-15-16-44-48/SITE522_ORNT0_VIS5mi.png
6,6,"[0.0211, 0.0214, 0.0208, 0.0386, 0.0674, 0.1855, 0.3986, 0.1593, 0.0206, 0.0669]",0.39856162667274475,2024-07-30-16-52-29/SITE22_ORNT0_VIS7mi.png
0,2,"[0.3586, 0.2139, 0.1322, 0.0855, 0.0878, 0.0585, 0.0138, 0.0375, 0.0083, 0.0039]",0.35863032937049866,2025-02-17-14-46-26/SITE343_ORNT360_VIS3mi.png
7,3,"[0.0086, 0.0115, 0.0264, 0.0699, 0.0557, 0.0836, 0.1765, 0.2813, 0.0441, 0.2424]",0.2813204526901245,2024-06-22-15-38-49/SITE117_ORNT165_VIS4mi.png
8,4,"[0.0012, 0.0057, 0.0083, 0.0039, 0.0150, 0.0917, 0.0279, 0.0437, 0.7956, 0.0069]",0.795647144317627,2025-02-10-14-47-56/SITE388_ORNT325_VIS5mi.png
8,8,"[0.0029, 0.0122, 0.0165, 0.0101, 0.0392, 0.1624, 0.0555, 0.0813, 0.6142, 0.0057]",0.6141574382781982,2024-06-15-14-23-40/SITE407_ORNT215_VIS9mi.png
1,4,"[0.1440, 0.1974, 0.1333, 0.1925, 0.1319, 0.0801, 0.0604, 0.0494, 0.0055, 0.0054]",0.19736114144325256,2025-04-10-17-56-44/SITE831_ORNT125_VIS5mi.png
3,0,"[0.0859, 0.1241, 0.1007, 0.1512, 0.1478, 0.1317, 0.1475, 0.0845, 0.0103, 0.0164]",0.15117305517196655,2024-09-20-16-20-08/SITE76_ORNT205_VIS1-5mi.png
6,3,"[0.0397, 0.0500, 0.0785, 0.0807, 0.1058, 0.1789, 0.2211, 0.1229, 0.0212, 0.1011]",0.2211102545261383,2025-03-26-12-24-08/SITE169_ORNT228_VIS4mi.png
0,1,"[0.2297, 0.2256, 0.1391, 0.1480, 0.1050, 0.0646, 0.0412, 0.0376, 0.0039, 0.0052]",0.22972837090492249,2025-01-28-16-10-28/SITE229_ORNT202_VIS2mi.png
3,1,"[0.1285, 0.1402, 0.1240, 0.1430, 0.1057, 0.1069, 0.0534, 0.1204, 0.0195, 0.0584]",0.14304067194461823,2025-01-31-13-49-43/SITE18_ORNT290_VIS2-5mi.png
0,0,"[0.2873, 0.2388, 0.1218, 0.1526, 0.0868, 0.0464, 0.0287, 0.0314, 0.0032, 0.0029]",0.287285715341568,2024-08-15-16-44-48/SITE43_ORNT270_VIS1-25mi.png
1,2,"[0.1679, 0.1996, 0.1443, 0.1593, 0.1244, 0.0842, 0.0599, 0.0477, 0.0052, 0.0075]",0.19961611926555634,2024-06-06-10-38-22/SITE65_ORNT234_VIS3mi.png
6,0,"[0.0855, 0.0932, 0.0766, 0.1021, 0.1183, 0.1635, 0.2099, 0.0997, 0.0117, 0.0395]",0.20987778902053833,2025-04-01-16-59-16/SITE896_ORNT280_VIS1-75mi.png
6,6,"[0.0269, 0.0337, 0.0490, 0.0620, 0.0715, 0.1855, 0.3427, 0.1451, 0.0203, 0.0634]",0.34266138076782227,2024-07-24-16-43-44/SITE234_ORNT350_VIS7mi.png
3,6,"[0.0756, 0.1289, 0.1091, 0.2114, 0.1489, 0.1045, 0.0989, 0.0938, 0.0142, 0.0148]",0.21140998601913452,2024-07-23-13-08-12/SITE584_ORNT225_VIS7mi.png
8,8,"[0.0116, 0.0323, 0.0335, 0.0135, 0.0523, 0.1795, 0.0408, 0.0696, 0.5538, 0.0132]",0.5537678599357605,2025-02-10-14-47-56/SITE454_ORNT90_VIS9mi.png
1,3,"[0.2098, 0.2099, 0.1352, 0.1505, 0.1096, 0.0745, 0.0615, 0.0397, 0.0057, 0.0036]",0.20985296368598938,2024-08-29-14-11-27/SITE17_ORNT340_VIS4mi.png
0,0,"[0.2708, 0.1868, 0.1349, 0.1088, 0.0937, 0.0908, 0.0225, 0.0688, 0.0155, 0.0075]",0.2708157002925873,2025-03-15-15-41-34/SITE352_ORNT175_VIS1mi.png
5,8,"[0.0417, 0.0575, 0.1168, 0.0812, 0.1321, 0.2207, 0.0695, 0.1310, 0.1154, 0.0341]",0.22068727016448975,2024-04-30-13-21-52/SITE454_ORNT90_VIS9mi.png
5,6,"[0.1180, 0.1421, 0.1628, 0.0971, 0.1415, 0.1907, 0.0525, 0.0632, 0.0294, 0.0027]",0.19072866439819336,2024-08-19-19-34-52/SITE388_ORNT325_VIS7mi.png
0,1,"[0.2473, 0.2333, 0.1354, 0.1491, 0.0975, 0.0583, 0.0353, 0.0353, 0.0036, 0.0050]",0.24727626144886017,2025-02-16-12-49-10/SITE442_ORNT210_VIS2-5mi.png
8,8,"[0.0095, 0.0185, 0.0461, 0.0368, 0.0694, 0.1984, 0.0630, 0.1623, 0.3624, 0.0336]",0.36243709921836853,2024-05-23-15-19-49/SITE506_ORNT90_VIS9mi.png
9,9,"[0.0181, 0.0193, 0.0319, 0.0550, 0.0577, 0.1032, 0.1539, 0.2505, 0.0345, 0.2759]",0.27590659260749817,2024-10-18-12-30-03/SITE540_ORNT256_VIS10+mi.png
8,9,"[0.0235, 0.0299, 0.0599, 0.0493, 0.0646, 0.1391, 0.0421, 0.1435, 0.2461, 0.2020]",0.2460632175207138,2024-10-10-15-17-15/SITE648_ORNT65_VIS10+mi.png
8,8,"[0.0221, 0.0475, 0.0573, 0.0254, 0.0805, 0.2125, 0.0451, 0.1001, 0.3911, 0.0184]",0.39108648896217346,2025-03-31-15-41-11/SITE343_ORNT90_VIS9mi.png
7,6,"[0.0227, 0.0308, 0.0430, 0.0927, 0.1073, 0.1315, 0.1876, 0.2720, 0.0337, 0.0786]",0.27204713225364685,2024-07-22-11-13-59/SITE692_ORNT205_VIS7mi.png
7,3,"[0.0512, 0.0708, 0.0762, 0.1093, 0.0821, 0.1091, 0.0884, 0.1962, 0.0288, 0.1880]",0.19622796773910522,2024-05-08-14-34-39/SITE43_ORNT270_VIS4mi.png
0,2,"[0.1981, 0.1926, 0.1420, 0.1278, 0.1113, 0.0900, 0.0349, 0.0670, 0.0122, 0.0239]",0.19807465374469757,2025-02-27-11-22-46/SITE161_ORNT192_VIS3mi.png
0,1,"[0.1734, 0.1402, 0.1460, 0.0989, 0.1131, 0.1485, 0.0296, 0.0962, 0.0406, 0.0136]",0.17342954874038696,2025-03-31-13-29-12/SITE383_ORNT215_VIS2-25mi.png
3,0,"[0.1006, 0.1371, 0.1266, 0.1677, 0.1217, 0.1100, 0.0789, 0.0976, 0.0140, 0.0457]",0.1677432358264923,2025-03-06-15-10-58/SITE45_ORNT290_VIS1mi.png
6,4,"[0.0204, 0.0260, 0.0367, 0.0623, 0.0959, 0.1746, 0.3442, 0.1722, 0.0235, 0.0443]",0.34421372413635254,2024-07-24-16-43-44/SITE575_ORNT85_VIS5mi.png
3,7,"[0.0981, 0.1531, 0.1211, 0.2076, 0.1433, 0.0965, 0.0857, 0.0751, 0.0091, 0.0104]",0.20763252675533295,2024-05-09-16-15-37/SITE132_ORNT30_VIS8mi.png
7,5,"[0.0128, 0.0237, 0.0501, 0.1116, 0.1061, 0.1314, 0.1916, 0.2405, 0.0498, 0.0825]",0.24051518738269806,2024-07-29-16-41-43/SITE593_ORNT255_VIS6mi.png
5,2,"[0.0307, 0.0478, 0.1243, 0.1101, 0.1078, 0.1913, 0.1030, 0.1416, 0.0859, 0.0575]",0.19128914177417755,2024-08-19-10-27-18/SITE334_ORNT95_VIS3mi.png
7,7,"[0.0622, 0.0843, 0.1031, 0.1311, 0.0980, 0.1234, 0.0750, 0.1543, 0.0343, 0.1343]",0.15429045259952545,2025-02-15-15-20-00/SITE168_ORNT205_VIS8mi.png
9,6,"[0.0174, 0.0173, 0.0272, 0.0372, 0.0529, 0.1450, 0.2560, 0.1636, 0.0253, 0.2580]",0.25797513127326965,2025-02-04-15-47-48/SITE760_ORNT140_VIS7mi.png
1,0,"[0.2280, 0.2385, 0.1258, 0.1795, 0.0991, 0.0554, 0.0331, 0.0345, 0.0033, 0.0027]",0.23854942619800568,2024-07-05-10-36-13/SITE41_ORNT25_VIS1-5mi.png
9,4,"[0.0305, 0.0490, 0.0793, 0.1167, 0.0934, 0.1222, 0.1167, 0.1568, 0.0333, 0.2021]",0.2020811140537262,2025-04-02-15-05-32/SITE178_ORNT40_VIS5mi.png
6,2,"[0.0304, 0.0601, 0.0981, 0.1453, 0.1343, 0.1526, 0.1625, 0.1397, 0.0282, 0.0487]",0.16252191364765167,2025-02-10-14-47-56/SITE53_ORNT115_VIS3mi.png
0,6,"[0.2117, 0.2017, 0.1293, 0.1558, 0.0956, 0.0756, 0.0398, 0.0669, 0.0071, 0.0164]",0.21171820163726807,2025-04-11-14-52-32/SITE156_ORNT78_VIS7mi.png
9,5,"[0.0128, 0.0188, 0.0349, 0.0462, 0.0310, 0.0554, 0.0425, 0.1538, 0.0429, 0.5616]",0.5616090893745422,2025-03-06-15-10-58/SITE215_ORNT330_VIS6mi.png
6,6,"[0.0177, 0.0199, 0.0216, 0.0417, 0.0720, 0.1812, 0.3842, 0.1761, 0.0243, 0.0613]",0.3841879665851593,2024-10-20-11-35-46/SITE574_ORNT170_VIS7mi.png
0,0,"[0.2173, 0.2038, 0.1199, 0.1715, 0.0945, 0.0656, 0.0380, 0.0675, 0.0062, 0.0158]",0.21733514964580536,2025-03-04-14-20-15/SITE165_ORNT100_VIS1-25mi.png
7,6,"[0.0134, 0.0233, 0.0416, 0.1005, 0.1131, 0.1417, 0.2337, 0.2345, 0.0394, 0.0587]",0.23453548550605774,2024-07-29-16-41-43/SITE116_ORNT3_VIS7mi.png
9,8,"[0.0020, 0.0045, 0.0149, 0.0281, 0.0145, 0.0329, 0.0243, 0.1041, 0.3591, 0.4157]",0.4156583547592163,2024-07-07-11-04-33/SITE471_ORNT90_VIS9mi.png
5,5,"[0.1344, 0.1174, 0.1412, 0.0877, 0.1241, 0.1693, 0.0361, 0.1117, 0.0607, 0.0176]",0.16932836174964905,2024-12-29-16-00-12/SITE520_ORNT270_VIS6mi.png
1,4,"[0.1963, 0.2256, 0.1262, 0.1834, 0.1139, 0.0640, 0.0430, 0.0399, 0.0042, 0.0035]",0.22561632096767426,2024-07-02-16-22-41/SITE169_ORNT228_VIS5mi.png
5,7,"[0.1066, 0.1138, 0.1391, 0.1272, 0.1303, 0.1483, 0.0531, 0.1127, 0.0338, 0.0353]",0.14828680455684662,2025-02-02-12-13-03/SITE534_ORNT315_VIS8mi.png
8,8,"[0.0351, 0.0678, 0.0622, 0.0275, 0.0801, 0.2175, 0.0395, 0.0979, 0.3594, 0.0130]",0.3593815565109253,2025-03-01-18-07-41/SITE343_ORNT180_VIS9mi.png
3,6,"[0.1024, 0.1655, 0.1230, 0.2156, 0.1483, 0.0953, 0.0763, 0.0618, 0.0075, 0.0044]",0.2156142294406891,2024-07-14-13-28-24/SITE48_ORNT275_VIS7mi.png
0,1,"[0.3337, 0.2387, 0.1299, 0.1255, 0.0755, 0.0403, 0.0242, 0.0258, 0.0032, 0.0033]",0.3337215185165405,2025-02-17-14-46-26/SITE84_ORNT43_VIS2mi.png
6,4,"[0.0128, 0.0321, 0.0651, 0.1320, 0.1386, 0.1463, 0.2004, 0.1943, 0.0441, 0.0345]",0.2004113495349884,2024-06-06-17-01-51/SITE12_ORNT200_VIS5mi.png
3,3,"[0.0306, 0.0608, 0.0853, 0.1866, 0.1400, 0.1254, 0.1474, 0.1570, 0.0298, 0.0372]",0.186610147356987,2024-04-30-13-21-52/SITE41_ORNT235_VIS4mi.png
3,1,"[0.1180, 0.1320, 0.1253, 0.1471, 0.1159, 0.1140, 0.0595, 0.1239, 0.0194, 0.0449]",0.147090345621109,2024-05-30-17-47-26/SITE94_ORNT10_VIS2-5mi.png
8,3,"[0.0257, 0.0416, 0.0726, 0.0469, 0.0972, 0.2384, 0.0571, 0.1460, 0.2565, 0.0181]",0.25646719336509705,2025-03-02-11-48-27/SITE377_ORNT235_VIS4mi.png
9,9,"[0.0681, 0.0480, 0.0447, 0.0459, 0.0649, 0.1698, 0.2019, 0.1067, 0.0148, 0.2351]",0.23512426018714905,2025-04-02-15-05-32/SITE73_ORNT20_VIS10+mi.png
9,6,"[0.0142, 0.0181, 0.0292, 0.0415, 0.0338, 0.0689, 0.0696, 0.1727, 0.0301, 0.5219]",0.5219120383262634,2024-06-03-13-44-33/SITE58_ORNT175_VIS7mi.png
1,2,"[0.1581, 0.2059, 0.1292, 0.1935, 0.1265, 0.0748, 0.0544, 0.0478, 0.0051, 0.0046]",0.205894336104393,2024-06-17-19-22-23/SITE84_ORNT336_VIS3mi.png
5,2,"[0.0362, 0.0534, 0.0989, 0.0729, 0.1294, 0.2230, 0.0646, 0.1412, 0.1517, 0.0289]",0.22295455634593964,2024-07-24-16-43-44/SITE528_ORNT35_VIS3mi.png
3,7,"[0.1005, 0.1691, 0.1249, 0.2094, 0.1495, 0.0944, 0.0803, 0.0592, 0.0072, 0.0053]",0.20940415561199188,2024-06-10-14-33-22/SITE40_ORNT180_VIS8mi.png
6,8,"[0.0303, 0.0571, 0.0883, 0.1254, 0.1372, 0.1614, 0.2042, 0.1263, 0.0208, 0.0490]",0.2041696459054947,2025-03-02-13-12-40/SITE53_ORNT223_VIS9mi.png
8,9,"[0.0004, 0.0027, 0.0060, 0.0228, 0.0026, 0.0153, 0.0157, 0.0353, 0.5944, 0.3047]",0.5944423675537109,2024-07-05-14-33-31/SITE406_ORNT190_VIS14mi.png
1,1,"[0.2021, 0.2293, 0.1266, 0.1904, 0.1059, 0.0602, 0.0382, 0.0398, 0.0039, 0.0037]",0.2292824685573578,2025-01-15-15-33-17/SITE129_ORNT356_VIS2mi.png
0,0,"[0.3382, 0.2327, 0.1091, 0.1344, 0.0656, 0.0433, 0.0192, 0.0439, 0.0038, 0.0097]",0.3382206857204437,2025-01-31-13-49-43/SITE818_ORNT40_VIS1-75mi.png
9,9,"[0.0115, 0.0140, 0.0268, 0.0414, 0.0341, 0.0676, 0.0862, 0.1818, 0.0347, 0.5019]",0.5018796324729919,2025-03-04-14-20-15/SITE447_ORNT295_VIS10+mi.png
3,4,"[0.0601, 0.1263, 0.1173, 0.1987, 0.1804, 0.1167, 0.1128, 0.0729, 0.0108, 0.0041]",0.19870136678218842,2024-06-27-10-23-10/SITE41_ORNT335_VIS5mi.png
9,6,"[0.0061, 0.0075, 0.0155, 0.0383, 0.0268, 0.0551, 0.1219, 0.2226, 0.0376, 0.4686]",0.46859490871429443,2024-05-30-17-47-26/SITE22_ORNT190_VIS7mi.png
1,4,"[0.1783, 0.2143, 0.1375, 0.1709, 0.1235, 0.0758, 0.0522, 0.0395, 0.0046, 0.0033]",0.2142859697341919,2024-09-07-11-42-21/SITE262_ORNT240_VIS5mi.png
6,5,"[0.0317, 0.0523, 0.0983, 0.1106, 0.1223, 0.1571, 0.1689, 0.1306, 0.0277, 0.1004]",0.1688745617866516,2024-11-19-11-24-38/SITE542_ORNT80_VIS6mi.png
1,1,"[0.1914, 0.2068, 0.1236, 0.1835, 0.0998, 0.0709, 0.0426, 0.0602, 0.0063, 0.0149]",0.2068396508693695,2025-04-11-14-52-32/SITE12_ORNT60_VIS2-5mi.png
8,8,"[0.0029, 0.0061, 0.0242, 0.0358, 0.0347, 0.0805, 0.0465, 0.2082, 0.3928, 0.1684]",0.3928493559360504,2025-03-26-12-24-08/SITE365_ORNT100_VIS9mi.png
6,5,"[0.0229, 0.0259, 0.0260, 0.0475, 0.0829, 0.1879, 0.3944, 0.1527, 0.0189, 0.0408]",0.39438560605049133,2024-09-27-16-12-40/SITE22_ORNT0_VIS6mi.png
7,4,"[0.0248, 0.0347, 0.1182, 0.0996, 0.0710, 0.1372, 0.0659, 0.1547, 0.1478, 0.1463]",0.15469154715538025,2024-08-26-16-02-03/SITE405_ORNT250_VIS5mi.png
1,4,"[0.1983, 0.2099, 0.1288, 0.1711, 0.1027, 0.0713, 0.0435, 0.0566, 0.0056, 0.0124]",0.2098643034696579,2025-03-17-19-09-03/SITE10_ORNT255_VIS5mi.png
7,6,"[0.0220, 0.0466, 0.0671, 0.1758, 0.1438, 0.1284, 0.1665, 0.1837, 0.0345, 0.0317]",0.1836673766374588,2024-09-07-11-42-21/SITE595_ORNT270_VIS7mi.png
7,5,"[0.0109, 0.0255, 0.0504, 0.1349, 0.1286, 0.1316, 0.1977, 0.2381, 0.0495, 0.0328]",0.2380659431219101,2024-07-05-10-36-13/SITE7_ORNT55_VIS6mi.png
3,6,"[0.0506, 0.1097, 0.1064, 0.2154, 0.1698, 0.1179, 0.1193, 0.0889, 0.0135, 0.0085]",0.21542656421661377,2024-07-28-13-48-26/SITE25_ORNT150_VIS7mi.png
0,2,"[0.2662, 0.1839, 0.1481, 0.0926, 0.1005, 0.0998, 0.0188, 0.0628, 0.0203, 0.0070]",0.26622340083122253,2025-02-01-17-30-02/SITE339_ORNT90_VIS3mi.png
3,4,"[0.0723, 0.1010, 0.1207, 0.1378, 0.1225, 0.1246, 0.0874, 0.1107, 0.0225, 0.1005]",0.13779239356517792,2024-06-06-10-38-22/SITE117_ORNT320_VIS5mi.png
5,4,"[0.0523, 0.0877, 0.1187, 0.1451, 0.1416, 0.1513, 0.1383, 0.1106, 0.0191, 0.0354]",0.15131711959838867,2025-01-29-12-01-12/SITE253_ORNT65_VIS5mi.png
8,8,"[0.0003, 0.0016, 0.0027, 0.0040, 0.0055, 0.0336, 0.0223, 0.0490, 0.8534, 0.0275]",0.8534231781959534,2024-06-03-13-44-33/SITE477_ORNT340_VIS9mi.png
0,3,"[0.2737, 0.2437, 0.1238, 0.1575, 0.0891, 0.0479, 0.0281, 0.0303, 0.0031, 0.0027]",0.2737046480178833,2024-07-05-14-33-31/SITE129_ORNT266_VIS4mi.png
7,9,"[0.0122, 0.0128, 0.0199, 0.0504, 0.0608, 0.1097, 0.2502, 0.2791, 0.0340, 0.1709]",0.2790822982788086,2024-10-13-12-27-42/SITE573_ORNT260_VIS10+mi.png
8,9,"[0.0004, 0.0015, 0.0051, 0.0125, 0.0044, 0.0157, 0.0150, 0.0789, 0.5167, 0.3496]",0.516697108745575,2024-05-31-15-13-16/SITE327_ORNT45_VIS15mi.png
8,8,"[0.0001, 0.0016, 0.0013, 0.0033, 0.0016, 0.0151, 0.0138, 0.0118, 0.9164, 0.0350]",0.9164208173751831,2024-10-13-12-27-42/SITE510_ORNT0_VIS9mi.png
7,0,"[0.0134, 0.0300, 0.0558, 0.1326, 0.1367, 0.1399, 0.2065, 0.2138, 0.0413, 0.0300]",0.21375179290771484,2024-07-14-16-38-50/SITE81_ORNT326_VIS1mi.png
1,2,"[0.1492, 0.1822, 0.1456, 0.1477, 0.1274, 0.0960, 0.0592, 0.0658, 0.0093, 0.0176]",0.18223664164543152,2024-05-23-15-19-49/SITE422_ORNT85_VIS3mi.png
4,0,"[0.0358, 0.0814, 0.1043, 0.1639, 0.1740, 0.1459, 0.1737, 0.0972, 0.0164, 0.0074]",0.17397212982177734,2024-10-05-11-04-16/SITE161_ORNT141_VIS1-5mi.png
3,4,"[0.0304, 0.0722, 0.0917, 0.1865, 0.1656, 0.1356, 0.1608, 0.1204, 0.0221, 0.0146]",0.1864524930715561,2024-06-20-14-40-34/SITE253_ORNT280_VIS5mi.png
9,4,"[0.0289, 0.0486, 0.0869, 0.1159, 0.1040, 0.1314, 0.1124, 0.1548, 0.0385, 0.1786]",0.1786315143108368,2025-02-17-14-46-26/SITE607_ORNT180_VIS5mi.png
7,6,"[0.0098, 0.0191, 0.0387, 0.0948, 0.1108, 0.1407, 0.2396, 0.2529, 0.0489, 0.0449]",0.25285226106643677,2024-07-14-16-38-50/SITE30_ORNT345_VIS7mi.png
0,4,"[0.2796, 0.2251, 0.1147, 0.1597, 0.0771, 0.0525, 0.0262, 0.0508, 0.0044, 0.0098]",0.27964285016059875,2025-02-04-15-47-48/SITE807_ORNT295_VIS5mi.png
6,2,"[0.0198, 0.0515, 0.0774, 0.1615, 0.1744, 0.1437, 0.1887, 0.1443, 0.0290, 0.0098]",0.18872137367725372,2024-08-15-16-44-48/SITE21_ORNT10_VIS3mi.png
8,8,"[0.0136, 0.0195, 0.0458, 0.0414, 0.0589, 0.1547, 0.0461, 0.1786, 0.3212, 0.1202]",0.32116907835006714,2024-07-14-16-38-50/SITE481_ORNT310_VIS9mi.png
9,9,"[0.0055, 0.0076, 0.0214, 0.0498, 0.0299, 0.0497, 0.0971, 0.2163, 0.0414, 0.4812]",0.4812218248844147,2025-03-31-13-29-12/SITE578_ORNT230_VIS10+mi.png
5,5,"[0.0455, 0.0841, 0.0978, 0.0494, 0.1218, 0.2751, 0.0528, 0.1016, 0.1670, 0.0051]",0.27506157755851746,2025-02-02-12-13-03/SITE325_ORNT60_VIS6mi.png
7,5,"[0.0145, 0.0226, 0.0376, 0.1022, 0.1108, 0.1334, 0.2264, 0.2557, 0.0381, 0.0589]",0.25570032000541687,2024-06-29-15-18-41/SITE19_ORNT325_VIS6mi.png
3,9,"[0.0943, 0.1230, 0.1144, 0.1403, 0.1313, 0.1286, 0.1218, 0.0870, 0.0111, 0.0483]",0.14031554758548737,2025-01-28-16-10-28/SITE639_ORNT270_VIS10+mi.png
8,8,"[0.0259, 0.0382, 0.0630, 0.0561, 0.0800, 0.2040, 0.0538, 0.1828, 0.2573, 0.0389]",0.25732770562171936,2024-05-28-11-05-32/SITE480_ORNT140_VIS9mi.png
3,5,"[0.0965, 0.1340, 0.1294, 0.1661, 0.1259, 0.1165, 0.0843, 0.0925, 0.0142, 0.0404]",0.16614459455013275,2025-04-13-19-09-12/SITE156_ORNT247_VIS6mi.png
8,9,"[0.0052, 0.0113, 0.0206, 0.0253, 0.0269, 0.1060, 0.0463, 0.1666, 0.4580, 0.1337]",0.45804837346076965,2025-04-11-14-52-32/SITE467_ORNT55_VIS15mi.png
3,3,"[0.0949, 0.1590, 0.1188, 0.2217, 0.1498, 0.0957, 0.0802, 0.0666, 0.0083, 0.0050]",0.22174519300460815,2024-08-15-16-44-48/SITE439_ORNT350_VIS4mi.png
9,8,"[0.0052, 0.0086, 0.0277, 0.0483, 0.0272, 0.0491, 0.0615, 0.1791, 0.0758, 0.5176]",0.5175898671150208,2024-09-18-18-13-42/SITE328_ORNT0_VIS9mi.png
3,5,"[0.0596, 0.1113, 0.1093, 0.2006, 0.1503, 0.1178, 0.1169, 0.0998, 0.0159, 0.0187]",0.20056675374507904,2024-08-31-14-30-34/SITE10_ORNT255_VIS6mi.png
8,9,"[0.0001, 0.0011, 0.0020, 0.0026, 0.0031, 0.0212, 0.0145, 0.0278, 0.9068, 0.0207]",0.9068475365638733,2024-08-01-13-32-05/SITE512_ORNT90_VIS15mi.png
6,8,"[0.0105, 0.0170, 0.0305, 0.0744, 0.0984, 0.1408, 0.2722, 0.2620, 0.0436, 0.0507]",0.27217188477516174,2024-09-22-16-46-10/SITE203_ORNT220_VIS9mi.png
1,1,"[0.1796, 0.1863, 0.1186, 0.1781, 0.0963, 0.0759, 0.0436, 0.0801, 0.0091, 0.0324]",0.18627934157848358,2025-02-04-15-47-48/SITE219_ORNT264_VIS2-5mi.png
4,6,"[0.0516, 0.1080, 0.1086, 0.1727, 0.1747, 0.1348, 0.1477, 0.0831, 0.0127, 0.0062]",0.17466653883457184,2024-10-06-12-31-10/SITE73_ORNT110_VIS7mi.png
0,7,"[0.2600, 0.2347, 0.1300, 0.1468, 0.0885, 0.0570, 0.0301, 0.0412, 0.0041, 0.0077]",0.25998660922050476,2024-05-23-15-19-49/SITE15_ORNT170_VIS8mi.png
0,0,"[0.3455, 0.2265, 0.1107, 0.1289, 0.0656, 0.0466, 0.0191, 0.0461, 0.0040, 0.0069]",0.34554973244667053,2025-04-02-15-05-32/SITE167_ORNT105_VIS1-5mi.png
3,4,"[0.1313, 0.1987, 0.1285, 0.2074, 0.1400, 0.0809, 0.0581, 0.0464, 0.0055, 0.0032]",0.20739518105983734,2024-08-18-13-20-24/SITE435_ORNT235_VIS5mi.png
8,8,"[0.0004, 0.0015, 0.0040, 0.0080, 0.0031, 0.0148, 0.0114, 0.0471, 0.6043, 0.3054]",0.6043290495872498,2024-06-14-14-13-33/SITE508_ORNT225_VIS9mi.png
5,0,"[0.0583, 0.0906, 0.1169, 0.1373, 0.1264, 0.1377, 0.1001, 0.1168, 0.0267, 0.0892]",0.13771532475948334,2024-06-01-11-15-19/SITE205_ORNT230_VIS1-75mi.png
0,1,"[0.3126, 0.2470, 0.1199, 0.1466, 0.0781, 0.0411, 0.0230, 0.0265, 0.0029, 0.0023]",0.31259968876838684,2024-07-04-10-22-12/SITE437_ORNT260_VIS2mi.png
6,4,"[0.0177, 0.0222, 0.0320, 0.0621, 0.0962, 0.1668, 0.3196, 0.2020, 0.0285, 0.0529]",0.3195544183254242,2024-07-28-13-48-26/SITE616_ORNT90_VIS5mi.png
6,2,"[0.0155, 0.0417, 0.0646, 0.1601, 0.1682, 0.1407, 0.1901, 0.1741, 0.0349, 0.0101]",0.19010092318058014,2024-06-09-10-51-06/SITE442_ORNT210_VIS3mi.png
8,6,"[0.0021, 0.0092, 0.0119, 0.0053, 0.0219, 0.1141, 0.0338, 0.0468, 0.7464, 0.0085]",0.7464110851287842,2025-02-05-13-59-56/SITE490_ORNT280_VIS7mi.png
7,7,"[0.0077, 0.0119, 0.0250, 0.0824, 0.0620, 0.0810, 0.1619, 0.3386, 0.0512, 0.1781]",0.33864644169807434,2024-08-01-10-54-34/SITE25_ORNT225_VIS8mi.png
9,9,"[0.0022, 0.0044, 0.0177, 0.0528, 0.0212, 0.0302, 0.0534, 0.2350, 0.0699, 0.5132]",0.5132437348365784,2024-12-20-15-16-09/SITE802_ORNT315_VIS10+mi.png
9,9,"[0.0095, 0.0108, 0.0224, 0.0419, 0.0374, 0.0767, 0.1455, 0.1902, 0.0311, 0.4346]",0.4346052408218384,2025-04-13-19-09-12/SITE111_ORNT61_VIS10+mi.png
9,9,"[0.0231, 0.0359, 0.0664, 0.1072, 0.0835, 0.1101, 0.1089, 0.1694, 0.0406, 0.2550]",0.25503554940223694,2025-02-12-14-37-35/SITE597_ORNT170_VIS10+mi.png
5,4,"[0.1033, 0.1165, 0.1059, 0.0600, 0.1028, 0.2110, 0.0311, 0.1268, 0.1342, 0.0083]",0.210969939827919,2025-01-15-15-33-17/SITE474_ORNT90_VIS5mi.png
3,3,"[0.1039, 0.1199, 0.1111, 0.1653, 0.1002, 0.1053, 0.0671, 0.1320, 0.0188, 0.0764]",0.16531811654567719,2024-06-03-13-44-33/SITE33_ORNT215_VIS4mi.png
1,0,"[0.1678, 0.1947, 0.1296, 0.1746, 0.1159, 0.0792, 0.0584, 0.0609, 0.0066, 0.0122]",0.19470800459384918,2025-03-04-14-20-15/SITE134_ORNT165_VIS1mi.png
3,2,"[0.0901, 0.1545, 0.1118, 0.2383, 0.1394, 0.0910, 0.0759, 0.0802, 0.0103, 0.0083]",0.238257497549057,2024-09-29-15-43-38/SITE272_ORNT325_VIS3mi.png
3,3,"[0.1296, 0.1502, 0.1207, 0.1780, 0.1072, 0.0979, 0.0617, 0.1056, 0.0133, 0.0359]",0.17800286412239075,2025-02-15-15-20-00/SITE194_ORNT237_VIS4mi.png
0,0,"[0.3356, 0.2384, 0.1176, 0.1365, 0.0731, 0.0406, 0.0228, 0.0295, 0.0030, 0.0030]",0.3355954885482788,2024-05-07-15-42-07/SITE132_ORNT30_VIS1-75mi.png
1,0,"[0.1316, 0.1852, 0.1352, 0.1813, 0.1416, 0.0910, 0.0734, 0.0507, 0.0062, 0.0039]",0.1851889193058014,2024-05-28-11-05-32/SITE17_ORNT340_VIS1mi.png
9,9,"[0.0286, 0.0229, 0.0285, 0.0363, 0.0495, 0.1360, 0.2064, 0.1340, 0.0188, 0.3391]",0.33911433815956116,2025-02-11-14-30-47/SITE583_ORNT40_VIS10+mi.png
0,0,"[0.3499, 0.2374, 0.1166, 0.1371, 0.0700, 0.0364, 0.0212, 0.0259, 0.0029, 0.0026]",0.349913626909256,2024-07-05-10-36-13/SITE217_ORNT250_VIS1-5mi.png
1,0,"[0.2283, 0.2348, 0.1272, 0.1686, 0.1009, 0.0584, 0.0358, 0.0379, 0.0038, 0.0043]",0.2348080277442932,2025-03-03-11-33-30/SITE251_ORNT140_VIS1mi.png
8,8,"[0.0003, 0.0022, 0.0017, 0.0010, 0.0019, 0.0240, 0.0118, 0.0102, 0.9334, 0.0134]",0.9334223866462708,2024-08-10-09-44-28/SITE322_ORNT290_VIS9mi.png
7,3,"[0.0234, 0.0402, 0.0649, 0.1147, 0.0918, 0.1126, 0.1234, 0.2340, 0.0413, 0.1536]",0.23404569923877716,2024-08-15-16-44-48/SITE439_ORNT200_VIS4mi.png
6,5,"[0.0142, 0.0334, 0.0635, 0.1301, 0.1384, 0.1478, 0.2090, 0.1909, 0.0392, 0.0335]",0.20904098451137543,2024-07-25-18-03-52/SITE24_ORNT30_VIS6mi.png
3,5,"[0.0695, 0.1083, 0.1142, 0.1638, 0.1295, 0.1249, 0.1117, 0.0994, 0.0153, 0.0634]",0.16384389996528625,2024-12-24-15-14-57/SITE417_ORNT220_VIS6mi.png
8,3,"[0.0315, 0.0399, 0.0802, 0.0662, 0.0979, 0.1988, 0.0528, 0.1639, 0.2044, 0.0644]",0.20437157154083252,2024-07-25-18-03-52/SITE375_ORNT330_VIS4mi.png
0,2,"[0.2449, 0.2342, 0.1287, 0.1630, 0.0929, 0.0560, 0.0325, 0.0383, 0.0037, 0.0059]",0.24492397904396057,2025-01-23-15-05-27/SITE19_ORNT170_VIS3mi.png
4,5,"[0.0367, 0.0834, 0.0991, 0.1692, 0.1841, 0.1412, 0.1636, 0.1000, 0.0177, 0.0049]",0.1841466724872589,2024-10-14-13-08-27/SITE98_ORNT25_VIS6mi.png
0,0,"[0.3525, 0.2276, 0.1088, 0.1210, 0.0651, 0.0460, 0.0176, 0.0484, 0.0046, 0.0084]",0.35250693559646606,2025-02-04-15-47-48/SITE639_ORNT10_VIS1mi.png
9,3,"[0.0203, 0.0308, 0.0589, 0.0839, 0.0611, 0.0910, 0.0748, 0.1708, 0.0474, 0.3609]",0.3608759045600891,2024-12-29-16-00-12/SITE164_ORNT358_VIS4mi.png
5,1,"[0.0259, 0.0486, 0.0969, 0.1155, 0.1232, 0.1601, 0.1547, 0.1485, 0.0359, 0.0906]",0.16013899445533752,2024-05-30-17-47-26/SITE94_ORNT180_VIS2-5mi.png
3,1,"[0.0794, 0.1096, 0.1174, 0.1671, 0.1187, 0.1207, 0.0891, 0.1207, 0.0198, 0.0573]",0.16712526977062225,2025-02-04-15-47-48/SITE871_ORNT170_VIS2mi.png
8,5,"[0.0017, 0.0083, 0.0080, 0.0038, 0.0139, 0.0899, 0.0281, 0.0316, 0.8056, 0.0092]",0.8055820465087891,2024-05-31-15-13-16/SITE343_ORNT360_VIS6mi.png
9,3,"[0.0646, 0.0877, 0.0975, 0.1415, 0.0883, 0.1073, 0.0760, 0.1397, 0.0256, 0.1718]",0.17184802889823914,2024-12-24-15-14-57/SITE719_ORNT180_VIS4mi.png
3,6,"[0.1028, 0.1358, 0.1303, 0.1472, 0.1333, 0.1247, 0.1097, 0.0771, 0.0102, 0.0287]",0.1472078412771225,2025-02-11-14-30-47/SITE203_ORNT335_VIS7mi.png
0,7,"[0.2926, 0.2377, 0.1200, 0.1517, 0.0775, 0.0497, 0.0249, 0.0373, 0.0033, 0.0054]",0.29255327582359314,2025-01-31-13-49-43/SITE119_ORNT13_VIS8mi.png
7,4,"[0.0106, 0.0187, 0.0353, 0.0977, 0.1076, 0.1304, 0.2183, 0.2824, 0.0476, 0.0515]",0.28241732716560364,2024-08-18-19-28-16/SITE42_ORNT330_VIS5mi.png
8,8,"[0.0004, 0.0019, 0.0032, 0.0050, 0.0019, 0.0137, 0.0098, 0.0277, 0.5932, 0.3431]",0.5932186841964722,2024-07-07-15-01-32/SITE376_ORNT70_VIS9mi.png
5,5,"[0.0333, 0.0589, 0.0874, 0.0462, 0.1116, 0.2719, 0.0572, 0.1210, 0.2044, 0.0081]",0.271867036819458,2024-07-05-10-36-13/SITE468_ORNT170_VIS6mi.png
6,4,"[0.0188, 0.0232, 0.0318, 0.0700, 0.1022, 0.1563, 0.2814, 0.2265, 0.0287, 0.0611]",0.28141093254089355,2024-07-18-11-32-15/SITE19_ORNT325_VIS5mi.png
3,4,"[0.1420, 0.1945, 0.1197, 0.2143, 0.1206, 0.0769, 0.0572, 0.0612, 0.0064, 0.0073]",0.21426674723625183,2024-07-28-13-48-26/SITE119_ORNT96_VIS5mi.png
0,2,"[0.2069, 0.1956, 0.1202, 0.1685, 0.0927, 0.0727, 0.0395, 0.0761, 0.0079, 0.0199]",0.20691800117492676,2025-03-28-10-38-15/SITE602_ORNT270_VIS3mi.png
1,3,"[0.1989, 0.2301, 0.1286, 0.1839, 0.1108, 0.0626, 0.0403, 0.0376, 0.0038, 0.0034]",0.2300533652305603,2024-07-04-13-27-11/SITE421_ORNT170_VIS4mi.png
0,4,"[0.2170, 0.2013, 0.1171, 0.1712, 0.0887, 0.0674, 0.0363, 0.0725, 0.0072, 0.0213]",0.21696199476718903,2025-02-01-12-44-07/SITE446_ORNT165_VIS5mi.png
8,8,"[0.0036, 0.0103, 0.0161, 0.0115, 0.0255, 0.1193, 0.0391, 0.0857, 0.6503, 0.0387]",0.6502506136894226,2024-06-28-13-30-05/SITE336_ORNT180_VIS9mi.png
1,2,"[0.1664, 0.2040, 0.1304, 0.1935, 0.1174, 0.0740, 0.0510, 0.0511, 0.0052, 0.0069]",0.20400704443454742,2025-03-31-13-29-12/SITE128_ORNT303_VIS3mi.png
0,3,"[0.2891, 0.2273, 0.1121, 0.1611, 0.0775, 0.0510, 0.0262, 0.0460, 0.0040, 0.0057]",0.28909167647361755,2024-10-14-13-08-27/SITE598_ORNT90_VIS4mi.png
9,9,"[0.0188, 0.0228, 0.0403, 0.0584, 0.0630, 0.1225, 0.1686, 0.1685, 0.0284, 0.3087]",0.308652400970459,2025-02-01-17-30-02/SITE128_ORNT135_VIS10+mi.png
9,9,"[0.0171, 0.0188, 0.0367, 0.0583, 0.0662, 0.1235, 0.1990, 0.1872, 0.0294, 0.2639]",0.2639063000679016,2025-03-31-15-41-11/SITE539_ORNT205_VIS10+mi.png
9,9,"[0.0147, 0.0158, 0.0234, 0.0303, 0.0254, 0.0550, 0.0541, 0.1522, 0.0252, 0.6039]",0.6038795709609985,2025-03-23-13-51-54/SITE11_ORNT253_VIS10+mi.png
6,3,"[0.0323, 0.0285, 0.0293, 0.0377, 0.0544, 0.1840, 0.3450, 0.1165, 0.0154, 0.1569]",0.3450292944908142,2024-12-29-16-00-12/SITE834_ORNT100_VIS4mi.png
1,5,"[0.1615, 0.1694, 0.1357, 0.1489, 0.1145, 0.1003, 0.0502, 0.0893, 0.0125, 0.0178]",0.16938990354537964,2025-03-04-14-20-15/SITE542_ORNT350_VIS6mi.png
7,4,"[0.0106, 0.0200, 0.0469, 0.1128, 0.0895, 0.1125, 0.1642, 0.2617, 0.0508, 0.1310]",0.26171714067459106,2024-06-03-13-44-33/SITE25_ORNT30_VIS5mi.png
0,2,"[0.1980, 0.1625, 0.1237, 0.0736, 0.1019, 0.1435, 0.0230, 0.1039, 0.0617, 0.0082]",0.19796517491340637,2025-02-17-14-46-26/SITE353_ORNT135_VIS3mi.png
9,9,"[0.0096, 0.0160, 0.0451, 0.0639, 0.0373, 0.0653, 0.0466, 0.1798, 0.0996, 0.4367]",0.4366532564163208,2025-03-05-12-08-53/SITE20_ORNT285_VIS10+mi.png
7,7,"[0.0146, 0.0205, 0.0560, 0.0563, 0.0681, 0.1482, 0.0598, 0.2174, 0.2034, 0.1560]",0.21736817061901093,2024-04-30-13-21-52/SITE457_ORNT110_VIS8mi.png
0,3,"[0.3394, 0.2405, 0.1152, 0.1325, 0.0698, 0.0415, 0.0206, 0.0326, 0.0029, 0.0049]",0.33944398164749146,2025-02-16-12-49-10/SITE801_ORNT155_VIS4mi.png
8,8,"[0.0010, 0.0037, 0.0103, 0.0111, 0.0197, 0.0761, 0.0359, 0.1122, 0.6971, 0.0327]",0.6971347332000732,2024-06-07-11-09-12/SITE353_ORNT135_VIS9mi.png
6,5,"[0.0191, 0.0280, 0.0409, 0.0999, 0.1159, 0.1463, 0.2422, 0.2207, 0.0316, 0.0553]",0.24217501282691956,2024-09-07-13-37-18/SITE209_ORNT335_VIS6mi.png
5,2,"[0.0669, 0.0945, 0.1158, 0.1203, 0.1327, 0.1528, 0.1457, 0.0977, 0.0173, 0.0564]",0.15276937186717987,2025-04-14-19-44-02/SITE13_ORNT85_VIS3mi.png
3,5,"[0.0557, 0.1110, 0.1124, 0.2032, 0.1592, 0.1179, 0.1227, 0.0917, 0.0140, 0.0121]",0.2032417207956314,2024-10-14-13-08-27/SITE7_ORNT312_VIS6mi.png
7,2,"[0.0137, 0.0325, 0.0537, 0.1412, 0.1456, 0.1405, 0.2029, 0.2087, 0.0416, 0.0197]",0.20874419808387756,2024-06-29-10-50-12/SITE203_ORNT220_VIS3mi.png
3,2,"[0.0380, 0.0829, 0.0983, 0.1719, 0.1684, 0.1400, 0.1647, 0.1030, 0.0174, 0.0155]",0.17190536856651306,2024-07-28-19-40-21/SITE205_ORNT305_VIS3mi.png
9,9,"[0.0094, 0.0085, 0.0133, 0.0202, 0.0171, 0.0400, 0.0560, 0.1446, 0.0220, 0.6691]",0.6690593957901001,2025-03-17-19-09-03/SITE683_ORNT240_VIS10+mi.png
9,9,"[0.0146, 0.0128, 0.0148, 0.0128, 0.0159, 0.0507, 0.0474, 0.0997, 0.0151, 0.7161]",0.7160977125167847,2025-03-17-19-09-03/SITE212_ORNT80_VIS10+mi.png
6,7,"[0.0215, 0.0296, 0.0369, 0.0812, 0.1189, 0.1599, 0.2571, 0.2274, 0.0295, 0.0380]",0.25705456733703613,2024-07-23-16-31-18/SITE545_ORNT95_VIS8mi.png
5,1,"[0.0739, 0.0976, 0.1381, 0.1275, 0.1457, 0.1729, 0.0814, 0.1092, 0.0326, 0.0210]",0.17291870713233948,2024-07-25-10-00-39/SITE533_ORNT325_VIS2mi.png
3,7,"[0.1024, 0.1609, 0.1248, 0.2054, 0.1363, 0.0960, 0.0798, 0.0724, 0.0090, 0.0129]",0.20536541938781738,2024-07-29-16-41-43/SITE261_ORNT270_VIS8mi.png
0,7,"[0.3758, 0.2440, 0.1170, 0.1225, 0.0654, 0.0328, 0.0182, 0.0201, 0.0026, 0.0016]",0.3757615387439728,2024-07-23-10-10-08/SITE258_ORNT325_VIS8mi.png
7,6,"[0.0731, 0.0969, 0.1118, 0.1407, 0.1121, 0.1282, 0.0727, 0.1437, 0.0299, 0.0910]",0.1437263935804367,2024-05-23-15-19-49/SITE610_ORNT0_VIS7mi.png
6,5,"[0.0205, 0.0207, 0.0197, 0.0353, 0.0627, 0.1885, 0.4264, 0.1487, 0.0191, 0.0584]",0.42635709047317505,2024-09-20-16-20-08/SITE22_ORNT0_VIS6mi.png
9,3,"[0.0324, 0.0332, 0.0527, 0.0591, 0.0774, 0.1508, 0.1918, 0.1374, 0.0231, 0.2422]",0.24218611419200897,2025-03-05-12-08-53/SITE719_ORNT20_VIS4mi.png
6,6,"[0.0168, 0.0184, 0.0315, 0.0434, 0.0603, 0.1470, 0.2531, 0.1713, 0.0265, 0.2318]",0.2531256079673767,2025-01-28-16-10-28/SITE760_ORNT140_VIS7mi.png
1,7,"[0.1602, 0.1715, 0.1204, 0.1683, 0.0960, 0.0841, 0.0459, 0.0913, 0.0114, 0.0507]",0.17152613401412964,2025-02-04-15-47-48/SITE802_ORNT150_VIS8mi.png
5,8,"[0.0770, 0.0818, 0.1250, 0.0948, 0.1310, 0.1823, 0.0445, 0.1215, 0.0938, 0.0484]",0.18228085339069366,2024-07-28-11-17-19/SITE386_ORNT125_VIS9mi.png
0,2,"[0.2047, 0.1976, 0.1238, 0.1668, 0.0984, 0.0745, 0.0417, 0.0708, 0.0074, 0.0143]",0.2047308385372162,2024-12-24-15-14-57/SITE45_ORNT290_VIS3mi.png
0,0,"[0.2940, 0.2404, 0.1143, 0.1573, 0.0750, 0.0472, 0.0237, 0.0390, 0.0034, 0.0057]",0.2940196990966797,2024-09-18-18-13-42/SITE561_ORNT145_VIS1-75mi.png
9,9,"[0.0070, 0.0139, 0.0441, 0.0750, 0.0568, 0.0906, 0.1339, 0.2291, 0.0632, 0.2862]",0.2862025201320648,2025-04-11-14-52-32/SITE104_ORNT325_VIS10+mi.png
3,1,"[0.0560, 0.1191, 0.1096, 0.2208, 0.1712, 0.1134, 0.1115, 0.0805, 0.0120, 0.0059]",0.22079691290855408,2024-05-07-15-42-07/SITE75_ORNT170_VIS2-5mi.png
6,1,"[0.0642, 0.0880, 0.0836, 0.1093, 0.1225, 0.1721, 0.2392, 0.0935, 0.0117, 0.0161]",0.23915447294712067,2025-02-11-14-30-47/SITE80_ORNT192_VIS2-5mi.png
6,6,"[0.0277, 0.0419, 0.0498, 0.0776, 0.1155, 0.1890, 0.3135, 0.1391, 0.0199, 0.0260]",0.3135324716567993,2024-07-02-16-22-41/SITE760_ORNT190_VIS7mi.png
3,4,"[0.0885, 0.1342, 0.1211, 0.1889, 0.1322, 0.1103, 0.0930, 0.0947, 0.0131, 0.0238]",0.18889398872852325,2025-01-31-13-49-43/SITE229_ORNT329_VIS5mi.png
7,5,"[0.0098, 0.0179, 0.0316, 0.0958, 0.0757, 0.0996, 0.1510, 0.3642, 0.0573, 0.0972]",0.364166259765625,2024-08-02-10-36-13/SITE22_ORNT100_VIS6mi.png
8,8,"[0.0028, 0.0109, 0.0189, 0.0112, 0.0424, 0.1668, 0.0560, 0.0867, 0.5979, 0.0065]",0.5979010462760925,2024-08-30-10-00-55/SITE352_ORNT340_VIS9mi.png
5,8,"[0.0632, 0.0774, 0.1194, 0.1151, 0.1215, 0.1505, 0.0677, 0.1249, 0.0439, 0.1164]",0.15049989521503448,2024-07-05-14-33-31/SITE324_ORNT115_VIS9mi.png
6,4,"[0.0782, 0.0967, 0.1128, 0.1203, 0.0977, 0.1360, 0.1612, 0.1172, 0.0246, 0.0553]",0.16120317578315735,2025-04-16-13-54-24/SITE96_ORNT45_VIS5mi.png
8,7,"[0.0166, 0.0374, 0.0511, 0.0241, 0.0788, 0.2463, 0.0469, 0.1135, 0.3793, 0.0060]",0.379326730966568,2025-02-17-14-46-26/SITE389_ORNT120_VIS8mi.png
0,2,"[0.2913, 0.2208, 0.1176, 0.1317, 0.0808, 0.0588, 0.0263, 0.0579, 0.0057, 0.0089]",0.2913295328617096,2025-03-02-11-48-27/SITE117_ORNT128_VIS3mi.png
3,3,"[0.1202, 0.1391, 0.1137, 0.1735, 0.1022, 0.0957, 0.0616, 0.1154, 0.0148, 0.0638]",0.17346014082431793,2025-03-06-15-10-58/SITE207_ORNT235_VIS4mi.png
7,1,"[0.0188, 0.0314, 0.0551, 0.1240, 0.1136, 0.1312, 0.1843, 0.2156, 0.0386, 0.0874]",0.21563471853733063,2024-10-11-15-41-13/SITE446_ORNT101_VIS2-5mi.png
3,4,"[0.1231, 0.1827, 0.1216, 0.2196, 0.1304, 0.0822, 0.0640, 0.0622, 0.0067, 0.0074]",0.21963216364383698,2024-05-09-16-15-37/SITE129_ORNT266_VIS5mi.png
7,7,"[0.0278, 0.0283, 0.0335, 0.0525, 0.0841, 0.1545, 0.2286, 0.2433, 0.0267, 0.1206]",0.24327518045902252,2024-07-23-13-08-12/SITE215_ORNT235_VIS8mi.png
3,3,"[0.0624, 0.1195, 0.1147, 0.1879, 0.1668, 0.1210, 0.1304, 0.0786, 0.0115, 0.0073]",0.18785728514194489,2024-09-02-17-43-28/SITE209_ORNT335_VIS4mi.png
3,5,"[0.0882, 0.1522, 0.1178, 0.2218, 0.1518, 0.0964, 0.0866, 0.0701, 0.0087, 0.0064]",0.22184933722019196,2024-08-24-13-47-04/SITE58_ORNT175_VIS6mi.png
6,9,"[0.0328, 0.0333, 0.0422, 0.0482, 0.0686, 0.1832, 0.2930, 0.1254, 0.0177, 0.1557]",0.2929801046848297,2025-03-31-13-29-12/SITE80_ORNT274_VIS10+mi.png
9,6,"[0.0425, 0.0434, 0.0449, 0.0586, 0.0670, 0.1211, 0.1222, 0.2277, 0.0266, 0.2459]",0.24592621624469757,2024-07-22-11-13-59/SITE692_ORNT335_VIS7mi.png
1,1,"[0.1961, 0.2137, 0.1325, 0.1681, 0.1107, 0.0710, 0.0472, 0.0487, 0.0049, 0.0073]",0.21373537182807922,2025-02-11-14-30-47/SITE417_ORNT140_VIS2-5mi.png
6,5,"[0.0282, 0.0216, 0.0234, 0.0299, 0.0432, 0.1613, 0.3036, 0.1168, 0.0152, 0.2569]",0.30359041690826416,2025-03-17-19-09-03/SITE22_ORNT285_VIS6mi.png
7,3,"[0.0288, 0.0469, 0.0864, 0.1244, 0.1011, 0.1319, 0.1114, 0.1689, 0.0405, 0.1598]",0.16886362433433533,2025-01-15-15-33-17/SITE262_ORNT10_VIS4mi.png
9,7,"[0.0228, 0.0356, 0.0709, 0.1020, 0.0790, 0.1084, 0.0931, 0.1703, 0.0460, 0.2718]",0.27179545164108276,2025-03-04-14-20-15/SITE78_ORNT322_VIS8mi.png
6,3,"[0.0242, 0.0452, 0.0767, 0.1144, 0.1311, 0.1613, 0.2134, 0.1513, 0.0272, 0.0551]",0.2133810669183731,2025-01-28-16-10-28/SITE19_ORNT60_VIS4mi.png
8,6,"[0.0003, 0.0026, 0.0038, 0.0114, 0.0041, 0.0205, 0.0208, 0.0346, 0.7421, 0.1598]",0.7420573234558105,2024-10-11-15-41-13/SITE494_ORNT270_VIS7mi.png
9,9,"[0.0103, 0.0192, 0.0239, 0.0229, 0.0193, 0.0777, 0.0354, 0.1343, 0.2419, 0.4152]",0.41515442728996277,2025-03-02-11-48-27/SITE521_ORNT325_VIS30mi.png
0,4,"[0.5663, 0.1973, 0.0704, 0.0409, 0.0571, 0.0167, 0.0141, 0.0245, 0.0095, 0.0032]",0.566267192363739,2025-01-23-15-05-27/SITE508_ORNT135_VIS5mi.png
8,8,"[0.0006, 0.0038, 0.0033, 0.0015, 0.0041, 0.0455, 0.0140, 0.0184, 0.9025, 0.0063]",0.9024689793586731,2025-02-19-12-18-05/SITE528_ORNT35_VIS9mi.png
9,9,"[0.0251, 0.0320, 0.0442, 0.0497, 0.0325, 0.0601, 0.0396, 0.1602, 0.0311, 0.5255]",0.5254713892936707,2025-02-19-12-18-05/SITE871_ORNT90_VIS10+mi.png
9,2,"[0.0194, 0.0182, 0.0245, 0.0389, 0.0472, 0.0990, 0.1368, 0.2617, 0.0299, 0.3244]",0.32444310188293457,2024-07-02-10-19-43/SITE542_ORNT350_VIS3mi.png
3,0,"[0.0931, 0.1570, 0.1248, 0.2008, 0.1459, 0.1009, 0.0890, 0.0692, 0.0089, 0.0103]",0.2007543444633484,2024-07-20-11-08-20/SITE186_ORNT275_VIS1-75mi.png
7,7,"[0.0095, 0.0185, 0.0380, 0.1168, 0.0988, 0.1153, 0.1858, 0.2955, 0.0562, 0.0656]",0.29552048444747925,2024-06-23-11-02-14/SITE253_ORNT325_VIS8mi.png
0,0,"[0.2476, 0.2235, 0.1199, 0.1614, 0.0852, 0.0596, 0.0313, 0.0540, 0.0050, 0.0126]",0.24764728546142578,2025-03-18-13-52-55/SITE439_ORNT265_VIS1-5mi.png
6,6,"[0.0139, 0.0298, 0.0596, 0.1207, 0.1289, 0.1463, 0.2243, 0.1962, 0.0385, 0.0418]",0.22432567179203033,2024-10-06-17-04-59/SITE253_ORNT195_VIS7mi.png
8,8,"[0.0001, 0.0009, 0.0019, 0.0021, 0.0028, 0.0197, 0.0125, 0.0275, 0.9187, 0.0139]",0.9186515808105469,2024-06-06-10-38-22/SITE477_ORNT340_VIS9mi.png
9,9,"[0.0294, 0.0298, 0.0476, 0.0610, 0.0716, 0.1313, 0.1715, 0.1438, 0.0222, 0.2917]",0.29171106219291687,2025-01-26-15-53-06/SITE574_ORNT70_VIS10+mi.png
5,0,"[0.0432, 0.0540, 0.1009, 0.0973, 0.1159, 0.1959, 0.0658, 0.1773, 0.1037, 0.0462]",0.19591936469078064,2024-06-27-10-23-10/SITE533_ORNT325_VIS1-5mi.png
3,0,"[0.0631, 0.1141, 0.1036, 0.2266, 0.1423, 0.1061, 0.0988, 0.1087, 0.0160, 0.0205]",0.22660492360591888,2024-06-09-10-51-06/SITE13_ORNT10_VIS1-5mi.png
5,3,"[0.0243, 0.0384, 0.0972, 0.0929, 0.1169, 0.1772, 0.0931, 0.1633, 0.0871, 0.1096]",0.17721855640411377,2024-05-28-11-05-32/SITE406_ORNT190_VIS4mi.png
8,8,"[0.0021, 0.0082, 0.0093, 0.0042, 0.0126, 0.0851, 0.0228, 0.0397, 0.8032, 0.0127]",0.8032453060150146,2025-02-16-12-49-10/SITE401_ORNT350_VIS9mi.png
7,6,"[0.0079, 0.0182, 0.0430, 0.1162, 0.1092, 0.1214, 0.1956, 0.2806, 0.0611, 0.0468]",0.28061366081237793,2024-07-14-10-21-23/SITE177_ORNT200_VIS7mi.png
7,5,"[0.0227, 0.0374, 0.0700, 0.1106, 0.1060, 0.1400, 0.1689, 0.1717, 0.0347, 0.1379]",0.17174574732780457,2025-01-17-15-10-02/SITE22_ORNT285_VIS6mi.png
9,2,"[0.0275, 0.0334, 0.0545, 0.0660, 0.0695, 0.1224, 0.1344, 0.1408, 0.0274, 0.3242]",0.3241928219795227,2025-03-18-13-52-55/SITE59_ORNT10_VIS3mi.png
6,6,"[0.0253, 0.0523, 0.0741, 0.1268, 0.1555, 0.1646, 0.2292, 0.1336, 0.0230, 0.0155]",0.22923840582370758,2024-09-30-11-56-46/SITE760_ORNT190_VIS7mi.png
1,5,"[0.2105, 0.2136, 0.1321, 0.1406, 0.1014, 0.0728, 0.0361, 0.0629, 0.0081, 0.0218]",0.21361689269542694,2025-03-18-13-52-55/SITE161_ORNT192_VIS6mi.png
9,9,"[0.0153, 0.0223, 0.0467, 0.0752, 0.0534, 0.0870, 0.0701, 0.2264, 0.0650, 0.3386]",0.33860793709754944,2025-02-11-14-30-47/SITE561_ORNT350_VIS10+mi.png
9,9,"[0.0045, 0.0083, 0.0239, 0.0509, 0.0283, 0.0437, 0.0517, 0.1732, 0.0644, 0.5511]",0.5511487126350403,2024-12-23-15-38-40/SITE547_ORNT170_VIS10+mi.png
9,9,"[0.0119, 0.0161, 0.0304, 0.0470, 0.0351, 0.0637, 0.0689, 0.1670, 0.0368, 0.5231]",0.5230900049209595,2025-02-12-14-37-35/SITE14_ORNT195_VIS10+mi.png
9,7,"[0.0129, 0.0122, 0.0196, 0.0321, 0.0331, 0.0731, 0.1112, 0.1960, 0.0270, 0.4829]",0.48293739557266235,2025-04-22-15-39-35/SITE203_ORNT155_VIS8mi.png
1,2,"[0.1720, 0.2214, 0.1315, 0.1878, 0.1230, 0.0710, 0.0470, 0.0392, 0.0043, 0.0029]",0.22141706943511963,2024-07-14-10-21-23/SITE106_ORNT280_VIS3mi.png
3,9,"[0.1395, 0.1690, 0.1165, 0.1970, 0.1044, 0.0833, 0.0549, 0.0903, 0.0110, 0.0342]",0.19698123633861542,2024-12-09-12-13-38/SITE97_ORNT200_VIS10+mi.png
7,3,"[0.0220, 0.0282, 0.0353, 0.0737, 0.0997, 0.1443, 0.2143, 0.2752, 0.0336, 0.0736]",0.275229811668396,2024-07-26-10-22-16/SITE692_ORNT150_VIS4mi.png
3,0,"[0.1247, 0.1846, 0.1258, 0.1992, 0.1450, 0.0861, 0.0687, 0.0554, 0.0066, 0.0040]",0.19916902482509613,2024-07-22-20-17-56/SITE217_ORNT250_VIS1-5mi.png
9,4,"[0.0359, 0.0415, 0.0806, 0.0825, 0.0809, 0.1178, 0.0543, 0.1387, 0.0762, 0.2917]",0.2916669547557831,2025-03-26-12-24-08/SITE519_ORNT200_VIS5mi.png
1,0,"[0.1765, 0.1829, 0.1248, 0.1660, 0.1019, 0.0856, 0.0474, 0.0831, 0.0099, 0.0220]",0.18287743628025055,2025-03-31-15-41-11/SITE5_ORNT155_VIS1-25mi.png
7,9,"[0.0577, 0.0708, 0.0863, 0.1105, 0.0772, 0.1198, 0.0531, 0.2003, 0.0569, 0.1676]",0.20026895403862,2025-03-31-13-29-12/SITE327_ORNT45_VIS15mi.png
0,0,"[0.3664, 0.2268, 0.1211, 0.1090, 0.0713, 0.0467, 0.0177, 0.0336, 0.0039, 0.0037]",0.3664056360721588,2025-03-31-13-29-12/SITE521_ORNT240_VIS1-5mi.png
3,3,"[0.0754, 0.1481, 0.1169, 0.2161, 0.1666, 0.1034, 0.0952, 0.0647, 0.0086, 0.0051]",0.21606063842773438,2024-07-01-19-28-49/SITE117_ORNT43_VIS4mi.png
3,6,"[0.0452, 0.0967, 0.1022, 0.1884, 0.1696, 0.1290, 0.1461, 0.0949, 0.0154, 0.0126]",0.18842650949954987,2024-06-17-10-37-40/SITE17_ORNT95_VIS7mi.png
1,2,"[0.1609, 0.2078, 0.1315, 0.1890, 0.1243, 0.0754, 0.0538, 0.0472, 0.0052, 0.0050]",0.20781123638153076,2024-08-31-14-30-34/SITE25_ORNT30_VIS3mi.png
5,6,"[0.0603, 0.0666, 0.1255, 0.0926, 0.1343, 0.1795, 0.0508, 0.1218, 0.1003, 0.0682]",0.1795053482055664,2025-04-11-14-52-32/SITE507_ORNT0_VIS7mi.png
7,6,"[0.0061, 0.0110, 0.0288, 0.0902, 0.0633, 0.0801, 0.1721, 0.3400, 0.0624, 0.1461]",0.339954137802124,2024-10-10-15-17-15/SITE411_ORNT220_VIS7mi.png
0,3,"[0.2482, 0.2415, 0.1260, 0.1694, 0.0950, 0.0521, 0.0305, 0.0317, 0.0032, 0.0025]",0.24821880459785461,2024-08-02-13-37-25/SITE45_ORNT290_VIS4mi.png
6,4,"[0.0610, 0.0611, 0.0672, 0.0769, 0.0955, 0.1651, 0.1931, 0.1187, 0.0167, 0.1446]",0.1931091696023941,2025-03-04-14-20-15/SITE205_ORNT230_VIS5mi.png
0,5,"[0.3676, 0.2296, 0.1082, 0.1216, 0.0629, 0.0418, 0.0172, 0.0407, 0.0036, 0.0068]",0.36755478382110596,2025-02-04-15-47-48/SITE725_ORNT75_VIS6mi.png
3,2,"[0.1642, 0.1737, 0.1205, 0.1799, 0.1060, 0.0811, 0.0519, 0.0883, 0.0096, 0.0248]",0.17992763221263885,2025-04-14-19-44-02/SITE205_ORNT100_VIS3mi.png
3,2,"[0.0816, 0.1519, 0.1237, 0.2046, 0.1694, 0.1043, 0.0894, 0.0629, 0.0087, 0.0035]",0.20460796356201172,2024-07-26-10-22-16/SITE160_ORNT237_VIS3mi.png
8,8,"[0.0001, 0.0012, 0.0012, 0.0016, 0.0013, 0.0143, 0.0111, 0.0101, 0.9300, 0.0291]",0.9299854040145874,2024-10-07-12-00-07/SITE508_ORNT315_VIS9mi.png
3,4,"[0.0983, 0.1677, 0.1188, 0.2320, 0.1472, 0.0892, 0.0728, 0.0616, 0.0074, 0.0049]",0.23199929296970367,2024-05-09-16-15-37/SITE418_ORNT195_VIS5mi.png
3,5,"[0.0245, 0.0647, 0.0879, 0.1848, 0.1821, 0.1378, 0.1640, 0.1245, 0.0231, 0.0064]",0.18484683334827423,2024-07-07-15-01-32/SITE22_ORNT190_VIS6mi.png
9,5,"[0.0203, 0.0332, 0.0604, 0.0942, 0.0678, 0.0995, 0.0961, 0.1596, 0.0387, 0.3302]",0.3302328586578369,2025-02-15-15-20-00/SITE86_ORNT75_VIS6mi.png
3,0,"[0.0436, 0.0902, 0.1024, 0.1923, 0.1569, 0.1271, 0.1419, 0.1075, 0.0185, 0.0197]",0.19225311279296875,2024-05-03-12-14-06/SITE41_ORNT170_VIS1-25mi.png
6,9,"[0.0118, 0.0140, 0.0198, 0.0509, 0.0685, 0.1303, 0.3195, 0.2577, 0.0352, 0.0923]",0.3194717764854431,2024-12-09-12-13-38/SITE581_ORNT250_VIS10+mi.png
5,0,"[0.0436, 0.0679, 0.1089, 0.1165, 0.1231, 0.1491, 0.1348, 0.1164, 0.0267, 0.1131]",0.14907440543174744,2025-04-01-16-59-16/SITE97_ORNT98_VIS1-25mi.png
3,3,"[0.1278, 0.1812, 0.1203, 0.2101, 0.1222, 0.0833, 0.0621, 0.0718, 0.0083, 0.0127]",0.21012620627880096,2024-05-08-14-34-39/SITE684_ORNT179_VIS4mi.png
3,4,"[0.0406, 0.0760, 0.1054, 0.1555, 0.1365, 0.1406, 0.1439, 0.1264, 0.0240, 0.0512]",0.15550120174884796,2025-02-14-15-24-27/SITE807_ORNT190_VIS5mi.png
6,8,"[0.0167, 0.0396, 0.0679, 0.1406, 0.1463, 0.1495, 0.2075, 0.1726, 0.0344, 0.0248]",0.20753948390483856,2024-07-23-16-31-18/SITE251_ORNT25_VIS9mi.png
9,2,"[0.0165, 0.0265, 0.0609, 0.0950, 0.0733, 0.1055, 0.1005, 0.1934, 0.0518, 0.2768]",0.2768246829509735,2025-01-15-15-33-17/SITE41_ORNT235_VIS3mi.png
8,8,"[0.0025, 0.0095, 0.0104, 0.0062, 0.0155, 0.0870, 0.0302, 0.0438, 0.7604, 0.0344]",0.7603811025619507,2024-12-24-15-14-57/SITE471_ORNT255_VIS9mi.png
1,3,"[0.2014, 0.2280, 0.1241, 0.1953, 0.1060, 0.0600, 0.0383, 0.0401, 0.0039, 0.0031]",0.2280142605304718,2024-07-28-19-40-21/SITE417_ORNT220_VIS4mi.png
8,5,"[0.0169, 0.0426, 0.0682, 0.0266, 0.1070, 0.2548, 0.0631, 0.1020, 0.3124, 0.0066]",0.31235378980636597,2025-02-11-14-30-47/SITE340_ORNT330_VIS6mi.png
3,6,"[0.0548, 0.0866, 0.1084, 0.1568, 0.1193, 0.1287, 0.1147, 0.1237, 0.0224, 0.0846]",0.15680332481861115,2025-01-15-15-33-17/SITE253_ORNT325_VIS7mi.png
1,0,"[0.1799, 0.2044, 0.1309, 0.1725, 0.1106, 0.0745, 0.0500, 0.0578, 0.0063, 0.0130]",0.2044248878955841,2025-02-02-12-13-03/SITE446_ORNT165_VIS1-75mi.png
6,6,"[0.0176, 0.0184, 0.0197, 0.0369, 0.0617, 0.1752, 0.4140, 0.1659, 0.0227, 0.0680]",0.4139518737792969,2024-07-20-15-11-13/SITE543_ORNT126_VIS7mi.png
3,1,"[0.0991, 0.1367, 0.1341, 0.1505, 0.1260, 0.1177, 0.0762, 0.0924, 0.0167, 0.0505]",0.15053927898406982,2024-05-23-15-19-49/SITE36_ORNT350_VIS2mi.png
5,3,"[0.0252, 0.0412, 0.1085, 0.1063, 0.0807, 0.1654, 0.1454, 0.1563, 0.0598, 0.1112]",0.1653963178396225,2025-03-03-11-33-30/SITE13_ORNT85_VIS4mi.png
9,9,"[0.0041, 0.0069, 0.0260, 0.0430, 0.0285, 0.0538, 0.0365, 0.1883, 0.1892, 0.4238]",0.4237857162952423,2024-07-04-13-27-11/SITE457_ORNT225_VIS12mi.png
0,0,"[0.1900, 0.1805, 0.1197, 0.1653, 0.0974, 0.0787, 0.0429, 0.0906, 0.0099, 0.0250]",0.1900235414505005,2025-03-06-15-10-58/SITE217_ORNT100_VIS1-25mi.png
6,3,"[0.0254, 0.0226, 0.0275, 0.0353, 0.0461, 0.1651, 0.3261, 0.1297, 0.0176, 0.2047]",0.3261055648326874,2024-06-03-13-44-33/SITE21_ORNT225_VIS4mi.png
1,0,"[0.1796, 0.2207, 0.1279, 0.1856, 0.1181, 0.0702, 0.0471, 0.0424, 0.0045, 0.0039]",0.22069743275642395,2024-09-21-11-24-11/SITE73_ORNT20_VIS1-75mi.png
8,7,"[0.0229, 0.0345, 0.0708, 0.0508, 0.0959, 0.2174, 0.0595, 0.1609, 0.2549, 0.0323]",0.2548869848251343,2025-02-17-14-46-26/SITE389_ORNT300_VIS8mi.png
0,5,"[0.1654, 0.1579, 0.1012, 0.1182, 0.1104, 0.1252, 0.1371, 0.0666, 0.0077, 0.0103]",0.1653824746608734,2024-08-10-09-44-28/SITE747_ORNT0_VIS6mi.png
3,5,"[0.0754, 0.1413, 0.1188, 0.2060, 0.1629, 0.1072, 0.1020, 0.0704, 0.0095, 0.0065]",0.20600759983062744,2024-08-30-17-21-54/SITE22_ORNT285_VIS6mi.png
7,4,"[0.0095, 0.0268, 0.0538, 0.1292, 0.1510, 0.1454, 0.2108, 0.2142, 0.0470, 0.0124]",0.2142196148633957,2024-06-22-10-56-07/SITE234_ORNT304_VIS5mi.png
9,7,"[0.0090, 0.0229, 0.0620, 0.1116, 0.0235, 0.0911, 0.0685, 0.1526, 0.2270, 0.2318]",0.23182159662246704,2024-06-17-10-37-40/SITE405_ORNT250_VIS8mi.png
9,5,"[0.0190, 0.0200, 0.0260, 0.0290, 0.0244, 0.0567, 0.0490, 0.1356, 0.0223, 0.6180]",0.6180035471916199,2025-01-15-15-33-17/SITE215_ORNT40_VIS6mi.png
3,7,"[0.0400, 0.0968, 0.1022, 0.1979, 0.1895, 0.1275, 0.1369, 0.0898, 0.0148, 0.0046]",0.19786901772022247,2024-07-14-16-38-50/SITE239_ORNT110_VIS8mi.png
3,1,"[0.0753, 0.1421, 0.1176, 0.2075, 0.1675, 0.1065, 0.0992, 0.0701, 0.0095, 0.0046]",0.2075146585702896,2024-07-22-11-13-59/SITE98_ORNT245_VIS2mi.png
1,0,"[0.1908, 0.2197, 0.1299, 0.1725, 0.1175, 0.0705, 0.0481, 0.0419, 0.0046, 0.0046]",0.21969810128211975,2024-06-14-11-11-00/SITE205_ORNT230_VIS1mi.png
2,3,"[0.1462, 0.1480, 0.1590, 0.1229, 0.1381, 0.1332, 0.0472, 0.0722, 0.0194, 0.0139]",0.15901370346546173,2025-04-07-16-10-10/SITE276_ORNT225_VIS4mi.png
0,3,"[0.2520, 0.2317, 0.1220, 0.1682, 0.0928, 0.0548, 0.0330, 0.0385, 0.0036, 0.0034]",0.25198957324028015,2024-07-26-10-22-16/SITE258_ORNT125_VIS4mi.png
3,7,"[0.0742, 0.1039, 0.1153, 0.1556, 0.1187, 0.1242, 0.0843, 0.1218, 0.0215, 0.0804]",0.15562795102596283,2025-04-01-16-59-16/SITE719_ORNT300_VIS8mi.png
6,5,"[0.0335, 0.0350, 0.0392, 0.0681, 0.0953, 0.1716, 0.2813, 0.1669, 0.0215, 0.0877]",0.2812529504299164,2024-07-20-15-11-13/SITE198_ORNT248_VIS6mi.png
3,8,"[0.0844, 0.1065, 0.1052, 0.1544, 0.0929, 0.1017, 0.0675, 0.1357, 0.0213, 0.1304]",0.15442797541618347,2025-03-02-13-12-40/SITE6_ORNT55_VIS9mi.png
9,6,"[0.0266, 0.0462, 0.0836, 0.1190, 0.1041, 0.1325, 0.1392, 0.1510, 0.0331, 0.1647]",0.16473644971847534,2025-02-17-14-46-26/SITE40_ORNT295_VIS7mi.png
5,5,"[0.1128, 0.1293, 0.1617, 0.1126, 0.1492, 0.1716, 0.0544, 0.0717, 0.0298, 0.0070]",0.1715710610151291,2024-05-08-14-34-39/SITE388_ORNT115_VIS6mi.png
3,3,"[0.0361, 0.0867, 0.1029, 0.1879, 0.1822, 0.1338, 0.1489, 0.0986, 0.0169, 0.0059]",0.1879412680864334,2024-07-29-16-41-43/SITE443_ORNT275_VIS4mi.png
3,5,"[0.0489, 0.1049, 0.1085, 0.1992, 0.1696, 0.1237, 0.1324, 0.0901, 0.0139, 0.0089]",0.19915829598903656,2024-08-18-13-20-24/SITE45_ORNT5_VIS6mi.png
8,8,"[0.0416, 0.0699, 0.0777, 0.0650, 0.1102, 0.1765, 0.0619, 0.0863, 0.2262, 0.0847]",0.2262222319841385,2024-05-22-13-05-54/SITE281_ORNT20_VIS9mi.png
1,3,"[0.1695, 0.2169, 0.1301, 0.1834, 0.1257, 0.0740, 0.0510, 0.0415, 0.0047, 0.0033]",0.21685926616191864,2024-08-15-16-44-48/SITE171_ORNT315_VIS4mi.png
1,3,"[0.1402, 0.1855, 0.1381, 0.1745, 0.1291, 0.0893, 0.0663, 0.0580, 0.0065, 0.0125]",0.18550127744674683,2024-06-06-10-38-22/SITE84_ORNT147_VIS4mi.png
1,1,"[0.1873, 0.1974, 0.1279, 0.1615, 0.1082, 0.0765, 0.0549, 0.0612, 0.0067, 0.0183]",0.19738075137138367,2025-04-22-15-39-35/SITE36_ORNT165_VIS2-5mi.png
7,7,"[0.0070, 0.0143, 0.0389, 0.0952, 0.0788, 0.1054, 0.1661, 0.2967, 0.0679, 0.1297]",0.2966805696487427,2025-02-14-15-24-27/SITE245_ORNT227_VIS8mi.png
0,1,"[0.2364, 0.2232, 0.1253, 0.1396, 0.0942, 0.0635, 0.0332, 0.0585, 0.0066, 0.0196]",0.23636995255947113,2025-04-11-14-52-32/SITE96_ORNT45_VIS2mi.png
3,0,"[0.0484, 0.0734, 0.0991, 0.1463, 0.1147, 0.1275, 0.1143, 0.1382, 0.0256, 0.1125]",0.1463266909122467,2025-01-17-15-10-02/SITE561_ORNT350_VIS1mi.png
9,3,"[0.0463, 0.0564, 0.0653, 0.0853, 0.0770, 0.1225, 0.1188, 0.1464, 0.0233, 0.2587]",0.25868314504623413,2025-02-12-14-37-35/SITE179_ORNT36_VIS4mi.png
6,4,"[0.0344, 0.0632, 0.0858, 0.1559, 0.1383, 0.1390, 0.1625, 0.1427, 0.0278, 0.0504]",0.16245482861995697,2024-12-03-11-18-04/SITE721_ORNT90_VIS5mi.png
9,8,"[0.0132, 0.0124, 0.0152, 0.0284, 0.0223, 0.0485, 0.0628, 0.2581, 0.0297, 0.5096]",0.5096304416656494,2024-10-15-10-59-57/SITE547_ORNT350_VIS9mi.png
3,7,"[0.0330, 0.0626, 0.0873, 0.1655, 0.1369, 0.1366, 0.1469, 0.1498, 0.0263, 0.0552]",0.1655191332101822,2025-02-17-14-46-26/SITE53_ORNT15_VIS8mi.png
3,1,"[0.0471, 0.0990, 0.1078, 0.1958, 0.1705, 0.1246, 0.1357, 0.0951, 0.0155, 0.0088]",0.19582825899124146,2024-07-14-10-21-23/SITE7_ORNT312_VIS2mi.png
9,8,"[0.0133, 0.0196, 0.0362, 0.0334, 0.0333, 0.0969, 0.0359, 0.1444, 0.2573, 0.3296]",0.32962360978126526,2024-07-27-10-27-08/SITE486_ORNT0_VIS9mi.png
1,1,"[0.1590, 0.1997, 0.1365, 0.1811, 0.1229, 0.0799, 0.0557, 0.0513, 0.0053, 0.0086]",0.19967445731163025,2025-03-01-18-07-41/SITE212_ORNT80_VIS2mi.png
1,0,"[0.1891, 0.2213, 0.1267, 0.1914, 0.1112, 0.0651, 0.0433, 0.0435, 0.0043, 0.0041]",0.2213188111782074,2024-06-30-10-21-08/SITE7_ORNT221_VIS1-25mi.png
7,5,"[0.0103, 0.0235, 0.0456, 0.1231, 0.1308, 0.1366, 0.2139, 0.2431, 0.0473, 0.0255]",0.24312415719032288,2024-07-28-13-48-26/SITE411_ORNT280_VIS6mi.png
4,5,"[0.0303, 0.0747, 0.0913, 0.1747, 0.1875, 0.1384, 0.1675, 0.1095, 0.0195, 0.0065]",0.1875489056110382,2024-07-25-18-03-52/SITE22_ORNT190_VIS6mi.png
3,3,"[0.0924, 0.1087, 0.1075, 0.1517, 0.1020, 0.1054, 0.0653, 0.1490, 0.0221, 0.0960]",0.15166983008384705,2025-03-29-15-28-57/SITE215_ORNT330_VIS4mi.png
7,1,"[0.0127, 0.0291, 0.0561, 0.1469, 0.1268, 0.1284, 0.1797, 0.2276, 0.0516, 0.0410]",0.22758813202381134,2024-09-07-11-42-21/SITE208_ORNT18_VIS2-5mi.png
7,6,"[0.0076, 0.0133, 0.0342, 0.0939, 0.0695, 0.0901, 0.1475, 0.3005, 0.0660, 0.1774]",0.30051878094673157,2025-01-29-12-01-12/SITE25_ORNT320_VIS7mi.png
7,7,"[0.0056, 0.0080, 0.0147, 0.0640, 0.0482, 0.0690, 0.1866, 0.4003, 0.0584, 0.1454]",0.40029317140579224,2024-06-07-15-28-05/SITE18_ORNT210_VIS8mi.png
1,0,"[0.1592, 0.1670, 0.1255, 0.1582, 0.1062, 0.0946, 0.0508, 0.0962, 0.0132, 0.0290]",0.1670057475566864,2025-04-02-15-05-32/SITE15_ORNT350_VIS1-25mi.png
3,7,"[0.0338, 0.0726, 0.0952, 0.1816, 0.1551, 0.1373, 0.1548, 0.1261, 0.0233, 0.0202]",0.18164964020252228,2025-01-28-16-10-28/SITE117_ORNT165_VIS8mi.png
3,3,"[0.1138, 0.1814, 0.1236, 0.2129, 0.1394, 0.0871, 0.0695, 0.0587, 0.0069, 0.0067]",0.21293309330940247,2024-07-14-16-38-50/SITE194_ORNT145_VIS4mi.png
9,5,"[0.0320, 0.0226, 0.0273, 0.0285, 0.0413, 0.1234, 0.1544, 0.1186, 0.0186, 0.4332]",0.43324220180511475,2024-07-23-10-10-08/SITE739_ORNT340_VIS6mi.png
3,7,"[0.0417, 0.0876, 0.1074, 0.1766, 0.1549, 0.1348, 0.1464, 0.1066, 0.0185, 0.0254]",0.17658962309360504,2024-07-14-16-38-50/SITE239_ORNT202_VIS8mi.png
9,9,"[0.0086, 0.0095, 0.0182, 0.0475, 0.0419, 0.0764, 0.1598, 0.2569, 0.0386, 0.3427]",0.3426574766635895,2025-02-04-15-47-48/SITE581_ORNT250_VIS10+mi.png
3,2,"[0.0663, 0.1084, 0.1230, 0.1652, 0.1388, 0.1295, 0.1166, 0.0950, 0.0146, 0.0426]",0.16519592702388763,2024-05-30-17-47-26/SITE417_ORNT220_VIS3mi.png
0,1,"[0.3514, 0.2415, 0.1195, 0.1216, 0.0685, 0.0405, 0.0189, 0.0304, 0.0030, 0.0047]",0.35138264298439026,2025-01-22-12-38-15/SITE801_ORNT255_VIS2mi.png
0,0,"[0.2785, 0.2433, 0.1239, 0.1600, 0.0863, 0.0467, 0.0268, 0.0293, 0.0030, 0.0023]",0.2784973382949829,2024-05-07-15-42-07/SITE87_ORNT114_VIS1-5mi.png
7,4,"[0.0277, 0.0445, 0.0824, 0.1214, 0.0987, 0.1288, 0.1166, 0.1768, 0.0402, 0.1628]",0.17683276534080505,2025-03-03-11-33-30/SITE411_ORNT280_VIS5mi.png
8,8,"[0.0001, 0.0012, 0.0020, 0.0023, 0.0029, 0.0213, 0.0141, 0.0221, 0.9139, 0.0199]",0.9138643145561218,2024-07-24-16-43-44/SITE464_ORNT90_VIS9mi.png
1,1,"[0.2026, 0.2193, 0.1485, 0.0511, 0.1200, 0.1456, 0.0256, 0.0527, 0.0332, 0.0015]",0.21929065883159637,2025-02-19-12-18-05/SITE424_ORNT0_VIS2mi.png
8,8,"[0.0006, 0.0032, 0.0030, 0.0022, 0.0038, 0.0417, 0.0148, 0.0290, 0.8847, 0.0171]",0.8846644759178162,2025-03-31-13-29-12/SITE366_ORNT95_VIS9mi.png
3,5,"[0.0571, 0.1051, 0.1041, 0.2214, 0.1427, 0.1106, 0.1061, 0.1138, 0.0181, 0.0210]",0.2213590145111084,2024-07-28-11-17-19/SITE12_ORNT270_VIS6mi.png
3,8,"[0.0571, 0.0880, 0.1058, 0.1688, 0.1172, 0.1247, 0.1041, 0.1363, 0.0239, 0.0742]",0.1687847375869751,2025-02-17-14-46-26/SITE76_ORNT60_VIS9mi.png
0,6,"[0.1475, 0.1285, 0.1296, 0.1196, 0.1069, 0.1290, 0.0350, 0.1300, 0.0381, 0.0358]",0.14749790728092194,2025-04-13-19-09-12/SITE43_ORNT190_VIS7mi.png
9,9,"[0.0039, 0.0038, 0.0061, 0.0111, 0.0076, 0.0198, 0.0314, 0.1050, 0.0187, 0.7926]",0.7925584316253662,2025-04-02-15-05-32/SITE573_ORNT345_VIS10+mi.png
6,7,"[0.0179, 0.0190, 0.0278, 0.0505, 0.0751, 0.1565, 0.3227, 0.1992, 0.0266, 0.1047]",0.3226606547832489,2024-07-24-16-43-44/SITE579_ORNT210_VIS8mi.png
8,8,"[0.0021, 0.0261, 0.0154, 0.0209, 0.0197, 0.1063, 0.0682, 0.0279, 0.6919, 0.0215]",0.6918900012969971,2024-09-19-14-23-02/SITE612_ORNT30_VIS9mi.png
9,8,"[0.0781, 0.0959, 0.1005, 0.1261, 0.0819, 0.1047, 0.0631, 0.1565, 0.0263, 0.1670]",0.16697101294994354,2025-02-01-17-30-02/SITE132_ORNT265_VIS9mi.png
7,4,"[0.0203, 0.0211, 0.0259, 0.0453, 0.0589, 0.1147, 0.1534, 0.3232, 0.0342, 0.2030]",0.3232412040233612,2024-06-14-11-11-00/SITE18_ORNT210_VIS5mi.png
3,2,"[0.0505, 0.1085, 0.1006, 0.2163, 0.1670, 0.1154, 0.1220, 0.0941, 0.0154, 0.0104]",0.2162545919418335,2024-08-29-14-11-27/SITE29_ORNT270_VIS3mi.png
2,2,"[0.0991, 0.1231, 0.1465, 0.1311, 0.1446, 0.1377, 0.0773, 0.0879, 0.0202, 0.0325]",0.146514430642128,2025-02-12-14-37-35/SITE837_ORNT310_VIS3mi.png
0,3,"[0.3959, 0.2330, 0.1069, 0.1106, 0.0586, 0.0380, 0.0153, 0.0335, 0.0030, 0.0052]",0.3958977162837982,2025-03-17-19-09-03/SITE725_ORNT180_VIS4mi.png
9,5,"[0.0071, 0.0074, 0.0140, 0.0281, 0.0205, 0.0458, 0.0855, 0.1712, 0.0287, 0.5916]",0.5915722250938416,2024-05-13-18-48-49/SITE203_ORNT335_VIS6mi.png
3,2,"[0.0786, 0.1057, 0.1054, 0.1647, 0.1159, 0.1123, 0.0919, 0.1264, 0.0198, 0.0792]",0.16467870771884918,2025-04-11-14-52-32/SITE94_ORNT280_VIS3mi.png
6,1,"[0.0370, 0.0486, 0.0568, 0.1138, 0.1260, 0.1529, 0.2220, 0.1641, 0.0235, 0.0554]",0.22203409671783447,2024-09-19-14-23-02/SITE13_ORNT10_VIS2mi.png
8,8,"[0.0157, 0.0252, 0.0541, 0.0401, 0.0762, 0.1949, 0.0525, 0.1455, 0.3377, 0.0581]",0.3376917541027069,2024-08-01-13-32-05/SITE353_ORNT135_VIS9mi.png
7,5,"[0.0817, 0.1024, 0.1030, 0.1376, 0.0909, 0.1108, 0.0625, 0.1489, 0.0294, 0.1327]",0.14893107116222382,2025-03-31-15-41-11/SITE178_ORNT300_VIS6mi.png
8,8,"[0.0001, 0.0008, 0.0012, 0.0016, 0.0015, 0.0140, 0.0106, 0.0144, 0.9382, 0.0176]",0.9381569027900696,2024-07-04-13-27-11/SITE528_ORNT235_VIS9mi.png
8,8,"[0.0001, 0.0010, 0.0009, 0.0006, 0.0007, 0.0122, 0.0074, 0.0066, 0.9593, 0.0111]",0.959293782711029,2024-05-07-15-42-07/SITE401_ORNT350_VIS9mi.png
3,6,"[0.0344, 0.0842, 0.0920, 0.2074, 0.1795, 0.1276, 0.1386, 0.1094, 0.0195, 0.0072]",0.20743493735790253,2024-09-08-13-07-06/SITE241_ORNT120_VIS7mi.png
3,0,"[0.1206, 0.1781, 0.1188, 0.2236, 0.1371, 0.0847, 0.0647, 0.0611, 0.0071, 0.0043]",0.22357086837291718,2024-05-07-15-42-07/SITE545_ORNT20_VIS1-25mi.png
9,9,"[0.0049, 0.0070, 0.0191, 0.0414, 0.0230, 0.0451, 0.0946, 0.2026, 0.0425, 0.5198]",0.5197941660881042,2024-12-17-16-15-56/SITE80_ORNT83_VIS10+mi.png
8,8,"[0.0001, 0.0012, 0.0019, 0.0039, 0.0020, 0.0158, 0.0133, 0.0190, 0.9193, 0.0236]",0.919306755065918,2024-10-14-13-08-27/SITE383_ORNT35_VIS9mi.png
3,0,"[0.0648, 0.1029, 0.1207, 0.1492, 0.1336, 0.1306, 0.1183, 0.0999, 0.0162, 0.0638]",0.1491669863462448,2025-02-14-15-24-27/SITE30_ORNT170_VIS1-75mi.png
7,6,"[0.0069, 0.0102, 0.0176, 0.0697, 0.0593, 0.0808, 0.1726, 0.4180, 0.0554, 0.1095]",0.4179893732070923,2024-06-28-13-30-05/SITE19_ORNT260_VIS7mi.png
9,5,"[0.0448, 0.0351, 0.0356, 0.0393, 0.0554, 0.1503, 0.1945, 0.1195, 0.0168, 0.3086]",0.3086076080799103,2025-03-18-13-52-55/SITE22_ORNT285_VIS6mi.png
9,7,"[0.0471, 0.0629, 0.0743, 0.0985, 0.0634, 0.0929, 0.0623, 0.1754, 0.0325, 0.2908]",0.29075831174850464,2025-03-31-13-29-12/SITE14_ORNT240_VIS8mi.png
3,3,"[0.0397, 0.0895, 0.1026, 0.1870, 0.1724, 0.1313, 0.1541, 0.0959, 0.0164, 0.0111]",0.18700072169303894,2024-09-08-16-00-24/SITE177_ORNT200_VIS4mi.png
5,4,"[0.0539, 0.0897, 0.1209, 0.0576, 0.1326, 0.2545, 0.0573, 0.0993, 0.1265, 0.0076]",0.2545335590839386,2025-03-29-15-28-57/SITE322_ORNT180_VIS5mi.png
7,7,"[0.0091, 0.0165, 0.0307, 0.0916, 0.1053, 0.1274, 0.2290, 0.2987, 0.0508, 0.0408]",0.298695832490921,2024-06-01-16-58-02/SITE442_ORNT40_VIS8mi.png
7,7,"[0.0061, 0.0130, 0.0302, 0.0938, 0.0909, 0.1101, 0.2239, 0.3173, 0.0607, 0.0541]",0.31730523705482483,2024-07-18-11-32-15/SITE411_ORNT220_VIS8mi.png
3,2,"[0.0937, 0.1540, 0.1210, 0.2129, 0.1388, 0.0990, 0.0862, 0.0758, 0.0092, 0.0095]",0.21287833154201508,2024-06-13-13-46-47/SITE115_ORNT36_VIS3mi.png
9,9,"[0.0240, 0.0245, 0.0380, 0.0526, 0.0602, 0.1209, 0.1638, 0.1551, 0.0237, 0.3372]",0.33717697858810425,2025-04-02-15-05-32/SITE417_ORNT220_VIS10+mi.png
9,8,"[0.0011, 0.0027, 0.0082, 0.0141, 0.0056, 0.0184, 0.0125, 0.0786, 0.3022, 0.5567]",0.5567302107810974,2024-09-08-16-00-24/SITE358_ORNT290_VIS9mi.png
0,4,"[0.2606, 0.2412, 0.1194, 0.1706, 0.0876, 0.0504, 0.0285, 0.0353, 0.0033, 0.0031]",0.26061055064201355,2024-07-26-10-22-16/SITE13_ORNT10_VIS5mi.png
5,0,"[0.1071, 0.1236, 0.1125, 0.0594, 0.1144, 0.1984, 0.0324, 0.1215, 0.1226, 0.0081]",0.1983712762594223,2024-12-09-12-13-38/SITE508_ORNT315_VIS1-25mi.png
8,2,"[0.0001, 0.0013, 0.0016, 0.0017, 0.0020, 0.0176, 0.0121, 0.0144, 0.9241, 0.0251]",0.924095869064331,2025-04-16-13-54-24/SITE366_ORNT95_VIS3mi.png
5,2,"[0.1058, 0.1019, 0.1289, 0.0928, 0.1185, 0.1753, 0.0353, 0.1279, 0.0838, 0.0299]",0.1752956360578537,2025-02-27-11-22-46/SITE463_ORNT340_VIS3mi.png
7,2,"[0.0254, 0.0510, 0.0726, 0.1867, 0.1310, 0.1201, 0.1436, 0.1868, 0.0357, 0.0472]",0.1867772340774536,2024-08-19-10-27-18/SITE411_ORNT220_VIS3mi.png
5,6,"[0.0816, 0.1009, 0.1129, 0.0581, 0.1196, 0.2164, 0.0370, 0.1203, 0.1406, 0.0125]",0.21640698611736298,2024-12-03-11-18-04/SITE338_ORNT200_VIS7mi.png
7,1,"[0.0562, 0.0759, 0.1031, 0.1258, 0.1012, 0.1303, 0.0751, 0.1557, 0.0388, 0.1380]",0.15571697056293488,2025-04-16-13-54-24/SITE508_ORNT225_VIS2mi.png
3,1,"[0.1025, 0.1383, 0.1272, 0.1652, 0.1199, 0.1118, 0.0758, 0.0985, 0.0149, 0.0458]",0.16517409682273865,2025-04-01-16-59-16/SITE240_ORNT112_VIS2-5mi.png
3,2,"[0.0638, 0.1284, 0.1118, 0.2197, 0.1736, 0.1091, 0.1017, 0.0764, 0.0112, 0.0044]",0.219675213098526,2024-08-11-13-07-09/SITE81_ORNT326_VIS3mi.png
3,1,"[0.1248, 0.1868, 0.1261, 0.2068, 0.1461, 0.0855, 0.0628, 0.0521, 0.0062, 0.0029]",0.2067563235759735,2024-08-30-10-00-55/SITE161_ORNT316_VIS2-5mi.png
0,0,"[0.3530, 0.2262, 0.1056, 0.1271, 0.0635, 0.0449, 0.0181, 0.0484, 0.0044, 0.0088]",0.35304921865463257,2025-01-17-15-10-02/SITE438_ORNT110_VIS1-5mi.png
8,8,"[0.0008, 0.0039, 0.0047, 0.0028, 0.0066, 0.0499, 0.0169, 0.0274, 0.8707, 0.0164]",0.8706811666488647,2025-03-29-15-28-57/SITE377_ORNT200_VIS9mi.png
0,0,"[0.2424, 0.2281, 0.1264, 0.1586, 0.0903, 0.0605, 0.0320, 0.0477, 0.0047, 0.0094]",0.24239949882030487,2025-02-04-15-47-48/SITE801_ORNT255_VIS1mi.png
1,4,"[0.1896, 0.2105, 0.1220, 0.1929, 0.1094, 0.0679, 0.0465, 0.0514, 0.0049, 0.0048]",0.21054834127426147,2024-07-20-15-11-13/SITE234_ORNT260_VIS5mi.png
6,7,"[0.0215, 0.0377, 0.0535, 0.0987, 0.1289, 0.1704, 0.2563, 0.1705, 0.0309, 0.0315]",0.2562931478023529,2024-06-10-14-33-22/SITE411_ORNT280_VIS8mi.png
0,0,"[0.3384, 0.2319, 0.1076, 0.1405, 0.0650, 0.0428, 0.0194, 0.0429, 0.0035, 0.0080]",0.3383554518222809,2025-02-15-16-53-20/SITE547_ORNT260_VIS1mi.png
7,5,"[0.0092, 0.0129, 0.0207, 0.0610, 0.0746, 0.1188, 0.2783, 0.2990, 0.0451, 0.0804]",0.299008309841156,2024-09-07-13-37-18/SITE209_ORNT260_VIS6mi.png
5,2,"[0.0450, 0.0776, 0.1236, 0.1276, 0.1384, 0.1619, 0.1512, 0.1057, 0.0212, 0.0478]",0.1619299352169037,2025-02-05-13-59-56/SITE18_ORNT135_VIS3mi.png
1,6,"[0.1700, 0.2156, 0.1278, 0.1956, 0.1203, 0.0695, 0.0485, 0.0439, 0.0046, 0.0041]",0.21559594571590424,2024-07-25-18-03-52/SITE245_ORNT132_VIS7mi.png
0,8,"[0.1810, 0.1472, 0.1427, 0.0895, 0.1149, 0.1515, 0.0283, 0.0913, 0.0437, 0.0098]",0.18100401759147644,2025-02-16-12-49-10/SITE376_ORNT170_VIS9mi.png
0,2,"[0.2933, 0.2427, 0.1169, 0.1610, 0.0796, 0.0447, 0.0241, 0.0316, 0.0031, 0.0029]",0.2933482229709625,2024-05-27-19-19-47/SITE617_ORNT215_VIS3mi.png
1,2,"[0.1532, 0.1895, 0.1348, 0.1797, 0.1211, 0.0851, 0.0596, 0.0589, 0.0064, 0.0118]",0.18953530490398407,2024-06-01-11-15-19/SITE161_ORNT141_VIS3mi.png
9,1,"[0.0546, 0.0756, 0.1039, 0.1263, 0.1024, 0.1264, 0.0783, 0.1419, 0.0346, 0.1561]",0.15605206787586212,2025-04-01-16-59-16/SITE421_ORNT240_VIS2mi.png
7,3,"[0.0130, 0.0228, 0.0422, 0.1167, 0.1049, 0.1218, 0.1947, 0.2626, 0.0447, 0.0767]",0.26260772347450256,2024-07-29-17-46-25/SITE411_ORNT220_VIS4mi.png
3,3,"[0.0822, 0.1368, 0.1246, 0.1938, 0.1450, 0.1113, 0.0988, 0.0805, 0.0110, 0.0158]",0.19376401603221893,2025-03-02-13-12-40/SITE40_ORNT295_VIS4mi.png
6,0,"[0.0584, 0.0778, 0.1052, 0.1040, 0.1231, 0.1655, 0.1688, 0.1051, 0.0199, 0.0720]",0.16878899931907654,2025-03-06-15-10-58/SITE171_ORNT23_VIS1mi.png
1,1,"[0.1450, 0.2079, 0.1279, 0.2035, 0.1316, 0.0764, 0.0549, 0.0444, 0.0049, 0.0035]",0.20789559185504913,2024-07-28-19-40-21/SITE15_ORNT170_VIS2-5mi.png
6,2,"[0.0158, 0.0310, 0.0480, 0.0805, 0.1178, 0.1868, 0.3112, 0.1650, 0.0282, 0.0156]",0.3112105429172516,2024-07-02-16-22-41/SITE13_ORNT240_VIS3mi.png
8,8,"[0.0002, 0.0017, 0.0017, 0.0040, 0.0017, 0.0141, 0.0124, 0.0136, 0.8546, 0.0961]",0.8546125292778015,2024-08-01-13-32-05/SITE330_ORNT215_VIS9mi.png
8,8,"[0.0000, 0.0012, 0.0011, 0.0037, 0.0008, 0.0082, 0.0096, 0.0086, 0.9157, 0.0511]",0.9157379865646362,2024-06-03-13-44-33/SITE522_ORNT270_VIS9mi.png
0,0,"[0.2964, 0.2435, 0.1212, 0.1500, 0.0818, 0.0454, 0.0256, 0.0303, 0.0031, 0.0029]",0.29637962579727173,2024-07-04-10-22-12/SITE171_ORNT126_VIS1-5mi.png
9,9,"[0.0222, 0.0370, 0.0700, 0.0915, 0.0782, 0.1139, 0.1045, 0.1599, 0.0442, 0.2786]",0.27863019704818726,2024-12-29-16-00-12/SITE595_ORNT100_VIS10+mi.png
6,9,"[0.0123, 0.0171, 0.0288, 0.0633, 0.0880, 0.1464, 0.3045, 0.2356, 0.0347, 0.0692]",0.3044929504394531,2024-10-13-15-24-41/SITE583_ORNT165_VIS10+mi.png
3,4,"[0.0492, 0.1028, 0.0974, 0.2332, 0.1568, 0.1107, 0.1123, 0.1081, 0.0175, 0.0119]",0.23324443399906158,2024-08-01-10-54-34/SITE5_ORNT320_VIS5mi.png
6,7,"[0.0325, 0.0351, 0.0296, 0.0482, 0.0341, 0.1703, 0.3597, 0.1227, 0.0185, 0.1493]",0.35973936319351196,2025-02-05-13-59-56/SITE105_ORNT28_VIS8mi.png
8,7,"[0.0381, 0.0459, 0.0826, 0.0617, 0.0902, 0.1918, 0.0428, 0.1673, 0.2158, 0.0638]",0.2158498764038086,2025-02-27-11-22-46/SITE325_ORNT145_VIS8mi.png
0,0,"[0.3028, 0.2300, 0.1296, 0.1150, 0.0886, 0.0579, 0.0213, 0.0418, 0.0058, 0.0071]",0.3028324842453003,2025-03-31-13-29-12/SITE626_ORNT290_VIS1mi.png
3,7,"[0.0287, 0.0700, 0.0818, 0.1934, 0.1785, 0.1319, 0.1596, 0.1256, 0.0223, 0.0083]",0.1934136301279068,2024-08-01-10-54-34/SITE6_ORNT355_VIS8mi.png
5,3,"[0.0594, 0.0746, 0.1315, 0.1203, 0.1574, 0.1795, 0.0836, 0.1081, 0.0455, 0.0402]",0.17954273521900177,2024-05-11-17-39-19/SITE330_ORNT20_VIS4mi.png
6,7,"[0.0486, 0.0703, 0.0899, 0.0994, 0.1207, 0.1792, 0.2216, 0.1064, 0.0169, 0.0469]",0.22164633870124817,2024-06-13-13-46-47/SITE747_ORNT60_VIS8mi.png
3,0,"[0.1034, 0.1638, 0.1200, 0.2166, 0.1428, 0.0923, 0.0785, 0.0680, 0.0082, 0.0064]",0.21658819913864136,2024-05-03-12-14-06/SITE41_ORNT25_VIS1-25mi.png
0,1,"[0.2679, 0.2452, 0.1244, 0.1621, 0.0892, 0.0484, 0.0278, 0.0296, 0.0030, 0.0023]",0.2679208815097809,2024-08-02-10-36-13/SITE29_ORNT200_VIS2-5mi.png
8,8,"[0.0013, 0.0066, 0.0089, 0.0044, 0.0183, 0.0882, 0.0328, 0.0371, 0.7948, 0.0076]",0.7948192358016968,2024-09-02-17-43-28/SITE362_ORNT25_VIS9mi.png
0,0,"[0.3313, 0.2426, 0.1236, 0.1272, 0.0744, 0.0423, 0.0227, 0.0289, 0.0030, 0.0042]",0.3313084542751312,2025-03-17-19-09-03/SITE186_ORNT12_VIS1-75mi.png
6,6,"[0.0444, 0.0578, 0.0625, 0.1131, 0.1312, 0.1596, 0.2307, 0.1379, 0.0203, 0.0426]",0.23066259920597076,2024-07-23-16-31-18/SITE578_ORNT295_VIS7mi.png
5,5,"[0.0506, 0.0770, 0.1208, 0.1261, 0.1352, 0.1645, 0.1012, 0.1329, 0.0348, 0.0569]",0.1644619107246399,2024-10-06-12-31-10/SITE276_ORNT225_VIS6mi.png
0,2,"[0.3762, 0.2364, 0.1088, 0.1312, 0.0617, 0.0361, 0.0178, 0.0268, 0.0026, 0.0025]",0.376198947429657,2024-07-07-20-11-04/SITE66_ORNT323_VIS3mi.png
8,4,"[0.0084, 0.0190, 0.0268, 0.0160, 0.0298, 0.1154, 0.0364, 0.0883, 0.5645, 0.0953]",0.5644572377204895,2025-01-29-12-01-12/SITE397_ORNT270_VIS5mi.png
3,3,"[0.1241, 0.1927, 0.1281, 0.2097, 0.1448, 0.0829, 0.0608, 0.0483, 0.0058, 0.0030]",0.20965275168418884,2024-07-27-10-27-08/SITE33_ORNT215_VIS4mi.png
8,8,"[0.0022, 0.0086, 0.0171, 0.0123, 0.0385, 0.1483, 0.0593, 0.1072, 0.5965, 0.0101]",0.5964690446853638,2024-05-28-11-05-32/SITE361_ORNT170_VIS9mi.png
0,1,"[0.2677, 0.2422, 0.1207, 0.1674, 0.0864, 0.0494, 0.0276, 0.0328, 0.0031, 0.0026]",0.2677125930786133,2024-07-22-11-13-59/SITE179_ORNT230_VIS2mi.png
0,3,"[0.3919, 0.1980, 0.1156, 0.0863, 0.0712, 0.0560, 0.0115, 0.0529, 0.0104, 0.0061]",0.3918619751930237,2025-01-31-13-49-43/SITE324_ORNT45_VIS4mi.png
8,8,"[0.0002, 0.0019, 0.0029, 0.0049, 0.0030, 0.0176, 0.0146, 0.0198, 0.8443, 0.0909]",0.8442656397819519,2024-08-10-09-44-28/SITE324_ORNT225_VIS9mi.png
3,3,"[0.0766, 0.1421, 0.1117, 0.2344, 0.1470, 0.0984, 0.0876, 0.0818, 0.0113, 0.0091]",0.2344013899564743,2024-06-06-17-01-51/SITE620_ORNT30_VIS4mi.png
9,9,"[0.0128, 0.0177, 0.0340, 0.0487, 0.0371, 0.0692, 0.0681, 0.1582, 0.0387, 0.5156]",0.515613317489624,2025-02-11-14-30-47/SITE544_ORNT58_VIS10+mi.png
7,6,"[0.0193, 0.0376, 0.0545, 0.1624, 0.1268, 0.1213, 0.1603, 0.2350, 0.0409, 0.0419]",0.23499999940395355,2024-10-18-12-30-03/SITE95_ORNT317_VIS7mi.png
8,0,"[0.0003, 0.0027, 0.0018, 0.0012, 0.0025, 0.0316, 0.0151, 0.0134, 0.9243, 0.0071]",0.9242625832557678,2025-02-27-11-22-46/SITE455_ORNT0_VIS1-25mi.png
9,7,"[0.0147, 0.0139, 0.0205, 0.0417, 0.0487, 0.0968, 0.1775, 0.2705, 0.0324, 0.2833]",0.28332531452178955,2024-05-27-19-19-47/SITE168_ORNT285_VIS8mi.png
0,1,"[0.3686, 0.2218, 0.1087, 0.1144, 0.0725, 0.0420, 0.0184, 0.0429, 0.0048, 0.0058]",0.36862245202064514,2025-02-05-13-59-56/SITE43_ORNT190_VIS2mi.png
3,5,"[0.1014, 0.1372, 0.1215, 0.1783, 0.1196, 0.1058, 0.0771, 0.0958, 0.0127, 0.0505]",0.17833063006401062,2024-05-22-13-05-54/SITE13_ORNT240_VIS6mi.png
3,2,"[0.0645, 0.1335, 0.1123, 0.2188, 0.1718, 0.1084, 0.1035, 0.0717, 0.0105, 0.0051]",0.21883204579353333,2024-07-05-10-36-13/SITE420_ORNT170_VIS3mi.png
9,8,"[0.0023, 0.0063, 0.0192, 0.0449, 0.0161, 0.0445, 0.0392, 0.1246, 0.3118, 0.3912]",0.39121660590171814,2024-08-16-20-03-50/SITE328_ORNT0_VIS9mi.png
9,9,"[0.0046, 0.0076, 0.0235, 0.0730, 0.0355, 0.0487, 0.0977, 0.2917, 0.0583, 0.3594]",0.35941359400749207,2025-03-02-11-48-27/SITE831_ORNT125_VIS10+mi.png
8,8,"[0.0094, 0.0161, 0.0372, 0.0333, 0.0539, 0.1634, 0.0505, 0.1621, 0.4012, 0.0730]",0.4011922776699066,2024-10-15-10-59-57/SITE407_ORNT215_VIS9mi.png
3,2,"[0.1510, 0.2007, 0.1243, 0.2062, 0.1301, 0.0743, 0.0544, 0.0498, 0.0055, 0.0037]",0.20617251098155975,2024-08-30-17-21-54/SITE117_ORNT320_VIS3mi.png
7,1,"[0.0096, 0.0226, 0.0412, 0.1306, 0.1299, 0.1288, 0.1980, 0.2672, 0.0510, 0.0210]",0.2672409415245056,2024-06-09-10-51-06/SITE581_ORNT350_VIS2-5mi.png
3,1,"[0.1074, 0.1621, 0.1162, 0.2203, 0.1347, 0.0920, 0.0754, 0.0752, 0.0091, 0.0076]",0.22032295167446136,2024-07-14-16-38-50/SITE178_ORNT300_VIS2mi.png
3,2,"[0.1375, 0.1946, 0.1188, 0.2251, 0.1255, 0.0752, 0.0552, 0.0569, 0.0063, 0.0050]",0.22506938874721527,2024-06-10-10-43-57/SITE411_ORNT135_VIS3mi.png
6,0,"[0.0345, 0.0603, 0.0834, 0.1544, 0.1330, 0.1382, 0.1591, 0.1474, 0.0283, 0.0614]",0.15905755758285522,2024-05-07-15-42-07/SITE43_ORNT10_VIS1-75mi.png
9,9,"[0.0117, 0.0105, 0.0137, 0.0171, 0.0165, 0.0437, 0.0501, 0.1291, 0.0190, 0.6885]",0.6885223388671875,2025-02-15-15-20-00/SITE583_ORNT40_VIS10+mi.png
3,3,"[0.1331, 0.1955, 0.1257, 0.2159, 0.1343, 0.0794, 0.0580, 0.0492, 0.0054, 0.0034]",0.21586889028549194,2024-07-04-13-27-11/SITE420_ORNT275_VIS4mi.png
9,9,"[0.0102, 0.0094, 0.0129, 0.0165, 0.0150, 0.0393, 0.0464, 0.1180, 0.0175, 0.7148]",0.7147754430770874,2024-12-29-16-00-12/SITE818_ORNT95_VIS10+mi.png
7,7,"[0.0239, 0.0295, 0.0350, 0.0637, 0.0707, 0.1160, 0.1389, 0.3272, 0.0394, 0.1556]",0.3272169530391693,2024-07-23-13-08-12/SITE580_ORNT270_VIS8mi.png
6,9,"[0.0086, 0.0166, 0.0227, 0.0593, 0.0240, 0.1026, 0.2745, 0.2143, 0.0393, 0.2382]",0.2745075523853302,2024-10-13-15-24-41/SITE540_ORNT178_VIS10+mi.png
7,3,"[0.0206, 0.0347, 0.0541, 0.1311, 0.1154, 0.1345, 0.1826, 0.2117, 0.0395, 0.0759]",0.21166600286960602,2024-07-25-18-03-52/SITE411_ORNT280_VIS4mi.png
0,0,"[0.2813, 0.2340, 0.1157, 0.1517, 0.0773, 0.0517, 0.0254, 0.0471, 0.0045, 0.0113]",0.2813153862953186,2025-01-17-15-10-02/SITE12_ORNT270_VIS1-25mi.png
7,8,"[0.0099, 0.0127, 0.0282, 0.0743, 0.0654, 0.0935, 0.1949, 0.2755, 0.0405, 0.2051]",0.2755013704299927,2024-12-10-14-08-09/SITE802_ORNT45_VIS9mi.png
1,2,"[0.1901, 0.2258, 0.1264, 0.1870, 0.1083, 0.0664, 0.0422, 0.0441, 0.0046, 0.0051]",0.2257515788078308,2024-07-28-19-40-21/SITE116_ORNT179_VIS3mi.png
0,1,"[0.2130, 0.2023, 0.1259, 0.1559, 0.0955, 0.0734, 0.0375, 0.0702, 0.0078, 0.0184]",0.21299710869789124,2024-05-23-15-19-49/SITE203_ORNT70_VIS2mi.png
9,6,"[0.0302, 0.0425, 0.0624, 0.0896, 0.0728, 0.1065, 0.0956, 0.1512, 0.0320, 0.3171]",0.3170633018016815,2025-03-23-13-51-54/SITE59_ORNT10_VIS7mi.png
9,7,"[0.0224, 0.0255, 0.0340, 0.0354, 0.0330, 0.0726, 0.0609, 0.1317, 0.0256, 0.5589]",0.5589448809623718,2024-05-21-12-02-34/SITE58_ORNT175_VIS8mi.png
0,5,"[0.4614, 0.2260, 0.0996, 0.0948, 0.0473, 0.0286, 0.0116, 0.0244, 0.0026, 0.0037]",0.46143898367881775,2025-01-22-12-38-15/SITE807_ORNT190_VIS6mi.png
3,4,"[0.0415, 0.0871, 0.1081, 0.1785, 0.1582, 0.1354, 0.1487, 0.1037, 0.0175, 0.0214]",0.17851878702640533,2024-05-21-12-02-34/SITE439_ORNT200_VIS5mi.png
3,3,"[0.1620, 0.1718, 0.1199, 0.1770, 0.0993, 0.0851, 0.0490, 0.0922, 0.0108, 0.0329]",0.1769801527261734,2025-01-23-15-05-27/SITE156_ORNT294_VIS4mi.png
3,9,"[0.0677, 0.0972, 0.1141, 0.1537, 0.1230, 0.1268, 0.0976, 0.1284, 0.0223, 0.0693]",0.1536611169576645,2025-02-15-16-53-20/SITE852_ORNT315_VIS10+mi.png
3,3,"[0.1062, 0.1358, 0.1397, 0.1468, 0.1306, 0.1189, 0.0645, 0.0932, 0.0167, 0.0477]",0.14676742255687714,2024-07-20-15-11-13/SITE528_ORNT35_VIS4mi.png
7,2,"[0.0923, 0.1098, 0.1136, 0.1392, 0.1044, 0.1172, 0.0620, 0.1504, 0.0298, 0.0813]",0.1503782719373703,2025-01-17-15-10-02/SITE844_ORNT15_VIS3mi.png
6,3,"[0.0178, 0.0242, 0.0465, 0.0855, 0.0898, 0.1371, 0.2108, 0.2059, 0.0359, 0.1465]",0.21077638864517212,2025-03-01-18-07-41/SITE437_ORNT260_VIS4mi.png
1,2,"[0.1725, 0.2208, 0.1294, 0.1946, 0.1191, 0.0687, 0.0460, 0.0410, 0.0044, 0.0035]",0.22083871066570282,2024-07-27-10-27-08/SITE5_ORNT155_VIS3mi.png
3,2,"[0.1054, 0.1734, 0.1277, 0.2061, 0.1520, 0.0933, 0.0747, 0.0563, 0.0070, 0.0040]",0.20614604651927948,2024-07-27-10-27-08/SITE262_ORNT124_VIS3mi.png
9,4,"[0.0143, 0.0125, 0.0158, 0.0211, 0.0179, 0.0418, 0.0440, 0.1653, 0.0224, 0.6450]",0.6449640393257141,2024-07-07-15-01-32/SITE251_ORNT335_VIS5mi.png
8,4,"[0.0200, 0.0456, 0.0732, 0.0372, 0.1124, 0.2600, 0.0654, 0.1062, 0.2696, 0.0103]",0.2695971727371216,2025-02-04-15-47-48/SITE490_ORNT280_VIS5mi.png
7,7,"[0.0073, 0.0129, 0.0265, 0.0739, 0.0804, 0.1135, 0.2452, 0.3144, 0.0559, 0.0700]",0.3143818974494934,2024-07-24-16-43-44/SITE241_ORNT214_VIS8mi.png
8,8,"[0.0058, 0.0168, 0.0164, 0.0087, 0.0203, 0.1078, 0.0313, 0.0508, 0.6944, 0.0479]",0.6944041848182678,2024-08-31-14-30-34/SITE314_ORNT35_VIS9mi.png
5,1,"[0.0625, 0.0795, 0.1376, 0.0929, 0.1525, 0.2079, 0.0642, 0.1028, 0.0782, 0.0218]",0.20791824162006378,2024-07-29-17-46-25/SITE426_ORNT250_VIS2-25mi.png
7,8,"[0.0119, 0.0200, 0.0441, 0.0866, 0.0822, 0.1258, 0.1832, 0.2333, 0.0487, 0.1644]",0.23333583772182465,2025-02-15-15-20-00/SITE65_ORNT234_VIS9mi.png
3,0,"[0.0741, 0.1016, 0.1118, 0.1604, 0.1205, 0.1209, 0.0966, 0.1294, 0.0203, 0.0645]",0.16036885976791382,2025-03-29-15-28-57/SITE198_ORNT80_VIS1-25mi.png
6,6,"[0.0853, 0.0934, 0.0663, 0.1036, 0.1223, 0.1648, 0.2293, 0.1008, 0.0118, 0.0224]",0.2293453812599182,2024-07-23-10-10-08/SITE578_ORNT295_VIS7mi.png
9,9,"[0.0051, 0.0098, 0.0315, 0.0847, 0.0463, 0.0623, 0.1037, 0.2879, 0.0708, 0.2978]",0.29775744676589966,2025-04-07-16-10-10/SITE164_ORNT68_VIS10+mi.png
3,4,"[0.1076, 0.1352, 0.1232, 0.1377, 0.1317, 0.1297, 0.1147, 0.0798, 0.0105, 0.0299]",0.1376984864473343,2025-04-16-13-54-24/SITE96_ORNT135_VIS5mi.png
3,1,"[0.0924, 0.1522, 0.1220, 0.2052, 0.1377, 0.0992, 0.0867, 0.0778, 0.0105, 0.0162]",0.20523154735565186,2024-05-08-14-34-39/SITE48_ORNT115_VIS2-5mi.png
0,0,"[0.3803, 0.2417, 0.1185, 0.1232, 0.0632, 0.0318, 0.0177, 0.0196, 0.0026, 0.0014]",0.38031354546546936,2024-05-01-16-21-18/SITE91_ORNT195_VIS1mi.png
8,2,"[0.0005, 0.0028, 0.0043, 0.0052, 0.0073, 0.0395, 0.0248, 0.0480, 0.8226, 0.0449]",0.8225749135017395,2025-04-14-19-44-02/SITE407_ORNT215_VIS3mi.png
9,9,"[0.0054, 0.0057, 0.0123, 0.0248, 0.0132, 0.0247, 0.0395, 0.1676, 0.0277, 0.6791]",0.6791332364082336,2025-01-23-15-05-27/SITE616_ORNT0_VIS10+mi.png
9,9,"[0.0086, 0.0098, 0.0190, 0.0437, 0.0383, 0.0807, 0.1987, 0.2462, 0.0343, 0.3208]",0.3208343982696533,2025-03-26-12-24-08/SITE443_ORNT275_VIS10+mi.png
7,5,"[0.0370, 0.0548, 0.0803, 0.1325, 0.0951, 0.1232, 0.0968, 0.1904, 0.0381, 0.1519]",0.1904279887676239,2024-06-05-18-49-24/SITE33_ORNT215_VIS6mi.png
6,3,"[0.0288, 0.0587, 0.0774, 0.1548, 0.1535, 0.1459, 0.1938, 0.1366, 0.0251, 0.0255]",0.19375528395175934,2024-09-08-16-00-24/SITE19_ORNT170_VIS4mi.png
6,3,"[0.0200, 0.0454, 0.0698, 0.1404, 0.1532, 0.1516, 0.2164, 0.1542, 0.0287, 0.0204]",0.21635152399539948,2024-08-01-10-54-34/SITE24_ORNT250_VIS4mi.png
1,1,"[0.1662, 0.2199, 0.1269, 0.2049, 0.1180, 0.0677, 0.0459, 0.0424, 0.0044, 0.0038]",0.21987710893154144,2024-06-13-13-46-47/SITE435_ORNT15_VIS2mi.png
6,7,"[0.0237, 0.0328, 0.0507, 0.1025, 0.1065, 0.1442, 0.2136, 0.1998, 0.0329, 0.0932]",0.21363314986228943,2024-07-28-11-17-19/SITE692_ORNT60_VIS8mi.png
9,9,"[0.0040, 0.0041, 0.0077, 0.0170, 0.0102, 0.0227, 0.0441, 0.1349, 0.0228, 0.7324]",0.7324444055557251,2025-03-29-15-28-57/SITE582_ORNT345_VIS10+mi.png
9,9,"[0.0499, 0.0775, 0.0986, 0.1331, 0.1015, 0.1197, 0.1018, 0.1255, 0.0237, 0.1687]",0.16868659853935242,2025-03-31-13-29-12/SITE871_ORNT260_VIS10+mi.png
0,5,"[0.1893, 0.1735, 0.1301, 0.1557, 0.1176, 0.0804, 0.0732, 0.0629, 0.0075, 0.0097]",0.1893119215965271,2025-02-17-14-46-26/SITE33_ORNT90_VIS6mi.png
3,0,"[0.0822, 0.1203, 0.1251, 0.1588, 0.1250, 0.1203, 0.0938, 0.0959, 0.0153, 0.0632]",0.15881982445716858,2025-02-01-12-44-07/SITE59_ORNT10_VIS1mi.png
8,8,"[0.0029, 0.0127, 0.0174, 0.0134, 0.0338, 0.1150, 0.0560, 0.0539, 0.6641, 0.0309]",0.6640520095825195,2024-06-14-11-11-00/SITE472_ORNT95_VIS9mi.png
6,5,"[0.0236, 0.0363, 0.0388, 0.0849, 0.1293, 0.1737, 0.2982, 0.1728, 0.0240, 0.0184]",0.2982257902622223,2024-06-16-15-28-51/SITE19_ORNT170_VIS6mi.png
9,9,"[0.0561, 0.0734, 0.0855, 0.1325, 0.0760, 0.0992, 0.0651, 0.1686, 0.0306, 0.2131]",0.21307732164859772,2025-04-13-19-09-12/SITE446_ORNT165_VIS10+mi.png
7,5,"[0.0088, 0.0115, 0.0265, 0.0665, 0.0558, 0.0876, 0.2022, 0.2923, 0.0417, 0.2071]",0.29234549403190613,2024-07-24-16-43-44/SITE719_ORNT300_VIS6mi.png
4,4,"[0.0389, 0.0851, 0.1001, 0.1707, 0.1742, 0.1406, 0.1655, 0.0989, 0.0174, 0.0086]",0.17421294748783112,2024-07-29-16-41-43/SITE127_ORNT272_VIS5mi.png
0,2,"[0.2424, 0.2364, 0.1167, 0.1879, 0.0880, 0.0522, 0.0290, 0.0402, 0.0037, 0.0037]",0.24237415194511414,2024-07-25-10-00-39/SITE620_ORNT150_VIS3mi.png
0,1,"[0.3099, 0.2242, 0.1137, 0.1262, 0.0782, 0.0517, 0.0218, 0.0571, 0.0058, 0.0113]",0.30990344285964966,2025-04-02-15-05-32/SITE169_ORNT57_VIS2mi.png
6,8,"[0.0374, 0.0486, 0.0763, 0.0855, 0.1048, 0.1683, 0.2121, 0.1252, 0.0197, 0.1221]",0.21213071048259735,2025-02-11-14-30-47/SITE98_ORNT80_VIS9mi.png
3,1,"[0.1244, 0.1678, 0.1281, 0.1906, 0.1279, 0.0912, 0.0729, 0.0722, 0.0086, 0.0163]",0.1906343400478363,2025-03-01-18-07-41/SITE86_ORNT321_VIS2-5mi.png
9,6,"[0.0023, 0.0029, 0.0058, 0.0134, 0.0061, 0.0145, 0.0287, 0.1138, 0.0249, 0.7876]",0.787568211555481,2025-03-31-15-41-11/SITE818_ORNT40_VIS7mi.png
3,3,"[0.1234, 0.1388, 0.1131, 0.1492, 0.0909, 0.0968, 0.0518, 0.1216, 0.0194, 0.0950]",0.1492045372724533,2025-03-04-14-20-15/SITE629_ORNT125_VIS4mi.png
7,7,"[0.0094, 0.0182, 0.0451, 0.1004, 0.0841, 0.1159, 0.1533, 0.2779, 0.0614, 0.1343]",0.27790161967277527,2025-04-10-17-56-44/SITE215_ORNT130_VIS8mi.png
1,4,"[0.2327, 0.2396, 0.1267, 0.1784, 0.0972, 0.0543, 0.0319, 0.0334, 0.0033, 0.0026]",0.23959054052829742,2024-08-01-10-54-34/SITE5_ORNT155_VIS5mi.png
6,3,"[0.0378, 0.0619, 0.0998, 0.1334, 0.1207, 0.1351, 0.1412, 0.1259, 0.0239, 0.1202]",0.14121411740779877,2025-04-07-16-10-10/SITE160_ORNT176_VIS4mi.png
0,1,"[0.3896, 0.2405, 0.1198, 0.1144, 0.0635, 0.0308, 0.0184, 0.0186, 0.0027, 0.0016]",0.38963818550109863,2024-08-15-16-44-48/SITE437_ORNT340_VIS2-5mi.png
3,7,"[0.0238, 0.0587, 0.0858, 0.1755, 0.1643, 0.1381, 0.1753, 0.1355, 0.0258, 0.0173]",0.17548300325870514,2024-06-07-15-28-05/SITE98_ORNT245_VIS8mi.png
3,2,"[0.1433, 0.1854, 0.1176, 0.2069, 0.1097, 0.0806, 0.0532, 0.0768, 0.0088, 0.0177]",0.20692600309848785,2024-10-05-11-04-16/SITE595_ORNT270_VIS3mi.png
8,8,"[0.0002, 0.0016, 0.0027, 0.0019, 0.0030, 0.0233, 0.0116, 0.0203, 0.9171, 0.0183]",0.9170946478843689,2024-06-14-11-11-00/SITE528_ORNT310_VIS9mi.png
0,1,"[0.1670, 0.1497, 0.1503, 0.0924, 0.1250, 0.1526, 0.0321, 0.0815, 0.0403, 0.0092]",0.16695857048034668,2025-02-12-14-37-35/SITE322_ORNT180_VIS2-25mi.png
9,5,"[0.0156, 0.0217, 0.0331, 0.0410, 0.0248, 0.0531, 0.0377, 0.1826, 0.0386, 0.5517]",0.5516929030418396,2025-02-19-12-18-05/SITE564_ORNT18_VIS6mi.png
1,1,"[0.1465, 0.1852, 0.1286, 0.1760, 0.1157, 0.0867, 0.0593, 0.0694, 0.0086, 0.0240]",0.18518765270709991,2025-04-11-14-52-32/SITE96_ORNT233_VIS2mi.png
6,5,"[0.0243, 0.0605, 0.0814, 0.1622, 0.1789, 0.1454, 0.1881, 0.1280, 0.0223, 0.0090]",0.1880728304386139,2024-07-29-17-46-25/SITE127_ORNT30_VIS6mi.png
5,2,"[0.0342, 0.0589, 0.0752, 0.0397, 0.0978, 0.2610, 0.0464, 0.1237, 0.2546, 0.0086]",0.2609785199165344,2025-02-11-14-30-47/SITE324_ORNT115_VIS3mi.png
6,6,"[0.0392, 0.0320, 0.0278, 0.0359, 0.0491, 0.1960, 0.3967, 0.1007, 0.0117, 0.1110]",0.3966520130634308,2025-03-23-13-51-54/SITE17_ORNT340_VIS7mi.png
3,4,"[0.0272, 0.0657, 0.0882, 0.1890, 0.1671, 0.1365, 0.1622, 0.1296, 0.0238, 0.0107]",0.1889575868844986,2024-08-31-14-30-34/SITE251_ORNT140_VIS5mi.png
9,2,"[0.0223, 0.0361, 0.0693, 0.1061, 0.0896, 0.1216, 0.1290, 0.1667, 0.0360, 0.2234]",0.22343960404396057,2025-02-14-15-24-27/SITE100_ORNT210_VIS3mi.png
9,8,"[0.0208, 0.0369, 0.0711, 0.1086, 0.0881, 0.1256, 0.1324, 0.1702, 0.0411, 0.2052]",0.2052355259656906,2025-01-26-13-23-03/SITE834_ORNT220_VIS9mi.png
5,8,"[0.0729, 0.0888, 0.1103, 0.0663, 0.1149, 0.2040, 0.0383, 0.1242, 0.1524, 0.0278]",0.2039547860622406,2025-04-13-19-09-12/SITE477_ORNT240_VIS9mi.png
3,4,"[0.0765, 0.1349, 0.1150, 0.1791, 0.1642, 0.1172, 0.1212, 0.0745, 0.0104, 0.0070]",0.17910781502723694,2024-07-01-19-28-49/SITE234_ORNT350_VIS5mi.png
9,3,"[0.0190, 0.0141, 0.0183, 0.0303, 0.0406, 0.0994, 0.1943, 0.2124, 0.0217, 0.3498]",0.3498430550098419,2024-08-19-19-34-52/SITE577_ORNT210_VIS4mi.png
3,3,"[0.0838, 0.1537, 0.1189, 0.2050, 0.1687, 0.1019, 0.0921, 0.0632, 0.0086, 0.0040]",0.2049928605556488,2024-05-14-16-18-20/SITE41_ORNT235_VIS4mi.png
0,5,"[0.2434, 0.2045, 0.1184, 0.1479, 0.0883, 0.0667, 0.0308, 0.0750, 0.0081, 0.0168]",0.24336735904216766,2025-02-14-15-24-27/SITE821_ORNT225_VIS6mi.png
1,0,"[0.2296, 0.2344, 0.1257, 0.1729, 0.0972, 0.0582, 0.0346, 0.0393, 0.0038, 0.0042]",0.23439371585845947,2024-07-02-16-22-41/SITE198_ORNT248_VIS1-75mi.png
6,9,"[0.0128, 0.0152, 0.0235, 0.0595, 0.0778, 0.1303, 0.2881, 0.2643, 0.0350, 0.0936]",0.28808408975601196,2024-10-14-13-08-27/SITE59_ORNT10_VIS10+mi.png
3,2,"[0.1286, 0.1798, 0.1190, 0.2119, 0.1205, 0.0834, 0.0615, 0.0738, 0.0084, 0.0131]",0.21191547811031342,2024-10-10-15-17-15/SITE193_ORNT240_VIS3mi.png
3,3,"[0.1366, 0.2000, 0.1275, 0.2056, 0.1371, 0.0792, 0.0577, 0.0475, 0.0054, 0.0034]",0.20559468865394592,2024-07-26-10-22-16/SITE240_ORNT48_VIS4mi.png
6,6,"[0.0110, 0.0191, 0.0358, 0.0767, 0.1042, 0.1544, 0.2818, 0.2314, 0.0404, 0.0453]",0.28178006410598755,2024-07-02-10-19-43/SITE411_ORNT75_VIS7mi.png
9,9,"[0.0092, 0.0096, 0.0176, 0.0270, 0.0251, 0.0578, 0.0872, 0.1458, 0.0257, 0.5949]",0.5948728322982788,2025-03-18-13-52-55/SITE66_ORNT95_VIS10+mi.png
7,3,"[0.0166, 0.0357, 0.0750, 0.1260, 0.1196, 0.1453, 0.1781, 0.1810, 0.0420, 0.0806]",0.18100965023040771,2025-01-26-15-53-06/SITE7_ORNT55_VIS4mi.png
7,5,"[0.0130, 0.0229, 0.0421, 0.1105, 0.0924, 0.1138, 0.1706, 0.2873, 0.0481, 0.0994]",0.2872636020183563,2024-06-29-15-18-41/SITE19_ORNT60_VIS6mi.png
6,7,"[0.0234, 0.0551, 0.0775, 0.1686, 0.1646, 0.1398, 0.1748, 0.1513, 0.0281, 0.0169]",0.1748124212026596,2024-05-08-14-34-39/SITE25_ORNT150_VIS8mi.png
9,3,"[0.0224, 0.0306, 0.0453, 0.0540, 0.0383, 0.0667, 0.0472, 0.1600, 0.0352, 0.5002]",0.5002349019050598,2025-04-11-14-52-32/SITE215_ORNT330_VIS4mi.png
0,3,"[0.2440, 0.2353, 0.1206, 0.1771, 0.0924, 0.0529, 0.0319, 0.0386, 0.0036, 0.0036]",0.24399197101593018,2024-07-07-15-01-32/SITE179_ORNT185_VIS4mi.png
0,1,"[0.3344, 0.2392, 0.1213, 0.1394, 0.0754, 0.0375, 0.0230, 0.0246, 0.0030, 0.0021]",0.3343648612499237,2024-07-27-10-27-08/SITE132_ORNT305_VIS2mi.png
7,7,"[0.0120, 0.0266, 0.0527, 0.1370, 0.1253, 0.1300, 0.1911, 0.2336, 0.0506, 0.0410]",0.23363518714904785,2024-08-01-10-54-34/SITE240_ORNT48_VIS8mi.png
6,6,"[0.0357, 0.0407, 0.0353, 0.0589, 0.0869, 0.1943, 0.3740, 0.1228, 0.0165, 0.0347]",0.37402817606925964,2024-05-03-12-14-06/SITE760_ORNT140_VIS7mi.png
3,1,"[0.1347, 0.1618, 0.1265, 0.1697, 0.1093, 0.0940, 0.0598, 0.0876, 0.0115, 0.0450]",0.16969183087348938,2025-03-02-13-12-40/SITE171_ORNT315_VIS2mi.png
6,2,"[0.0450, 0.0621, 0.0867, 0.1060, 0.1114, 0.1507, 0.1661, 0.1204, 0.0203, 0.1313]",0.16608159244060516,2025-04-02-15-05-32/SITE86_ORNT239_VIS3mi.png
2,1,"[0.1384, 0.1355, 0.1599, 0.1166, 0.1514, 0.1389, 0.0443, 0.0697, 0.0290, 0.0163]",0.15987135469913483,2024-07-22-11-13-59/SITE330_ORNT20_VIS2-5mi.png
9,6,"[0.0065, 0.0082, 0.0168, 0.0300, 0.0205, 0.0412, 0.0562, 0.1495, 0.0287, 0.6423]",0.6423317193984985,2025-03-31-15-41-11/SITE59_ORNT333_VIS7mi.png
6,7,"[0.0227, 0.0441, 0.0564, 0.1215, 0.1587, 0.1573, 0.2355, 0.1638, 0.0264, 0.0135]",0.23552820086479187,2024-10-06-17-04-59/SITE215_ORNT40_VIS8mi.png
7,2,"[0.0283, 0.0486, 0.0742, 0.1415, 0.1272, 0.1367, 0.1665, 0.1745, 0.0342, 0.0684]",0.17450805008411407,2024-04-30-13-21-52/SITE13_ORNT10_VIS3mi.png
3,6,"[0.0936, 0.1224, 0.1125, 0.1590, 0.1066, 0.1065, 0.0762, 0.1099, 0.0170, 0.0964]",0.15901438891887665,2025-01-26-15-53-06/SITE834_ORNT15_VIS7mi.png
4,3,"[0.0287, 0.0736, 0.0923, 0.1761, 0.1869, 0.1403, 0.1661, 0.1098, 0.0199, 0.0062]",0.1869359314441681,2024-07-04-10-22-12/SITE239_ORNT30_VIS4mi.png
0,7,"[0.2552, 0.2282, 0.1385, 0.1321, 0.0951, 0.0618, 0.0383, 0.0389, 0.0043, 0.0076]",0.25516432523727417,2025-03-29-15-28-57/SITE802_ORNT235_VIS8mi.png
8,8,"[0.0001, 0.0011, 0.0018, 0.0025, 0.0015, 0.0110, 0.0096, 0.0122, 0.9118, 0.0483]",0.9118229746818542,2024-07-02-10-19-43/SITE353_ORNT245_VIS9mi.png
7,9,"[0.0105, 0.0194, 0.0405, 0.1060, 0.1021, 0.1249, 0.1990, 0.2723, 0.0523, 0.0731]",0.27233797311782837,2024-12-10-14-08-09/SITE786_ORNT255_VIS10+mi.png
1,7,"[0.1577, 0.2094, 0.1280, 0.1906, 0.1313, 0.0755, 0.0545, 0.0445, 0.0051, 0.0034]",0.20944331586360931,2024-07-26-10-22-16/SITE443_ORNT275_VIS8mi.png
9,9,"[0.0039, 0.0037, 0.0057, 0.0095, 0.0058, 0.0154, 0.0207, 0.0932, 0.0179, 0.8242]",0.8241971135139465,2025-03-02-11-48-27/SITE692_ORNT335_VIS10+mi.png
8,9,"[0.0009, 0.0042, 0.0053, 0.0052, 0.0096, 0.0561, 0.0268, 0.0474, 0.8145, 0.0300]",0.8145321607589722,2025-03-26-12-24-08/SITE467_ORNT225_VIS15mi.png
3,1,"[0.0968, 0.1356, 0.1247, 0.1755, 0.1231, 0.1095, 0.0858, 0.0919, 0.0126, 0.0444]",0.17552950978279114,2025-02-01-17-30-02/SITE212_ORNT170_VIS2-5mi.png
9,9,"[0.0125, 0.0125, 0.0157, 0.0174, 0.0150, 0.0379, 0.0323, 0.1097, 0.0198, 0.7272]",0.7271755933761597,2024-07-20-15-11-13/SITE430_ORNT255_VIS15mi.png
9,6,"[0.0106, 0.0092, 0.0133, 0.0315, 0.0346, 0.0696, 0.1522, 0.2879, 0.0306, 0.3604]",0.36042922735214233,2024-07-24-16-43-44/SITE14_ORNT195_VIS7mi.png
1,4,"[0.1744, 0.2100, 0.1364, 0.1728, 0.1254, 0.0771, 0.0545, 0.0412, 0.0050, 0.0032]",0.2100265920162201,2024-08-18-13-20-24/SITE435_ORNT15_VIS5mi.png
3,2,"[0.0839, 0.1125, 0.1241, 0.1541, 0.1241, 0.1267, 0.0871, 0.1180, 0.0208, 0.0488]",0.15409132838249207,2024-12-24-15-14-57/SITE438_ORNT290_VIS3mi.png
3,0,"[0.1095, 0.1698, 0.1215, 0.2141, 0.1467, 0.0897, 0.0738, 0.0627, 0.0075, 0.0046]",0.21414753794670105,2024-06-30-10-21-08/SITE7_ORNT55_VIS1-25mi.png
3,7,"[0.1434, 0.1787, 0.1234, 0.1915, 0.1137, 0.0829, 0.0596, 0.0746, 0.0087, 0.0235]",0.19151221215724945,2024-06-15-14-23-40/SITE593_ORNT160_VIS8mi.png
3,1,"[0.0897, 0.1558, 0.1175, 0.2256, 0.1490, 0.0957, 0.0838, 0.0686, 0.0083, 0.0061]",0.22556103765964508,2024-05-07-15-42-07/SITE40_ORNT295_VIS2mi.png
7,7,"[0.0105, 0.0204, 0.0454, 0.1180, 0.0986, 0.1172, 0.1826, 0.2670, 0.0534, 0.0869]",0.2669508755207062,2024-06-17-10-37-40/SITE683_ORNT180_VIS8mi.png
6,0,"[0.0464, 0.0870, 0.0952, 0.1566, 0.1598, 0.1458, 0.1706, 0.1036, 0.0179, 0.0170]",0.17063939571380615,2024-07-28-13-48-26/SITE73_ORNT20_VIS1-25mi.png
9,7,"[0.0266, 0.0405, 0.0727, 0.1031, 0.0733, 0.1016, 0.0880, 0.1532, 0.0399, 0.3012]",0.30120766162872314,2024-05-21-12-02-34/SITE545_ORNT95_VIS8mi.png
3,2,"[0.0707, 0.1153, 0.1259, 0.1680, 0.1385, 0.1248, 0.1138, 0.0900, 0.0131, 0.0400]",0.1679990291595459,2025-02-11-14-30-47/SITE41_ORNT170_VIS3mi.png
7,4,"[0.0285, 0.0456, 0.0609, 0.1239, 0.1212, 0.1358, 0.1703, 0.2136, 0.0341, 0.0662]",0.2135777473449707,2024-06-10-10-43-57/SITE84_ORNT43_VIS5mi.png
7,7,"[0.0338, 0.0534, 0.0801, 0.1467, 0.0921, 0.1133, 0.1068, 0.1757, 0.0333, 0.1648]",0.17567278444766998,2025-03-17-19-09-03/SITE25_ORNT150_VIS8mi.png
5,8,"[0.0348, 0.0513, 0.1106, 0.1017, 0.1291, 0.1790, 0.0860, 0.1417, 0.0715, 0.0943]",0.1790190488100052,2024-08-16-20-03-50/SITE301_ORNT343_VIS9mi.png
9,9,"[0.0032, 0.0077, 0.0325, 0.0748, 0.0303, 0.0411, 0.0593, 0.2412, 0.0862, 0.4237]",0.4236675798892975,2025-01-15-12-14-16/SITE601_ORNT180_VIS10+mi.png
3,6,"[0.1119, 0.1313, 0.1105, 0.1570, 0.0915, 0.0978, 0.0588, 0.1213, 0.0189, 0.1010]",0.15703828632831573,2025-03-15-15-41-34/SITE735_ORNT0_VIS7mi.png
1,3,"[0.1671, 0.1848, 0.1346, 0.1602, 0.1128, 0.0899, 0.0524, 0.0733, 0.0089, 0.0162]",0.1847831755876541,2024-05-22-13-05-54/SITE205_ORNT100_VIS4mi.png
7,5,"[0.0472, 0.0492, 0.0497, 0.0668, 0.0835, 0.1400, 0.1527, 0.2097, 0.0244, 0.1766]",0.20970824360847473,2024-10-06-17-04-59/SITE593_ORNT110_VIS6mi.png
0,0,"[0.2697, 0.2286, 0.1128, 0.1733, 0.0786, 0.0512, 0.0269, 0.0481, 0.0040, 0.0067]",0.269686758518219,2025-02-01-12-44-07/SITE721_ORNT320_VIS1-25mi.png
9,8,"[0.0023, 0.0050, 0.0197, 0.0364, 0.0234, 0.0540, 0.0406, 0.2395, 0.2812, 0.2978]",0.29781264066696167,2024-06-10-14-33-22/SITE377_ORNT110_VIS9mi.png
1,1,"[0.1601, 0.1947, 0.1317, 0.1706, 0.1240, 0.0830, 0.0642, 0.0558, 0.0064, 0.0096]",0.1946772336959839,2024-07-02-10-19-43/SITE747_ORNT315_VIS2-5mi.png
8,8,"[0.0006, 0.0038, 0.0030, 0.0015, 0.0041, 0.0492, 0.0157, 0.0198, 0.8982, 0.0041]",0.8981948494911194,2025-02-11-14-30-47/SITE355_ORNT130_VIS9mi.png
6,6,"[0.0119, 0.0182, 0.0265, 0.0615, 0.0994, 0.1599, 0.3250, 0.2311, 0.0354, 0.0312]",0.3250109553337097,2024-09-08-16-00-24/SITE581_ORNT250_VIS7mi.png
8,8,"[0.0077, 0.0188, 0.0342, 0.0179, 0.0515, 0.1697, 0.0444, 0.0929, 0.5290, 0.0339]",0.5289602875709534,2024-09-18-18-13-42/SITE462_ORNT80_VIS9mi.png
1,4,"[0.1313, 0.1373, 0.1353, 0.1351, 0.1186, 0.1222, 0.0498, 0.1095, 0.0221, 0.0388]",0.1372893899679184,2025-01-15-12-14-16/SITE358_ORNT290_VIS5mi.png
0,3,"[0.1622, 0.1465, 0.1522, 0.1159, 0.1364, 0.1298, 0.0430, 0.0692, 0.0266, 0.0182]",0.16224409639835358,2024-09-08-13-07-06/SITE330_ORNT20_VIS4mi.png
9,7,"[0.0377, 0.0502, 0.0677, 0.0756, 0.0587, 0.0892, 0.0604, 0.1538, 0.0315, 0.3751]",0.3751266598701477,2025-01-28-16-10-28/SITE241_ORNT214_VIS8mi.png
9,1,"[0.0220, 0.0294, 0.0719, 0.0776, 0.0796, 0.1346, 0.0615, 0.1870, 0.1187, 0.2177]",0.21772755682468414,2024-08-16-20-03-50/SITE522_ORNT90_VIS2mi.png
5,4,"[0.0896, 0.0939, 0.1282, 0.1095, 0.1246, 0.1714, 0.0439, 0.1283, 0.0727, 0.0379]",0.1713966578245163,2024-09-18-18-13-42/SITE474_ORNT270_VIS5mi.png
1,2,"[0.1757, 0.2116, 0.1204, 0.1987, 0.1099, 0.0685, 0.0461, 0.0555, 0.0057, 0.0080]",0.2115965485572815,2024-06-09-10-51-06/SITE179_ORNT185_VIS3mi.png
6,3,"[0.0163, 0.0303, 0.0502, 0.1078, 0.1272, 0.1537, 0.2403, 0.1993, 0.0362, 0.0387]",0.24028271436691284,2024-10-11-15-41-13/SITE75_ORNT170_VIS4mi.png
3,2,"[0.0347, 0.0853, 0.0957, 0.1995, 0.1840, 0.1291, 0.1436, 0.1043, 0.0176, 0.0062]",0.19950896501541138,2024-07-29-16-41-43/SITE229_ORNT18_VIS3mi.png
9,6,"[0.0330, 0.0546, 0.0855, 0.1279, 0.1001, 0.1270, 0.1132, 0.1528, 0.0336, 0.1723]",0.17227980494499207,2024-06-06-10-38-22/SITE156_ORNT294_VIS7mi.png
7,6,"[0.0285, 0.0446, 0.0828, 0.1219, 0.0971, 0.1263, 0.1057, 0.1808, 0.0428, 0.1696]",0.18082931637763977,2025-02-15-16-53-20/SITE538_ORNT192_VIS7mi.png
3,4,"[0.0476, 0.0931, 0.1003, 0.1973, 0.1505, 0.1234, 0.1291, 0.1149, 0.0204, 0.0234]",0.19727052748203278,2024-07-26-10-22-16/SITE259_ORNT59_VIS5mi.png
8,8,"[0.0028, 0.0086, 0.0116, 0.0095, 0.0153, 0.0671, 0.0279, 0.0424, 0.6995, 0.1153]",0.6994771361351013,2024-06-22-15-38-49/SITE477_ORNT160_VIS9mi.png
0,0,"[0.2269, 0.2036, 0.1206, 0.1598, 0.0903, 0.0695, 0.0358, 0.0710, 0.0071, 0.0154]",0.22687004506587982,2025-03-06-15-10-58/SITE194_ORNT194_VIS1-5mi.png
3,2,"[0.0859, 0.1447, 0.1169, 0.2174, 0.1408, 0.1004, 0.0890, 0.0826, 0.0110, 0.0112]",0.2174212783575058,2024-07-14-13-28-24/SITE7_ORNT221_VIS3mi.png
6,4,"[0.0296, 0.0579, 0.0839, 0.1626, 0.1356, 0.1346, 0.1631, 0.1494, 0.0294, 0.0539]",0.1631045937538147,2025-02-11-14-30-47/SITE578_ORNT185_VIS5mi.png
0,0,"[0.3046, 0.2463, 0.1267, 0.1406, 0.0840, 0.0434, 0.0255, 0.0241, 0.0031, 0.0018]",0.3045554757118225,2024-08-02-10-36-13/SITE215_ORNT40_VIS1-75mi.png
9,0,"[0.0227, 0.0394, 0.0969, 0.0984, 0.0975, 0.1462, 0.1371, 0.1466, 0.0455, 0.1695]",0.16951610147953033,2025-02-02-12-13-03/SITE831_ORNT0_VIS1mi.png
7,6,"[0.0111, 0.0175, 0.0405, 0.0879, 0.0832, 0.1159, 0.2221, 0.2495, 0.0417, 0.1306]",0.24950014054775238,2024-07-28-11-17-19/SITE557_ORNT291_VIS7mi.png
9,7,"[0.0109, 0.0162, 0.0246, 0.0442, 0.0245, 0.1000, 0.2179, 0.1714, 0.0292, 0.3611]",0.3611064553260803,2025-01-17-15-10-02/SITE569_ORNT276_VIS8mi.png
7,9,"[0.0079, 0.0171, 0.0403, 0.0989, 0.1052, 0.1303, 0.2138, 0.2742, 0.0578, 0.0548]",0.274162232875824,2025-03-02-13-12-40/SITE177_ORNT260_VIS10+mi.png
9,6,"[0.0259, 0.0416, 0.0806, 0.1039, 0.0936, 0.1190, 0.1101, 0.1486, 0.0374, 0.2392]",0.23924411833286285,2024-12-20-15-16-09/SITE760_ORNT310_VIS7mi.png
3,2,"[0.0511, 0.0781, 0.1038, 0.1520, 0.1165, 0.1265, 0.1111, 0.1321, 0.0238, 0.1050]",0.15201784670352936,2025-02-14-15-24-27/SITE50_ORNT103_VIS3mi.png
6,7,"[0.0210, 0.0252, 0.0306, 0.0495, 0.0821, 0.1875, 0.3720, 0.1599, 0.0218, 0.0504]",0.37203601002693176,2024-08-18-19-28-16/SITE272_ORNT67_VIS8mi.png
1,1,"[0.1929, 0.2106, 0.1416, 0.1522, 0.1129, 0.0763, 0.0511, 0.0479, 0.0049, 0.0095]",0.21060118079185486,2025-04-01-16-59-16/SITE69_ORNT315_VIS2mi.png
7,7,"[0.0601, 0.0683, 0.0976, 0.0956, 0.0890, 0.1670, 0.0501, 0.1910, 0.0952, 0.0860]",0.19101522862911224,2024-06-01-16-58-02/SITE455_ORNT0_VIS8mi.png
3,2,"[0.0767, 0.1499, 0.1176, 0.2231, 0.1683, 0.1007, 0.0879, 0.0634, 0.0084, 0.0039]",0.22310149669647217,2024-07-05-14-33-31/SITE65_ORNT290_VIS3mi.png
9,9,"[0.0052, 0.0049, 0.0071, 0.0118, 0.0087, 0.0239, 0.0372, 0.0982, 0.0189, 0.7841]",0.7841426730155945,2025-04-02-15-05-32/SITE575_ORNT85_VIS10+mi.png
0,1,"[0.3497, 0.2279, 0.1065, 0.1336, 0.0638, 0.0428, 0.0183, 0.0456, 0.0038, 0.0079]",0.34971630573272705,2025-01-17-15-10-02/SITE852_ORNT135_VIS2mi.png
7,3,"[0.0110, 0.0152, 0.0249, 0.0674, 0.0621, 0.0941, 0.1609, 0.3602, 0.0458, 0.1585]",0.36015185713768005,2024-07-07-15-01-32/SITE19_ORNT260_VIS4mi.png
6,2,"[0.0272, 0.0389, 0.0633, 0.1087, 0.1057, 0.1401, 0.1841, 0.1718, 0.0291, 0.1311]",0.1840861737728119,2025-01-17-15-10-02/SITE268_ORNT355_VIS3mi.png
9,6,"[0.0382, 0.0570, 0.0824, 0.1044, 0.0813, 0.1091, 0.0875, 0.1352, 0.0318, 0.2731]",0.2731293737888336,2025-03-26-14-35-40/SITE5_ORNT155_VIS7mi.png
9,7,"[0.0258, 0.0223, 0.0274, 0.0260, 0.0335, 0.0876, 0.0955, 0.1226, 0.0168, 0.5426]",0.5425503253936768,2025-01-26-15-53-06/SITE18_ORNT5_VIS8mi.png
3,2,"[0.1047, 0.1689, 0.1154, 0.2304, 0.1415, 0.0868, 0.0718, 0.0669, 0.0079, 0.0057]",0.23037251830101013,2024-08-29-14-11-27/SITE29_ORNT200_VIS3mi.png
3,1,"[0.1106, 0.1649, 0.1342, 0.1848, 0.1361, 0.0990, 0.0796, 0.0664, 0.0080, 0.0163]",0.1848449856042862,2025-02-17-14-46-26/SITE244_ORNT3_VIS2mi.png
8,8,"[0.0003, 0.0017, 0.0029, 0.0036, 0.0031, 0.0240, 0.0137, 0.0401, 0.8462, 0.0645]",0.8461551070213318,2024-08-02-20-27-22/SITE424_ORNT180_VIS9mi.png
1,1,"[0.1710, 0.2168, 0.1284, 0.1950, 0.1192, 0.0700, 0.0478, 0.0436, 0.0046, 0.0036]",0.2167973667383194,2024-08-15-16-44-48/SITE53_ORNT223_VIS2mi.png
3,7,"[0.0348, 0.0661, 0.0933, 0.1751, 0.1356, 0.1336, 0.1387, 0.1486, 0.0277, 0.0465]",0.1751089096069336,2024-09-15-16-06-51/SITE446_ORNT101_VIS8mi.png
3,1,"[0.0303, 0.0764, 0.0949, 0.1908, 0.1810, 0.1333, 0.1594, 0.1073, 0.0189, 0.0078]",0.19077371060848236,2024-08-11-09-28-59/SITE411_ORNT75_VIS2-5mi.png
6,8,"[0.0296, 0.0345, 0.0439, 0.0638, 0.0957, 0.1841, 0.3215, 0.1450, 0.0197, 0.0621]",0.32151463627815247,2024-09-02-17-43-28/SITE593_ORNT110_VIS9mi.png
3,5,"[0.0715, 0.0960, 0.1018, 0.1617, 0.1049, 0.1126, 0.0853, 0.1431, 0.0219, 0.1011]",0.16173307597637177,2025-03-02-13-12-40/SITE207_ORNT75_VIS6mi.png
3,9,"[0.0612, 0.1174, 0.1066, 0.2205, 0.1550, 0.1107, 0.1083, 0.0959, 0.0138, 0.0106]",0.22052456438541412,2025-02-15-16-53-20/SITE129_ORNT356_VIS10+mi.png
9,2,"[0.0249, 0.0316, 0.0471, 0.0523, 0.0443, 0.0758, 0.0568, 0.1392, 0.0316, 0.4964]",0.4963521361351013,2025-01-28-16-10-28/SITE98_ORNT135_VIS3mi.png
8,8,"[0.0024, 0.0082, 0.0194, 0.0141, 0.0393, 0.1432, 0.0526, 0.1111, 0.5944, 0.0153]",0.5944464802742004,2024-08-02-10-36-13/SITE332_ORNT315_VIS9mi.png
7,7,"[0.0580, 0.0794, 0.0988, 0.1413, 0.1029, 0.1205, 0.0831, 0.1581, 0.0298, 0.1280]",0.15814530849456787,2025-03-04-14-20-15/SITE15_ORNT90_VIS8mi.png
3,8,"[0.0905, 0.1198, 0.1177, 0.1738, 0.1162, 0.1112, 0.0787, 0.1134, 0.0168, 0.0618]",0.17381493747234344,2025-03-04-14-20-15/SITE821_ORNT50_VIS9mi.png
6,3,"[0.0671, 0.0717, 0.0530, 0.0741, 0.0962, 0.1904, 0.3103, 0.0968, 0.0112, 0.0292]",0.31030333042144775,2024-10-07-14-17-08/SITE747_ORNT255_VIS4mi.png
3,1,"[0.1241, 0.1727, 0.1252, 0.1935, 0.1238, 0.0885, 0.0693, 0.0727, 0.0090, 0.0213]",0.1935378611087799,2025-02-04-15-47-48/SITE219_ORNT344_VIS2-5mi.png
9,9,"[0.0007, 0.0019, 0.0037, 0.0073, 0.0018, 0.0067, 0.0091, 0.0452, 0.0621, 0.8615]",0.8615008592605591,2025-03-02-13-12-40/SITE82_ORNT65_VIS10+mi.png
7,3,"[0.0137, 0.0316, 0.0554, 0.1406, 0.1385, 0.1377, 0.1997, 0.2120, 0.0430, 0.0278]",0.21202436089515686,2024-08-02-13-37-25/SITE239_ORNT30_VIS4mi.png
3,7,"[0.0519, 0.0919, 0.0968, 0.2111, 0.1385, 0.1130, 0.1112, 0.1307, 0.0213, 0.0336]",0.21105517446994781,2024-07-02-10-19-43/SITE25_ORNT320_VIS8mi.png
6,9,"[0.0120, 0.0148, 0.0217, 0.0560, 0.0758, 0.1327, 0.3068, 0.2618, 0.0365, 0.0819]",0.3067649006843567,2024-10-13-15-24-41/SITE50_ORNT265_VIS10+mi.png
3,1,"[0.1252, 0.1768, 0.1343, 0.1860, 0.1342, 0.0920, 0.0719, 0.0612, 0.0069, 0.0116]",0.18599842488765717,2025-03-01-18-07-41/SITE106_ORNT12_VIS2-5mi.png
8,9,"[0.0016, 0.0065, 0.0068, 0.0055, 0.0095, 0.0640, 0.0259, 0.0496, 0.7816, 0.0488]",0.7816261649131775,2025-04-10-17-56-44/SITE453_ORNT135_VIS15mi.png
5,6,"[0.0315, 0.0557, 0.1045, 0.1206, 0.1335, 0.1675, 0.1280, 0.1491, 0.0404, 0.0692]",0.16747184097766876,2024-07-23-13-08-12/SITE486_ORNT220_VIS7mi.png
3,7,"[0.0990, 0.1722, 0.1255, 0.2188, 0.1504, 0.0917, 0.0748, 0.0561, 0.0068, 0.0048]",0.21882988512516022,2024-08-31-14-30-34/SITE73_ORNT335_VIS8mi.png
7,9,"[0.0735, 0.0898, 0.1024, 0.1368, 0.0909, 0.1099, 0.0632, 0.1581, 0.0319, 0.1436]",0.158094123005867,2025-02-14-15-24-27/SITE725_ORNT295_VIS10+mi.png
3,5,"[0.0933, 0.1469, 0.1146, 0.1645, 0.1513, 0.1215, 0.1244, 0.0691, 0.0091, 0.0053]",0.1644846796989441,2024-07-07-11-04-33/SITE49_ORNT265_VIS6mi.png
6,5,"[0.0173, 0.0223, 0.0244, 0.0415, 0.0657, 0.1913, 0.4219, 0.1527, 0.0212, 0.0416]",0.42190802097320557,2024-08-12-20-17-35/SITE22_ORNT0_VIS6mi.png
3,3,"[0.1110, 0.1615, 0.1272, 0.1953, 0.1362, 0.0962, 0.0810, 0.0715, 0.0085, 0.0114]",0.19532327353954315,2025-04-01-16-59-16/SITE852_ORNT45_VIS4mi.png
3,7,"[0.0881, 0.1342, 0.1284, 0.1686, 0.1430, 0.1186, 0.1120, 0.0782, 0.0107, 0.0182]",0.16860181093215942,2024-09-08-16-00-24/SITE203_ORNT335_VIS8mi.png
0,0,"[0.3377, 0.2308, 0.1098, 0.1309, 0.0664, 0.0460, 0.0192, 0.0463, 0.0041, 0.0087]",0.3376767039299011,2025-02-05-13-59-56/SITE438_ORNT110_VIS1-5mi.png
9,7,"[0.0036, 0.0069, 0.0237, 0.0511, 0.0242, 0.0399, 0.0433, 0.2122, 0.1052, 0.4898]",0.4898422956466675,2025-01-26-13-23-03/SITE578_ORNT185_VIS8mi.png
9,9,"[0.0197, 0.0172, 0.0281, 0.0432, 0.0506, 0.1109, 0.1857, 0.1699, 0.0237, 0.3508]",0.3508255183696747,2025-04-02-15-05-32/SITE629_ORNT125_VIS10+mi.png
7,5,"[0.0285, 0.0337, 0.0438, 0.0751, 0.0885, 0.1287, 0.1671, 0.2663, 0.0318, 0.1364]",0.26632121205329895,2024-10-14-13-08-27/SITE692_ORNT205_VIS6mi.png
7,6,"[0.0269, 0.0454, 0.0776, 0.1263, 0.0999, 0.1278, 0.1289, 0.1772, 0.0362, 0.1539]",0.17716631293296814,2025-03-15-15-41-34/SITE69_ORNT108_VIS7mi.png
9,9,"[0.0036, 0.0062, 0.0167, 0.0322, 0.0131, 0.0225, 0.0251, 0.1422, 0.0448, 0.6935]",0.6934817433357239,2024-12-29-16-00-12/SITE545_ORNT95_VIS10+mi.png
7,5,"[0.0396, 0.0584, 0.0830, 0.1346, 0.0900, 0.1191, 0.0899, 0.1849, 0.0374, 0.1631]",0.18488311767578125,2025-03-31-13-29-12/SITE76_ORNT60_VIS6mi.png
0,0,"[0.3112, 0.2210, 0.1172, 0.1234, 0.0767, 0.0558, 0.0238, 0.0560, 0.0057, 0.0091]",0.3112003803253174,2025-03-29-15-28-57/SITE171_ORNT184_VIS1-25mi.png
1,4,"[0.1099, 0.1563, 0.1480, 0.1492, 0.1389, 0.1144, 0.0789, 0.0704, 0.0108, 0.0231]",0.1563335359096527,2024-05-01-16-21-18/SITE483_ORNT5_VIS5mi.png
0,4,"[0.2624, 0.2418, 0.1231, 0.1647, 0.0896, 0.0503, 0.0289, 0.0330, 0.0032, 0.0030]",0.2623932361602783,2024-08-30-10-00-55/SITE25_ORNT30_VIS5mi.png
1,0,"[0.1965, 0.2126, 0.1333, 0.1684, 0.1082, 0.0689, 0.0454, 0.0515, 0.0049, 0.0103]",0.2126174122095108,2025-02-17-14-46-26/SITE78_ORNT189_VIS1-25mi.png
6,3,"[0.0391, 0.0832, 0.0944, 0.1579, 0.1737, 0.1483, 0.1800, 0.0981, 0.0156, 0.0097]",0.1799798309803009,2024-09-07-13-37-18/SITE161_ORNT316_VIS4mi.png
3,1,"[0.1564, 0.2034, 0.1244, 0.2043, 0.1222, 0.0732, 0.0538, 0.0519, 0.0055, 0.0050]",0.20428422093391418,2024-07-22-11-13-59/SITE179_ORNT185_VIS2mi.png
1,1,"[0.1776, 0.2143, 0.1288, 0.1776, 0.1220, 0.0734, 0.0529, 0.0441, 0.0049, 0.0043]",0.21431872248649597,2024-07-02-10-19-43/SITE747_ORNT0_VIS2-5mi.png
5,2,"[0.0401, 0.0557, 0.0927, 0.0945, 0.1118, 0.1569, 0.1439, 0.1291, 0.0313, 0.1441]",0.1568945199251175,2025-02-12-14-37-35/SITE837_ORNT90_VIS3mi.png
3,1,"[0.1067, 0.1269, 0.1335, 0.1495, 0.1266, 0.1241, 0.0613, 0.1129, 0.0209, 0.0376]",0.14947481453418732,2025-02-01-17-30-02/SITE328_ORNT0_VIS2mi.png
1,1,"[0.1701, 0.2106, 0.1221, 0.2073, 0.1140, 0.0674, 0.0473, 0.0508, 0.0051, 0.0054]",0.2106015831232071,2024-08-19-19-34-52/SITE253_ORNT195_VIS2mi.png
9,7,"[0.0206, 0.0275, 0.0564, 0.0663, 0.0486, 0.0817, 0.0499, 0.1604, 0.0643, 0.4242]",0.42423534393310547,2024-12-29-16-00-12/SITE808_ORNT135_VIS8mi.png
6,5,"[0.0517, 0.0509, 0.0677, 0.0689, 0.0658, 0.1750, 0.2612, 0.1295, 0.0186, 0.1107]",0.2611646056175232,2025-02-10-14-47-56/SITE17_ORNT340_VIS6mi.png
3,2,"[0.0571, 0.0824, 0.1026, 0.1448, 0.1086, 0.1299, 0.0979, 0.1441, 0.0283, 0.1044]",0.1447865068912506,2025-03-26-14-35-40/SITE76_ORNT250_VIS3mi.png
6,2,"[0.0228, 0.0573, 0.0816, 0.1697, 0.1738, 0.1400, 0.1801, 0.1364, 0.0262, 0.0121]",0.1800558865070343,2024-09-07-13-37-18/SITE58_ORNT175_VIS3mi.png
7,7,"[0.0082, 0.0094, 0.0145, 0.0512, 0.0445, 0.0807, 0.2297, 0.3216, 0.0432, 0.1972]",0.32160261273384094,2024-05-07-15-42-07/SITE575_ORNT325_VIS8mi.png
3,3,"[0.1313, 0.1541, 0.1220, 0.1742, 0.1102, 0.0950, 0.0630, 0.0976, 0.0122, 0.0403]",0.17417269945144653,2025-02-14-15-24-27/SITE207_ORNT235_VIS4mi.png
0,6,"[0.4027, 0.2408, 0.1136, 0.1155, 0.0592, 0.0294, 0.0162, 0.0186, 0.0025, 0.0015]",0.4027128517627716,2024-07-23-13-08-12/SITE234_ORNT117_VIS7mi.png
5,2,"[0.0461, 0.0617, 0.1076, 0.1160, 0.1213, 0.1546, 0.0783, 0.1448, 0.0504, 0.1193]",0.15462739765644073,2024-07-25-10-00-39/SITE331_ORNT135_VIS3mi.png
8,6,"[0.0001, 0.0010, 0.0008, 0.0006, 0.0008, 0.0126, 0.0084, 0.0060, 0.9625, 0.0072]",0.962515652179718,2024-09-19-16-37-08/SITE365_ORNT100_VIS7mi.png
8,2,"[0.0003, 0.0018, 0.0033, 0.0034, 0.0035, 0.0232, 0.0130, 0.0277, 0.8627, 0.0612]",0.862724244594574,2025-04-16-13-54-24/SITE366_ORNT200_VIS3mi.png
3,2,"[0.0404, 0.0777, 0.1027, 0.1543, 0.1441, 0.1455, 0.1516, 0.1158, 0.0192, 0.0488]",0.15431800484657288,2025-01-28-16-10-28/SITE98_ORNT245_VIS3mi.png
6,3,"[0.0302, 0.0558, 0.0977, 0.1272, 0.1259, 0.1508, 0.1563, 0.1367, 0.0276, 0.0918]",0.15629993379116058,2024-06-06-10-38-22/SITE203_ORNT220_VIS4mi.png
5,4,"[0.0451, 0.0863, 0.0875, 0.0346, 0.1196, 0.2544, 0.0456, 0.0969, 0.2258, 0.0040]",0.25444260239601135,2025-02-27-11-22-46/SITE385_ORNT230_VIS5mi.png
5,3,"[0.0291, 0.0564, 0.0897, 0.0516, 0.1297, 0.2580, 0.0701, 0.1164, 0.1886, 0.0104]",0.2580415904521942,2024-08-15-16-44-48/SITE380_ORNT55_VIS4mi.png
5,1,"[0.0372, 0.0633, 0.0998, 0.1325, 0.1173, 0.1400, 0.1341, 0.1299, 0.0278, 0.1182]",0.1399509459733963,2024-05-23-15-19-49/SITE203_ORNT220_VIS2mi.png
5,0,"[0.0954, 0.0923, 0.1173, 0.0985, 0.1073, 0.1668, 0.0394, 0.1579, 0.0859, 0.0391]",0.16678208112716675,2024-12-29-16-00-12/SITE345_ORNT225_VIS1-25mi.png
6,4,"[0.0155, 0.0274, 0.0379, 0.1055, 0.1371, 0.1466, 0.2412, 0.2332, 0.0355, 0.0203]",0.24122565984725952,2024-07-25-10-00-39/SITE581_ORNT160_VIS5mi.png
5,8,"[0.0503, 0.0667, 0.1153, 0.1064, 0.1367, 0.2069, 0.0785, 0.1422, 0.0715, 0.0255]",0.20693019032478333,2024-10-08-11-05-48/SITE506_ORNT270_VIS9mi.png
1,1,"[0.1796, 0.2190, 0.1264, 0.1909, 0.1150, 0.0694, 0.0466, 0.0446, 0.0046, 0.0039]",0.21895141899585724,2024-08-19-19-34-52/SITE253_ORNT280_VIS2mi.png
7,6,"[0.0357, 0.0460, 0.0962, 0.0970, 0.1039, 0.1617, 0.0668, 0.1706, 0.0932, 0.1289]",0.17063170671463013,2024-05-13-18-48-49/SITE327_ORNT330_VIS7mi.png
9,3,"[0.0798, 0.1010, 0.1098, 0.1296, 0.0980, 0.1125, 0.0609, 0.1344, 0.0296, 0.1444]",0.14442342519760132,2025-02-04-15-47-48/SITE658_ORNT305_VIS4mi.png
8,9,"[0.0134, 0.0198, 0.0554, 0.0544, 0.0731, 0.1600, 0.0594, 0.1988, 0.2433, 0.1224]",0.24334272742271423,2024-06-06-17-01-51/SITE463_ORNT340_VIS15mi.png
9,9,"[0.0212, 0.0179, 0.0199, 0.0189, 0.0214, 0.0604, 0.0543, 0.1310, 0.0180, 0.6371]",0.6370543837547302,2025-01-31-13-49-43/SITE259_ORNT314_VIS10+mi.png
0,5,"[0.2222, 0.1972, 0.1229, 0.1492, 0.0925, 0.0731, 0.0335, 0.0798, 0.0089, 0.0208]",0.22215020656585693,2025-03-15-15-41-34/SITE230_ORNT45_VIS6mi.png
0,4,"[0.3204, 0.2421, 0.1153, 0.1505, 0.0728, 0.0416, 0.0218, 0.0300, 0.0028, 0.0027]",0.32041820883750916,2024-05-03-12-14-06/SITE49_ORNT15_VIS5mi.png
0,1,"[0.2800, 0.2344, 0.1240, 0.1457, 0.0837, 0.0546, 0.0284, 0.0397, 0.0037, 0.0057]",0.28003814816474915,2024-12-29-16-00-12/SITE561_ORNT60_VIS2-5mi.png
0,3,"[0.1912, 0.1555, 0.1549, 0.0992, 0.1244, 0.1257, 0.0259, 0.0768, 0.0324, 0.0139]",0.19122332334518433,2025-04-16-13-54-24/SITE460_ORNT165_VIS4mi.png
8,8,"[0.0003, 0.0022, 0.0028, 0.0025, 0.0040, 0.0306, 0.0165, 0.0186, 0.8971, 0.0254]",0.8970553874969482,2025-04-01-16-59-16/SITE407_ORNT50_VIS9mi.png
0,1,"[0.3091, 0.2331, 0.1191, 0.1376, 0.0791, 0.0473, 0.0255, 0.0398, 0.0037, 0.0056]",0.30905261635780334,2025-01-31-13-49-43/SITE230_ORNT280_VIS2mi.png
6,5,"[0.0265, 0.0322, 0.0448, 0.0610, 0.0907, 0.1849, 0.3041, 0.1511, 0.0226, 0.0821]",0.3040713667869568,2024-07-23-10-10-08/SITE719_ORNT20_VIS6mi.png
7,3,"[0.1088, 0.1238, 0.1153, 0.1378, 0.0970, 0.1116, 0.0523, 0.1409, 0.0268, 0.0858]",0.140855610370636,2024-09-07-13-37-18/SITE595_ORNT0_VIS4mi.png
8,8,"[0.0134, 0.0227, 0.0295, 0.0199, 0.0214, 0.0924, 0.0294, 0.1101, 0.3763, 0.2850]",0.3762965202331543,2024-07-26-10-22-16/SITE534_ORNT225_VIS9mi.png
3,2,"[0.0247, 0.0546, 0.0774, 0.1931, 0.1493, 0.1246, 0.1552, 0.1663, 0.0313, 0.0235]",0.19305171072483063,2024-05-08-14-34-39/SITE566_ORNT75_VIS3mi.png
7,7,"[0.0243, 0.0319, 0.0397, 0.0804, 0.1093, 0.1484, 0.2174, 0.2514, 0.0314, 0.0658]",0.25139757990837097,2024-07-24-16-43-44/SITE583_ORNT285_VIS8mi.png
1,0,"[0.1650, 0.2002, 0.1351, 0.1729, 0.1172, 0.0802, 0.0544, 0.0559, 0.0060, 0.0131]",0.20023520290851593,2025-04-14-19-44-02/SITE76_ORNT147_VIS1-5mi.png
3,6,"[0.0775, 0.1324, 0.1102, 0.2212, 0.1429, 0.1002, 0.0931, 0.0938, 0.0131, 0.0157]",0.2211519181728363,2024-09-19-14-23-02/SITE94_ORNT180_VIS7mi.png
8,8,"[0.0122, 0.0233, 0.0274, 0.0190, 0.0276, 0.1265, 0.0341, 0.1122, 0.5292, 0.0884]",0.5291789770126343,2025-02-01-12-44-07/SITE363_ORNT285_VIS9mi.png
5,2,"[0.0692, 0.1058, 0.1154, 0.0629, 0.1258, 0.2564, 0.0509, 0.1001, 0.1096, 0.0039]",0.2564302980899811,2024-12-29-16-00-12/SITE361_ORNT170_VIS3mi.png
0,2,"[0.2444, 0.2362, 0.1330, 0.1535, 0.1022, 0.0572, 0.0373, 0.0301, 0.0040, 0.0022]",0.24440625309944153,2024-10-06-12-31-10/SITE117_ORNT43_VIS3mi.png
6,5,"[0.0287, 0.0309, 0.0342, 0.0620, 0.0937, 0.1727, 0.2888, 0.1881, 0.0235, 0.0776]",0.28878021240234375,2024-09-20-16-20-08/SITE22_ORNT285_VIS6mi.png
5,8,"[0.0885, 0.1123, 0.1328, 0.1138, 0.1573, 0.1798, 0.0657, 0.0881, 0.0495, 0.0120]",0.17981594800949097,2024-07-23-10-10-08/SITE328_ORNT180_VIS9mi.png
8,8,"[0.0007, 0.0038, 0.0040, 0.0032, 0.0050, 0.0375, 0.0182, 0.0190, 0.8621, 0.0464]",0.8621378540992737,2024-07-07-15-01-32/SITE376_ORNT170_VIS9mi.png
5,6,"[0.0755, 0.1028, 0.1292, 0.1236, 0.1346, 0.1431, 0.1246, 0.0959, 0.0177, 0.0530]",0.14312054216861725,2025-02-04-15-47-48/SITE13_ORNT85_VIS7mi.png
8,6,"[0.0010, 0.0050, 0.0064, 0.0049, 0.0120, 0.0670, 0.0292, 0.0400, 0.8120, 0.0224]",0.8119927644729614,2025-03-31-15-41-11/SITE310_ORNT314_VIS7mi.png
8,9,"[0.0148, 0.0219, 0.0429, 0.0419, 0.0443, 0.1371, 0.0451, 0.2003, 0.2949, 0.1569]",0.29487302899360657,2024-05-03-12-14-06/SITE485_ORNT20_VIS15mi.png
6,5,"[0.0181, 0.0354, 0.0723, 0.1037, 0.1178, 0.1634, 0.2042, 0.1695, 0.0340, 0.0816]",0.20415851473808289,2025-03-05-12-08-53/SITE834_ORNT220_VIS6mi.png
9,9,"[0.0393, 0.0510, 0.0799, 0.0890, 0.1000, 0.1438, 0.1382, 0.1304, 0.0275, 0.2010]",0.2009839415550232,2025-04-11-14-52-32/SITE831_ORNT260_VIS10+mi.png
8,9,"[0.0003, 0.0020, 0.0021, 0.0015, 0.0019, 0.0220, 0.0098, 0.0170, 0.9107, 0.0327]",0.9106922745704651,2025-03-20-11-55-50/SITE483_ORNT275_VIS20mi.png
6,5,"[0.0138, 0.0219, 0.0329, 0.0591, 0.0971, 0.1786, 0.3473, 0.1905, 0.0290, 0.0297]",0.3472915589809418,2024-08-18-13-20-24/SITE203_ORNT220_VIS6mi.png
3,9,"[0.1144, 0.1310, 0.1099, 0.1460, 0.0855, 0.0950, 0.0524, 0.1274, 0.0212, 0.1173]",0.1460380256175995,2025-01-26-15-53-06/SITE602_ORNT60_VIS10+mi.png
3,6,"[0.1210, 0.1693, 0.1217, 0.2053, 0.1374, 0.0874, 0.0754, 0.0684, 0.0077, 0.0064]",0.205260768532753,2024-07-30-14-06-06/SITE43_ORNT270_VIS7mi.png
5,4,"[0.1023, 0.1112, 0.1118, 0.1086, 0.1126, 0.1508, 0.1352, 0.0949, 0.0157, 0.0570]",0.15080183744430542,2025-05-10-19-27-56/SITE13_ORNT85_VIS5mi.png
6,6,"[0.0198, 0.0236, 0.0275, 0.0467, 0.0784, 0.1846, 0.3970, 0.1580, 0.0207, 0.0437]",0.39699482917785645,2024-04-30-13-21-52/SITE760_ORNT310_VIS7mi.png
9,2,"[0.0323, 0.0357, 0.0548, 0.0663, 0.0822, 0.1509, 0.1935, 0.1410, 0.0217, 0.2216]",0.22157174348831177,2025-02-16-12-49-10/SITE66_ORNT162_VIS3mi.png
3,1,"[0.0497, 0.1087, 0.0985, 0.2292, 0.1695, 0.1132, 0.1133, 0.0959, 0.0150, 0.0070]",0.2291788011789322,2024-04-25-17-48-06/SITE115_ORNT287_VIS2mi.png
9,5,"[0.0061, 0.0103, 0.0342, 0.0584, 0.0247, 0.0391, 0.0326, 0.1783, 0.0808, 0.5355]",0.5355326533317566,2025-02-15-15-20-00/SITE86_ORNT12_VIS6mi.png
6,5,"[0.0230, 0.0356, 0.0400, 0.0994, 0.1379, 0.1602, 0.2505, 0.2031, 0.0281, 0.0221]",0.25051775574684143,2024-06-16-11-08-10/SITE19_ORNT260_VIS6mi.png
9,1,"[0.0078, 0.0067, 0.0076, 0.0180, 0.0133, 0.0313, 0.0515, 0.2397, 0.0291, 0.5949]",0.594878613948822,2024-09-19-14-23-02/SITE575_ORNT85_VIS2-5mi.png
9,1,"[0.0461, 0.0674, 0.0888, 0.1309, 0.0850, 0.1080, 0.0869, 0.1497, 0.0292, 0.2081]",0.20808890461921692,2024-12-23-15-38-40/SITE719_ORNT180_VIS2-5mi.png
8,8,"[0.0010, 0.0055, 0.0074, 0.0050, 0.0164, 0.0930, 0.0365, 0.0546, 0.7727, 0.0079]",0.7726931571960449,2024-06-06-17-01-51/SITE520_ORNT180_VIS9mi.png
0,7,"[0.2097, 0.1938, 0.1160, 0.1610, 0.0867, 0.0716, 0.0354, 0.0844, 0.0094, 0.0321]",0.20974110066890717,2025-03-05-12-08-53/SITE808_ORNT235_VIS8mi.png
3,7,"[0.0568, 0.0840, 0.1071, 0.1470, 0.1123, 0.1267, 0.0951, 0.1325, 0.0256, 0.1130]",0.14698557555675507,2025-04-02-15-05-32/SITE439_ORNT350_VIS8mi.png
6,6,"[0.0148, 0.0180, 0.0277, 0.0652, 0.0878, 0.1439, 0.2815, 0.2496, 0.0349, 0.0765]",0.28151556849479675,2024-04-25-17-48-06/SITE676_ORNT70_VIS7mi.png
6,6,"[0.0227, 0.0344, 0.0443, 0.0712, 0.1099, 0.1853, 0.3174, 0.1571, 0.0221, 0.0355]",0.3174131512641907,2024-08-02-10-36-13/SITE241_ORNT34_VIS7mi.png
8,8,"[0.0023, 0.0090, 0.0152, 0.0120, 0.0311, 0.1084, 0.0487, 0.0773, 0.6659, 0.0302]",0.665942370891571,2024-07-02-10-19-43/SITE385_ORNT50_VIS9mi.png
0,7,"[0.3774, 0.2267, 0.1111, 0.0645, 0.0957, 0.0466, 0.0178, 0.0429, 0.0128, 0.0046]",0.37736421823501587,2025-03-05-12-08-53/SITE468_ORNT80_VIS8mi.png
0,3,"[0.2504, 0.2130, 0.1188, 0.1502, 0.0853, 0.0635, 0.0301, 0.0670, 0.0068, 0.0149]",0.25038108229637146,2024-12-24-15-14-57/SITE193_ORNT295_VIS4mi.png
7,1,"[0.0137, 0.0287, 0.0608, 0.1392, 0.1145, 0.1240, 0.1699, 0.2273, 0.0483, 0.0736]",0.22731800377368927,2024-07-05-14-33-31/SITE217_ORNT150_VIS2mi.png
3,4,"[0.0892, 0.1449, 0.1261, 0.1877, 0.1545, 0.1077, 0.1029, 0.0715, 0.0094, 0.0059]",0.18770338594913483,2024-07-02-16-22-41/SITE169_ORNT57_VIS5mi.png
9,9,"[0.0250, 0.0190, 0.0227, 0.0236, 0.0345, 0.0987, 0.1229, 0.1319, 0.0167, 0.5050]",0.5049726366996765,2025-03-15-15-41-34/SITE21_ORNT280_VIS10+mi.png
5,2,"[0.0625, 0.0869, 0.1184, 0.1313, 0.1231, 0.1438, 0.0865, 0.1394, 0.0366, 0.0714]",0.14380864799022675,2025-03-02-13-12-40/SITE15_ORNT170_VIS3mi.png
3,6,"[0.0269, 0.0662, 0.0897, 0.1863, 0.1703, 0.1360, 0.1651, 0.1251, 0.0229, 0.0115]",0.1862664669752121,2024-06-09-10-51-06/SITE253_ORNT195_VIS7mi.png
9,3,"[0.0222, 0.0329, 0.0667, 0.1063, 0.0703, 0.0970, 0.0821, 0.1800, 0.0474, 0.2951]",0.29507508873939514,2025-02-16-12-49-10/SITE658_ORNT25_VIS4mi.png
6,6,"[0.0154, 0.0436, 0.0738, 0.1578, 0.1675, 0.1484, 0.1913, 0.1602, 0.0330, 0.0091]",0.19133484363555908,2024-09-20-16-20-08/SITE58_ORNT245_VIS7mi.png
0,2,"[0.2729, 0.2402, 0.1160, 0.1703, 0.0816, 0.0487, 0.0264, 0.0370, 0.0032, 0.0035]",0.27288374304771423,2024-09-27-16-12-40/SITE438_ORNT110_VIS3mi.png
5,0,"[0.1006, 0.1207, 0.1110, 0.0601, 0.1140, 0.2049, 0.0333, 0.1154, 0.1312, 0.0090]",0.20487511157989502,2024-04-25-17-48-06/SITE399_ORNT45_VIS1-25mi.png
0,0,"[0.3803, 0.2112, 0.1154, 0.0969, 0.0726, 0.0538, 0.0162, 0.0439, 0.0060, 0.0036]",0.38030296564102173,2025-03-31-13-29-12/SITE485_ORNT290_VIS1mi.png
9,4,"[0.0367, 0.0539, 0.0791, 0.1099, 0.0752, 0.1057, 0.0751, 0.1534, 0.0377, 0.2734]",0.2734074294567108,2024-05-23-15-19-49/SITE13_ORNT10_VIS5mi.png
6,5,"[0.0332, 0.0295, 0.0291, 0.0396, 0.0539, 0.1902, 0.3939, 0.1196, 0.0151, 0.0957]",0.3939394950866699,2024-08-11-13-07-09/SITE747_ORNT0_VIS6mi.png
9,7,"[0.0087, 0.0076, 0.0142, 0.0322, 0.0247, 0.0474, 0.1034, 0.2555, 0.0298, 0.4766]",0.47656479477882385,2024-07-22-20-17-56/SITE241_ORNT311_VIS8mi.png
3,2,"[0.1200, 0.1552, 0.1322, 0.1607, 0.1365, 0.1071, 0.0983, 0.0691, 0.0083, 0.0127]",0.1607133150100708,2025-03-18-13-52-55/SITE542_ORNT80_VIS3mi.png
0,0,"[0.2600, 0.1774, 0.1353, 0.1071, 0.0969, 0.0952, 0.0222, 0.0772, 0.0184, 0.0102]",0.25996682047843933,2025-03-31-15-41-11/SITE506_ORNT0_VIS1-75mi.png
7,7,"[0.0124, 0.0231, 0.0441, 0.1285, 0.1119, 0.1193, 0.1869, 0.2658, 0.0471, 0.0609]",0.2657814919948578,2024-06-30-10-21-08/SITE587_ORNT280_VIS8mi.png
1,6,"[0.1575, 0.1710, 0.1289, 0.1584, 0.1087, 0.0958, 0.0544, 0.0890, 0.0117, 0.0246]",0.17096386849880219,2025-02-14-15-24-27/SITE593_ORNT255_VIS7mi.png
0,5,"[0.3318, 0.2297, 0.1184, 0.1276, 0.0733, 0.0495, 0.0222, 0.0395, 0.0037, 0.0042]",0.33179450035095215,2025-02-15-16-53-20/SITE40_ORNT120_VIS6mi.png
1,8,"[0.1363, 0.1848, 0.1524, 0.0978, 0.1021, 0.0911, 0.0746, 0.0969, 0.0500, 0.0140]",0.18475674092769623,2024-06-18-18-07-05/SITE508_ORNT135_VIS9mi.png
3,3,"[0.1291, 0.1669, 0.1329, 0.1787, 0.1234, 0.0963, 0.0694, 0.0740, 0.0090, 0.0204]",0.1786576807498932,2024-05-21-12-02-34/SITE719_ORNT120_VIS4mi.png
6,5,"[0.0161, 0.0234, 0.0351, 0.0587, 0.0956, 0.1819, 0.3369, 0.1823, 0.0291, 0.0410]",0.336934357881546,2024-09-15-16-06-51/SITE19_ORNT170_VIS6mi.png
9,4,"[0.0204, 0.0275, 0.0410, 0.0446, 0.0319, 0.0584, 0.0398, 0.1344, 0.0340, 0.5681]",0.5681136250495911,2025-03-26-14-35-40/SITE22_ORNT190_VIS5mi.png
6,7,"[0.0467, 0.0807, 0.0895, 0.1223, 0.1428, 0.1691, 0.2286, 0.0952, 0.0138, 0.0113]",0.22861847281455994,2024-07-24-16-43-44/SITE241_ORNT120_VIS8mi.png
9,6,"[0.0124, 0.0236, 0.0608, 0.0918, 0.0848, 0.1231, 0.1371, 0.1983, 0.0517, 0.2164]",0.21639885008335114,2025-02-27-11-22-46/SITE253_ORNT195_VIS7mi.png
3,6,"[0.0836, 0.1085, 0.1124, 0.1415, 0.1016, 0.1186, 0.0765, 0.1321, 0.0252, 0.1000]",0.14151206612586975,2025-02-05-13-59-56/SITE132_ORNT305_VIS7mi.png
3,3,"[0.1113, 0.1817, 0.1269, 0.2092, 0.1525, 0.0890, 0.0681, 0.0518, 0.0064, 0.0031]",0.2091793268918991,2024-10-13-15-24-41/SITE75_ORNT15_VIS4mi.png
3,0,"[0.0523, 0.1091, 0.1051, 0.2089, 0.1706, 0.1172, 0.1234, 0.0912, 0.0141, 0.0080]",0.20893456041812897,2024-05-08-14-34-39/SITE7_ORNT312_VIS1-75mi.png
7,6,"[0.0267, 0.0359, 0.0685, 0.0879, 0.0789, 0.1466, 0.0679, 0.2288, 0.1063, 0.1524]",0.2288411408662796,2025-04-10-17-56-44/SITE367_ORNT110_VIS7mi.png
9,3,"[0.0173, 0.0259, 0.0500, 0.0905, 0.0644, 0.0980, 0.1062, 0.2093, 0.0451, 0.2933]",0.2932848036289215,2025-03-15-15-41-34/SITE601_ORNT250_VIS4mi.png
0,1,"[0.3945, 0.2392, 0.1181, 0.1125, 0.0599, 0.0316, 0.0169, 0.0217, 0.0026, 0.0029]",0.39445793628692627,2025-03-01-18-07-41/SITE86_ORNT75_VIS2-5mi.png
6,6,"[0.0261, 0.0594, 0.0858, 0.1479, 0.1626, 0.1552, 0.2017, 0.1257, 0.0220, 0.0135]",0.20168469846248627,2024-05-01-16-21-18/SITE542_ORNT140_VIS7mi.png
3,6,"[0.0365, 0.0677, 0.0844, 0.1899, 0.1365, 0.1202, 0.1308, 0.1595, 0.0286, 0.0459]",0.18991228938102722,2024-07-23-13-08-12/SITE595_ORNT270_VIS7mi.png
6,6,"[0.0138, 0.0163, 0.0169, 0.0380, 0.0508, 0.1548, 0.4001, 0.1904, 0.0271, 0.0917]",0.4001171588897705,2024-06-16-19-09-40/SITE22_ORNT0_VIS7mi.png
9,5,"[0.0162, 0.0175, 0.0225, 0.0226, 0.0170, 0.0400, 0.0282, 0.1115, 0.0234, 0.7013]",0.7013064026832581,2025-02-17-14-46-26/SITE129_ORNT266_VIS6mi.png
3,2,"[0.0546, 0.0890, 0.1108, 0.1568, 0.1269, 0.1327, 0.1176, 0.1232, 0.0224, 0.0660]",0.15680350363254547,2025-03-01-18-07-41/SITE45_ORNT5_VIS3mi.png
9,7,"[0.0070, 0.0170, 0.0473, 0.0916, 0.0188, 0.0767, 0.0677, 0.1488, 0.1903, 0.3349]",0.3349415957927704,2024-07-25-10-00-39/SITE405_ORNT250_VIS8mi.png
6,4,"[0.0294, 0.0329, 0.0478, 0.0567, 0.0757, 0.1777, 0.2672, 0.1380, 0.0220, 0.1527]",0.2671836316585541,2024-06-10-18-34-10/SITE540_ORNT178_VIS5mi.png
3,2,"[0.1089, 0.1783, 0.1283, 0.2045, 0.1524, 0.0912, 0.0728, 0.0533, 0.0066, 0.0037]",0.2045373022556305,2024-10-11-15-41-13/SITE442_ORNT40_VIS3mi.png
3,4,"[0.0913, 0.1373, 0.1355, 0.1644, 0.1457, 0.1217, 0.1032, 0.0782, 0.0112, 0.0115]",0.1644022911787033,2025-04-13-19-09-12/SITE104_ORNT150_VIS5mi.png
0,1,"[0.3068, 0.2464, 0.1225, 0.1486, 0.0797, 0.0414, 0.0238, 0.0259, 0.0029, 0.0022]",0.30678024888038635,2024-08-30-17-21-54/SITE417_ORNT315_VIS2mi.png
8,8,"[0.0002, 0.0019, 0.0025, 0.0027, 0.0046, 0.0320, 0.0217, 0.0273, 0.8918, 0.0153]",0.8917589783668518,2024-07-28-11-17-19/SITE304_ORNT290_VIS9mi.png
9,4,"[0.0147, 0.0131, 0.0175, 0.0339, 0.0401, 0.0827, 0.1404, 0.2935, 0.0308, 0.3334]",0.3334393799304962,2024-05-07-15-42-07/SITE580_ORNT65_VIS5mi.png
8,8,"[0.0001, 0.0007, 0.0009, 0.0009, 0.0006, 0.0084, 0.0068, 0.0073, 0.9511, 0.0233]",0.9511153101921082,2024-07-05-10-36-13/SITE366_ORNT200_VIS9mi.png
3,2,"[0.0503, 0.1014, 0.1193, 0.1695, 0.1608, 0.1373, 0.1431, 0.0897, 0.0143, 0.0142]",0.1695311963558197,2024-05-23-15-19-49/SITE117_ORNT165_VIS3mi.png
6,5,"[0.0157, 0.0230, 0.0317, 0.0640, 0.1056, 0.1725, 0.3241, 0.1999, 0.0294, 0.0341]",0.32413601875305176,2024-07-22-20-17-56/SITE22_ORNT0_VIS6mi.png
6,9,"[0.0173, 0.0224, 0.0279, 0.0488, 0.0831, 0.1832, 0.3783, 0.1752, 0.0245, 0.0392]",0.3783142864704132,2024-10-11-15-41-13/SITE50_ORNT265_VIS10+mi.png
3,3,"[0.0723, 0.1241, 0.1134, 0.1951, 0.1402, 0.1130, 0.1028, 0.0967, 0.0149, 0.0275]",0.19513022899627686,2024-05-27-19-19-47/SITE616_ORNT270_VIS4mi.png
9,7,"[0.0091, 0.0146, 0.0375, 0.0799, 0.0615, 0.0908, 0.1273, 0.2407, 0.0514, 0.2872]",0.2872394323348999,2024-05-23-15-19-49/SITE623_ORNT10_VIS8mi.png
7,9,"[0.0069, 0.0087, 0.0167, 0.0590, 0.0454, 0.0700, 0.1794, 0.3455, 0.0485, 0.2199]",0.3455456793308258,2024-10-11-15-41-13/SITE595_ORNT270_VIS10+mi.png
8,0,"[0.0301, 0.0434, 0.0749, 0.0510, 0.0895, 0.2056, 0.0438, 0.1461, 0.2719, 0.0436]",0.2719094157218933,2025-02-05-13-59-56/SITE376_ORNT70_VIS1mi.png
3,0,"[0.1619, 0.1749, 0.1175, 0.1891, 0.0999, 0.0795, 0.0497, 0.0874, 0.0094, 0.0308]",0.18909946084022522,2025-03-31-13-29-12/SITE272_ORNT325_VIS1-75mi.png
0,2,"[0.1933, 0.1922, 0.1314, 0.1571, 0.1061, 0.0838, 0.0458, 0.0705, 0.0081, 0.0117]",0.1932561993598938,2024-12-24-15-14-57/SITE45_ORNT180_VIS3mi.png
0,4,"[0.2690, 0.1922, 0.1477, 0.0836, 0.1033, 0.1057, 0.0204, 0.0553, 0.0192, 0.0036]",0.2689565122127533,2025-02-19-12-18-05/SITE404_ORNT100_VIS5mi.png
7,7,"[0.0236, 0.0363, 0.0487, 0.1064, 0.1026, 0.1294, 0.1672, 0.2561, 0.0385, 0.0910]",0.25612160563468933,2024-08-26-16-02-03/SITE215_ORNT235_VIS8mi.png
7,6,"[0.0338, 0.0408, 0.0443, 0.0727, 0.0990, 0.1472, 0.1811, 0.2582, 0.0293, 0.0936]",0.25819405913352966,2024-07-22-20-17-56/SITE437_ORNT340_VIS7mi.png
3,0,"[0.1368, 0.1602, 0.1271, 0.1684, 0.1170, 0.0931, 0.0619, 0.0895, 0.0118, 0.0343]",0.16835279762744904,2025-02-04-15-47-48/SITE12_ORNT270_VIS1mi.png
3,2,"[0.1114, 0.1315, 0.1113, 0.1477, 0.0886, 0.0973, 0.0569, 0.1239, 0.0202, 0.1111]",0.14773984253406525,2025-02-15-15-20-00/SITE719_ORNT180_VIS3mi.png
2,6,"[0.1380, 0.1439, 0.1625, 0.0877, 0.1427, 0.1520, 0.0510, 0.0779, 0.0350, 0.0093]",0.16248707473278046,2024-06-01-11-15-19/SITE694_ORNT315_VIS7mi.png
3,1,"[0.0435, 0.1019, 0.1012, 0.2121, 0.1834, 0.1207, 0.1284, 0.0890, 0.0143, 0.0056]",0.21212811768054962,2024-08-01-10-54-34/SITE239_ORNT110_VIS2mi.png
9,9,"[0.0364, 0.0326, 0.0349, 0.0335, 0.0380, 0.0885, 0.0743, 0.1278, 0.0197, 0.5143]",0.5142961144447327,2025-02-11-14-30-47/SITE208_ORNT270_VIS10+mi.png
1,0,"[0.1386, 0.1712, 0.1282, 0.1599, 0.1213, 0.0950, 0.0691, 0.0763, 0.0099, 0.0304]",0.17122498154640198,2024-05-08-14-34-39/SITE205_ORNT305_VIS1mi.png
5,5,"[0.0323, 0.0778, 0.0841, 0.0311, 0.1181, 0.2779, 0.0513, 0.0861, 0.2380, 0.0034]",0.2779344916343689,2025-02-11-14-30-47/SITE340_ORNT55_VIS6mi.png
3,7,"[0.1465, 0.1640, 0.1253, 0.1748, 0.1100, 0.0925, 0.0570, 0.0923, 0.0111, 0.0265]",0.17483974993228912,2025-01-15-15-33-17/SITE602_ORNT175_VIS8mi.png
6,6,"[0.0528, 0.0655, 0.0678, 0.0871, 0.1141, 0.1810, 0.2545, 0.1101, 0.0138, 0.0534]",0.2544601559638977,2025-01-31-13-49-43/SITE760_ORNT310_VIS7mi.png
9,3,"[0.0128, 0.0203, 0.0395, 0.0589, 0.0399, 0.0677, 0.0637, 0.1815, 0.0428, 0.4729]",0.4729415476322174,2025-04-01-16-59-16/SITE539_ORNT40_VIS4mi.png
0,1,"[0.2390, 0.2159, 0.1235, 0.1548, 0.0921, 0.0645, 0.0345, 0.0590, 0.0057, 0.0110]",0.23896117508411407,2025-01-31-13-49-43/SITE230_ORNT90_VIS2mi.png
8,1,"[0.0087, 0.0150, 0.0277, 0.0275, 0.0276, 0.0943, 0.0378, 0.1560, 0.3268, 0.2787]",0.32675936818122864,2025-03-04-14-20-15/SITE606_ORNT270_VIS2mi.png
8,1,"[0.0003, 0.0022, 0.0017, 0.0015, 0.0027, 0.0299, 0.0164, 0.0173, 0.9185, 0.0095]",0.9185190200805664,2025-02-17-14-46-26/SITE355_ORNT70_VIS2-25mi.png
9,9,"[0.0165, 0.0236, 0.0320, 0.0307, 0.0193, 0.0446, 0.0270, 0.1185, 0.0385, 0.6494]",0.6493552923202515,2025-03-02-11-48-27/SITE684_ORNT267_VIS10+mi.png
8,8,"[0.0001, 0.0010, 0.0007, 0.0005, 0.0008, 0.0154, 0.0083, 0.0069, 0.9625, 0.0038]",0.9625329971313477,2025-03-23-13-51-54/SITE332_ORNT315_VIS9mi.png
9,5,"[0.0061, 0.0107, 0.0304, 0.0670, 0.0383, 0.0545, 0.0662, 0.2081, 0.0637, 0.4552]",0.45517897605895996,4-9-24-5-23-PM/SITE75_ORNT75_VIS6mi.png
6,6,"[0.0247, 0.0483, 0.0936, 0.1207, 0.1215, 0.1550, 0.1702, 0.1410, 0.0313, 0.0936]",0.1701929271221161,2024-06-01-11-15-19/SITE98_ORNT135_VIS7mi.png
3,1,"[0.0811, 0.1087, 0.1135, 0.1624, 0.1166, 0.1196, 0.0869, 0.1257, 0.0204, 0.0650]",0.16236810386180878,2025-03-01-18-07-41/SITE207_ORNT120_VIS2mi.png
9,9,"[0.0371, 0.0370, 0.0757, 0.0668, 0.0585, 0.1702, 0.1739, 0.1446, 0.0374, 0.1988]",0.1987786889076233,2025-01-31-13-49-43/SITE564_ORNT315_VIS10+mi.png
3,0,"[0.0915, 0.1309, 0.1242, 0.1708, 0.1239, 0.1165, 0.0875, 0.1002, 0.0148, 0.0396]",0.17084477841854095,2025-04-02-15-05-32/SITE262_ORNT290_VIS1-5mi.png
4,2,"[0.0293, 0.0737, 0.0901, 0.1777, 0.1867, 0.1379, 0.1684, 0.1105, 0.0190, 0.0066]",0.1867142766714096,2024-07-14-10-21-23/SITE411_ORNT75_VIS3mi.png
9,5,"[0.0623, 0.0682, 0.1010, 0.0965, 0.0861, 0.1252, 0.0439, 0.1413, 0.0692, 0.2065]",0.20646175742149353,2025-02-04-15-47-48/SITE104_ORNT270_VIS6mi.png
9,9,"[0.0210, 0.0256, 0.0722, 0.0739, 0.0603, 0.1267, 0.1089, 0.1694, 0.0618, 0.2801]",0.2800554633140564,2025-02-11-14-30-47/SITE733_ORNT230_VIS10+mi.png
9,7,"[0.0236, 0.0375, 0.0633, 0.1000, 0.0682, 0.0986, 0.0891, 0.1605, 0.0381, 0.3210]",0.32104578614234924,2025-04-14-19-44-02/SITE41_ORNT335_VIS8mi.png
9,9,"[0.0170, 0.0174, 0.0217, 0.0210, 0.0190, 0.0487, 0.0406, 0.1135, 0.0198, 0.6814]",0.6813815236091614,2025-01-28-16-10-28/SITE54_ORNT255_VIS10+mi.png
0,6,"[0.2144, 0.2143, 0.1243, 0.1736, 0.0979, 0.0657, 0.0396, 0.0544, 0.0052, 0.0107]",0.21435147523880005,2025-03-02-13-12-40/SITE125_ORNT35_VIS7mi.png
6,7,"[0.0196, 0.0211, 0.0376, 0.0493, 0.0696, 0.1547, 0.2661, 0.1645, 0.0229, 0.1945]",0.2660883367061615,2025-02-27-11-22-46/SITE693_ORNT65_VIS8mi.png
7,4,"[0.0286, 0.0483, 0.0805, 0.1337, 0.1069, 0.1320, 0.1305, 0.1751, 0.0364, 0.1279]",0.17512263357639313,2025-04-07-16-10-10/SITE117_ORNT320_VIS5mi.png
0,0,"[0.2501, 0.2240, 0.1344, 0.1305, 0.1027, 0.0647, 0.0330, 0.0476, 0.0061, 0.0069]",0.25014159083366394,2025-01-31-13-49-43/SITE658_ORNT305_VIS1mi.png
9,0,"[0.0191, 0.0167, 0.0222, 0.0246, 0.0289, 0.0741, 0.0836, 0.1472, 0.0199, 0.5638]",0.5637983083724976,2025-03-05-12-08-53/SITE66_ORNT162_VIS1-75mi.png
7,6,"[0.0287, 0.0414, 0.0523, 0.0982, 0.0996, 0.1327, 0.1615, 0.2437, 0.0347, 0.1071]",0.24370205402374268,2024-08-18-19-28-16/SITE616_ORNT0_VIS7mi.png
9,8,"[0.0054, 0.0112, 0.0205, 0.0312, 0.0239, 0.0820, 0.0478, 0.2034, 0.2865, 0.2881]",0.28809040784835815,2025-03-31-15-41-11/SITE367_ORNT110_VIS9mi.png
6,7,"[0.0144, 0.0176, 0.0305, 0.0593, 0.0789, 0.1423, 0.2609, 0.2286, 0.0330, 0.1345]",0.26089322566986084,2025-03-23-13-51-54/SITE203_ORNT220_VIS8mi.png
5,7,"[0.1261, 0.1246, 0.1394, 0.1148, 0.1251, 0.1609, 0.0486, 0.1091, 0.0379, 0.0135]",0.16094006597995758,2024-10-15-10-59-57/SITE397_ORNT270_VIS8mi.png
6,5,"[0.0187, 0.0218, 0.0336, 0.0603, 0.0881, 0.1631, 0.2991, 0.2000, 0.0296, 0.0858]",0.29906344413757324,2024-07-29-16-41-43/SITE692_ORNT335_VIS6mi.png
6,4,"[0.0193, 0.0241, 0.0282, 0.0493, 0.0828, 0.1853, 0.3870, 0.1643, 0.0223, 0.0373]",0.38701581954956055,2024-10-20-11-35-46/SITE82_ORNT235_VIS5mi.png
6,4,"[0.2021, 0.1353, 0.0714, 0.0858, 0.0843, 0.1131, 0.2035, 0.0775, 0.0106, 0.0164]",0.2034914195537567,2025-02-15-15-20-00/SITE129_ORNT109_VIS5mi.png
6,6,"[0.0530, 0.0760, 0.0842, 0.1339, 0.1313, 0.1489, 0.1782, 0.1195, 0.0178, 0.0573]",0.17820268869400024,2024-07-28-11-17-19/SITE557_ORNT8_VIS7mi.png
7,3,"[0.0073, 0.0092, 0.0152, 0.0562, 0.0482, 0.0736, 0.1653, 0.3926, 0.0504, 0.1823]",0.39256566762924194,2024-08-02-20-27-22/SITE19_ORNT260_VIS4mi.png
9,1,"[0.0421, 0.0550, 0.1023, 0.1073, 0.1115, 0.1419, 0.0745, 0.1442, 0.0562, 0.1651]",0.16506482660770416,2024-07-23-13-08-12/SITE327_ORNT45_VIS2mi.png
6,5,"[0.0099, 0.0183, 0.0387, 0.0868, 0.1023, 0.1405, 0.2598, 0.2424, 0.0436, 0.0577]",0.2597760260105133,2024-07-24-16-43-44/SITE15_ORNT90_VIS6mi.png
0,2,"[0.3278, 0.2305, 0.1129, 0.1323, 0.0704, 0.0473, 0.0209, 0.0463, 0.0040, 0.0075]",0.32780781388282776,2025-04-16-13-54-24/SITE45_ORNT290_VIS3mi.png
6,7,"[0.0153, 0.0207, 0.0327, 0.0764, 0.1043, 0.1496, 0.2713, 0.2433, 0.0354, 0.0510]",0.2712966203689575,2024-06-17-10-37-40/SITE132_ORNT141_VIS8mi.png
3,1,"[0.0727, 0.1019, 0.1123, 0.1531, 0.1129, 0.1229, 0.0879, 0.1231, 0.0211, 0.0923]",0.1530691385269165,2024-06-06-10-38-22/SITE58_ORNT245_VIS2-5mi.png
3,4,"[0.0824, 0.1363, 0.1262, 0.1806, 0.1532, 0.1139, 0.1127, 0.0751, 0.0107, 0.0090]",0.18057982623577118,2024-09-08-13-07-06/SITE178_ORNT110_VIS5mi.png
9,6,"[0.0161, 0.0152, 0.0227, 0.0329, 0.0416, 0.1207, 0.2282, 0.1524, 0.0223, 0.3479]",0.34793180227279663,2024-05-30-17-47-26/SITE22_ORNT100_VIS7mi.png
9,9,"[0.0183, 0.0220, 0.0313, 0.0333, 0.0259, 0.0543, 0.0368, 0.1278, 0.0316, 0.6187]",0.6186994314193726,2025-02-15-15-20-00/SITE579_ORNT75_VIS10+mi.png
3,1,"[0.0868, 0.1228, 0.1336, 0.1475, 0.1319, 0.1300, 0.0823, 0.1002, 0.0187, 0.0461]",0.14751331508159637,4-9-24-5-23-PM/SITE245_ORNT11_VIS2mi.png
3,3,"[0.1160, 0.1830, 0.1191, 0.2272, 0.1351, 0.0823, 0.0643, 0.0602, 0.0068, 0.0059]",0.22718194127082825,2024-10-18-12-30-03/SITE8_ORNT278_VIS4mi.png
8,8,"[0.0003, 0.0021, 0.0018, 0.0013, 0.0021, 0.0247, 0.0118, 0.0124, 0.9285, 0.0151]",0.9285016059875488,2024-07-01-19-28-49/SITE358_ORNT120_VIS9mi.png
8,8,"[0.0009, 0.0040, 0.0088, 0.0267, 0.0045, 0.0214, 0.0205, 0.0442, 0.4388, 0.4302]",0.4387592375278473,2024-10-13-12-27-42/SITE295_ORNT315_VIS9mi.png
0,0,"[0.2569, 0.2432, 0.1281, 0.1581, 0.0952, 0.0516, 0.0308, 0.0301, 0.0033, 0.0027]",0.25686994194984436,2024-05-08-14-34-39/SITE17_ORNT95_VIS1mi.png
3,7,"[0.0615, 0.1119, 0.1261, 0.1666, 0.1563, 0.1333, 0.1291, 0.0845, 0.0126, 0.0181]",0.16656626760959625,2025-02-17-14-46-26/SITE53_ORNT223_VIS8mi.png
3,1,"[0.1557, 0.1682, 0.1215, 0.1811, 0.1111, 0.0842, 0.0584, 0.0868, 0.0094, 0.0236]",0.1810910403728485,2025-02-05-13-59-56/SITE230_ORNT214_VIS2-5mi.png
7,1,"[0.0264, 0.0507, 0.0813, 0.1650, 0.1286, 0.1281, 0.1479, 0.1800, 0.0334, 0.0586]",0.1799565702676773,2025-03-23-13-51-54/SITE229_ORNT18_VIS2-5mi.png
3,4,"[0.0479, 0.0877, 0.0980, 0.2015, 0.1383, 0.1198, 0.1183, 0.1301, 0.0224, 0.0361]",0.20147381722927094,2024-05-27-19-19-47/SITE735_ORNT0_VIS5mi.png
1,0,"[0.1457, 0.1866, 0.1382, 0.1671, 0.1293, 0.0899, 0.0689, 0.0569, 0.0063, 0.0112]",0.1866014003753662,2025-03-26-12-24-08/SITE251_ORNT25_VIS1mi.png
3,2,"[0.0302, 0.0741, 0.0947, 0.1793, 0.1747, 0.1398, 0.1669, 0.1104, 0.0199, 0.0099]",0.17932717502117157,2024-08-24-13-47-04/SITE179_ORNT108_VIS3mi.png
8,8,"[0.0000, 0.0009, 0.0008, 0.0020, 0.0010, 0.0116, 0.0118, 0.0121, 0.9411, 0.0188]",0.941139817237854,2024-07-25-10-00-39/SITE383_ORNT35_VIS9mi.png
1,0,"[0.1622, 0.1871, 0.1383, 0.1559, 0.1207, 0.0859, 0.0575, 0.0655, 0.0083, 0.0186]",0.18706555664539337,2025-03-31-15-41-11/SITE5_ORNT230_VIS1-25mi.png
3,7,"[0.0275, 0.0665, 0.0863, 0.1905, 0.1681, 0.1328, 0.1584, 0.1316, 0.0246, 0.0136]",0.1904567927122116,2024-07-14-13-28-24/SITE251_ORNT335_VIS8mi.png
3,2,"[0.0768, 0.1324, 0.1177, 0.2029, 0.1539, 0.1064, 0.1058, 0.0832, 0.0110, 0.0101]",0.20285065472126007,2024-08-02-20-27-22/SITE43_ORNT190_VIS3mi.png
5,5,"[0.0758, 0.0812, 0.1181, 0.0834, 0.1170, 0.1888, 0.0423, 0.1283, 0.1146, 0.0504]",0.1887795478105545,2025-02-05-13-59-56/SITE397_ORNT145_VIS6mi.png
8,8,"[0.0013, 0.0037, 0.0118, 0.0225, 0.0204, 0.0587, 0.0419, 0.1809, 0.5377, 0.1210]",0.5377328395843506,2024-05-09-16-15-37/SITE528_ORNT35_VIS9mi.png
6,9,"[0.0381, 0.0384, 0.0387, 0.0492, 0.0600, 0.1884, 0.3175, 0.1164, 0.0174, 0.1359]",0.317461758852005,2025-01-26-15-53-06/SITE73_ORNT110_VIS10+mi.png
8,8,"[0.0097, 0.0162, 0.0458, 0.0499, 0.0689, 0.1557, 0.0638, 0.1772, 0.3227, 0.0900]",0.32266053557395935,2024-07-20-11-08-20/SITE328_ORNT0_VIS9mi.png
6,6,"[0.0228, 0.0295, 0.0337, 0.0597, 0.0957, 0.1843, 0.3499, 0.1658, 0.0229, 0.0357]",0.3499208092689514,2024-06-21-15-35-27/SITE760_ORNT190_VIS7mi.png
0,0,"[0.3992, 0.2272, 0.1030, 0.1145, 0.0559, 0.0388, 0.0148, 0.0379, 0.0032, 0.0054]",0.39915505051612854,2025-02-11-14-30-47/SITE545_ORNT240_VIS1-5mi.png
0,0,"[0.3077, 0.2384, 0.1196, 0.1445, 0.0758, 0.0469, 0.0238, 0.0350, 0.0031, 0.0052]",0.307687908411026,2024-05-21-12-02-34/SITE435_ORNT15_VIS1-25mi.png
3,6,"[0.0446, 0.0733, 0.1033, 0.1426, 0.1224, 0.1363, 0.1265, 0.1279, 0.0254, 0.0978]",0.14262571930885315,2025-02-04-15-47-48/SITE446_ORNT10_VIS7mi.png
3,5,"[0.0973, 0.1489, 0.1299, 0.1913, 0.1400, 0.1052, 0.0883, 0.0746, 0.0092, 0.0152]",0.1913352906703949,2024-12-20-15-16-09/SITE40_ORNT295_VIS6mi.png
0,4,"[0.2521, 0.2130, 0.1147, 0.1652, 0.0888, 0.0572, 0.0333, 0.0596, 0.0055, 0.0106]",0.2520633935928345,2025-02-14-15-24-27/SITE807_ORNT90_VIS5mi.png
8,8,"[0.0001, 0.0009, 0.0007, 0.0005, 0.0007, 0.0130, 0.0084, 0.0066, 0.9633, 0.0059]",0.9632657170295715,2024-04-30-13-21-52/SITE528_ORNT235_VIS9mi.png
8,4,"[0.0397, 0.0469, 0.0699, 0.0568, 0.0689, 0.1512, 0.0403, 0.1470, 0.2145, 0.1648]",0.21452879905700684,2024-09-08-13-07-06/SITE327_ORNT330_VIS5mi.png
9,2,"[0.0082, 0.0126, 0.0452, 0.0655, 0.0395, 0.0647, 0.0726, 0.1923, 0.0704, 0.4289]",0.4289454519748688,2025-02-12-14-37-35/SITE568_ORNT349_VIS3mi.png
0,0,"[0.3308, 0.2396, 0.1254, 0.1360, 0.0732, 0.0420, 0.0225, 0.0255, 0.0029, 0.0022]",0.33077472448349,2024-07-05-14-33-31/SITE241_ORNT120_VIS1-5mi.png
5,3,"[0.0978, 0.1231, 0.1476, 0.1232, 0.1334, 0.1505, 0.1049, 0.0773, 0.0164, 0.0257]",0.15046405792236328,2025-02-05-13-59-56/SITE747_ORNT0_VIS4mi.png
3,2,"[0.1028, 0.1640, 0.1236, 0.2051, 0.1417, 0.0951, 0.0825, 0.0686, 0.0083, 0.0083]",0.20509351789951324,2024-07-26-10-22-16/SITE198_ORNT80_VIS3mi.png
9,9,"[0.0118, 0.0171, 0.0370, 0.0468, 0.0331, 0.0581, 0.0465, 0.1406, 0.0538, 0.5552]",0.5552088022232056,2025-04-10-17-56-44/SITE852_ORNT315_VIS10+mi.png
8,7,"[0.0078, 0.0175, 0.0333, 0.0180, 0.0450, 0.1307, 0.0393, 0.0946, 0.5415, 0.0723]",0.5414692163467407,2025-03-06-15-10-58/SITE474_ORNT270_VIS8mi.png
1,3,"[0.1822, 0.2021, 0.1465, 0.1536, 0.1191, 0.0815, 0.0576, 0.0459, 0.0049, 0.0065]",0.20210711658000946,2024-05-31-11-53-14/SITE84_ORNT147_VIS4mi.png
5,4,"[0.0360, 0.0647, 0.1121, 0.1281, 0.1322, 0.1659, 0.1385, 0.1344, 0.0343, 0.0538]",0.16590659320354462,2025-04-22-15-39-35/SITE722_ORNT255_VIS5mi.png
3,0,"[0.1167, 0.1819, 0.1208, 0.2254, 0.1330, 0.0836, 0.0640, 0.0611, 0.0071, 0.0064]",0.225448340177536,2024-05-28-11-05-32/SITE620_ORNT150_VIS1-25mi.png
8,8,"[0.0190, 0.0338, 0.0403, 0.0306, 0.0410, 0.1494, 0.0419, 0.1293, 0.4326, 0.0821]",0.43260645866394043,2025-02-15-16-53-20/SITE362_ORNT25_VIS9mi.png
6,7,"[0.0380, 0.0651, 0.0790, 0.1543, 0.1421, 0.1399, 0.1765, 0.1386, 0.0236, 0.0429]",0.1765330284833908,2024-06-06-17-01-51/SITE258_ORNT170_VIS8mi.png
8,8,"[0.0003, 0.0016, 0.0037, 0.0046, 0.0034, 0.0194, 0.0123, 0.0353, 0.8185, 0.1010]",0.8184986710548401,2024-07-23-13-08-12/SITE380_ORNT220_VIS9mi.png
0,0,"[0.2098, 0.1963, 0.1209, 0.1658, 0.0947, 0.0714, 0.0389, 0.0750, 0.0080, 0.0191]",0.2098017781972885,2025-04-16-13-54-24/SITE9_ORNT200_VIS1-75mi.png
8,9,"[0.0029, 0.0150, 0.0446, 0.0748, 0.0276, 0.0885, 0.0573, 0.1736, 0.4312, 0.0847]",0.43115562200546265,2025-05-09-16-29-32/SITE694_ORNT240_VIS10+mi.png
1,0,"[0.1752, 0.1916, 0.1221, 0.1808, 0.1017, 0.0766, 0.0466, 0.0735, 0.0080, 0.0240]",0.1915566325187683,2025-02-16-12-49-10/SITE617_ORNT40_VIS1-75mi.png
2,7,"[0.1314, 0.1235, 0.1427, 0.1161, 0.1257, 0.1299, 0.0407, 0.1012, 0.0344, 0.0543]",0.14272500574588776,2024-07-22-20-17-56/SITE309_ORNT325_VIS8mi.png
6,5,"[0.0156, 0.0398, 0.0646, 0.1301, 0.1657, 0.1562, 0.2248, 0.1617, 0.0315, 0.0100]",0.22482645511627197,2024-07-24-16-43-44/SITE111_ORNT246_VIS6mi.png
1,0,"[0.1666, 0.2148, 0.1272, 0.2014, 0.1235, 0.0696, 0.0467, 0.0428, 0.0045, 0.0028]",0.2148442566394806,2024-08-30-17-21-54/SITE53_ORNT170_VIS1-5mi.png
9,9,"[0.0432, 0.0452, 0.0459, 0.0466, 0.0452, 0.0926, 0.0763, 0.1392, 0.0206, 0.4452]",0.4451596438884735,2025-02-12-14-37-35/SITE193_ORNT295_VIS10+mi.png
3,2,"[0.1278, 0.1467, 0.1236, 0.1536, 0.1050, 0.0972, 0.0593, 0.1045, 0.0140, 0.0683]",0.15361659228801727,2025-02-01-17-30-02/SITE18_ORNT290_VIS3mi.png
1,1,"[0.1493, 0.1604, 0.1179, 0.1571, 0.0932, 0.0928, 0.0502, 0.1049, 0.0146, 0.0597]",0.16040758788585663,2025-03-05-12-08-53/SITE658_ORNT120_VIS2mi.png
3,4,"[0.0285, 0.0660, 0.0893, 0.1843, 0.1643, 0.1329, 0.1632, 0.1299, 0.0244, 0.0172]",0.1843094527721405,2024-05-09-16-15-37/SITE418_ORNT260_VIS5mi.png
9,1,"[0.0253, 0.0400, 0.0703, 0.1110, 0.0755, 0.1018, 0.0978, 0.1612, 0.0371, 0.2801]",0.28008487820625305,2024-05-30-17-47-26/SITE25_ORNT320_VIS2mi.png
0,4,"[0.3871, 0.2259, 0.1034, 0.1244, 0.0581, 0.0386, 0.0160, 0.0379, 0.0032, 0.0055]",0.3871335983276367,2025-02-17-14-46-26/SITE119_ORNT13_VIS5mi.png
9,9,"[0.0198, 0.0226, 0.0496, 0.0594, 0.0414, 0.1195, 0.1487, 0.1689, 0.0468, 0.3233]",0.323342889547348,2025-04-01-16-59-16/SITE747_ORNT60_VIS10+mi.png
6,3,"[0.0110, 0.0181, 0.0333, 0.0683, 0.0864, 0.1438, 0.3040, 0.2409, 0.0382, 0.0559]",0.3039522171020508,2024-08-02-13-37-25/SITE19_ORNT170_VIS4mi.png
0,1,"[0.4137, 0.2296, 0.1243, 0.0990, 0.0602, 0.0304, 0.0197, 0.0183, 0.0031, 0.0018]",0.4137403666973114,2024-07-02-10-19-43/SITE747_ORNT255_VIS2-5mi.png
8,9,"[0.0012, 0.0036, 0.0116, 0.0170, 0.0149, 0.0486, 0.0300, 0.1359, 0.5737, 0.1635]",0.5736851096153259,2024-04-30-13-21-52/SITE533_ORNT120_VIS15mi.png
0,2,"[0.4789, 0.2163, 0.0822, 0.0577, 0.0699, 0.0281, 0.0197, 0.0318, 0.0097, 0.0056]",0.4788939356803894,2025-03-11-17-13-52/SITE508_ORNT135_VIS3mi.png
1,4,"[0.1506, 0.1598, 0.1155, 0.1564, 0.0916, 0.0906, 0.0458, 0.1073, 0.0153, 0.0669]",0.15982891619205475,2025-03-31-13-29-12/SITE261_ORNT270_VIS5mi.png
9,7,"[0.0251, 0.0347, 0.0928, 0.0900, 0.1047, 0.1604, 0.0889, 0.1516, 0.0818, 0.1699]",0.16994544863700867,2024-08-30-10-00-55/SITE457_ORNT225_VIS8mi.png
3,1,"[0.0290, 0.0684, 0.0734, 0.1989, 0.1747, 0.1293, 0.1544, 0.1388, 0.0250, 0.0081]",0.19893763959407806,2024-07-22-11-13-59/SITE98_ORNT135_VIS2mi.png
0,0,"[0.3400, 0.2351, 0.1106, 0.1324, 0.0654, 0.0448, 0.0190, 0.0413, 0.0037, 0.0077]",0.33999860286712646,2025-02-17-14-46-26/SITE241_ORNT214_VIS1-5mi.png
3,8,"[0.0975, 0.1288, 0.1209, 0.1697, 0.1137, 0.1101, 0.0760, 0.1048, 0.0162, 0.0624]",0.16971810162067413,2024-05-08-14-34-39/SITE239_ORNT110_VIS9mi.png
3,3,"[0.0918, 0.1164, 0.1094, 0.1566, 0.0969, 0.1041, 0.0701, 0.1225, 0.0206, 0.1114]",0.15660183131694794,2025-01-26-15-53-06/SITE7_ORNT221_VIS4mi.png
0,0,"[0.2508, 0.2257, 0.1226, 0.1527, 0.0888, 0.0602, 0.0319, 0.0524, 0.0050, 0.0099]",0.2508178651332855,2025-02-02-12-13-03/SITE821_ORNT225_VIS1-5mi.png
7,3,"[0.0070, 0.0170, 0.0383, 0.1240, 0.1076, 0.1135, 0.1895, 0.3042, 0.0620, 0.0371]",0.30422690510749817,2024-07-07-15-01-32/SITE19_ORNT60_VIS4mi.png
1,2,"[0.1803, 0.2155, 0.1233, 0.1981, 0.1091, 0.0663, 0.0436, 0.0515, 0.0051, 0.0070]",0.21551015973091125,2024-06-23-11-02-14/SITE626_ORNT290_VIS3mi.png
1,3,"[0.1715, 0.2138, 0.1302, 0.1827, 0.1241, 0.0731, 0.0520, 0.0434, 0.0047, 0.0045]",0.21378180384635925,2024-07-14-13-28-24/SITE58_ORNT90_VIS4mi.png
8,8,"[0.0015, 0.0037, 0.0138, 0.0253, 0.0149, 0.0413, 0.0313, 0.1799, 0.3867, 0.3015]",0.3866884410381317,2024-08-30-10-00-55/SITE424_ORNT180_VIS9mi.png
8,8,"[0.0008, 0.0051, 0.0045, 0.0039, 0.0082, 0.0573, 0.0291, 0.0272, 0.8455, 0.0185]",0.8454799056053162,2024-08-02-20-27-22/SITE336_ORNT180_VIS9mi.png
3,6,"[0.1506, 0.1967, 0.1235, 0.2053, 0.1243, 0.0782, 0.0573, 0.0543, 0.0056, 0.0043]",0.20528721809387207,2024-08-31-14-30-34/SITE186_ORNT275_VIS7mi.png
0,4,"[0.2378, 0.2318, 0.1228, 0.1526, 0.0946, 0.0603, 0.0376, 0.0463, 0.0046, 0.0116]",0.23780156672000885,2024-10-13-15-24-41/SITE58_ORNT90_VIS5mi.png
0,7,"[0.2417, 0.1754, 0.1447, 0.1046, 0.1068, 0.1042, 0.0241, 0.0702, 0.0193, 0.0089]",0.24174900352954865,2024-05-23-15-19-49/SITE362_ORNT135_VIS8mi.png
7,2,"[0.0821, 0.0988, 0.1149, 0.1267, 0.1076, 0.1191, 0.0598, 0.1351, 0.0317, 0.1244]",0.13508844375610352,2024-12-29-16-00-12/SITE617_ORNT40_VIS3mi.png
0,0,"[0.3235, 0.2403, 0.1154, 0.1430, 0.0724, 0.0427, 0.0221, 0.0330, 0.0030, 0.0044]",0.32350853085517883,2025-03-01-18-07-41/SITE49_ORNT15_VIS1-75mi.png
3,3,"[0.1637, 0.2056, 0.1218, 0.2088, 0.1193, 0.0712, 0.0501, 0.0505, 0.0051, 0.0039]",0.20875361561775208,2024-07-07-11-04-33/SITE411_ORNT280_VIS4mi.png
9,2,"[0.0529, 0.0709, 0.0856, 0.1184, 0.1034, 0.1309, 0.1295, 0.1276, 0.0218, 0.1590]",0.15904328227043152,2025-01-28-16-10-28/SITE437_ORNT110_VIS3mi.png
7,3,"[0.0181, 0.0320, 0.0599, 0.1204, 0.1139, 0.1360, 0.1823, 0.2097, 0.0407, 0.0870]",0.20973394811153412,2024-08-26-16-02-03/SITE598_ORNT0_VIS4mi.png
7,9,"[0.0865, 0.1010, 0.1199, 0.1280, 0.1121, 0.1232, 0.0602, 0.1321, 0.0332, 0.1039]",0.1320536583662033,2024-12-24-15-14-57/SITE259_ORNT314_VIS10+mi.png
9,9,"[0.0097, 0.0086, 0.0105, 0.0133, 0.0121, 0.0343, 0.0382, 0.1240, 0.0181, 0.7311]",0.7311204075813293,2025-04-01-16-59-16/SITE617_ORNT315_VIS10+mi.png
3,3,"[0.1060, 0.1245, 0.1096, 0.1577, 0.0921, 0.1003, 0.0591, 0.1306, 0.0213, 0.0988]",0.157675638794899,2025-03-06-15-10-58/SITE193_ORNT80_VIS4mi.png
8,8,"[0.0005, 0.0037, 0.0027, 0.0015, 0.0038, 0.0444, 0.0163, 0.0179, 0.9043, 0.0048]",0.9043202996253967,2025-03-18-13-52-55/SITE331_ORNT315_VIS9mi.png
0,7,"[0.3402, 0.2426, 0.1157, 0.1317, 0.0708, 0.0414, 0.0211, 0.0301, 0.0029, 0.0037]",0.3401578962802887,2025-02-14-15-24-27/SITE65_ORNT180_VIS8mi.png
8,8,"[0.0002, 0.0010, 0.0023, 0.0063, 0.0018, 0.0106, 0.0093, 0.0248, 0.7746, 0.1691]",0.7745751142501831,2024-06-28-13-30-05/SITE486_ORNT220_VIS9mi.png
9,9,"[0.0046, 0.0055, 0.0098, 0.0138, 0.0081, 0.0198, 0.0216, 0.0910, 0.0245, 0.8012]",0.8012447357177734,2024-12-23-15-38-40/SITE617_ORNT40_VIS10+mi.png
9,9,"[0.0198, 0.0142, 0.0155, 0.0233, 0.0301, 0.1098, 0.2096, 0.1242, 0.0165, 0.4371]",0.43706896901130676,2025-02-02-12-13-03/SITE581_ORNT250_VIS10+mi.png
0,3,"[0.4143, 0.2308, 0.1126, 0.1061, 0.0583, 0.0325, 0.0161, 0.0238, 0.0028, 0.0027]",0.414347380399704,2025-03-02-13-12-40/SITE40_ORNT120_VIS4mi.png
3,7,"[0.0232, 0.0602, 0.0797, 0.1901, 0.1747, 0.1343, 0.1583, 0.1424, 0.0275, 0.0095]",0.19007329642772675,2024-08-01-10-54-34/SITE241_ORNT120_VIS8mi.png
0,0,"[0.2810, 0.2178, 0.1206, 0.1335, 0.0891, 0.0580, 0.0257, 0.0569, 0.0066, 0.0107]",0.28096166253089905,2024-12-27-14-55-32/SITE556_ORNT223_VIS1-75mi.png
6,4,"[0.0364, 0.0278, 0.0211, 0.0326, 0.0489, 0.1934, 0.4104, 0.1053, 0.0147, 0.1094]",0.41041111946105957,2024-08-30-10-00-55/SITE749_ORNT315_VIS5mi.png
3,1,"[0.1449, 0.1811, 0.1170, 0.1995, 0.1122, 0.0815, 0.0580, 0.0785, 0.0089, 0.0185]",0.19946976006031036,2024-05-09-16-15-37/SITE58_ORNT245_VIS2-5mi.png
3,4,"[0.0443, 0.0982, 0.1000, 0.2113, 0.1676, 0.1213, 0.1302, 0.0995, 0.0168, 0.0110]",0.2112530767917633,2024-04-25-17-48-06/SITE244_ORNT177_VIS5mi.png
3,0,"[0.0413, 0.0710, 0.0957, 0.1601, 0.1276, 0.1360, 0.1290, 0.1534, 0.0269, 0.0591]",0.16007649898529053,2025-01-31-13-49-43/SITE239_ORNT110_VIS1-75mi.png
8,8,"[0.0120, 0.0352, 0.0447, 0.0205, 0.0787, 0.2430, 0.0539, 0.0972, 0.4112, 0.0036]",0.41119301319122314,2025-03-15-15-41-34/SITE508_ORNT315_VIS9mi.png
5,4,"[0.1082, 0.1109, 0.1436, 0.0872, 0.1388, 0.1747, 0.0371, 0.1001, 0.0755, 0.0240]",0.174699604511261,2024-12-10-14-08-09/SITE376_ORNT70_VIS5mi.png
9,9,"[0.0085, 0.0069, 0.0096, 0.0153, 0.0154, 0.0425, 0.0700, 0.1373, 0.0184, 0.6761]",0.6760978102684021,2025-03-23-13-51-54/SITE442_ORNT210_VIS10+mi.png
0,2,"[0.3132, 0.2334, 0.1182, 0.1385, 0.0742, 0.0494, 0.0230, 0.0407, 0.0036, 0.0058]",0.3131803274154663,2024-12-23-15-38-40/SITE258_ORNT125_VIS3mi.png
3,4,"[0.0563, 0.0853, 0.1143, 0.1351, 0.1213, 0.1325, 0.0977, 0.1194, 0.0261, 0.1121]",0.13510309159755707,2025-03-05-12-08-53/SITE620_ORNT30_VIS5mi.png
6,5,"[0.0205, 0.0482, 0.0715, 0.1463, 0.1610, 0.1510, 0.2046, 0.1519, 0.0290, 0.0159]",0.20463865995407104,2024-07-28-13-48-26/SITE205_ORNT230_VIS6mi.png
3,1,"[0.1074, 0.1747, 0.1199, 0.2170, 0.1384, 0.0881, 0.0719, 0.0650, 0.0081, 0.0096]",0.2169804871082306,2024-12-10-14-08-09/SITE719_ORNT300_VIS2-5mi.png
3,2,"[0.0496, 0.0828, 0.1119, 0.1513, 0.1311, 0.1422, 0.1327, 0.1184, 0.0218, 0.0581]",0.15133878588676453,2025-04-13-19-09-12/SITE607_ORNT90_VIS3mi.png
0,2,"[0.3858, 0.2071, 0.1096, 0.0976, 0.0665, 0.0535, 0.0141, 0.0530, 0.0076, 0.0052]",0.3858242928981781,2025-03-02-13-12-40/SITE397_ORNT270_VIS3mi.png
0,1,"[0.3945, 0.2362, 0.1086, 0.1190, 0.0588, 0.0331, 0.0160, 0.0269, 0.0027, 0.0041]",0.3944617211818695,2025-01-22-12-38-15/SITE801_ORNT155_VIS2mi.png
9,9,"[0.0070, 0.0064, 0.0094, 0.0150, 0.0097, 0.0234, 0.0291, 0.1255, 0.0204, 0.7539]",0.7539165616035461,2025-03-26-14-35-40/SITE570_ORNT52_VIS10+mi.png
3,4,"[0.1059, 0.1654, 0.1190, 0.1864, 0.1519, 0.0999, 0.0932, 0.0641, 0.0079, 0.0062]",0.18643784523010254,2024-07-27-10-27-08/SITE134_ORNT70_VIS5mi.png
1,0,"[0.1904, 0.2313, 0.1312, 0.1846, 0.1148, 0.0645, 0.0409, 0.0359, 0.0038, 0.0028]",0.23127783834934235,2024-07-07-11-04-33/SITE65_ORNT290_VIS1-75mi.png
3,2,"[0.0878, 0.1435, 0.1176, 0.2096, 0.1462, 0.1044, 0.0928, 0.0802, 0.0102, 0.0078]",0.20964555442333221,2024-08-24-13-47-04/SITE45_ORNT180_VIS3mi.png
3,4,"[0.0715, 0.1134, 0.1107, 0.1875, 0.1326, 0.1157, 0.1049, 0.1088, 0.0167, 0.0382]",0.18748582899570465,2024-10-13-15-24-41/SITE58_ORNT245_VIS5mi.png
3,1,"[0.1147, 0.1608, 0.1219, 0.2002, 0.1231, 0.0936, 0.0702, 0.0843, 0.0103, 0.0208]",0.20019353926181793,2024-05-08-14-34-39/SITE735_ORNT75_VIS2mi.png
8,8,"[0.0003, 0.0025, 0.0019, 0.0012, 0.0027, 0.0312, 0.0142, 0.0136, 0.9239, 0.0085]",0.9239264130592346,2024-08-29-14-11-27/SITE343_ORNT360_VIS9mi.png
6,4,"[0.0128, 0.0151, 0.0243, 0.0607, 0.0743, 0.1254, 0.2680, 0.2639, 0.0356, 0.1200]",0.2679741382598877,2024-07-29-17-46-25/SITE272_ORNT67_VIS5mi.png
8,8,"[0.0026, 0.0113, 0.0091, 0.0051, 0.0125, 0.0806, 0.0283, 0.0280, 0.7901, 0.0322]",0.7901456952095032,2025-03-01-18-07-41/SITE520_ORNT90_VIS9mi.png
0,5,"[0.2923, 0.2091, 0.1450, 0.1102, 0.0986, 0.0708, 0.0213, 0.0403, 0.0081, 0.0042]",0.29233431816101074,2024-10-14-13-08-27/SITE426_ORNT250_VIS6mi.png
9,8,"[0.0032, 0.0057, 0.0140, 0.0348, 0.0143, 0.0272, 0.0318, 0.2197, 0.0609, 0.5885]",0.5884793996810913,2024-05-23-15-19-49/SITE33_ORNT215_VIS9mi.png
7,3,"[0.0094, 0.0114, 0.0206, 0.0526, 0.0441, 0.0909, 0.2587, 0.2751, 0.0356, 0.2015]",0.27508214116096497,2024-06-10-18-34-10/SITE617_ORNT125_VIS4mi.png
0,5,"[0.3267, 0.2312, 0.1110, 0.1323, 0.0691, 0.0474, 0.0202, 0.0480, 0.0043, 0.0097]",0.3266811668872833,2024-12-17-16-15-56/SITE561_ORNT145_VIS6mi.png
7,6,"[0.0119, 0.0196, 0.0358, 0.1029, 0.1003, 0.1246, 0.2084, 0.2805, 0.0459, 0.0701]",0.28048935532569885,2024-07-18-14-04-18/SITE411_ORNT220_VIS7mi.png
3,4,"[0.0586, 0.1173, 0.1094, 0.2218, 0.1556, 0.1108, 0.1095, 0.0916, 0.0139, 0.0115]",0.22183474898338318,2024-08-02-20-27-22/SITE111_ORNT181_VIS5mi.png
3,0,"[0.0901, 0.1391, 0.1305, 0.1689, 0.1392, 0.1179, 0.0974, 0.0787, 0.0115, 0.0266]",0.16887909173965454,2025-01-15-15-33-17/SITE186_ORNT275_VIS1-75mi.png
3,0,"[0.1149, 0.1550, 0.1231, 0.1917, 0.1235, 0.0964, 0.0752, 0.0856, 0.0109, 0.0237]",0.1917053759098053,2024-12-10-14-08-09/SITE606_ORNT90_VIS1-75mi.png
0,1,"[0.2118, 0.1933, 0.1210, 0.1545, 0.0933, 0.0772, 0.0378, 0.0823, 0.0093, 0.0195]",0.21177203953266144,2025-03-31-15-41-11/SITE194_ORNT194_VIS2-5mi.png
6,1,"[0.0394, 0.0599, 0.0747, 0.1269, 0.1303, 0.1528, 0.1942, 0.1379, 0.0223, 0.0615]",0.19419917464256287,2024-05-08-14-34-39/SITE629_ORNT60_VIS2-5mi.png
6,6,"[0.0275, 0.0315, 0.0314, 0.0542, 0.0876, 0.1885, 0.3686, 0.1479, 0.0190, 0.0439]",0.3685852885246277,2024-07-18-14-04-18/SITE760_ORNT190_VIS7mi.png
7,4,"[0.0821, 0.0910, 0.1156, 0.1200, 0.1053, 0.1439, 0.0507, 0.1601, 0.0536, 0.0777]",0.1601114273071289,2025-01-17-15-10-02/SITE521_ORNT60_VIS5mi.png
3,3,"[0.1000, 0.1625, 0.1226, 0.2074, 0.1388, 0.0942, 0.0801, 0.0708, 0.0090, 0.0146]",0.20743946731090546,2024-08-31-14-30-34/SITE194_ORNT145_VIS4mi.png
0,7,"[0.3011, 0.2440, 0.1237, 0.1517, 0.0803, 0.0431, 0.0242, 0.0270, 0.0028, 0.0021]",0.30114850401878357,2024-07-28-13-48-26/SITE15_ORNT170_VIS8mi.png
5,8,"[0.0947, 0.1189, 0.1393, 0.1341, 0.1336, 0.1431, 0.0667, 0.1032, 0.0260, 0.0405]",0.14306151866912842,2024-07-27-10-27-08/SITE324_ORNT45_VIS9mi.png
9,9,"[0.0007, 0.0022, 0.0111, 0.0264, 0.0069, 0.0167, 0.0159, 0.0985, 0.3618, 0.4598]",0.45982491970062256,2024-05-21-12-02-34/SITE327_ORNT45_VIS15mi.png
7,6,"[0.0059, 0.0140, 0.0322, 0.1050, 0.0947, 0.1122, 0.2003, 0.3211, 0.0687, 0.0459]",0.32105639576911926,2024-07-14-10-21-23/SITE177_ORNT260_VIS7mi.png
9,4,"[0.0302, 0.0316, 0.0404, 0.0592, 0.0738, 0.1343, 0.1775, 0.2062, 0.0261, 0.2209]",0.22088171541690826,2025-02-01-17-30-02/SITE546_ORNT40_VIS5mi.png
0,1,"[0.3189, 0.2469, 0.1262, 0.1384, 0.0786, 0.0400, 0.0234, 0.0227, 0.0030, 0.0018]",0.31887632608413696,2024-07-18-14-04-18/SITE73_ORNT335_VIS2mi.png
6,2,"[0.0190, 0.0482, 0.0770, 0.1653, 0.1565, 0.1409, 0.1861, 0.1550, 0.0317, 0.0202]",0.18612869083881378,2024-05-03-19-33-18/SITE244_ORNT240_VIS3mi.png
1,4,"[0.2068, 0.2355, 0.1281, 0.1813, 0.1088, 0.0601, 0.0376, 0.0351, 0.0036, 0.0029]",0.2354913204908371,2024-05-01-16-21-18/SITE41_ORNT335_VIS5mi.png
8,8,"[0.0081, 0.0265, 0.0312, 0.0128, 0.0568, 0.1879, 0.0451, 0.0630, 0.5608, 0.0078]",0.5607829689979553,2025-03-02-13-12-40/SITE377_ORNT110_VIS9mi.png
8,1,"[0.0061, 0.0118, 0.0177, 0.0170, 0.0177, 0.0705, 0.0268, 0.0910, 0.4648, 0.2766]",0.4647861421108246,2024-07-18-11-32-15/SITE508_ORNT225_VIS2-5mi.png
9,9,"[0.0095, 0.0107, 0.0145, 0.0176, 0.0120, 0.0291, 0.0267, 0.1022, 0.0213, 0.7564]",0.7563595175743103,2025-02-19-12-18-05/SITE50_ORNT265_VIS10+mi.png
8,8,"[0.0001, 0.0010, 0.0015, 0.0017, 0.0014, 0.0130, 0.0092, 0.0108, 0.9284, 0.0329]",0.9284387826919556,2024-08-11-13-07-09/SITE471_ORNT90_VIS9mi.png
8,8,"[0.0002, 0.0015, 0.0034, 0.0098, 0.0020, 0.0098, 0.0095, 0.0223, 0.6648, 0.2767]",0.6647930145263672,2024-08-01-13-32-05/SITE295_ORNT315_VIS9mi.png
1,0,"[0.2278, 0.2392, 0.1218, 0.1842, 0.0967, 0.0548, 0.0325, 0.0366, 0.0036, 0.0030]",0.23915493488311768,2024-07-02-16-22-41/SITE198_ORNT20_VIS1-75mi.png
3,5,"[0.1077, 0.1730, 0.1204, 0.2235, 0.1461, 0.0886, 0.0702, 0.0594, 0.0071, 0.0041]",0.22347980737686157,2024-09-07-13-37-18/SITE607_ORNT180_VIS6mi.png
6,2,"[0.0284, 0.0536, 0.0925, 0.1182, 0.1320, 0.1655, 0.2010, 0.1287, 0.0234, 0.0566]",0.20100323855876923,2025-04-01-16-59-16/SITE82_ORNT135_VIS3mi.png
5,5,"[0.0431, 0.0518, 0.0996, 0.0704, 0.1117, 0.1849, 0.0458, 0.1339, 0.1770, 0.0819]",0.18487849831581116,2025-02-02-12-13-03/SITE325_ORNT280_VIS6mi.png
6,6,"[0.0197, 0.0242, 0.0249, 0.0459, 0.0797, 0.1884, 0.4083, 0.1584, 0.0210, 0.0295]",0.4082571864128113,2024-08-12-20-17-35/SITE760_ORNT190_VIS7mi.png
7,7,"[0.0160, 0.0272, 0.0589, 0.0961, 0.0967, 0.1390, 0.1820, 0.1960, 0.0403, 0.1479]",0.19596734642982483,2025-02-05-13-59-56/SITE41_ORNT25_VIS8mi.png
0,3,"[0.4280, 0.2325, 0.1165, 0.1052, 0.0551, 0.0265, 0.0154, 0.0168, 0.0026, 0.0014]",0.42804762721061707,2024-10-14-13-08-27/SITE610_ORNT260_VIS4mi.png
8,8,"[0.0045, 0.0130, 0.0139, 0.0075, 0.0149, 0.0916, 0.0260, 0.0561, 0.7191, 0.0536]",0.7191093564033508,2025-01-31-13-49-43/SITE380_ORNT55_VIS9mi.png
0,2,"[0.1631, 0.1428, 0.1624, 0.0988, 0.1387, 0.1268, 0.0359, 0.0790, 0.0320, 0.0206]",0.16307435929775238,2025-02-01-12-44-07/SITE405_ORNT35_VIS3mi.png
0,3,"[0.1781, 0.1721, 0.1160, 0.1648, 0.0921, 0.0815, 0.0412, 0.0998, 0.0120, 0.0423]",0.17809037864208221,2025-02-14-15-24-27/SITE624_ORNT145_VIS4mi.png
6,6,"[0.0477, 0.0873, 0.0910, 0.1474, 0.1606, 0.1515, 0.1895, 0.0971, 0.0143, 0.0137]",0.18947093188762665,2024-07-02-16-22-41/SITE179_ORNT36_VIS7mi.png
5,3,"[0.0678, 0.0886, 0.1236, 0.1131, 0.1337, 0.1886, 0.0731, 0.1324, 0.0553, 0.0238]",0.18864686787128448,2024-06-06-17-01-51/SITE339_ORNT90_VIS4mi.png
5,3,"[0.0853, 0.1156, 0.1242, 0.0626, 0.1287, 0.2276, 0.0442, 0.1022, 0.1031, 0.0065]",0.2275604009628296,2025-03-05-12-08-53/SITE386_ORNT30_VIS4mi.png
3,1,"[0.1405, 0.1947, 0.1250, 0.2056, 0.1290, 0.0804, 0.0599, 0.0541, 0.0060, 0.0048]",0.20561976730823517,2024-09-02-17-43-28/SITE167_ORNT60_VIS2-5mi.png
9,9,"[0.0229, 0.0257, 0.0356, 0.0330, 0.0288, 0.0589, 0.0432, 0.1112, 0.0266, 0.6140]",0.6139549016952515,2025-04-10-17-56-44/SITE606_ORNT180_VIS10+mi.png
5,3,"[0.0358, 0.0756, 0.0862, 0.0404, 0.1195, 0.2897, 0.0597, 0.1001, 0.1902, 0.0029]",0.289677232503891,2025-02-01-12-44-07/SITE331_ORNT315_VIS4mi.png
3,2,"[0.1039, 0.1718, 0.1271, 0.1955, 0.1503, 0.0979, 0.0831, 0.0579, 0.0073, 0.0052]",0.19548222422599792,2024-07-04-10-22-12/SITE438_ORNT110_VIS3mi.png
8,8,"[0.0348, 0.0447, 0.0931, 0.0622, 0.1047, 0.1836, 0.0525, 0.1267, 0.2031, 0.0946]",0.20306752622127533,2025-04-13-19-09-12/SITE343_ORNT90_VIS9mi.png
3,3,"[0.0649, 0.1222, 0.1166, 0.1988, 0.1517, 0.1147, 0.1151, 0.0865, 0.0126, 0.0169]",0.1988462209701538,2024-05-08-14-34-39/SITE616_ORNT270_VIS4mi.png
2,4,"[0.1198, 0.1547, 0.1590, 0.1363, 0.1425, 0.1236, 0.0752, 0.0637, 0.0112, 0.0141]",0.1589754819869995,2024-08-02-13-37-25/SITE241_ORNT34_VIS5mi.png
1,0,"[0.1483, 0.2076, 0.1262, 0.1997, 0.1296, 0.0762, 0.0560, 0.0467, 0.0053, 0.0045]",0.20764800906181335,2024-07-28-13-48-26/SITE13_ORNT85_VIS1-25mi.png
7,7,"[0.0082, 0.0117, 0.0217, 0.0618, 0.0647, 0.1034, 0.2638, 0.3075, 0.0444, 0.1128]",0.3074858784675598,2024-06-07-15-28-05/SITE18_ORNT5_VIS8mi.png
8,9,"[0.0054, 0.0140, 0.0166, 0.0112, 0.0202, 0.0965, 0.0309, 0.0611, 0.6516, 0.0924]",0.6515847444534302,2024-07-23-10-10-08/SITE483_ORNT5_VIS20mi.png
7,9,"[0.0067, 0.0141, 0.0447, 0.0936, 0.0673, 0.0950, 0.1717, 0.2922, 0.0647, 0.1501]",0.2921675741672516,2025-02-10-14-47-56/SITE569_ORNT138_VIS10+mi.png
3,2,"[0.0669, 0.1323, 0.1162, 0.2112, 0.1677, 0.1093, 0.1054, 0.0740, 0.0105, 0.0065]",0.21122391521930695,2024-08-18-13-20-24/SITE48_ORNT275_VIS3mi.png
1,2,"[0.1762, 0.1864, 0.1292, 0.1621, 0.1078, 0.0893, 0.0522, 0.0750, 0.0089, 0.0127]",0.1864406168460846,2025-04-07-16-10-10/SITE115_ORNT115_VIS3mi.png
0,1,"[0.3778, 0.1959, 0.1137, 0.0916, 0.0694, 0.0597, 0.0123, 0.0605, 0.0119, 0.0073]",0.37779343128204346,2025-01-26-13-23-03/SITE471_ORNT90_VIS2-5mi.png
9,9,"[0.0062, 0.0082, 0.0187, 0.0480, 0.0335, 0.0568, 0.0992, 0.2543, 0.0445, 0.4308]",0.43076184391975403,2025-04-22-15-39-35/SITE229_ORNT202_VIS10+mi.png
5,1,"[0.0762, 0.0782, 0.1257, 0.1033, 0.1283, 0.1725, 0.0445, 0.1311, 0.0840, 0.0563]",0.1724652498960495,2025-03-15-15-41-34/SITE471_ORNT0_VIS2-5mi.png
6,6,"[0.0235, 0.0430, 0.0600, 0.1236, 0.1406, 0.1556, 0.2285, 0.1665, 0.0299, 0.0288]",0.22852665185928345,2024-08-15-16-44-48/SITE683_ORNT240_VIS7mi.png
3,4,"[0.0474, 0.0795, 0.1088, 0.1496, 0.1259, 0.1361, 0.1275, 0.1197, 0.0231, 0.0824]",0.14964918792247772,2025-02-15-16-53-20/SITE719_ORNT180_VIS5mi.png
1,1,"[0.1818, 0.2096, 0.1401, 0.1620, 0.1159, 0.0767, 0.0519, 0.0477, 0.0049, 0.0093]",0.20963223278522491,2024-05-23-15-19-49/SITE41_ORNT170_VIS2-5mi.png
9,9,"[0.0109, 0.0147, 0.0463, 0.0597, 0.0443, 0.0742, 0.0510, 0.1653, 0.0906, 0.4431]",0.44313108921051025,2025-03-18-13-52-55/SITE426_ORNT310_VIS25mi.png
7,9,"[0.0732, 0.0884, 0.1012, 0.1317, 0.0886, 0.1168, 0.0638, 0.1675, 0.0351, 0.1336]",0.1675392985343933,2025-03-04-14-20-15/SITE230_ORNT214_VIS10+mi.png
3,3,"[0.0783, 0.1465, 0.1116, 0.2323, 0.1546, 0.0981, 0.0882, 0.0738, 0.0097, 0.0069]",0.2322978526353836,2024-07-14-16-38-50/SITE8_ORNT220_VIS4mi.png
6,4,"[0.0220, 0.0195, 0.0237, 0.0379, 0.0659, 0.1454, 0.2489, 0.2426, 0.0248, 0.1693]",0.24887190759181976,2024-06-16-19-09-40/SITE19_ORNT325_VIS5mi.png
0,1,"[0.2083, 0.1992, 0.1212, 0.1694, 0.0972, 0.0723, 0.0412, 0.0705, 0.0071, 0.0136]",0.20831115543842316,2025-03-06-15-10-58/SITE216_ORNT55_VIS2mi.png
3,4,"[0.1341, 0.1438, 0.1317, 0.1440, 0.1160, 0.1150, 0.0528, 0.1087, 0.0191, 0.0347]",0.14402242004871368,2024-09-07-11-42-21/SITE10_ORNT10_VIS5mi.png
3,1,"[0.1072, 0.1675, 0.1155, 0.2288, 0.1311, 0.0873, 0.0676, 0.0761, 0.0091, 0.0098]",0.22884878516197205,2024-09-07-11-42-21/SITE607_ORNT90_VIS2-5mi.png
8,8,"[0.0003, 0.0020, 0.0037, 0.0040, 0.0063, 0.0351, 0.0202, 0.0426, 0.8642, 0.0218]",0.8641766905784607,2024-07-07-20-11-04/SITE455_ORNT90_VIS9mi.png
5,4,"[0.1220, 0.1576, 0.1602, 0.0785, 0.1447, 0.1868, 0.0435, 0.0636, 0.0395, 0.0036]",0.1867770254611969,2025-02-15-15-20-00/SITE380_ORNT55_VIS5mi.png
0,6,"[0.3500, 0.2440, 0.1165, 0.1260, 0.0695, 0.0387, 0.0208, 0.0275, 0.0029, 0.0041]",0.3500179648399353,2025-02-05-13-59-56/SITE212_ORNT12_VIS7mi.png
6,5,"[0.0322, 0.0561, 0.0724, 0.1212, 0.1412, 0.1653, 0.2234, 0.1339, 0.0229, 0.0312]",0.22342722117900848,2024-07-23-10-10-08/SITE719_ORNT300_VIS6mi.png
3,1,"[0.0457, 0.0741, 0.1086, 0.1428, 0.1210, 0.1370, 0.1171, 0.1274, 0.0290, 0.0973]",0.1428191363811493,2025-02-04-15-47-48/SITE33_ORNT280_VIS2mi.png
3,0,"[0.0306, 0.0706, 0.0806, 0.1967, 0.1679, 0.1300, 0.1525, 0.1338, 0.0249, 0.0125]",0.1966964453458786,2024-07-29-16-41-43/SITE19_ORNT60_VIS1-75mi.png
7,5,"[0.0104, 0.0137, 0.0262, 0.0760, 0.0728, 0.1041, 0.2126, 0.2989, 0.0444, 0.1410]",0.29893049597740173,2024-08-30-17-21-54/SITE22_ORNT100_VIS6mi.png
1,3,"[0.1799, 0.2113, 0.1237, 0.1956, 0.1111, 0.0682, 0.0469, 0.0521, 0.0051, 0.0062]",0.21134302020072937,2024-07-26-10-22-16/SITE203_ORNT70_VIS4mi.png
0,1,"[0.3549, 0.2379, 0.1116, 0.1376, 0.0658, 0.0379, 0.0193, 0.0292, 0.0027, 0.0031]",0.3548678159713745,2024-10-07-12-00-07/SITE606_ORNT180_VIS2-5mi.png
0,0,"[0.3631, 0.2428, 0.1215, 0.1190, 0.0686, 0.0360, 0.0204, 0.0229, 0.0029, 0.0028]",0.3630865216255188,2025-02-01-17-30-02/SITE75_ORNT170_VIS1mi.png
1,0,"[0.1542, 0.1575, 0.1284, 0.1465, 0.1107, 0.1020, 0.0486, 0.1060, 0.0159, 0.0303]",0.1574781984090805,2024-12-24-15-14-57/SITE658_ORNT305_VIS1mi.png
8,8,"[0.0008, 0.0031, 0.0064, 0.0078, 0.0125, 0.0579, 0.0282, 0.0815, 0.7590, 0.0428]",0.7589678168296814,2024-07-22-11-13-59/SITE385_ORNT300_VIS9mi.png
3,7,"[0.0404, 0.0900, 0.1027, 0.1904, 0.1826, 0.1287, 0.1429, 0.0991, 0.0174, 0.0057]",0.1904393583536148,2024-08-01-13-32-05/SITE48_ORNT115_VIS8mi.png
3,4,"[0.0271, 0.0565, 0.0848, 0.1713, 0.1443, 0.1338, 0.1632, 0.1506, 0.0301, 0.0384]",0.17131809890270233,2025-01-28-16-10-28/SITE25_ORNT225_VIS5mi.png
5,7,"[0.0317, 0.0539, 0.0886, 0.0548, 0.1153, 0.2656, 0.0665, 0.1304, 0.1833, 0.0099]",0.2656439542770386,2024-06-07-11-09-12/SITE397_ORNT270_VIS8mi.png
8,7,"[0.0238, 0.0315, 0.0577, 0.0502, 0.0680, 0.1751, 0.0463, 0.1871, 0.2781, 0.0822]",0.2780967056751251,2025-02-01-12-44-07/SITE332_ORNT155_VIS8mi.png
3,3,"[0.1026, 0.1567, 0.1235, 0.1957, 0.1502, 0.0980, 0.0926, 0.0664, 0.0079, 0.0062]",0.1956661194562912,2024-07-14-10-21-23/SITE134_ORNT294_VIS4mi.png
6,6,"[0.0307, 0.0363, 0.0337, 0.0523, 0.0788, 0.2014, 0.3826, 0.1239, 0.0171, 0.0432]",0.382556289434433,2024-07-24-16-43-44/SITE747_ORNT315_VIS7mi.png
6,7,"[0.0146, 0.0327, 0.0511, 0.0983, 0.1411, 0.1719, 0.2700, 0.1759, 0.0323, 0.0122]",0.27004483342170715,2024-07-29-16-41-43/SITE261_ORNT350_VIS8mi.png
6,6,"[0.0131, 0.0184, 0.0306, 0.0774, 0.1000, 0.1404, 0.2689, 0.2572, 0.0374, 0.0566]",0.26890164613723755,2024-06-15-10-59-58/SITE45_ORNT5_VIS7mi.png
8,4,"[0.0007, 0.0037, 0.0031, 0.0020, 0.0035, 0.0380, 0.0137, 0.0221, 0.8922, 0.0209]",0.892157793045044,2024-05-31-11-53-14/SITE343_ORNT270_VIS5mi.png
2,8,"[0.1028, 0.1226, 0.1366, 0.1356, 0.1279, 0.1277, 0.0590, 0.1048, 0.0231, 0.0599]",0.13660043478012085,2024-05-28-11-05-32/SITE309_ORNT130_VIS9mi.png
0,5,"[0.2640, 0.2263, 0.1204, 0.1645, 0.0815, 0.0552, 0.0281, 0.0475, 0.0042, 0.0085]",0.26400962471961975,2025-02-14-15-24-27/SITE821_ORNT135_VIS6mi.png
8,8,"[0.0131, 0.0363, 0.0438, 0.0191, 0.0798, 0.2519, 0.0554, 0.0988, 0.3991, 0.0026]",0.3991053104400635,2025-03-20-11-55-50/SITE360_ORNT45_VIS9mi.png
3,3,"[0.0607, 0.1269, 0.1125, 0.2124, 0.1785, 0.1116, 0.1074, 0.0747, 0.0110, 0.0042]",0.21237201988697052,2024-09-08-16-00-24/SITE53_ORNT170_VIS4mi.png
5,6,"[0.0411, 0.0571, 0.0913, 0.0602, 0.1054, 0.2302, 0.0483, 0.1440, 0.1981, 0.0244]",0.23021692037582397,2025-02-12-14-37-35/SITE324_ORNT225_VIS7mi.png
3,6,"[0.0714, 0.1199, 0.1161, 0.1931, 0.1423, 0.1136, 0.1087, 0.0980, 0.0146, 0.0224]",0.19309228658676147,2024-07-26-10-22-16/SITE123_ORNT343_VIS7mi.png
6,4,"[0.0141, 0.0257, 0.0434, 0.0828, 0.1212, 0.1692, 0.2903, 0.1915, 0.0325, 0.0294]",0.29030442237854004,2024-08-11-09-28-59/SITE569_ORNT211_VIS5mi.png
5,2,"[0.0537, 0.0706, 0.0952, 0.0695, 0.1178, 0.2272, 0.0529, 0.1453, 0.1542, 0.0135]",0.227206289768219,2025-04-01-16-59-16/SITE485_ORNT290_VIS3mi.png
9,6,"[0.0309, 0.0233, 0.0287, 0.0360, 0.0528, 0.1303, 0.1958, 0.1591, 0.0182, 0.3249]",0.32486143708229065,2025-03-11-17-13-52/SITE760_ORNT310_VIS7mi.png
1,0,"[0.1484, 0.1797, 0.1393, 0.1584, 0.1229, 0.0940, 0.0618, 0.0691, 0.0088, 0.0177]",0.17966383695602417,2025-02-04-15-47-48/SITE14_ORNT195_VIS1mi.png
8,8,"[0.0003, 0.0022, 0.0025, 0.0018, 0.0047, 0.0415, 0.0194, 0.0239, 0.8986, 0.0052]",0.8985625505447388,2024-07-02-10-19-43/SITE341_ORNT350_VIS9mi.png
7,4,"[0.0179, 0.0296, 0.0774, 0.0930, 0.1030, 0.1565, 0.1048, 0.2009, 0.0760, 0.1408]",0.20085345208644867,2024-06-03-13-44-33/SITE327_ORNT145_VIS5mi.png
1,0,"[0.2172, 0.2216, 0.1266, 0.1697, 0.0978, 0.0629, 0.0389, 0.0490, 0.0049, 0.0114]",0.22156883776187897,2025-01-31-13-49-43/SITE178_ORNT300_VIS1-25mi.png
0,1,"[0.2422, 0.2147, 0.1207, 0.1574, 0.0855, 0.0628, 0.0319, 0.0623, 0.0060, 0.0165]",0.24223607778549194,2025-01-23-15-05-27/SITE422_ORNT300_VIS2-5mi.png
7,7,"[0.0802, 0.1052, 0.1161, 0.1452, 0.1165, 0.1329, 0.0739, 0.1506, 0.0276, 0.0518]",0.1506115198135376,2024-07-20-15-11-13/SITE453_ORNT270_VIS8mi.png
1,2,"[0.1477, 0.1884, 0.1396, 0.1686, 0.1275, 0.0880, 0.0660, 0.0562, 0.0063, 0.0116]",0.18836352229118347,2024-12-17-16-15-56/SITE442_ORNT210_VIS3mi.png
9,9,"[0.0077, 0.0142, 0.0361, 0.0743, 0.0457, 0.0736, 0.0839, 0.2232, 0.0646, 0.3766]",0.37661054730415344,2024-12-27-14-55-32/SITE15_ORNT350_VIS10+mi.png
3,6,"[0.0765, 0.1351, 0.1152, 0.2111, 0.1568, 0.1070, 0.1008, 0.0803, 0.0106, 0.0065]",0.2111257165670395,2024-06-09-10-51-06/SITE253_ORNT65_VIS7mi.png
3,2,"[0.1157, 0.1707, 0.1195, 0.2147, 0.1359, 0.0878, 0.0736, 0.0680, 0.0075, 0.0067]",0.21469666063785553,2024-05-07-15-42-07/SITE561_ORNT350_VIS3mi.png
5,7,"[0.0476, 0.0758, 0.1129, 0.1346, 0.1293, 0.1526, 0.1158, 0.1388, 0.0299, 0.0625]",0.15263396501541138,2025-03-02-13-12-40/SITE117_ORNT128_VIS8mi.png
1,2,"[0.1551, 0.1829, 0.1358, 0.1606, 0.1267, 0.0926, 0.0817, 0.0524, 0.0064, 0.0059]",0.18287241458892822,2024-07-18-11-32-15/SITE105_ORNT28_VIS3mi.png
9,7,"[0.0045, 0.0098, 0.0153, 0.0162, 0.0116, 0.0600, 0.0303, 0.1561, 0.3339, 0.3623]",0.3623233139514923,2025-03-05-12-08-53/SITE472_ORNT95_VIS8mi.png
5,4,"[0.0440, 0.0707, 0.1127, 0.1228, 0.1308, 0.1446, 0.1078, 0.1237, 0.0309, 0.1119]",0.1445779949426651,2024-07-22-20-17-56/SITE522_ORNT90_VIS5mi.png
0,1,"[0.2837, 0.2396, 0.1172, 0.1622, 0.0820, 0.0474, 0.0262, 0.0350, 0.0031, 0.0034]",0.28372684121131897,2024-07-27-10-27-08/SITE132_ORNT141_VIS2mi.png
3,1,"[0.0646, 0.1236, 0.1156, 0.1892, 0.1629, 0.1183, 0.1242, 0.0803, 0.0119, 0.0094]",0.18923985958099365,2024-10-11-15-41-13/SITE98_ORNT80_VIS2mi.png
3,6,"[0.0610, 0.1211, 0.1033, 0.2262, 0.1542, 0.1081, 0.1051, 0.0940, 0.0148, 0.0120]",0.22623497247695923,2024-05-28-11-05-32/SITE411_ORNT280_VIS7mi.png
0,0,"[0.1729, 0.1710, 0.1365, 0.1378, 0.1106, 0.0988, 0.0407, 0.0877, 0.0143, 0.0297]",0.17288869619369507,2025-02-17-14-46-26/SITE521_ORNT150_VIS1-5mi.png
3,5,"[0.0916, 0.1222, 0.1234, 0.1510, 0.1229, 0.1236, 0.0790, 0.1188, 0.0207, 0.0467]",0.1510220170021057,2025-02-15-16-53-20/SITE165_ORNT290_VIS6mi.png
3,4,"[0.0969, 0.1558, 0.1176, 0.2158, 0.1535, 0.0951, 0.0814, 0.0703, 0.0089, 0.0047]",0.2158356010913849,2024-07-05-14-33-31/SITE240_ORNT286_VIS5mi.png
0,0,"[0.3544, 0.2440, 0.1214, 0.1249, 0.0700, 0.0356, 0.0212, 0.0230, 0.0029, 0.0026]",0.35440513491630554,2025-03-31-15-41-11/SITE111_ORNT246_VIS1-75mi.png
6,5,"[0.0392, 0.0493, 0.0544, 0.0975, 0.1175, 0.1505, 0.1996, 0.1940, 0.0246, 0.0734]",0.1995522826910019,2024-10-06-17-04-59/SITE593_ORNT10_VIS6mi.png
3,2,"[0.0479, 0.1074, 0.1098, 0.1993, 0.1807, 0.1232, 0.1288, 0.0843, 0.0131, 0.0056]",0.19931785762310028,2024-08-01-10-54-34/SITE58_ORNT245_VIS3mi.png
8,8,"[0.0182, 0.0573, 0.0446, 0.0412, 0.0726, 0.1639, 0.0771, 0.0509, 0.4069, 0.0674]",0.40686360001564026,2025-02-02-12-13-03/SITE281_ORNT20_VIS9mi.png
0,2,"[0.2203, 0.1887, 0.1339, 0.1319, 0.1015, 0.0866, 0.0311, 0.0750, 0.0123, 0.0186]",0.22030428051948547,2025-01-23-15-05-27/SITE358_ORNT290_VIS3mi.png
1,4,"[0.1559, 0.1672, 0.1225, 0.1484, 0.0958, 0.0929, 0.0521, 0.0973, 0.0136, 0.0543]",0.16723814606666565,2025-03-29-15-28-57/SITE178_ORNT40_VIS5mi.png
9,9,"[0.0053, 0.0057, 0.0075, 0.0117, 0.0070, 0.0191, 0.0220, 0.1013, 0.0205, 0.7999]",0.7998800873756409,2025-04-11-14-52-32/SITE579_ORNT210_VIS10+mi.png
7,6,"[0.0087, 0.0141, 0.0294, 0.0888, 0.0808, 0.1067, 0.1993, 0.3125, 0.0541, 0.1055]",0.31249183416366577,2024-08-19-10-27-18/SITE606_ORNT180_VIS7mi.png
6,7,"[0.0261, 0.0282, 0.0282, 0.0453, 0.0390, 0.1704, 0.4026, 0.1329, 0.0190, 0.1082]",0.4025961756706238,2024-08-02-10-36-13/SITE747_ORNT315_VIS8mi.png
9,3,"[0.0402, 0.0634, 0.0992, 0.1319, 0.1130, 0.1297, 0.1073, 0.1391, 0.0307, 0.1456]",0.1455722451210022,2024-06-03-13-44-33/SITE33_ORNT350_VIS4mi.png
0,2,"[0.2392, 0.2344, 0.1216, 0.1770, 0.0946, 0.0539, 0.0328, 0.0391, 0.0036, 0.0038]",0.23915302753448486,2024-08-18-13-20-24/SITE179_ORNT185_VIS3mi.png
6,3,"[0.0294, 0.0532, 0.0689, 0.0972, 0.1290, 0.1861, 0.2722, 0.1240, 0.0190, 0.0211]",0.2721589505672455,2024-08-18-13-20-24/SITE241_ORNT34_VIS4mi.png
9,9,"[0.0039, 0.0047, 0.0066, 0.0108, 0.0059, 0.0164, 0.0198, 0.0902, 0.0231, 0.8188]",0.818768322467804,2025-03-02-13-12-40/SITE802_ORNT45_VIS10+mi.png
9,6,"[0.0132, 0.0211, 0.0464, 0.0782, 0.0637, 0.1043, 0.1267, 0.1887, 0.0432, 0.3145]",0.3145226836204529,2024-06-05-18-49-24/SITE623_ORNT10_VIS7mi.png
8,8,"[0.0001, 0.0009, 0.0009, 0.0008, 0.0011, 0.0146, 0.0100, 0.0083, 0.9559, 0.0073]",0.9558889269828796,2024-07-28-11-17-19/SITE375_ORNT330_VIS9mi.png
3,7,"[0.1014, 0.1671, 0.1239, 0.2114, 0.1563, 0.0941, 0.0755, 0.0595, 0.0075, 0.0034]",0.21135982871055603,2024-09-21-11-24-11/SITE117_ORNT43_VIS8mi.png
3,0,"[0.1596, 0.1671, 0.1209, 0.1690, 0.0995, 0.0867, 0.0494, 0.0935, 0.0122, 0.0422]",0.16901929676532745,2025-03-31-15-41-11/SITE606_ORNT180_VIS1-75mi.png
1,3,"[0.1989, 0.2254, 0.1346, 0.1714, 0.1169, 0.0668, 0.0433, 0.0361, 0.0041, 0.0026]",0.22535671293735504,2024-08-10-09-44-28/SITE117_ORNT43_VIS4mi.png
5,1,"[0.0429, 0.0701, 0.1068, 0.1416, 0.1204, 0.1469, 0.1175, 0.1462, 0.0328, 0.0748]",0.14693541824817657,2025-01-29-12-01-12/SITE607_ORNT90_VIS2mi.png
0,2,"[0.1863, 0.1417, 0.1474, 0.1036, 0.1165, 0.1351, 0.0289, 0.0941, 0.0334, 0.0131]",0.18631792068481445,2025-03-06-15-10-58/SITE397_ORNT30_VIS3mi.png
7,3,"[0.0352, 0.0358, 0.0425, 0.0651, 0.0841, 0.1460, 0.1961, 0.2102, 0.0260, 0.1589]",0.21024438738822937,2024-06-15-10-59-58/SITE422_ORNT180_VIS4mi.png
0,3,"[0.2096, 0.2071, 0.1417, 0.1323, 0.1083, 0.0799, 0.0593, 0.0470, 0.0058, 0.0090]",0.2095857560634613,2025-02-05-13-59-56/SITE747_ORNT255_VIS4mi.png
8,8,"[0.0004, 0.0026, 0.0035, 0.0035, 0.0069, 0.0426, 0.0222, 0.0352, 0.8623, 0.0207]",0.8623062968254089,2024-09-22-16-46-10/SITE380_ORNT55_VIS9mi.png
8,5,"[0.0004, 0.0030, 0.0046, 0.0038, 0.0102, 0.0574, 0.0275, 0.0419, 0.8429, 0.0083]",0.8429253697395325,2024-10-15-10-59-57/SITE385_ORNT50_VIS6mi.png
9,7,"[0.0087, 0.0147, 0.0431, 0.0846, 0.0558, 0.0787, 0.1132, 0.2260, 0.0546, 0.3206]",0.3205752372741699,2025-02-14-15-24-27/SITE595_ORNT180_VIS8mi.png
6,6,"[0.0174, 0.0338, 0.0692, 0.1079, 0.1185, 0.1567, 0.2152, 0.1723, 0.0358, 0.0732]",0.2151753008365631,2024-09-08-16-00-24/SITE96_ORNT135_VIS7mi.png
3,0,"[0.1325, 0.1681, 0.1179, 0.1978, 0.1134, 0.0866, 0.0624, 0.0864, 0.0104, 0.0245]",0.19783325493335724,2024-12-10-14-08-09/SITE871_ORNT90_VIS1-75mi.png
0,1,"[0.2448, 0.2332, 0.1376, 0.1361, 0.0980, 0.0625, 0.0343, 0.0415, 0.0046, 0.0074]",0.24483934044837952,2025-02-11-14-30-47/SITE568_ORNT349_VIS2mi.png
3,6,"[0.0734, 0.0975, 0.1019, 0.1536, 0.0937, 0.1079, 0.0782, 0.1397, 0.0231, 0.1311]",0.15355338156223297,2025-03-15-15-41-34/SITE735_ORNT75_VIS7mi.png
3,1,"[0.1459, 0.1907, 0.1247, 0.2016, 0.1181, 0.0787, 0.0559, 0.0644, 0.0070, 0.0130]",0.20155790448188782,2024-05-08-14-34-39/SITE735_ORNT170_VIS2mi.png
0,4,"[0.2737, 0.1827, 0.1378, 0.0910, 0.0951, 0.1014, 0.0200, 0.0707, 0.0208, 0.0068]",0.27367454767227173,2025-02-19-12-18-05/SITE309_ORNT325_VIS5mi.png
8,4,"[0.0185, 0.0285, 0.0503, 0.0386, 0.0618, 0.1783, 0.0437, 0.1610, 0.3640, 0.0553]",0.3640011250972748,2024-07-24-16-43-44/SITE612_ORNT300_VIS5mi.png
7,7,"[0.0371, 0.0522, 0.0835, 0.1071, 0.0911, 0.1308, 0.0806, 0.2039, 0.0549, 0.1589]",0.20385180413722992,2025-04-10-17-56-44/SITE217_ORNT100_VIS8mi.png
9,5,"[0.0204, 0.0299, 0.0594, 0.0919, 0.0702, 0.0988, 0.1080, 0.1585, 0.0360, 0.3268]",0.32676181197166443,2025-03-15-15-41-34/SITE437_ORNT260_VIS6mi.png
4,5,"[0.0521, 0.1005, 0.1031, 0.1669, 0.1685, 0.1368, 0.1622, 0.0870, 0.0130, 0.0100]",0.16848239302635193,2024-09-12-12-03-32/SITE639_ORNT100_VIS6mi.png
0,0,"[0.3058, 0.2279, 0.1155, 0.1399, 0.0731, 0.0501, 0.0235, 0.0493, 0.0043, 0.0105]",0.3057892322540283,2025-02-10-14-47-56/SITE719_ORNT20_VIS1mi.png
8,5,"[0.0025, 0.0051, 0.0208, 0.0353, 0.0261, 0.0618, 0.0401, 0.2223, 0.3505, 0.2354]",0.35054320096969604,2024-06-07-11-09-12/SITE355_ORNT130_VIS6mi.png
0,5,"[0.3343, 0.2463, 0.1236, 0.1337, 0.0751, 0.0378, 0.0221, 0.0224, 0.0029, 0.0019]",0.3342936336994171,2024-07-04-10-22-12/SITE421_ORNT170_VIS6mi.png
5,7,"[0.0815, 0.0868, 0.1323, 0.1006, 0.1323, 0.1935, 0.0498, 0.1219, 0.0739, 0.0273]",0.19351735711097717,2024-07-22-20-17-56/SITE533_ORNT120_VIS8mi.png
9,4,"[0.0040, 0.0073, 0.0253, 0.0534, 0.0256, 0.0400, 0.0442, 0.1896, 0.0786, 0.5320]",0.5320152044296265,2024-06-01-11-15-19/SITE439_ORNT350_VIS5mi.png
6,2,"[0.0174, 0.0400, 0.0592, 0.1530, 0.1526, 0.1396, 0.1939, 0.1896, 0.0362, 0.0185]",0.19390133023262024,2024-06-16-11-08-10/SITE721_ORNT0_VIS3mi.png
6,4,"[0.0110, 0.0265, 0.0696, 0.0966, 0.1068, 0.1632, 0.2291, 0.1947, 0.0451, 0.0576]",0.22906820476055145,2025-02-27-11-22-46/SITE25_ORNT30_VIS5mi.png
3,5,"[0.1277, 0.1872, 0.1245, 0.1973, 0.1414, 0.0852, 0.0704, 0.0552, 0.0064, 0.0047]",0.19730055332183838,2024-06-06-17-01-51/SITE40_ORNT120_VIS6mi.png
5,9,"[0.0330, 0.0410, 0.1233, 0.0908, 0.0948, 0.1515, 0.0558, 0.1387, 0.1429, 0.1282]",0.15154480934143066,2024-08-10-09-44-28/SITE483_ORNT185_VIS20mi.png
1,1,"[0.2346, 0.2397, 0.1287, 0.1681, 0.1012, 0.0559, 0.0335, 0.0322, 0.0034, 0.0026]",0.2397317737340927,2024-09-08-16-00-24/SITE26_ORNT310_VIS2mi.png
6,6,"[0.0519, 0.0527, 0.0652, 0.0659, 0.0836, 0.1874, 0.2367, 0.1101, 0.0183, 0.1282]",0.2367384433746338,2025-04-22-15-39-35/SITE760_ORNT190_VIS7mi.png
9,9,"[0.0204, 0.0184, 0.0301, 0.0429, 0.0535, 0.1179, 0.1877, 0.1705, 0.0232, 0.3355]",0.33553433418273926,2025-02-01-12-44-07/SITE561_ORNT60_VIS10+mi.png
6,9,"[0.0159, 0.0230, 0.0345, 0.0634, 0.1011, 0.1729, 0.3250, 0.1924, 0.0286, 0.0434]",0.3249746859073639,2024-10-13-15-24-41/SITE95_ORNT67_VIS10+mi.png
3,2,"[0.0872, 0.1558, 0.1216, 0.2140, 0.1660, 0.0987, 0.0828, 0.0625, 0.0082, 0.0033]",0.2139977663755417,2024-07-28-13-48-26/SITE116_ORNT277_VIS3mi.png
3,6,"[0.1032, 0.1732, 0.1193, 0.2177, 0.1421, 0.0896, 0.0746, 0.0639, 0.0080, 0.0084]",0.2176615446805954,2024-07-22-11-13-59/SITE639_ORNT10_VIS7mi.png
3,5,"[0.0504, 0.0916, 0.1226, 0.1521, 0.1483, 0.1483, 0.1446, 0.1011, 0.0183, 0.0227]",0.1520865559577942,2025-01-28-16-10-28/SITE5_ORNT155_VIS6mi.png
9,9,"[0.0109, 0.0177, 0.0374, 0.0617, 0.0415, 0.0686, 0.0665, 0.1814, 0.0508, 0.4636]",0.4635871648788452,2025-03-26-12-24-08/SITE217_ORNT150_VIS10+mi.png
0,2,"[0.2527, 0.1785, 0.1392, 0.1118, 0.1031, 0.0897, 0.0214, 0.0722, 0.0180, 0.0134]",0.2526920735836029,2025-04-01-16-59-16/SITE394_ORNT0_VIS3mi.png
3,3,"[0.1128, 0.1405, 0.1132, 0.1925, 0.1055, 0.0944, 0.0649, 0.1084, 0.0142, 0.0536]",0.19249403476715088,2024-06-06-17-01-51/SITE622_ORNT230_VIS4mi.png
9,7,"[0.0192, 0.0170, 0.0235, 0.0347, 0.0403, 0.0865, 0.1197, 0.2317, 0.0262, 0.4011]",0.4011482298374176,2024-07-30-14-06-06/SITE735_ORNT75_VIS8mi.png
6,9,"[0.0368, 0.0351, 0.0413, 0.0553, 0.0770, 0.1606, 0.2221, 0.1495, 0.0187, 0.2037]",0.22205892205238342,2025-02-01-12-44-07/SITE586_ORNT180_VIS10+mi.png
3,3,"[0.1089, 0.1743, 0.1275, 0.1986, 0.1555, 0.0931, 0.0756, 0.0561, 0.0071, 0.0034]",0.19859161972999573,2024-08-16-20-03-50/SITE208_ORNT330_VIS4mi.png
6,7,"[0.0246, 0.0348, 0.0577, 0.0750, 0.0401, 0.1493, 0.2298, 0.1650, 0.0357, 0.1880]",0.22982235252857208,2025-03-15-15-41-34/SITE540_ORNT178_VIS8mi.png
9,9,"[0.0310, 0.0484, 0.0732, 0.1220, 0.0891, 0.1117, 0.1108, 0.1882, 0.0346, 0.1909]",0.1909051090478897,2024-12-17-16-15-56/SITE69_ORNT39_VIS10+mi.png
9,6,"[0.0154, 0.0186, 0.0375, 0.0506, 0.0577, 0.1213, 0.1706, 0.1671, 0.0309, 0.3304]",0.33035972714424133,2025-04-22-15-39-35/SITE760_ORNT140_VIS7mi.png
3,1,"[0.0557, 0.0887, 0.1084, 0.1429, 0.1325, 0.1386, 0.1365, 0.1095, 0.0186, 0.0685]",0.14285358786582947,2024-05-03-12-14-06/SITE205_ORNT305_VIS2mi.png
3,6,"[0.0475, 0.0707, 0.0995, 0.1483, 0.1111, 0.1235, 0.1051, 0.1390, 0.0266, 0.1289]",0.14830493927001953,2024-05-08-14-34-39/SITE94_ORNT180_VIS7mi.png
0,3,"[0.2455, 0.1946, 0.1218, 0.1401, 0.0893, 0.0726, 0.0294, 0.0813, 0.0098, 0.0156]",0.24546673893928528,2024-12-17-16-15-56/SITE692_ORNT60_VIS4mi.png
7,0,"[0.0081, 0.0110, 0.0195, 0.0654, 0.0671, 0.0985, 0.2338, 0.3392, 0.0499, 0.1076]",0.33922651410102844,2024-07-01-19-28-49/SITE239_ORNT245_VIS1-5mi.png
7,3,"[0.0488, 0.0650, 0.0891, 0.1304, 0.0877, 0.1115, 0.0746, 0.1850, 0.0363, 0.1717]",0.1850111037492752,2025-03-31-13-29-12/SITE602_ORNT270_VIS4mi.png
6,9,"[0.0098, 0.0176, 0.0345, 0.0832, 0.1076, 0.1414, 0.2662, 0.2537, 0.0443, 0.0417]",0.26623064279556274,2024-12-10-14-08-09/SITE19_ORNT325_VIS10+mi.png
9,7,"[0.0293, 0.0358, 0.0454, 0.0511, 0.0409, 0.0767, 0.0622, 0.1442, 0.0249, 0.4896]",0.48958635330200195,2025-02-04-15-47-48/SITE268_ORNT45_VIS8mi.png
1,3,"[0.1726, 0.1961, 0.1290, 0.1872, 0.1109, 0.0776, 0.0507, 0.0599, 0.0059, 0.0102]",0.19611573219299316,2025-04-01-16-59-16/SITE127_ORNT30_VIS4mi.png
3,6,"[0.0286, 0.0677, 0.0896, 0.1764, 0.1664, 0.1384, 0.1714, 0.1218, 0.0222, 0.0176]",0.17635683715343475,2024-07-29-16-41-43/SITE205_ORNT305_VIS7mi.png
3,2,"[0.0469, 0.0852, 0.1066, 0.1618, 0.1369, 0.1392, 0.1360, 0.1122, 0.0192, 0.0562]",0.16176746785640717,2025-03-06-15-10-58/SITE186_ORNT110_VIS3mi.png
3,0,"[0.1385, 0.1701, 0.1246, 0.1812, 0.1106, 0.0883, 0.0613, 0.0803, 0.0098, 0.0355]",0.1811639368534088,2025-02-17-14-46-26/SITE19_ORNT170_VIS1-75mi.png
3,5,"[0.0867, 0.1112, 0.1149, 0.1592, 0.1133, 0.1181, 0.0746, 0.1269, 0.0208, 0.0742]",0.15923455357551575,2025-03-02-11-48-27/SITE203_ORNT70_VIS6mi.png
3,9,"[0.1291, 0.1494, 0.1186, 0.1609, 0.1009, 0.0975, 0.0564, 0.1041, 0.0160, 0.0670]",0.16089612245559692,2025-02-15-15-20-00/SITE261_ORNT270_VIS10+mi.png
9,9,"[0.0022, 0.0028, 0.0047, 0.0094, 0.0036, 0.0102, 0.0155, 0.0924, 0.0271, 0.8322]",0.8322429060935974,2025-03-26-12-24-08/SITE82_ORNT302_VIS10+mi.png
7,4,"[0.0106, 0.0186, 0.0385, 0.1025, 0.0880, 0.1101, 0.1745, 0.3006, 0.0503, 0.1064]",0.3005581796169281,2024-07-14-13-28-24/SITE19_ORNT60_VIS5mi.png
6,6,"[0.0172, 0.0207, 0.0291, 0.0526, 0.0845, 0.1696, 0.3419, 0.1913, 0.0261, 0.0670]",0.3419421315193176,2024-05-14-16-18-20/SITE760_ORNT190_VIS7mi.png
3,4,"[0.0662, 0.1293, 0.1171, 0.2077, 0.1640, 0.1102, 0.1110, 0.0759, 0.0107, 0.0080]",0.20769283175468445,2024-07-05-14-33-31/SITE86_ORNT239_VIS5mi.png
8,8,"[0.0022, 0.0053, 0.0260, 0.0483, 0.0267, 0.0527, 0.0400, 0.2101, 0.3425, 0.2464]",0.3424556851387024,2024-08-30-10-00-55/SITE520_ORNT90_VIS9mi.png
3,7,"[0.0708, 0.1289, 0.1060, 0.2296, 0.1493, 0.1010, 0.0945, 0.0945, 0.0138, 0.0115]",0.22957931458950043,2024-07-29-17-46-25/SITE6_ORNT115_VIS8mi.png
8,8,"[0.0060, 0.0190, 0.0445, 0.0345, 0.0683, 0.1556, 0.0731, 0.1327, 0.4254, 0.0408]",0.4253900647163391,2024-12-03-11-18-04/SITE401_ORNT250_VIS9mi.png
5,1,"[0.1165, 0.1152, 0.1414, 0.1065, 0.1317, 0.1797, 0.0457, 0.1032, 0.0497, 0.0104]",0.17965206503868103,2024-07-18-14-04-18/SITE397_ORNT345_VIS2-25mi.png
9,9,"[0.0014, 0.0021, 0.0041, 0.0090, 0.0030, 0.0083, 0.0144, 0.0637, 0.0246, 0.8694]",0.8693771362304688,2024-12-24-15-14-57/SITE581_ORNT160_VIS10+mi.png
0,1,"[0.4414, 0.2277, 0.1084, 0.0936, 0.0556, 0.0298, 0.0131, 0.0240, 0.0031, 0.0033]",0.44138672947883606,2025-02-27-11-22-46/SITE626_ORNT110_VIS2mi.png
3,5,"[0.0359, 0.0871, 0.0967, 0.2070, 0.1780, 0.1260, 0.1400, 0.1035, 0.0177, 0.0082]",0.20703938603401184,2024-09-15-16-06-51/SITE262_ORNT124_VIS6mi.png
6,7,"[0.0301, 0.0336, 0.0372, 0.0713, 0.1045, 0.1687, 0.2901, 0.1849, 0.0222, 0.0574]",0.29012253880500793,2024-07-24-16-43-44/SITE583_ORNT165_VIS8mi.png
3,2,"[0.1163, 0.1313, 0.1176, 0.1577, 0.1107, 0.1088, 0.0667, 0.1236, 0.0184, 0.0490]",0.15772153437137604,2025-03-02-13-12-40/SITE217_ORNT25_VIS3mi.png
0,2,"[0.3824, 0.2281, 0.1026, 0.1212, 0.0586, 0.0388, 0.0157, 0.0413, 0.0036, 0.0076]",0.38235166668891907,2025-02-15-15-20-00/SITE802_ORNT235_VIS3mi.png
5,0,"[0.0936, 0.1038, 0.1141, 0.1132, 0.1230, 0.1292, 0.0913, 0.1086, 0.0205, 0.1026]",0.1292254775762558,2025-03-15-15-41-34/SITE205_ORNT305_VIS1-75mi.png
7,7,"[0.0075, 0.0105, 0.0256, 0.0642, 0.0534, 0.0849, 0.1863, 0.2874, 0.0454, 0.2350]",0.28736868500709534,2025-04-11-14-52-32/SITE821_ORNT50_VIS8mi.png
1,7,"[0.1870, 0.2207, 0.1289, 0.1779, 0.1197, 0.0695, 0.0482, 0.0402, 0.0044, 0.0035]",0.2207474559545517,2024-07-25-18-03-52/SITE437_ORNT260_VIS8mi.png
9,9,"[0.0518, 0.0352, 0.0367, 0.0363, 0.0523, 0.1545, 0.1863, 0.1055, 0.0166, 0.3249]",0.32494786381721497,2025-02-04-15-47-48/SITE73_ORNT20_VIS10+mi.png
0,0,"[0.2176, 0.1992, 0.1216, 0.1558, 0.0938, 0.0723, 0.0374, 0.0760, 0.0082, 0.0181]",0.21760912239551544,2025-03-29-15-28-57/SITE217_ORNT100_VIS1mi.png
1,6,"[0.1165, 0.1435, 0.1071, 0.1418, 0.1344, 0.1266, 0.1333, 0.0749, 0.0084, 0.0134]",0.14347930252552032,2024-06-07-11-09-12/SITE760_ORNT190_VIS7mi.png
7,4,"[0.0136, 0.0213, 0.0315, 0.0861, 0.1154, 0.1463, 0.2576, 0.2585, 0.0378, 0.0319]",0.2584826946258545,2024-08-15-16-44-48/SITE624_ORNT145_VIS5mi.png
7,6,"[0.0133, 0.0191, 0.0329, 0.0721, 0.0545, 0.0866, 0.1141, 0.2946, 0.0437, 0.2692]",0.2946420907974243,2024-05-13-18-48-49/SITE129_ORNT109_VIS7mi.png
8,5,"[0.0005, 0.0038, 0.0044, 0.0086, 0.0067, 0.0392, 0.0288, 0.0305, 0.8159, 0.0615]",0.8159133195877075,2024-08-10-09-44-28/SITE407_ORNT215_VIS6mi.png
7,3,"[0.0130, 0.0179, 0.0306, 0.0786, 0.0895, 0.1310, 0.2427, 0.2654, 0.0406, 0.0905]",0.2654419243335724,2024-07-28-19-40-21/SITE215_ORNT235_VIS4mi.png
8,5,"[0.0005, 0.0039, 0.0028, 0.0017, 0.0041, 0.0459, 0.0183, 0.0188, 0.8961, 0.0078]",0.896135687828064,2025-01-26-15-53-06/SITE338_ORNT345_VIS6mi.png
7,7,"[0.0199, 0.0394, 0.0683, 0.1595, 0.1281, 0.1266, 0.1683, 0.1943, 0.0391, 0.0565]",0.19434913992881775,2024-05-13-18-48-49/SITE7_ORNT135_VIS8mi.png
9,2,"[0.0073, 0.0078, 0.0130, 0.0172, 0.0129, 0.0299, 0.0306, 0.1088, 0.0232, 0.7493]",0.7493476271629333,2025-02-04-15-47-48/SITE18_ORNT210_VIS3mi.png
5,6,"[0.0359, 0.0477, 0.1033, 0.0851, 0.1303, 0.2109, 0.0696, 0.1447, 0.1288, 0.0436]",0.21094515919685364,2024-07-20-15-11-13/SITE332_ORNT15_VIS7mi.png
9,5,"[0.0105, 0.0127, 0.0346, 0.0527, 0.0365, 0.0717, 0.1155, 0.1884, 0.0382, 0.4392]",0.43923625349998474,2025-03-31-15-41-11/SITE829_ORNT100_VIS6mi.png
6,8,"[0.0264, 0.0393, 0.0504, 0.0976, 0.1258, 0.1654, 0.2585, 0.1700, 0.0254, 0.0411]",0.2584827244281769,2024-07-26-10-22-16/SITE435_ORNT170_VIS9mi.png
0,0,"[0.3293, 0.2275, 0.1074, 0.1360, 0.0678, 0.0463, 0.0200, 0.0511, 0.0045, 0.0101]",0.3293468654155731,2025-03-05-12-08-53/SITE601_ORNT90_VIS1-75mi.png
4,3,"[0.0338, 0.0833, 0.0987, 0.1840, 0.1841, 0.1357, 0.1567, 0.0996, 0.0174, 0.0066]",0.18412162363529205,2024-05-07-15-42-07/SITE127_ORNT114_VIS4mi.png
3,4,"[0.1078, 0.1256, 0.1148, 0.1651, 0.1031, 0.1049, 0.0657, 0.1293, 0.0191, 0.0646]",0.1650899052619934,2025-03-29-15-28-57/SITE598_ORNT285_VIS5mi.png
7,5,"[0.0316, 0.0505, 0.0933, 0.1229, 0.1080, 0.1368, 0.1062, 0.1643, 0.0478, 0.1386]",0.16431428492069244,2025-02-17-14-46-26/SITE33_ORNT350_VIS6mi.png
3,5,"[0.0346, 0.0832, 0.1006, 0.1877, 0.1780, 0.1340, 0.1529, 0.1025, 0.0179, 0.0086]",0.18767018616199493,2024-08-02-20-27-22/SITE171_ORNT315_VIS6mi.png
8,2,"[0.0007, 0.0036, 0.0046, 0.0043, 0.0046, 0.0285, 0.0159, 0.0192, 0.8097, 0.1089]",0.8096839785575867,2024-10-11-15-41-13/SITE310_ORNT314_VIS3mi.png
6,6,"[0.0827, 0.0627, 0.0470, 0.0663, 0.0626, 0.1695, 0.3289, 0.1140, 0.0142, 0.0522]",0.328860878944397,2024-07-05-10-36-13/SITE747_ORNT0_VIS7mi.png
0,3,"[0.3253, 0.2082, 0.1293, 0.0996, 0.0864, 0.0673, 0.0174, 0.0498, 0.0096, 0.0070]",0.32532966136932373,2025-04-07-16-10-10/SITE314_ORNT35_VIS4mi.png
8,8,"[0.0146, 0.0273, 0.0439, 0.0341, 0.0565, 0.1860, 0.0470, 0.1684, 0.3941, 0.0281]",0.3940575420856476,2025-03-18-13-52-55/SITE397_ORNT345_VIS9mi.png
1,1,"[0.1941, 0.2241, 0.1320, 0.1754, 0.1156, 0.0665, 0.0439, 0.0400, 0.0041, 0.0043]",0.22414512932300568,2024-12-17-16-15-56/SITE41_ORNT235_VIS2mi.png
3,1,"[0.0517, 0.0833, 0.1094, 0.1575, 0.1297, 0.1416, 0.1263, 0.1292, 0.0228, 0.0485]",0.15751197934150696,2024-05-31-11-53-14/SITE203_ORNT155_VIS2-5mi.png
7,2,"[0.0059, 0.0163, 0.0553, 0.1002, 0.0825, 0.1160, 0.1737, 0.2648, 0.0747, 0.1106]",0.2647799253463745,2025-03-23-13-51-54/SITE117_ORNT165_VIS3mi.png
8,8,"[0.0321, 0.0399, 0.0770, 0.0601, 0.0833, 0.1870, 0.0435, 0.1697, 0.2286, 0.0788]",0.22856394946575165,2025-04-14-19-44-02/SITE362_ORNT25_VIS9mi.png
6,6,"[0.0394, 0.0649, 0.0872, 0.1241, 0.1326, 0.1610, 0.1979, 0.1236, 0.0213, 0.0481]",0.1978789120912552,2024-12-16-12-39-30/SITE721_ORNT140_VIS7mi.png
3,2,"[0.0411, 0.0833, 0.0974, 0.2018, 0.1511, 0.1234, 0.1383, 0.1206, 0.0208, 0.0221]",0.20183473825454712,2024-09-08-13-07-06/SITE129_ORNT266_VIS3mi.png
7,4,"[0.0172, 0.0371, 0.0561, 0.1670, 0.1365, 0.1236, 0.1648, 0.2240, 0.0430, 0.0307]",0.2240469753742218,2024-07-05-10-36-13/SITE203_ORNT220_VIS5mi.png
6,7,"[0.0339, 0.0771, 0.0934, 0.1699, 0.1727, 0.1430, 0.1761, 0.1057, 0.0180, 0.0103]",0.17609062790870667,2024-12-10-14-08-09/SITE186_ORNT275_VIS8mi.png
2,5,"[0.1099, 0.1334, 0.1593, 0.1274, 0.1488, 0.1412, 0.0633, 0.0742, 0.0197, 0.0228]",0.15929917991161346,2024-06-16-15-28-51/SITE426_ORNT130_VIS6mi.png
7,2,"[0.0122, 0.0130, 0.0207, 0.0520, 0.0615, 0.1060, 0.2268, 0.2962, 0.0356, 0.1760]",0.29623663425445557,2024-08-11-09-28-59/SITE556_ORNT223_VIS3mi.png
8,7,"[0.0010, 0.0041, 0.0084, 0.0077, 0.0139, 0.0643, 0.0286, 0.0723, 0.7620, 0.0378]",0.7619601488113403,2025-01-15-12-14-16/SITE397_ORNT345_VIS8mi.png
7,7,"[0.0167, 0.0179, 0.0253, 0.0495, 0.0778, 0.1387, 0.2418, 0.2914, 0.0335, 0.1074]",0.2913956344127655,2024-07-23-16-31-18/SITE545_ORNT20_VIS8mi.png
3,1,"[0.0468, 0.1046, 0.1032, 0.2136, 0.1753, 0.1192, 0.1254, 0.0907, 0.0141, 0.0070]",0.21359317004680634,2024-10-11-15-41-13/SITE256_ORNT290_VIS2-5mi.png
8,8,"[0.0001, 0.0010, 0.0013, 0.0027, 0.0011, 0.0108, 0.0099, 0.0113, 0.9382, 0.0236]",0.9381520748138428,2024-07-05-10-36-13/SITE375_ORNT330_VIS9mi.png
8,8,"[0.0003, 0.0023, 0.0017, 0.0010, 0.0024, 0.0304, 0.0136, 0.0132, 0.9295, 0.0055]",0.9295110702514648,2025-03-05-12-08-53/SITE528_ORNT235_VIS9mi.png
9,5,"[0.0173, 0.0220, 0.0395, 0.0382, 0.0338, 0.0871, 0.0328, 0.1658, 0.1697, 0.3939]",0.3938521444797516,2025-02-12-14-37-35/SITE397_ORNT270_VIS6mi.png
7,3,"[0.0073, 0.0100, 0.0195, 0.0701, 0.0624, 0.0856, 0.2061, 0.3565, 0.0519, 0.1306]",0.35647204518318176,2024-08-01-13-32-05/SITE595_ORNT270_VIS4mi.png
1,1,"[0.1854, 0.1976, 0.1354, 0.1570, 0.1100, 0.0828, 0.0494, 0.0631, 0.0071, 0.0120]",0.19759909808635712,4-9-24-5-23-PM/SITE100_ORNT210_VIS2mi.png
6,5,"[0.0119, 0.0222, 0.0364, 0.0830, 0.1204, 0.1593, 0.2780, 0.2238, 0.0391, 0.0258]",0.2780088484287262,2024-08-18-19-28-16/SITE203_ORNT220_VIS6mi.png
3,4,"[0.0307, 0.0707, 0.0840, 0.2080, 0.1608, 0.1259, 0.1441, 0.1360, 0.0246, 0.0151]",0.20799589157104492,2024-06-20-11-19-17/SITE253_ORNT195_VIS5mi.png
0,3,"[0.2442, 0.2292, 0.1163, 0.1760, 0.0867, 0.0557, 0.0309, 0.0490, 0.0044, 0.0077]",0.24419815838336945,2024-05-08-14-34-39/SITE684_ORNT267_VIS4mi.png
8,5,"[0.0002, 0.0017, 0.0015, 0.0014, 0.0019, 0.0208, 0.0141, 0.0107, 0.9321, 0.0158]",0.9321112632751465,2024-06-23-11-02-14/SITE345_ORNT225_VIS6mi.png
3,2,"[0.0272, 0.0703, 0.0884, 0.1892, 0.1838, 0.1335, 0.1602, 0.1189, 0.0213, 0.0073]",0.1891954392194748,2024-07-05-14-33-31/SITE127_ORNT114_VIS3mi.png
4,5,"[0.0377, 0.0878, 0.1044, 0.1786, 0.1805, 0.1371, 0.1546, 0.0963, 0.0167, 0.0065]",0.18049994111061096,2024-07-29-16-41-43/SITE623_ORNT180_VIS6mi.png
7,8,"[0.0079, 0.0138, 0.0359, 0.0926, 0.0717, 0.0953, 0.1477, 0.2950, 0.0625, 0.1777]",0.2950168251991272,2025-04-22-15-39-35/SITE18_ORNT290_VIS9mi.png
5,4,"[0.0498, 0.0690, 0.1093, 0.1162, 0.1310, 0.1878, 0.0806, 0.1539, 0.0623, 0.0400]",0.18779543042182922,2025-04-11-14-52-32/SITE276_ORNT45_VIS5mi.png
0,0,"[0.3185, 0.1992, 0.1015, 0.0919, 0.0804, 0.0817, 0.0556, 0.0497, 0.0056, 0.0158]",0.31853485107421875,2025-03-06-15-10-58/SITE896_ORNT210_VIS1mi.png
6,5,"[0.0160, 0.0398, 0.0697, 0.1265, 0.1529, 0.1633, 0.2288, 0.1570, 0.0307, 0.0152]",0.22881992161273956,2024-09-08-13-07-06/SITE623_ORNT180_VIS6mi.png
7,7,"[0.0397, 0.0499, 0.1007, 0.0936, 0.1028, 0.1597, 0.0581, 0.1629, 0.0968, 0.1358]",0.16294001042842865,2024-11-19-11-24-38/SITE463_ORNT230_VIS8mi.png
7,5,"[0.0199, 0.0391, 0.0867, 0.1051, 0.1199, 0.1674, 0.1578, 0.1819, 0.0453, 0.0769]",0.1819068342447281,2024-07-20-11-08-20/SITE332_ORNT155_VIS6mi.png
3,1,"[0.0769, 0.1442, 0.1142, 0.2291, 0.1560, 0.1012, 0.0904, 0.0726, 0.0095, 0.0060]",0.2291315793991089,2024-09-19-14-23-02/SITE262_ORNT124_VIS2mi.png
3,1,"[0.0600, 0.0993, 0.1097, 0.1742, 0.1317, 0.1231, 0.1142, 0.1164, 0.0194, 0.0520]",0.17422370612621307,2025-01-31-13-49-43/SITE30_ORNT345_VIS2mi.png
1,6,"[0.1520, 0.1623, 0.1188, 0.1560, 0.0974, 0.0912, 0.0478, 0.1045, 0.0146, 0.0555]",0.16231849789619446,2025-03-02-13-12-40/SITE98_ORNT80_VIS7mi.png
5,3,"[0.1063, 0.0989, 0.1190, 0.0808, 0.1036, 0.1690, 0.0311, 0.1410, 0.1068, 0.0434]",0.16901855170726776,2025-03-28-10-38-15/SITE371_ORNT315_VIS4mi.png
0,6,"[0.2617, 0.1684, 0.0854, 0.0903, 0.0854, 0.1003, 0.0770, 0.0746, 0.0084, 0.0485]",0.26174840331077576,2024-07-23-16-31-18/SITE739_ORNT135_VIS7mi.png
3,3,"[0.0927, 0.1208, 0.1179, 0.1657, 0.1159, 0.1142, 0.0817, 0.1136, 0.0171, 0.0605]",0.16574019193649292,2025-03-29-15-28-57/SITE240_ORNT227_VIS4mi.png
3,5,"[0.1523, 0.2017, 0.1171, 0.2147, 0.1123, 0.0735, 0.0494, 0.0625, 0.0066, 0.0099]",0.214695006608963,2024-09-08-13-07-06/SITE198_ORNT80_VIS6mi.png
5,8,"[0.1141, 0.1174, 0.1364, 0.0824, 0.1273, 0.1826, 0.0374, 0.1080, 0.0779, 0.0165]",0.18259869515895844,2025-01-15-15-33-17/SITE362_ORNT305_VIS9mi.png
1,1,"[0.2127, 0.2349, 0.1265, 0.1854, 0.1038, 0.0583, 0.0359, 0.0360, 0.0036, 0.0029]",0.23494210839271545,2024-06-20-11-19-17/SITE50_ORNT149_VIS2-5mi.png
9,9,"[0.0066, 0.0074, 0.0163, 0.0258, 0.0176, 0.0337, 0.0425, 0.1343, 0.0281, 0.6877]",0.6876563429832458,2025-03-11-17-13-52/SITE813_ORNT15_VIS10+mi.png
8,8,"[0.0000, 0.0006, 0.0008, 0.0010, 0.0009, 0.0107, 0.0086, 0.0103, 0.9584, 0.0088]",0.9584024548530579,2024-06-29-15-18-41/SITE345_ORNT225_VIS9mi.png
8,8,"[0.0041, 0.0096, 0.0143, 0.0117, 0.0160, 0.0767, 0.0258, 0.0738, 0.6325, 0.1354]",0.6325486898422241,2025-02-10-14-47-56/SITE477_ORNT160_VIS9mi.png
5,9,"[0.0380, 0.0473, 0.0929, 0.0919, 0.1040, 0.1842, 0.0597, 0.1749, 0.1188, 0.0883]",0.18424877524375916,2024-10-08-11-05-48/SITE455_ORNT0_VIS15mi.png
8,4,"[0.0230, 0.0550, 0.0491, 0.0180, 0.0696, 0.2218, 0.0396, 0.0842, 0.4349, 0.0049]",0.43489915132522583,2025-03-28-10-38-15/SITE385_ORNT230_VIS5mi.png
5,2,"[0.1087, 0.1089, 0.1437, 0.1067, 0.1344, 0.1717, 0.0416, 0.1047, 0.0588, 0.0208]",0.1716669499874115,2024-07-20-11-08-20/SITE528_ORNT235_VIS3mi.png
6,3,"[0.0332, 0.0644, 0.0988, 0.1460, 0.1347, 0.1489, 0.1606, 0.1277, 0.0239, 0.0619]",0.16055040061473846,2024-12-21-15-04-41/SITE10_ORNT175_VIS4mi.png
9,9,"[0.0112, 0.0118, 0.0150, 0.0156, 0.0124, 0.0328, 0.0284, 0.1025, 0.0188, 0.7515]",0.7515263557434082,2025-02-10-14-47-56/SITE871_ORNT260_VIS10+mi.png
3,5,"[0.1570, 0.1729, 0.1222, 0.1743, 0.1029, 0.0867, 0.0515, 0.0882, 0.0105, 0.0339]",0.17426447570323944,2025-03-02-13-12-40/SITE207_ORNT235_VIS6mi.png
0,3,"[0.2529, 0.2104, 0.1176, 0.1451, 0.0847, 0.0638, 0.0293, 0.0718, 0.0075, 0.0170]",0.2528974711894989,2025-03-06-15-10-58/SITE193_ORNT295_VIS4mi.png
0,0,"[0.3721, 0.2397, 0.1243, 0.1136, 0.0666, 0.0350, 0.0205, 0.0225, 0.0029, 0.0029]",0.3720717132091522,2025-03-03-11-33-30/SITE73_ORNT335_VIS1-5mi.png
8,4,"[0.0154, 0.0301, 0.0495, 0.0259, 0.0703, 0.2135, 0.0412, 0.1287, 0.4091, 0.0162]",0.40914928913116455,2025-02-01-12-44-07/SITE385_ORNT50_VIS5mi.png
3,5,"[0.0607, 0.1134, 0.1218, 0.1834, 0.1525, 0.1254, 0.1218, 0.0864, 0.0126, 0.0221]",0.1833929866552353,2025-04-13-19-09-12/SITE161_ORNT141_VIS6mi.png
3,6,"[0.0777, 0.1012, 0.1126, 0.1544, 0.1141, 0.1236, 0.0847, 0.1398, 0.0234, 0.0684]",0.15442803502082825,2025-02-17-14-46-26/SITE807_ORNT25_VIS7mi.png
3,2,"[0.1217, 0.1678, 0.1337, 0.1877, 0.1270, 0.0946, 0.0706, 0.0684, 0.0079, 0.0206]",0.18768952786922455,2025-04-01-16-59-16/SITE18_ORNT135_VIS3mi.png
1,1,"[0.2259, 0.2328, 0.1211, 0.1886, 0.0952, 0.0557, 0.0328, 0.0404, 0.0038, 0.0038]",0.23279643058776855,2024-10-07-14-17-08/SITE622_ORNT285_VIS2mi.png
7,4,"[0.0110, 0.0233, 0.0628, 0.0984, 0.0956, 0.1407, 0.1597, 0.2286, 0.0661, 0.1138]",0.22856831550598145,2025-02-14-15-24-27/SITE813_ORNT15_VIS5mi.png
1,0,"[0.1554, 0.1773, 0.1296, 0.1672, 0.1091, 0.0899, 0.0541, 0.0833, 0.0095, 0.0246]",0.17726486921310425,2025-03-31-15-41-11/SITE94_ORNT10_VIS1mi.png
8,8,"[0.0000, 0.0006, 0.0007, 0.0008, 0.0005, 0.0080, 0.0063, 0.0076, 0.9578, 0.0176]",0.9578362107276917,2024-08-30-10-00-55/SITE336_ORNT180_VIS9mi.png
5,5,"[0.0758, 0.0953, 0.1363, 0.1221, 0.1429, 0.1530, 0.0826, 0.0987, 0.0278, 0.0655]",0.15297967195510864,2024-07-25-18-03-52/SITE327_ORNT145_VIS6mi.png
5,5,"[0.0377, 0.0795, 0.1002, 0.0541, 0.1483, 0.2591, 0.0688, 0.0956, 0.1497, 0.0069]",0.2591056525707245,2025-04-16-13-54-24/SITE404_ORNT180_VIS6mi.png
9,9,"[0.0111, 0.0135, 0.0182, 0.0200, 0.0127, 0.0304, 0.0227, 0.1081, 0.0262, 0.7370]",0.7369968295097351,2025-03-02-11-48-27/SITE648_ORNT220_VIS10+mi.png
5,2,"[0.0556, 0.0611, 0.1117, 0.0789, 0.1171, 0.1889, 0.0439, 0.1460, 0.1371, 0.0596]",0.18894776701927185,2025-02-04-15-47-48/SITE522_ORNT90_VIS3mi.png
1,7,"[0.1972, 0.2083, 0.1303, 0.1681, 0.1046, 0.0749, 0.0462, 0.0552, 0.0056, 0.0094]",0.20831157267093658,2025-02-19-12-18-05/SITE253_ORNT280_VIS8mi.png
8,8,"[0.0011, 0.0042, 0.0098, 0.0101, 0.0196, 0.0796, 0.0382, 0.0941, 0.7148, 0.0285]",0.7148091793060303,2024-07-28-13-48-26/SITE360_ORNT115_VIS9mi.png
3,2,"[0.1134, 0.1387, 0.1205, 0.1680, 0.1092, 0.1040, 0.0645, 0.1067, 0.0156, 0.0595]",0.1679796725511551,2025-02-04-15-47-48/SITE20_ORNT226_VIS3mi.png
0,1,"[0.2781, 0.2265, 0.1150, 0.1541, 0.0784, 0.0542, 0.0268, 0.0522, 0.0047, 0.0100]",0.27811482548713684,2025-03-01-18-07-41/SITE207_ORNT235_VIS2mi.png
9,1,"[0.0191, 0.0300, 0.0603, 0.0828, 0.0663, 0.0967, 0.0769, 0.1679, 0.0522, 0.3479]",0.3478982150554657,2025-02-05-13-59-56/SITE59_ORNT100_VIS2mi.png
9,7,"[0.0195, 0.0254, 0.0369, 0.0416, 0.0282, 0.0567, 0.0407, 0.1570, 0.0336, 0.5602]",0.5602166056632996,2025-02-10-14-47-56/SITE684_ORNT27_VIS8mi.png
0,5,"[0.1663, 0.1605, 0.1425, 0.1406, 0.1191, 0.1157, 0.0419, 0.0861, 0.0169, 0.0105]",0.16634146869182587,2024-12-16-12-39-30/SITE520_ORNT0_VIS6mi.png
3,7,"[0.0801, 0.1093, 0.1177, 0.1518, 0.1165, 0.1234, 0.0840, 0.1187, 0.0212, 0.0772]",0.15177375078201294,2025-03-23-13-51-54/SITE86_ORNT239_VIS8mi.png
0,0,"[0.2920, 0.2386, 0.1234, 0.1383, 0.0805, 0.0518, 0.0250, 0.0398, 0.0038, 0.0067]",0.2919810116291046,2025-01-31-13-49-43/SITE658_ORNT260_VIS1mi.png
8,8,"[0.0003, 0.0018, 0.0020, 0.0016, 0.0016, 0.0186, 0.0094, 0.0165, 0.8993, 0.0488]",0.8992619514465332,2024-04-25-17-48-06/SITE377_ORNT110_VIS9mi.png
8,8,"[0.0061, 0.0277, 0.0482, 0.1090, 0.0156, 0.0791, 0.0651, 0.1058, 0.3558, 0.1876]",0.3558240830898285,2024-09-19-16-37-08/SITE508_ORNT135_VIS9mi.png
0,2,"[0.2592, 0.2439, 0.1223, 0.1670, 0.0902, 0.0500, 0.0287, 0.0327, 0.0032, 0.0029]",0.25918567180633545,2024-07-28-11-17-19/SITE119_ORNT275_VIS3mi.png
9,6,"[0.0932, 0.1084, 0.0985, 0.1164, 0.0742, 0.0939, 0.0524, 0.1494, 0.0242, 0.1893]",0.1892891526222229,2025-02-15-16-53-20/SITE115_ORNT36_VIS7mi.png
9,9,"[0.0083, 0.0148, 0.0399, 0.0715, 0.0549, 0.0892, 0.1057, 0.2105, 0.0599, 0.3453]",0.3452927768230438,2025-02-10-14-47-56/SITE100_ORNT210_VIS10+mi.png
3,6,"[0.1088, 0.1433, 0.1258, 0.1764, 0.1255, 0.1063, 0.0809, 0.0950, 0.0123, 0.0258]",0.17639122903347015,2025-03-11-17-13-52/SITE216_ORNT55_VIS7mi.png
6,1,"[0.0342, 0.0747, 0.0892, 0.1654, 0.1684, 0.1455, 0.1844, 0.1077, 0.0181, 0.0124]",0.18439623713493347,2024-06-14-14-13-33/SITE215_ORNT235_VIS2mi.png
5,2,"[0.0944, 0.1144, 0.1250, 0.0723, 0.1279, 0.2231, 0.0446, 0.1023, 0.0892, 0.0068]",0.22312745451927185,2025-02-17-14-46-26/SITE386_ORNT290_VIS3mi.png
5,4,"[0.1256, 0.1184, 0.1406, 0.1195, 0.1230, 0.1434, 0.0394, 0.1120, 0.0406, 0.0376]",0.14341558516025543,2024-10-19-10-55-55/SITE334_ORNT325_VIS5mi.png
1,3,"[0.1436, 0.2019, 0.1274, 0.2019, 0.1301, 0.0784, 0.0575, 0.0495, 0.0054, 0.0043]",0.2018655240535736,2024-09-18-18-13-42/SITE20_ORNT226_VIS4mi.png
1,2,"[0.1351, 0.1658, 0.1384, 0.1506, 0.1224, 0.1004, 0.0600, 0.0806, 0.0121, 0.0346]",0.16582031548023224,2025-01-31-13-49-43/SITE438_ORNT30_VIS3mi.png
3,9,"[0.0968, 0.1111, 0.1262, 0.1335, 0.1187, 0.1241, 0.0570, 0.1247, 0.0268, 0.0812]",0.1334550529718399,2024-07-29-17-46-25/SITE483_ORNT95_VIS15mi.png
9,7,"[0.0156, 0.0159, 0.0253, 0.0361, 0.0402, 0.1113, 0.1924, 0.1533, 0.0265, 0.3833]",0.38332054018974304,2025-04-13-19-09-12/SITE215_ORNT40_VIS8mi.png
0,0,"[0.2976, 0.2327, 0.1308, 0.1345, 0.0851, 0.0490, 0.0318, 0.0308, 0.0036, 0.0041]",0.2976047396659851,2025-01-26-15-53-06/SITE40_ORNT120_VIS1mi.png
5,6,"[0.0506, 0.0813, 0.1149, 0.1257, 0.1328, 0.1442, 0.1247, 0.1112, 0.0235, 0.0910]",0.144226536154747,2025-02-04-15-47-48/SITE205_ORNT305_VIS7mi.png
5,5,"[0.0261, 0.0485, 0.1009, 0.1085, 0.1273, 0.1666, 0.1324, 0.1499, 0.0460, 0.0937]",0.16660410165786743,2024-06-17-10-37-40/SITE377_ORNT0_VIS6mi.png
7,8,"[0.0126, 0.0132, 0.0191, 0.0471, 0.0572, 0.0999, 0.2015, 0.3369, 0.0370, 0.1757]",0.33685773611068726,2024-07-24-16-43-44/SITE203_ORNT220_VIS9mi.png
8,7,"[0.0069, 0.0200, 0.0310, 0.0134, 0.0522, 0.1862, 0.0400, 0.0832, 0.5575, 0.0097]",0.5574584007263184,2025-01-31-13-49-43/SITE389_ORNT120_VIS8mi.png
7,4,"[0.0055, 0.0092, 0.0208, 0.0787, 0.0612, 0.0770, 0.1876, 0.3954, 0.0635, 0.1011]",0.39540064334869385,2024-07-22-20-17-56/SITE19_ORNT60_VIS5mi.png
0,3,"[0.1811, 0.1567, 0.1475, 0.1163, 0.1161, 0.1183, 0.0314, 0.0856, 0.0255, 0.0214]",0.1810528188943863,2025-02-04-15-47-48/SITE485_ORNT210_VIS4mi.png
9,6,"[0.0093, 0.0117, 0.0169, 0.0220, 0.0144, 0.0350, 0.0330, 0.1255, 0.0276, 0.7046]",0.7046186923980713,2025-03-02-13-12-40/SITE268_ORNT255_VIS7mi.png
9,9,"[0.0096, 0.0138, 0.0222, 0.0239, 0.0141, 0.0328, 0.0214, 0.1144, 0.0422, 0.7056]",0.705569326877594,2025-01-28-16-10-28/SITE80_ORNT274_VIS10+mi.png
3,3,"[0.1030, 0.1407, 0.1294, 0.1662, 0.1265, 0.1094, 0.0809, 0.0939, 0.0136, 0.0365]",0.16621144115924835,2024-12-29-16-00-12/SITE164_ORNT68_VIS4mi.png
3,5,"[0.0404, 0.0919, 0.1028, 0.1998, 0.1667, 0.1267, 0.1410, 0.1002, 0.0172, 0.0134]",0.19978249073028564,2024-07-14-10-21-23/SITE12_ORNT270_VIS6mi.png
5,7,"[0.0459, 0.0635, 0.1270, 0.0923, 0.1453, 0.2324, 0.0824, 0.1174, 0.0773, 0.0166]",0.23239409923553467,2024-10-14-13-08-27/SITE477_ORNT50_VIS8mi.png
9,7,"[0.0126, 0.0122, 0.0202, 0.0275, 0.0257, 0.0570, 0.0699, 0.1297, 0.0257, 0.6196]",0.6196109056472778,2025-04-22-15-39-35/SITE203_ORNT70_VIS8mi.png
3,4,"[0.0603, 0.1153, 0.1021, 0.2242, 0.1520, 0.1082, 0.1055, 0.1012, 0.0155, 0.0156]",0.2242497205734253,2024-07-02-16-22-41/SITE417_ORNT315_VIS5mi.png
9,6,"[0.0222, 0.0292, 0.0541, 0.0591, 0.0461, 0.0774, 0.0415, 0.1443, 0.0595, 0.4666]",0.4666111171245575,2024-08-16-20-03-50/SITE358_ORNT290_VIS7mi.png
0,4,"[0.2736, 0.2294, 0.1253, 0.1375, 0.0892, 0.0569, 0.0319, 0.0440, 0.0047, 0.0074]",0.2736404240131378,2025-02-01-17-30-02/SITE722_ORNT255_VIS5mi.png
1,3,"[0.1397, 0.1550, 0.1143, 0.1535, 0.0936, 0.0879, 0.0506, 0.1045, 0.0151, 0.0858]",0.15504790842533112,2025-02-15-16-53-20/SITE802_ORNT315_VIS4mi.png
8,7,"[0.0009, 0.0056, 0.0037, 0.0021, 0.0049, 0.0483, 0.0194, 0.0168, 0.8858, 0.0124]",0.8858070969581604,2024-07-04-10-22-12/SITE333_ORNT200_VIS8mi.png
8,9,"[0.0005, 0.0019, 0.0050, 0.0086, 0.0061, 0.0264, 0.0189, 0.0614, 0.7496, 0.1217]",0.7495819330215454,2024-07-23-13-08-12/SITE404_ORNT270_VIS14mi.png
3,0,"[0.0430, 0.1010, 0.1000, 0.2139, 0.1823, 0.1211, 0.1271, 0.0914, 0.0149, 0.0053]",0.21389411389827728,2024-08-30-17-21-54/SITE98_ORNT135_VIS1mi.png
6,8,"[0.0316, 0.0464, 0.0520, 0.0959, 0.1290, 0.1709, 0.2731, 0.1484, 0.0215, 0.0311]",0.2730664610862732,2024-08-11-13-07-09/SITE435_ORNT170_VIS9mi.png
7,7,"[0.0092, 0.0126, 0.0188, 0.0582, 0.0752, 0.1221, 0.2950, 0.2968, 0.0459, 0.0662]",0.2967974841594696,2024-07-29-17-46-25/SITE557_ORNT291_VIS8mi.png
9,8,"[0.0005, 0.0017, 0.0049, 0.0109, 0.0030, 0.0108, 0.0111, 0.0642, 0.2190, 0.6739]",0.6738774180412292,2024-05-08-14-34-39/SITE310_ORNT284_VIS9mi.png
8,8,"[0.0008, 0.0047, 0.0043, 0.0022, 0.0057, 0.0592, 0.0181, 0.0275, 0.8701, 0.0074]",0.8701271414756775,2025-03-29-15-28-57/SITE399_ORNT45_VIS9mi.png
9,1,"[0.0279, 0.0413, 0.0646, 0.0985, 0.0647, 0.0991, 0.0721, 0.1892, 0.0486, 0.2938]",0.2937943637371063,2024-05-30-17-47-26/SITE94_ORNT280_VIS2-5mi.png
6,5,"[0.0222, 0.0301, 0.0415, 0.0808, 0.1084, 0.1648, 0.2721, 0.1935, 0.0275, 0.0590]",0.2721383273601532,2024-12-29-16-00-12/SITE17_ORNT280_VIS6mi.png
9,9,"[0.0047, 0.0097, 0.0133, 0.0168, 0.0095, 0.0311, 0.0204, 0.0930, 0.1174, 0.6839]",0.6839128732681274,2025-04-07-16-10-10/SITE539_ORNT40_VIS10+mi.png
5,0,"[0.1131, 0.0991, 0.1150, 0.1049, 0.1200, 0.1380, 0.0690, 0.1108, 0.0299, 0.1001]",0.13804753124713898,2025-03-31-13-29-12/SITE205_ORNT305_VIS1-75mi.png
3,4,"[0.0956, 0.1599, 0.1243, 0.1935, 0.1576, 0.1026, 0.0907, 0.0628, 0.0082, 0.0049]",0.19354911148548126,2024-08-31-14-30-34/SITE8_ORNT278_VIS5mi.png
1,7,"[0.2005, 0.2312, 0.1241, 0.1922, 0.1080, 0.0607, 0.0383, 0.0383, 0.0039, 0.0028]",0.23121421039104462,2024-06-06-17-01-51/SITE215_ORNT130_VIS8mi.png
9,9,"[0.0041, 0.0089, 0.0342, 0.0758, 0.0386, 0.0536, 0.0741, 0.2326, 0.0761, 0.4020]",0.40203791856765747,2025-03-15-15-41-34/SITE578_ORNT0_VIS10+mi.png
1,0,"[0.1879, 0.1918, 0.1229, 0.1668, 0.0988, 0.0777, 0.0434, 0.0777, 0.0084, 0.0246]",0.19180522859096527,2025-01-17-15-10-02/SITE438_ORNT30_VIS1-5mi.png
0,0,"[0.2652, 0.2175, 0.1239, 0.1355, 0.0875, 0.0645, 0.0289, 0.0596, 0.0066, 0.0107]",0.26523590087890625,2025-04-07-16-10-10/SITE437_ORNT195_VIS1-25mi.png
1,2,"[0.1991, 0.2102, 0.1139, 0.1969, 0.0931, 0.0651, 0.0373, 0.0656, 0.0063, 0.0124]",0.21023321151733398,2024-10-05-11-04-16/SITE595_ORNT180_VIS3mi.png
5,1,"[0.0558, 0.0675, 0.1071, 0.0760, 0.1194, 0.2232, 0.0502, 0.1363, 0.1397, 0.0248]",0.22323697805404663,2025-03-26-12-24-08/SITE366_ORNT300_VIS2mi.png
3,2,"[0.0416, 0.0922, 0.1020, 0.1924, 0.1732, 0.1295, 0.1453, 0.0976, 0.0163, 0.0099]",0.19236530363559723,2024-06-20-11-19-17/SITE84_ORNT336_VIS3mi.png
9,9,"[0.0105, 0.0099, 0.0138, 0.0234, 0.0153, 0.0335, 0.0393, 0.1786, 0.0255, 0.6502]",0.6502208113670349,2025-03-03-11-33-30/SITE616_ORNT0_VIS10+mi.png
9,7,"[0.0084, 0.0152, 0.0429, 0.0770, 0.0558, 0.0803, 0.0946, 0.2019, 0.0612, 0.3626]",0.3626205325126648,2024-12-24-15-14-57/SITE18_ORNT210_VIS8mi.png
4,6,"[0.0683, 0.1148, 0.1334, 0.1527, 0.1538, 0.1384, 0.1284, 0.0818, 0.0122, 0.0162]",0.15376298129558563,2025-03-01-18-07-41/SITE26_ORNT180_VIS7mi.png
9,4,"[0.0112, 0.0102, 0.0128, 0.0134, 0.0137, 0.0396, 0.0401, 0.1054, 0.0164, 0.7372]",0.7372392416000366,2025-02-14-15-24-27/SITE22_ORNT190_VIS5mi.png
9,9,"[0.0023, 0.0043, 0.0123, 0.0177, 0.0078, 0.0230, 0.0167, 0.0525, 0.2190, 0.6444]",0.6443535089492798,2025-02-10-14-47-56/SITE426_ORNT130_VIS30mi.png
0,0,"[0.2794, 0.2333, 0.1288, 0.1314, 0.0884, 0.0577, 0.0292, 0.0413, 0.0044, 0.0060]",0.2793991267681122,2025-03-02-13-12-40/SITE7_ORNT312_VIS1-75mi.png
3,0,"[0.1530, 0.2085, 0.1212, 0.2191, 0.1183, 0.0702, 0.0485, 0.0509, 0.0054, 0.0049]",0.21907250583171844,2024-07-05-14-33-31/SITE94_ORNT80_VIS1-75mi.png
5,5,"[0.0719, 0.0895, 0.1107, 0.0706, 0.1221, 0.2265, 0.0458, 0.1217, 0.1284, 0.0128]",0.22651495039463043,2025-02-10-14-47-56/SITE362_ORNT25_VIS6mi.png
6,1,"[0.0206, 0.0317, 0.0421, 0.1053, 0.1292, 0.1498, 0.2384, 0.2184, 0.0324, 0.0321]",0.2383677363395691,2024-06-14-14-13-33/SITE240_ORNT286_VIS2mi.png
8,7,"[0.0001, 0.0008, 0.0014, 0.0028, 0.0013, 0.0120, 0.0100, 0.0170, 0.9256, 0.0289]",0.9256359338760376,2024-07-24-16-43-44/SITE366_ORNT40_VIS8mi.png
8,8,"[0.0015, 0.0093, 0.0226, 0.0629, 0.0094, 0.0449, 0.0390, 0.0862, 0.5082, 0.2160]",0.5082348585128784,2024-07-07-11-04-33/SITE299_ORNT260_VIS9mi.png
8,8,"[0.0025, 0.0054, 0.0195, 0.0293, 0.0254, 0.0642, 0.0378, 0.1755, 0.4327, 0.2078]",0.43271544575691223,2024-10-13-15-24-41/SITE469_ORNT330_VIS9mi.png
6,5,"[0.0160, 0.0271, 0.0423, 0.0848, 0.1208, 0.1662, 0.2778, 0.1994, 0.0331, 0.0326]",0.27784454822540283,2024-07-14-16-38-50/SITE597_ORNT115_VIS6mi.png
9,7,"[0.0387, 0.0602, 0.0851, 0.1322, 0.0899, 0.1108, 0.0951, 0.1493, 0.0295, 0.2091]",0.20912626385688782,2025-04-13-19-09-12/SITE203_ORNT70_VIS8mi.png
8,9,"[0.0010, 0.0039, 0.0044, 0.0043, 0.0036, 0.0289, 0.0134, 0.0297, 0.7592, 0.1517]",0.7591513395309448,2025-02-05-13-59-56/SITE312_ORNT60_VIS25mi.png
6,6,"[0.0226, 0.0417, 0.0825, 0.0989, 0.1169, 0.1748, 0.2162, 0.1464, 0.0287, 0.0713]",0.21622513234615326,2024-05-22-13-05-54/SITE41_ORNT235_VIS7mi.png
7,6,"[0.0066, 0.0095, 0.0204, 0.0693, 0.0480, 0.0667, 0.1505, 0.3579, 0.0535, 0.2176]",0.3579034209251404,2024-06-27-10-23-10/SITE19_ORNT260_VIS7mi.png
1,5,"[0.1424, 0.1527, 0.1178, 0.1526, 0.0985, 0.0952, 0.0485, 0.1134, 0.0168, 0.0621]",0.15274353325366974,2025-02-04-15-47-48/SITE725_ORNT295_VIS6mi.png
3,2,"[0.1193, 0.1450, 0.1269, 0.1610, 0.1166, 0.1074, 0.0652, 0.1018, 0.0151, 0.0418]",0.16104337573051453,2025-03-15-15-41-34/SITE78_ORNT268_VIS3mi.png
5,1,"[0.0485, 0.0766, 0.1105, 0.1269, 0.1206, 0.1376, 0.1007, 0.1265, 0.0303, 0.1218]",0.137577623128891,2025-04-02-15-05-32/SITE786_ORNT40_VIS2mi.png
7,9,"[0.0289, 0.0376, 0.0631, 0.0721, 0.0682, 0.1410, 0.0527, 0.2177, 0.1476, 0.1712]",0.21765536069869995,2025-02-02-12-13-03/SITE521_ORNT240_VIS30mi.png
9,2,"[0.0283, 0.0277, 0.0368, 0.0422, 0.0467, 0.1027, 0.1102, 0.1415, 0.0222, 0.4416]",0.4416036307811737,2025-02-04-15-47-48/SITE18_ORNT135_VIS3mi.png
3,0,"[0.0924, 0.1289, 0.1206, 0.1757, 0.1202, 0.1141, 0.0811, 0.1081, 0.0168, 0.0422]",0.17569182813167572,2024-06-10-18-34-10/SITE94_ORNT80_VIS1-25mi.png
3,0,"[0.0801, 0.1060, 0.1097, 0.1411, 0.1015, 0.1111, 0.0759, 0.1236, 0.0221, 0.1290]",0.1410791426897049,2025-02-14-15-24-27/SITE179_ORNT230_VIS1-25mi.png
9,5,"[0.0482, 0.0556, 0.0682, 0.0671, 0.0644, 0.0914, 0.0600, 0.1336, 0.0298, 0.3816]",0.3816380202770233,2025-03-31-15-41-11/SITE205_ORNT305_VIS6mi.png
8,8,"[0.0041, 0.0168, 0.0159, 0.0064, 0.0263, 0.1265, 0.0358, 0.0381, 0.7190, 0.0112]",0.7189847826957703,2025-04-10-17-56-44/SITE471_ORNT90_VIS9mi.png
8,6,"[0.0008, 0.0164, 0.0085, 0.0163, 0.0088, 0.0634, 0.0508, 0.0206, 0.8001, 0.0144]",0.8000503778457642,2024-08-19-10-27-18/SITE612_ORNT30_VIS7mi.png
7,6,"[0.0088, 0.0109, 0.0208, 0.0629, 0.0600, 0.0915, 0.2298, 0.3165, 0.0431, 0.1556]",0.31652137637138367,2024-07-29-16-41-43/SITE82_ORNT135_VIS7mi.png
5,4,"[0.0706, 0.0944, 0.1313, 0.1327, 0.1393, 0.1599, 0.0824, 0.1209, 0.0302, 0.0383]",0.15990227460861206,2024-08-19-10-27-18/SITE401_ORNT350_VIS5mi.png
3,7,"[0.0490, 0.0921, 0.1087, 0.1679, 0.1469, 0.1363, 0.1427, 0.1014, 0.0159, 0.0390]",0.16792601346969604,2025-02-10-14-47-56/SITE128_ORNT303_VIS8mi.png
3,3,"[0.1155, 0.1719, 0.1192, 0.2187, 0.1382, 0.0866, 0.0713, 0.0655, 0.0075, 0.0056]",0.21866293251514435,2024-07-23-10-10-08/SITE434_ORNT230_VIS4mi.png
1,3,"[0.1793, 0.2063, 0.1187, 0.1987, 0.1023, 0.0709, 0.0438, 0.0626, 0.0063, 0.0113]",0.20626378059387207,2024-06-23-11-02-14/SITE620_ORNT225_VIS4mi.png
0,4,"[0.3395, 0.2419, 0.1115, 0.1336, 0.0668, 0.0417, 0.0192, 0.0360, 0.0032, 0.0067]",0.3394548296928406,2025-02-17-14-46-26/SITE119_ORNT275_VIS5mi.png
9,9,"[0.0061, 0.0060, 0.0078, 0.0113, 0.0072, 0.0197, 0.0213, 0.1072, 0.0200, 0.7934]",0.7933663725852966,2025-01-28-16-10-28/SITE658_ORNT120_VIS10+mi.png
9,9,"[0.0090, 0.0120, 0.0265, 0.0469, 0.0392, 0.0744, 0.1092, 0.1794, 0.0373, 0.4661]",0.46613094210624695,2025-03-06-17-34-12/SITE10_ORNT255_VIS10+mi.png
3,8,"[0.0284, 0.0572, 0.0794, 0.1783, 0.1448, 0.1285, 0.1577, 0.1580, 0.0292, 0.0386]",0.17826074361801147,2024-06-17-10-37-40/SITE434_ORNT130_VIS9mi.png
3,2,"[0.1067, 0.1738, 0.1221, 0.2212, 0.1467, 0.0881, 0.0714, 0.0587, 0.0070, 0.0044]",0.22120974957942963,2024-07-26-10-22-16/SITE160_ORNT332_VIS3mi.png
8,8,"[0.0001, 0.0014, 0.0013, 0.0009, 0.0011, 0.0157, 0.0086, 0.0087, 0.9446, 0.0175]",0.9446028470993042,2025-04-02-15-05-32/SITE401_ORNT350_VIS9mi.png
0,0,"[0.2591, 0.2177, 0.1214, 0.1478, 0.0832, 0.0617, 0.0293, 0.0604, 0.0059, 0.0135]",0.2591458857059479,2025-03-31-13-29-12/SITE15_ORNT90_VIS1-25mi.png
3,3,"[0.0673, 0.0958, 0.1100, 0.1596, 0.1172, 0.1204, 0.0976, 0.1293, 0.0216, 0.0812]",0.15963415801525116,2025-03-23-13-51-54/SITE29_ORNT350_VIS4mi.png
3,0,"[0.0861, 0.1583, 0.1139, 0.2358, 0.1546, 0.0934, 0.0789, 0.0657, 0.0083, 0.0050]",0.23578357696533203,2024-09-08-16-00-24/SITE94_ORNT80_VIS1mi.png
5,0,"[0.1069, 0.0978, 0.1485, 0.0928, 0.1463, 0.1498, 0.0383, 0.1016, 0.0696, 0.0484]",0.1497962921857834,2024-12-09-12-13-38/SITE36_ORNT80_VIS1-25mi.png
8,8,"[0.0003, 0.0018, 0.0032, 0.0040, 0.0045, 0.0286, 0.0174, 0.0492, 0.8466, 0.0443]",0.8466404676437378,2024-10-07-14-17-08/SITE407_ORNT50_VIS9mi.png
0,5,"[0.3230, 0.2457, 0.1218, 0.1387, 0.0762, 0.0404, 0.0227, 0.0258, 0.0029, 0.0028]",0.323005348443985,2024-09-08-13-07-06/SITE557_ORNT8_VIS6mi.png
9,5,"[0.0318, 0.0291, 0.0329, 0.0427, 0.0538, 0.1082, 0.1234, 0.2459, 0.0261, 0.3062]",0.30615097284317017,2024-07-24-16-43-44/SITE45_ORNT5_VIS6mi.png
3,6,"[0.0422, 0.0923, 0.0937, 0.1957, 0.1722, 0.1281, 0.1463, 0.1016, 0.0174, 0.0104]",0.19574610888957977,2024-05-03-19-33-18/SITE49_ORNT315_VIS7mi.png
5,6,"[0.0415, 0.0868, 0.0985, 0.0450, 0.1286, 0.2912, 0.0634, 0.0931, 0.1494, 0.0025]",0.2911742627620697,2025-04-02-15-05-32/SITE331_ORNT315_VIS7mi.png
6,6,"[0.0769, 0.1025, 0.1006, 0.1179, 0.1220, 0.1597, 0.1958, 0.0916, 0.0124, 0.0207]",0.19575901329517365,2025-04-11-14-52-32/SITE760_ORNT140_VIS7mi.png
5,5,"[0.0404, 0.0571, 0.1100, 0.1102, 0.1199, 0.1666, 0.0841, 0.1572, 0.0618, 0.0928]",0.16661448776721954,2025-03-04-14-20-15/SITE421_ORNT240_VIS6mi.png
3,2,"[0.0418, 0.0936, 0.0975, 0.2144, 0.1659, 0.1202, 0.1312, 0.1050, 0.0183, 0.0121]",0.2144363820552826,2024-06-13-13-46-47/SITE115_ORNT287_VIS3mi.png
6,2,"[0.0196, 0.0393, 0.0654, 0.1106, 0.1350, 0.1685, 0.2507, 0.1559, 0.0273, 0.0277]",0.25067389011383057,2024-06-17-10-37-40/SITE568_ORNT67_VIS3mi.png
6,5,"[0.1388, 0.1121, 0.0883, 0.0932, 0.0927, 0.1553, 0.1671, 0.0912, 0.0120, 0.0493]",0.16711631417274475,2024-05-28-11-05-32/SITE747_ORNT315_VIS6mi.png
9,9,"[0.0031, 0.0037, 0.0067, 0.0131, 0.0058, 0.0140, 0.0192, 0.1097, 0.0262, 0.7985]",0.798530638217926,2025-03-26-14-35-40/SITE584_ORNT325_VIS10+mi.png
8,8,"[0.0001, 0.0013, 0.0012, 0.0009, 0.0014, 0.0176, 0.0106, 0.0093, 0.9441, 0.0135]",0.9440595507621765,2024-08-19-10-27-18/SITE464_ORNT90_VIS9mi.png
6,4,"[0.0175, 0.0181, 0.0203, 0.0386, 0.0632, 0.1701, 0.3887, 0.1782, 0.0243, 0.0812]",0.3887012302875519,2024-09-08-16-00-24/SITE545_ORNT320_VIS5mi.png
8,8,"[0.0009, 0.0029, 0.0087, 0.0118, 0.0101, 0.0360, 0.0213, 0.0913, 0.6673, 0.1496]",0.6672838926315308,2024-06-20-11-19-17/SITE377_ORNT110_VIS9mi.png
6,5,"[0.0173, 0.0248, 0.0329, 0.0694, 0.1046, 0.1706, 0.3131, 0.1966, 0.0318, 0.0388]",0.3131265342235565,2024-07-25-18-03-52/SITE557_ORNT291_VIS6mi.png
6,6,"[0.0169, 0.0200, 0.0306, 0.0602, 0.0854, 0.1552, 0.2841, 0.2177, 0.0316, 0.0983]",0.2841467559337616,2024-10-10-15-17-15/SITE411_ORNT280_VIS7mi.png
0,4,"[0.1814, 0.1503, 0.1297, 0.0891, 0.1071, 0.1506, 0.0274, 0.1028, 0.0521, 0.0095]",0.18144331872463226,2024-11-19-11-24-38/SITE385_ORNT230_VIS5mi.png
9,9,"[0.0341, 0.0447, 0.0619, 0.0477, 0.0405, 0.1048, 0.0362, 0.1714, 0.1462, 0.3126]",0.3126283884048462,2025-02-12-14-37-35/SITE485_ORNT120_VIS15mi.png
7,0,"[0.0099, 0.0151, 0.0265, 0.0702, 0.0900, 0.1309, 0.2725, 0.2806, 0.0441, 0.0603]",0.28056710958480835,2024-06-21-15-35-27/SITE87_ORNT329_VIS1-75mi.png
1,0,"[0.1752, 0.2135, 0.1259, 0.1960, 0.1157, 0.0689, 0.0475, 0.0476, 0.0048, 0.0049]",0.21351192891597748,2024-07-14-13-28-24/SITE156_ORNT294_VIS1-75mi.png
0,0,"[0.2805, 0.2366, 0.1335, 0.1434, 0.0888, 0.0506, 0.0291, 0.0307, 0.0032, 0.0036]",0.2804710268974304,2025-04-13-19-09-12/SITE439_ORNT90_VIS1-75mi.png
0,6,"[0.2891, 0.2419, 0.1305, 0.1442, 0.0867, 0.0472, 0.0274, 0.0274, 0.0032, 0.0024]",0.2890721559524536,2024-09-08-16-00-24/SITE169_ORNT157_VIS7mi.png
6,4,"[0.0408, 0.0553, 0.0592, 0.0776, 0.1005, 0.1964, 0.3243, 0.1068, 0.0139, 0.0253]",0.3243095576763153,2024-08-01-10-54-34/SITE5_ORNT50_VIS5mi.png
5,4,"[0.0604, 0.0928, 0.1278, 0.1389, 0.1315, 0.1430, 0.1044, 0.1113, 0.0259, 0.0640]",0.1430196315050125,2025-03-31-13-29-12/SITE261_ORNT150_VIS5mi.png
7,7,"[0.0069, 0.0105, 0.0194, 0.0774, 0.0665, 0.0890, 0.1924, 0.3795, 0.0585, 0.0998]",0.37945765256881714,2024-06-10-18-34-10/SITE26_ORNT250_VIS8mi.png
6,1,"[0.0274, 0.0477, 0.0891, 0.1090, 0.1179, 0.1587, 0.1799, 0.1361, 0.0280, 0.1063]",0.17986878752708435,2025-01-23-15-05-27/SITE98_ORNT80_VIS2mi.png
9,8,"[0.0216, 0.0178, 0.0214, 0.0296, 0.0351, 0.0808, 0.0998, 0.2297, 0.0248, 0.4395]",0.43949055671691895,2024-07-30-14-06-06/SITE203_ORNT70_VIS9mi.png
3,1,"[0.0567, 0.1218, 0.1106, 0.2217, 0.1753, 0.1130, 0.1076, 0.0772, 0.0113, 0.0047]",0.2217138409614563,2024-08-02-13-37-25/SITE26_ORNT85_VIS2mi.png
0,0,"[0.3072, 0.2342, 0.1134, 0.1427, 0.0713, 0.0477, 0.0227, 0.0462, 0.0041, 0.0105]",0.30717647075653076,2025-01-31-13-49-43/SITE22_ORNT285_VIS1mi.png
9,9,"[0.0083, 0.0078, 0.0124, 0.0341, 0.0313, 0.0587, 0.1339, 0.3007, 0.0335, 0.3792]",0.37920957803726196,2024-10-20-11-35-46/SITE542_ORNT305_VIS10+mi.png
5,5,"[0.0962, 0.1153, 0.1318, 0.0707, 0.1299, 0.2253, 0.0456, 0.0996, 0.0793, 0.0063]",0.2253028154373169,2025-03-11-17-13-52/SITE494_ORNT270_VIS6mi.png
5,1,"[0.1102, 0.1232, 0.1372, 0.1370, 0.1260, 0.1401, 0.0547, 0.1111, 0.0286, 0.0318]",0.14009897410869598,2024-06-05-18-49-24/SITE464_ORNT90_VIS2-25mi.png
3,2,"[0.0728, 0.1118, 0.1287, 0.1564, 0.1371, 0.1381, 0.1092, 0.0994, 0.0171, 0.0294]",0.1564413160085678,2025-04-01-16-59-16/SITE786_ORNT255_VIS3mi.png
3,6,"[0.0673, 0.1198, 0.1099, 0.2137, 0.1434, 0.1096, 0.1035, 0.1004, 0.0142, 0.0182]",0.21373169124126434,2024-06-21-15-35-27/SITE417_ORNT50_VIS7mi.png
8,8,"[0.0018, 0.0059, 0.0141, 0.0165, 0.0140, 0.0439, 0.0258, 0.0549, 0.6317, 0.1914]",0.6316660642623901,2025-02-02-12-13-03/SITE276_ORNT45_VIS9mi.png
8,7,"[0.0139, 0.0240, 0.0693, 0.0560, 0.0802, 0.1845, 0.0655, 0.1831, 0.2508, 0.0727]",0.25078102946281433,2025-01-22-12-38-15/SITE324_ORNT225_VIS8mi.png
8,8,"[0.0003, 0.0027, 0.0022, 0.0020, 0.0036, 0.0316, 0.0211, 0.0145, 0.9063, 0.0157]",0.9063313603401184,2024-07-01-19-28-49/SITE506_ORNT180_VIS9mi.png
8,3,"[0.0212, 0.0292, 0.0498, 0.0391, 0.0533, 0.1445, 0.0380, 0.1373, 0.3419, 0.1457]",0.3419138789176941,2025-01-29-12-01-12/SITE461_ORNT20_VIS4mi.png
0,0,"[0.3452, 0.2408, 0.1277, 0.1226, 0.0724, 0.0385, 0.0223, 0.0245, 0.0030, 0.0031]",0.34515923261642456,2025-03-31-13-29-12/SITE106_ORNT12_VIS1-5mi.png
6,6,"[0.0152, 0.0177, 0.0262, 0.0599, 0.0806, 0.1430, 0.2813, 0.2410, 0.0329, 0.1023]",0.28128814697265625,2024-06-18-18-07-05/SITE22_ORNT285_VIS7mi.png
6,3,"[0.0314, 0.0623, 0.0995, 0.1438, 0.1421, 0.1548, 0.1692, 0.1333, 0.0250, 0.0385]",0.169207364320755,2025-04-13-19-09-12/SITE7_ORNT312_VIS4mi.png
9,7,"[0.0587, 0.0621, 0.0658, 0.0700, 0.0670, 0.1143, 0.0942, 0.1291, 0.0215, 0.3173]",0.3172738552093506,2025-02-02-12-13-03/SITE272_ORNT130_VIS8mi.png
7,5,"[0.0435, 0.0648, 0.1036, 0.1239, 0.1124, 0.1346, 0.0946, 0.1470, 0.0368, 0.1388]",0.14701586961746216,2025-01-31-13-49-43/SITE557_ORNT191_VIS6mi.png
8,8,"[0.0001, 0.0011, 0.0010, 0.0008, 0.0010, 0.0146, 0.0091, 0.0075, 0.9562, 0.0085]",0.9561918377876282,2024-08-01-10-54-34/SITE333_ORNT280_VIS9mi.png
9,1,"[0.0547, 0.0695, 0.0850, 0.1087, 0.0769, 0.1057, 0.0682, 0.1785, 0.0338, 0.2189]",0.21890875697135925,2025-04-10-17-56-44/SITE198_ORNT80_VIS2-5mi.png
6,4,"[0.0199, 0.0428, 0.0610, 0.1400, 0.1516, 0.1498, 0.2186, 0.1667, 0.0297, 0.0198]",0.21863776445388794,2024-07-23-13-08-12/SITE22_ORNT0_VIS5mi.png
9,5,"[0.0405, 0.0546, 0.0799, 0.1010, 0.0742, 0.1101, 0.0633, 0.1870, 0.0562, 0.2333]",0.23325900733470917,2025-02-05-13-59-56/SITE852_ORNT45_VIS6mi.png
3,2,"[0.0970, 0.1675, 0.1146, 0.2354, 0.1459, 0.0889, 0.0731, 0.0643, 0.0078, 0.0054]",0.23542457818984985,2024-09-08-13-07-06/SITE98_ORNT245_VIS3mi.png
9,9,"[0.0141, 0.0132, 0.0155, 0.0137, 0.0151, 0.0467, 0.0406, 0.1057, 0.0168, 0.7187]",0.7187278270721436,2025-03-18-13-52-55/SITE212_ORNT170_VIS10+mi.png
1,2,"[0.2219, 0.2320, 0.1261, 0.1777, 0.1028, 0.0595, 0.0366, 0.0370, 0.0037, 0.0028]",0.23198935389518738,2024-07-14-10-21-23/SITE179_ORNT230_VIS3mi.png
9,9,"[0.0159, 0.0209, 0.0339, 0.0375, 0.0244, 0.0509, 0.0333, 0.1535, 0.0396, 0.5901]",0.5901261568069458,2025-03-17-19-09-03/SITE24_ORNT120_VIS10+mi.png
3,4,"[0.1343, 0.1473, 0.1184, 0.1544, 0.1021, 0.0988, 0.0525, 0.1153, 0.0160, 0.0608]",0.1544499397277832,2024-05-23-15-19-49/SITE58_ORNT245_VIS5mi.png
7,9,"[0.0966, 0.1115, 0.1069, 0.1321, 0.0898, 0.1048, 0.0527, 0.1518, 0.0289, 0.1249]",0.15176300704479218,2025-02-14-15-24-27/SITE327_ORNT45_VIS10+mi.png
9,9,"[0.0318, 0.0512, 0.0907, 0.1132, 0.1069, 0.1281, 0.1181, 0.1382, 0.0322, 0.1897]",0.1896960735321045,2025-04-02-15-05-32/SITE417_ORNT50_VIS10+mi.png
3,1,"[0.1099, 0.1604, 0.1157, 0.2132, 0.1280, 0.0888, 0.0718, 0.0849, 0.0105, 0.0169]",0.2131512463092804,2025-04-01-16-59-16/SITE6_ORNT355_VIS2mi.png
9,3,"[0.0022, 0.0033, 0.0096, 0.0221, 0.0081, 0.0164, 0.0311, 0.1227, 0.0347, 0.7498]",0.7498326897621155,2025-03-05-12-08-53/SITE719_ORNT180_VIS4mi.png
6,4,"[0.0142, 0.0201, 0.0293, 0.0536, 0.0843, 0.1709, 0.3591, 0.1943, 0.0282, 0.0460]",0.35908350348472595,2024-08-11-09-28-59/SITE581_ORNT350_VIS5mi.png
1,7,"[0.1367, 0.1641, 0.1317, 0.1636, 0.1130, 0.0991, 0.0589, 0.0871, 0.0115, 0.0346]",0.16407425701618195,2025-03-05-12-08-53/SITE610_ORNT0_VIS8mi.png
3,0,"[0.1075, 0.1803, 0.1216, 0.2104, 0.1493, 0.0892, 0.0750, 0.0550, 0.0066, 0.0051]",0.21036967635154724,2024-08-29-17-58-30/SITE5_ORNT320_VIS1mi.png
3,3,"[0.0310, 0.0758, 0.0878, 0.2084, 0.1749, 0.1262, 0.1444, 0.1208, 0.0221, 0.0086]",0.2084474414587021,2024-07-23-10-10-08/SITE53_ORNT170_VIS4mi.png
9,5,"[0.0104, 0.0180, 0.0474, 0.0735, 0.0635, 0.1097, 0.0895, 0.2437, 0.0903, 0.2539]",0.25386252999305725,2024-05-22-13-05-54/SITE471_ORNT255_VIS6mi.png
8,8,"[0.0012, 0.0050, 0.0101, 0.0103, 0.0238, 0.0908, 0.0430, 0.0911, 0.7058, 0.0190]",0.7058131694793701,2024-10-06-14-34-22/SITE360_ORNT310_VIS9mi.png
1,0,"[0.1812, 0.2251, 0.1289, 0.1892, 0.1184, 0.0670, 0.0440, 0.0389, 0.0041, 0.0030]",0.22512425482273102,2024-07-05-14-33-31/SITE239_ORNT30_VIS1mi.png
3,4,"[0.0726, 0.1038, 0.1156, 0.1625, 0.1226, 0.1263, 0.0936, 0.1187, 0.0193, 0.0650]",0.16251713037490845,2025-03-04-14-20-15/SITE203_ORNT70_VIS5mi.png
1,6,"[0.1541, 0.2053, 0.1270, 0.2003, 0.1269, 0.0759, 0.0538, 0.0476, 0.0051, 0.0038]",0.20530128479003906,2024-07-30-16-52-29/SITE73_ORNT65_VIS7mi.png
5,4,"[0.0412, 0.0546, 0.1028, 0.1050, 0.1177, 0.1920, 0.0712, 0.1704, 0.0874, 0.0576]",0.19203819334506989,2024-06-29-15-18-41/SITE380_ORNT220_VIS5mi.png
0,2,"[0.2490, 0.2401, 0.1258, 0.1656, 0.0964, 0.0531, 0.0315, 0.0326, 0.0033, 0.0026]",0.2490188330411911,2024-07-14-10-21-23/SITE8_ORNT278_VIS3mi.png
0,5,"[0.2675, 0.1962, 0.1364, 0.1145, 0.0952, 0.0820, 0.0217, 0.0629, 0.0130, 0.0105]",0.2675274610519409,2025-02-15-15-20-00/SITE397_ORNT145_VIS6mi.png
3,2,"[0.1500, 0.1671, 0.1200, 0.1832, 0.1027, 0.0862, 0.0545, 0.0913, 0.0106, 0.0344]",0.1832164078950882,2025-01-23-15-05-27/SITE602_ORNT60_VIS3mi.png
9,5,"[0.0153, 0.0137, 0.0164, 0.0276, 0.0244, 0.0541, 0.0666, 0.2515, 0.0284, 0.5020]",0.5020497441291809,2024-10-14-13-08-27/SITE692_ORNT335_VIS6mi.png
6,5,"[0.0342, 0.0571, 0.0753, 0.1267, 0.1338, 0.1527, 0.1932, 0.1420, 0.0227, 0.0625]",0.19317524135112762,2025-02-15-15-20-00/SITE22_ORNT0_VIS6mi.png
8,2,"[0.0263, 0.0534, 0.0765, 0.0357, 0.1020, 0.2598, 0.0487, 0.1080, 0.2794, 0.0102]",0.2794119119644165,2025-04-16-13-54-24/SITE323_ORNT135_VIS3mi.png
8,8,"[0.0002, 0.0015, 0.0015, 0.0011, 0.0024, 0.0256, 0.0138, 0.0135, 0.9327, 0.0078]",0.9326789975166321,2025-03-02-13-12-40/SITE474_ORNT180_VIS9mi.png
3,4,"[0.0387, 0.0807, 0.1059, 0.1657, 0.1590, 0.1421, 0.1564, 0.1095, 0.0184, 0.0237]",0.16571922600269318,2025-04-16-13-54-24/SITE807_ORNT90_VIS5mi.png
3,7,"[0.0682, 0.1141, 0.1163, 0.1882, 0.1442, 0.1208, 0.1157, 0.0993, 0.0143, 0.0189]",0.18818317353725433,2025-01-28-16-10-28/SITE117_ORNT320_VIS8mi.png
8,7,"[0.0001, 0.0010, 0.0015, 0.0020, 0.0024, 0.0195, 0.0139, 0.0233, 0.9171, 0.0192]",0.9170790910720825,2024-07-25-10-00-39/SITE388_ORNT325_VIS8mi.png
8,5,"[0.0030, 0.0127, 0.0179, 0.0071, 0.0376, 0.1478, 0.0435, 0.0489, 0.6746, 0.0069]",0.6745509505271912,2025-02-27-11-22-46/SITE471_ORNT255_VIS6mi.png
0,0,"[0.2905, 0.2289, 0.1168, 0.1456, 0.0789, 0.0541, 0.0266, 0.0474, 0.0043, 0.0070]",0.29050421714782715,2025-04-02-15-05-32/SITE208_ORNT18_VIS1-5mi.png
8,4,"[0.0044, 0.0150, 0.0236, 0.0122, 0.0428, 0.1751, 0.0528, 0.0972, 0.5722, 0.0049]",0.5721641778945923,2025-02-16-12-49-10/SITE338_ORNT200_VIS5mi.png
3,4,"[0.0373, 0.0878, 0.0978, 0.2072, 0.1771, 0.1243, 0.1405, 0.1026, 0.0174, 0.0080]",0.2072352170944214,2024-05-09-16-15-37/SITE418_ORNT138_VIS5mi.png
0,1,"[0.2208, 0.2001, 0.1161, 0.1540, 0.0860, 0.0697, 0.0332, 0.0801, 0.0090, 0.0310]",0.2207983285188675,2025-02-16-12-49-10/SITE626_ORNT195_VIS2mi.png
6,3,"[0.0175, 0.0439, 0.0713, 0.1443, 0.1603, 0.1497, 0.2090, 0.1559, 0.0309, 0.0172]",0.20903880894184113,2024-07-04-13-27-11/SITE12_ORNT200_VIS4mi.png
0,1,"[0.3543, 0.1932, 0.1154, 0.0798, 0.0763, 0.0754, 0.0136, 0.0687, 0.0184, 0.0048]",0.35433152318000793,2025-02-14-15-24-27/SITE394_ORNT0_VIS2-25mi.png
3,3,"[0.1276, 0.1846, 0.1228, 0.2161, 0.1273, 0.0828, 0.0636, 0.0619, 0.0066, 0.0068]",0.21608775854110718,2024-10-07-12-00-07/SITE595_ORNT100_VIS4mi.png
3,2,"[0.1013, 0.1709, 0.1226, 0.2151, 0.1552, 0.0915, 0.0748, 0.0575, 0.0072, 0.0039]",0.2150905281305313,2024-09-08-16-00-24/SITE21_ORNT10_VIS3mi.png
3,5,"[0.0789, 0.1455, 0.1070, 0.2045, 0.1664, 0.1076, 0.1048, 0.0699, 0.0092, 0.0062]",0.20448169112205505,2024-07-07-11-04-33/SITE49_ORNT315_VIS6mi.png
8,8,"[0.0008, 0.0033, 0.0044, 0.0036, 0.0040, 0.0302, 0.0134, 0.0288, 0.8228, 0.0887]",0.8227772116661072,2024-06-29-15-18-41/SITE324_ORNT310_VIS9mi.png
9,9,"[0.0167, 0.0171, 0.0214, 0.0182, 0.0163, 0.0436, 0.0290, 0.1111, 0.0198, 0.7068]",0.7068294286727905,2025-01-15-15-33-17/SITE240_ORNT286_VIS10+mi.png
6,7,"[0.0204, 0.0309, 0.0464, 0.0995, 0.1167, 0.1519, 0.2436, 0.2013, 0.0306, 0.0587]",0.24364149570465088,2024-08-30-17-21-54/SITE40_ORNT295_VIS8mi.png
7,6,"[0.0449, 0.0655, 0.0847, 0.1423, 0.0915, 0.1142, 0.0877, 0.1744, 0.0326, 0.1623]",0.17440545558929443,2025-03-31-15-41-11/SITE76_ORNT60_VIS7mi.png
7,3,"[0.0118, 0.0183, 0.0351, 0.0907, 0.0987, 0.1279, 0.2345, 0.2667, 0.0428, 0.0735]",0.26668280363082886,2024-07-25-18-03-52/SITE411_ORNT75_VIS4mi.png
9,9,"[0.0739, 0.0890, 0.0995, 0.1106, 0.0813, 0.1072, 0.0515, 0.1511, 0.0378, 0.1982]",0.1981932371854782,2025-04-22-15-39-35/SITE167_ORNT60_VIS10+mi.png
9,7,"[0.0129, 0.0113, 0.0123, 0.0259, 0.0261, 0.0589, 0.0910, 0.3148, 0.0327, 0.4140]",0.4139934182167053,2024-09-27-16-12-40/SITE581_ORNT160_VIS8mi.png
3,7,"[0.0629, 0.1087, 0.1171, 0.1815, 0.1398, 0.1263, 0.1173, 0.0986, 0.0153, 0.0324]",0.1815468966960907,2024-05-23-15-19-49/SITE15_ORNT265_VIS8mi.png
1,0,"[0.2092, 0.2258, 0.1319, 0.1771, 0.1057, 0.0629, 0.0391, 0.0399, 0.0039, 0.0045]",0.22583094239234924,2025-03-31-13-29-12/SITE272_ORNT130_VIS1-75mi.png
5,0,"[0.1177, 0.1169, 0.1334, 0.1161, 0.1214, 0.1405, 0.0444, 0.1275, 0.0419, 0.0402]",0.1404573619365692,2025-02-10-14-47-56/SITE467_ORNT135_VIS1-5mi.png
3,5,"[0.0402, 0.0787, 0.0995, 0.1840, 0.1490, 0.1292, 0.1423, 0.1224, 0.0226, 0.0321]",0.18399247527122498,2025-02-19-12-18-05/SITE25_ORNT225_VIS6mi.png
1,1,"[0.2001, 0.2173, 0.1311, 0.1747, 0.1150, 0.0670, 0.0466, 0.0406, 0.0042, 0.0035]",0.2172670066356659,2024-06-10-18-34-10/SITE104_ORNT325_VIS2mi.png
8,6,"[0.0299, 0.0436, 0.0720, 0.0489, 0.0861, 0.2182, 0.0436, 0.1489, 0.2767, 0.0320]",0.27668729424476624,2025-01-15-15-33-17/SITE358_ORNT120_VIS7mi.png
9,9,"[0.0154, 0.0198, 0.0367, 0.0595, 0.0415, 0.0671, 0.0756, 0.2042, 0.0364, 0.4436]",0.44363513588905334,2025-01-26-13-23-03/SITE725_ORNT180_VIS10+mi.png
5,6,"[0.0732, 0.0906, 0.1323, 0.1281, 0.1402, 0.1628, 0.0692, 0.1223, 0.0379, 0.0435]",0.16279202699661255,2025-03-23-13-51-54/SITE426_ORNT250_VIS7mi.png
9,7,"[0.0189, 0.0199, 0.0296, 0.0363, 0.0319, 0.0670, 0.0665, 0.1450, 0.0253, 0.5595]",0.5594536066055298,2024-04-30-13-21-52/SITE215_ORNT330_VIS8mi.png
6,5,"[0.0583, 0.0725, 0.0684, 0.0884, 0.1090, 0.1840, 0.2554, 0.1056, 0.0152, 0.0431]",0.2553945779800415,2024-08-10-09-44-28/SITE747_ORNT315_VIS6mi.png
5,7,"[0.0500, 0.0692, 0.1149, 0.0934, 0.1393, 0.2297, 0.0713, 0.1245, 0.0934, 0.0142]",0.22973474860191345,2024-07-23-10-10-08/SITE404_ORNT350_VIS8mi.png
6,6,"[0.0685, 0.0583, 0.0568, 0.0701, 0.0698, 0.1748, 0.3251, 0.1190, 0.0136, 0.0440]",0.3251494765281677,2024-08-11-09-28-59/SITE747_ORNT0_VIS7mi.png
3,0,"[0.0343, 0.0815, 0.0980, 0.1866, 0.1775, 0.1336, 0.1578, 0.1034, 0.0180, 0.0092]",0.18658779561519623,2024-07-04-10-22-12/SITE76_ORNT60_VIS1-75mi.png
9,9,"[0.0213, 0.0268, 0.0351, 0.0343, 0.0267, 0.0539, 0.0357, 0.1190, 0.0286, 0.6186]",0.6185823082923889,2024-12-29-16-00-12/SITE76_ORNT60_VIS10+mi.png
3,3,"[0.0503, 0.1065, 0.1070, 0.2054, 0.1747, 0.1206, 0.1252, 0.0897, 0.0140, 0.0065]",0.20537307858467102,2024-08-29-17-58-30/SITE98_ORNT80_VIS4mi.png
3,7,"[0.0349, 0.0831, 0.0958, 0.1951, 0.1789, 0.1303, 0.1500, 0.1057, 0.0179, 0.0084]",0.19510062038898468,2024-07-25-18-03-52/SITE420_ORNT275_VIS8mi.png
9,9,"[0.0021, 0.0039, 0.0113, 0.0211, 0.0067, 0.0145, 0.0151, 0.1257, 0.0525, 0.7470]",0.7470307946205139,2025-02-27-11-22-46/SITE684_ORNT267_VIS10+mi.png
0,7,"[0.1960, 0.1939, 0.1215, 0.1402, 0.0896, 0.0793, 0.0358, 0.0849, 0.0121, 0.0466]",0.19603762030601501,2025-02-04-15-47-48/SITE802_ORNT235_VIS8mi.png
9,7,"[0.0062, 0.0058, 0.0062, 0.0081, 0.0066, 0.0212, 0.0233, 0.1002, 0.0176, 0.8049]",0.8048639893531799,2024-09-20-16-20-08/SITE203_ORNT335_VIS8mi.png
6,4,"[0.0320, 0.0408, 0.0531, 0.0969, 0.1123, 0.1582, 0.2377, 0.1698, 0.0242, 0.0751]",0.2376576066017151,2024-04-30-13-21-52/SITE14_ORNT150_VIS5mi.png
6,8,"[0.0309, 0.0345, 0.0465, 0.0835, 0.0957, 0.1487, 0.2227, 0.1891, 0.0257, 0.1227]",0.2226615697145462,2024-08-15-16-44-48/SITE179_ORNT108_VIS9mi.png
9,5,"[0.0111, 0.0188, 0.0490, 0.0916, 0.0576, 0.0758, 0.0893, 0.1894, 0.0500, 0.3675]",0.3675186038017273,2025-03-06-15-10-58/SITE22_ORNT0_VIS6mi.png
3,5,"[0.0951, 0.1143, 0.1106, 0.1568, 0.1015, 0.1084, 0.0654, 0.1337, 0.0223, 0.0919]",0.1568424254655838,2025-03-26-12-24-08/SITE11_ORNT308_VIS6mi.png
0,1,"[0.4331, 0.2036, 0.1060, 0.0837, 0.0631, 0.0472, 0.0121, 0.0417, 0.0062, 0.0033]",0.4331349730491638,2025-03-06-15-10-58/SITE485_ORNT290_VIS2mi.png
9,9,"[0.0216, 0.0284, 0.0421, 0.0493, 0.0352, 0.0646, 0.0456, 0.1651, 0.0363, 0.5117]",0.5117213726043701,2025-02-15-15-20-00/SITE239_ORNT30_VIS10+mi.png
6,4,"[0.0260, 0.0477, 0.0494, 0.1185, 0.1621, 0.1593, 0.2393, 0.1634, 0.0239, 0.0104]",0.23927214741706848,2024-06-17-10-37-40/SITE19_ORNT260_VIS5mi.png
3,5,"[0.0877, 0.1176, 0.1231, 0.1591, 0.1162, 0.1222, 0.0852, 0.1145, 0.0190, 0.0554]",0.1591435670852661,2025-03-06-15-10-58/SITE541_ORNT350_VIS6mi.png
6,6,"[0.0146, 0.0297, 0.0486, 0.0980, 0.1353, 0.1645, 0.2700, 0.1855, 0.0316, 0.0223]",0.2699519693851471,2024-08-19-19-34-52/SITE58_ORNT90_VIS7mi.png
1,3,"[0.1822, 0.2005, 0.1218, 0.1845, 0.1019, 0.0741, 0.0458, 0.0666, 0.0068, 0.0159]",0.2004808485507965,2024-04-25-17-48-06/SITE435_ORNT15_VIS4mi.png
8,8,"[0.0001, 0.0009, 0.0013, 0.0015, 0.0016, 0.0148, 0.0100, 0.0167, 0.9330, 0.0200]",0.9330291748046875,2024-06-16-19-09-40/SITE424_ORNT180_VIS9mi.png
3,1,"[0.0830, 0.1517, 0.1243, 0.1893, 0.1686, 0.1092, 0.0987, 0.0630, 0.0087, 0.0036]",0.18928006291389465,2024-07-05-10-36-13/SITE219_ORNT344_VIS2-5mi.png
8,8,"[0.0002, 0.0014, 0.0024, 0.0031, 0.0015, 0.0124, 0.0091, 0.0174, 0.8119, 0.1406]",0.8119426965713501,2024-10-06-12-31-10/SITE324_ORNT225_VIS9mi.png
6,3,"[0.0709, 0.0740, 0.0722, 0.0980, 0.0995, 0.1415, 0.1489, 0.1365, 0.0186, 0.1398]",0.14893297851085663,2025-03-18-13-52-55/SITE13_ORNT185_VIS4mi.png
0,2,"[0.4098, 0.2004, 0.0986, 0.0687, 0.0785, 0.0495, 0.0266, 0.0435, 0.0131, 0.0115]",0.40980345010757446,2024-12-03-11-18-04/SITE508_ORNT135_VIS3mi.png
9,5,"[0.0182, 0.0320, 0.0667, 0.1075, 0.0844, 0.1171, 0.1209, 0.1856, 0.0458, 0.2217]",0.2217489331960678,2025-04-13-19-09-12/SITE622_ORNT50_VIS6mi.png
0,5,"[0.2744, 0.2321, 0.1384, 0.1379, 0.0905, 0.0534, 0.0342, 0.0314, 0.0036, 0.0042]",0.2744414210319519,2024-05-21-12-02-34/SITE543_ORNT126_VIS6mi.png
8,9,"[0.0002, 0.0016, 0.0015, 0.0012, 0.0018, 0.0206, 0.0117, 0.0115, 0.9352, 0.0147]",0.9351838231086731,2024-04-30-13-21-52/SITE512_ORNT340_VIS15mi.png
3,3,"[0.0928, 0.1139, 0.1103, 0.1613, 0.1064, 0.1098, 0.0732, 0.1357, 0.0198, 0.0768]",0.16134068369865417,2025-03-06-15-10-58/SITE207_ORNT75_VIS4mi.png
6,4,"[0.0211, 0.0467, 0.0761, 0.1294, 0.1557, 0.1581, 0.2267, 0.1429, 0.0256, 0.0177]",0.2267308533191681,2024-08-11-09-28-59/SITE569_ORNT276_VIS5mi.png
6,3,"[0.0481, 0.0420, 0.0341, 0.0488, 0.0592, 0.1908, 0.3987, 0.1096, 0.0127, 0.0561]",0.3986944556236267,2024-07-27-10-27-08/SITE747_ORNT0_VIS4mi.png
3,0,"[0.1210, 0.1852, 0.1263, 0.1937, 0.1432, 0.0896, 0.0738, 0.0545, 0.0066, 0.0060]",0.1937299370765686,2024-07-23-13-08-12/SITE58_ORNT90_VIS1mi.png
5,7,"[0.0538, 0.0646, 0.1143, 0.1102, 0.1237, 0.1822, 0.0646, 0.1536, 0.0743, 0.0588]",0.1821688860654831,2024-08-24-13-47-04/SITE340_ORNT230_VIS8mi.png
7,2,"[0.0080, 0.0163, 0.0690, 0.0868, 0.0698, 0.1143, 0.0876, 0.2319, 0.1297, 0.1866]",0.23185111582279205,2024-12-23-15-38-40/SITE446_ORNT165_VIS3mi.png
1,1,"[0.1561, 0.2048, 0.1250, 0.2010, 0.1218, 0.0734, 0.0539, 0.0524, 0.0055, 0.0061]",0.2048092782497406,2024-09-08-13-07-06/SITE22_ORNT285_VIS2-5mi.png
6,2,"[0.0235, 0.0474, 0.0702, 0.1518, 0.1453, 0.1418, 0.1927, 0.1653, 0.0306, 0.0314]",0.19270625710487366,2024-07-27-10-27-08/SITE411_ORNT280_VIS3mi.png
8,8,"[0.0015, 0.0045, 0.0093, 0.0089, 0.0128, 0.0618, 0.0241, 0.0806, 0.7287, 0.0677]",0.7286645770072937,2024-05-22-13-05-54/SITE506_ORNT0_VIS9mi.png
9,8,"[0.0015, 0.0038, 0.0207, 0.0439, 0.0155, 0.0311, 0.0276, 0.1644, 0.3105, 0.3810]",0.3809809982776642,2024-10-07-12-00-07/SITE472_ORNT275_VIS9mi.png
8,8,"[0.0011, 0.0046, 0.0086, 0.0077, 0.0173, 0.0837, 0.0344, 0.0820, 0.7406, 0.0199]",0.7405918836593628,2024-06-09-10-51-06/SITE304_ORNT290_VIS9mi.png
1,5,"[0.2109, 0.2295, 0.1343, 0.1733, 0.1064, 0.0637, 0.0384, 0.0363, 0.0038, 0.0033]",0.22950610518455505,2024-07-04-10-22-12/SITE241_ORNT120_VIS6mi.png
3,2,"[0.0777, 0.1149, 0.1252, 0.1566, 0.1282, 0.1260, 0.0931, 0.1087, 0.0178, 0.0518]",0.15659895539283752,2025-03-05-12-08-53/SITE616_ORNT180_VIS3mi.png
1,0,"[0.1750, 0.2034, 0.1308, 0.1782, 0.1094, 0.0765, 0.0485, 0.0578, 0.0062, 0.0141]",0.2033875733613968,2025-02-04-15-47-48/SITE12_ORNT5_VIS1mi.png
6,3,"[0.0289, 0.0489, 0.0587, 0.1197, 0.1449, 0.1592, 0.2338, 0.1568, 0.0235, 0.0256]",0.23378886282444,2024-10-07-12-00-07/SITE8_ORNT123_VIS4mi.png
3,7,"[0.1217, 0.1817, 0.1230, 0.2152, 0.1402, 0.0848, 0.0661, 0.0567, 0.0064, 0.0041]",0.2152404636144638,2024-08-02-10-36-13/SITE45_ORNT290_VIS8mi.png
3,9,"[0.0610, 0.0927, 0.1143, 0.1615, 0.1183, 0.1261, 0.0991, 0.1210, 0.0236, 0.0822]",0.16148050129413605,2025-03-04-14-20-15/SITE219_ORNT264_VIS10+mi.png
6,4,"[0.0199, 0.0371, 0.0513, 0.1375, 0.1409, 0.1402, 0.2072, 0.2045, 0.0336, 0.0279]",0.20715771615505219,2024-08-26-16-02-03/SITE417_ORNT220_VIS5mi.png
9,7,"[0.0552, 0.0726, 0.0847, 0.1090, 0.0750, 0.1019, 0.0709, 0.1644, 0.0298, 0.2364]",0.23644611239433289,2025-03-11-17-13-52/SITE198_ORNT80_VIS8mi.png
3,2,"[0.1517, 0.2028, 0.1217, 0.2125, 0.1224, 0.0738, 0.0523, 0.0528, 0.0057, 0.0045]",0.2124667912721634,2024-09-08-13-07-06/SITE167_ORNT60_VIS3mi.png
0,6,"[0.2839, 0.2322, 0.1274, 0.1477, 0.0836, 0.0529, 0.0288, 0.0358, 0.0033, 0.0045]",0.28388047218322754,2024-12-16-12-39-30/SITE834_ORNT280_VIS7mi.png
5,1,"[0.0786, 0.0857, 0.1131, 0.0966, 0.1037, 0.1685, 0.0462, 0.1634, 0.0878, 0.0564]",0.16848689317703247,2025-02-01-12-44-07/SITE324_ORNT225_VIS2mi.png
0,1,"[0.2752, 0.2389, 0.1331, 0.1326, 0.0889, 0.0542, 0.0299, 0.0371, 0.0040, 0.0060]",0.27520444989204407,2024-05-23-15-19-49/SITE203_ORNT335_VIS2mi.png
0,0,"[0.3527, 0.2375, 0.1076, 0.1397, 0.0653, 0.0398, 0.0188, 0.0325, 0.0027, 0.0034]",0.352659672498703,2024-05-07-15-42-07/SITE132_ORNT141_VIS1-75mi.png
0,2,"[0.1449, 0.1429, 0.1410, 0.1146, 0.1207, 0.1333, 0.0840, 0.0762, 0.0177, 0.0245]",0.14492742717266083,2025-04-10-17-56-44/SITE443_ORNT67_VIS3mi.png
9,6,"[0.0048, 0.0072, 0.0160, 0.0519, 0.0318, 0.0525, 0.0910, 0.3371, 0.0593, 0.3484]",0.3483825922012329,2025-04-22-15-39-35/SITE156_ORNT135_VIS7mi.png
5,8,"[0.0358, 0.0474, 0.1031, 0.0908, 0.1151, 0.1776, 0.0667, 0.1594, 0.1064, 0.0977]",0.17758335173130035,2025-03-03-11-33-30/SITE333_ORNT280_VIS9mi.png
8,8,"[0.0022, 0.0053, 0.0125, 0.0162, 0.0179, 0.0660, 0.0325, 0.1317, 0.5780, 0.1377]",0.5780417323112488,2024-07-18-11-32-15/SITE375_ORNT330_VIS9mi.png
6,4,"[0.0260, 0.0588, 0.0862, 0.1654, 0.1541, 0.1415, 0.1772, 0.1372, 0.0271, 0.0265]",0.17724184691905975,2024-05-07-15-42-07/SITE577_ORNT10_VIS5mi.png
1,2,"[0.2163, 0.2251, 0.1301, 0.1675, 0.1114, 0.0628, 0.0427, 0.0369, 0.0042, 0.0029]",0.2251296043395996,2024-07-05-14-33-31/SITE169_ORNT14_VIS3mi.png
5,5,"[0.0687, 0.0724, 0.1330, 0.0954, 0.1337, 0.1790, 0.0472, 0.1205, 0.0878, 0.0623]",0.17896617949008942,2025-03-03-11-33-30/SITE510_ORNT90_VIS6mi.png
7,3,"[0.0163, 0.0246, 0.0434, 0.1037, 0.0940, 0.1214, 0.1823, 0.2527, 0.0424, 0.1193]",0.25267159938812256,2024-06-06-17-01-51/SITE7_ORNT312_VIS4mi.png
5,6,"[0.0521, 0.0783, 0.0900, 0.0481, 0.1064, 0.2413, 0.0413, 0.1290, 0.2040, 0.0096]",0.24126110970973969,2025-03-28-10-38-15/SITE375_ORNT330_VIS7mi.png
6,0,"[0.0519, 0.0727, 0.0902, 0.1284, 0.1156, 0.1387, 0.1454, 0.1247, 0.0208, 0.1116]",0.14540788531303406,2025-02-01-17-30-02/SITE30_ORNT345_VIS1mi.png
0,0,"[0.3357, 0.2426, 0.1278, 0.1259, 0.0755, 0.0391, 0.0239, 0.0237, 0.0031, 0.0026]",0.3356614112854004,2025-02-04-15-47-48/SITE41_ORNT335_VIS1mi.png
0,1,"[0.2642, 0.1873, 0.1277, 0.0698, 0.0943, 0.1190, 0.0187, 0.0787, 0.0361, 0.0041]",0.26423922181129456,2025-03-20-11-55-50/SITE477_ORNT50_VIS2-25mi.png
0,5,"[0.1665, 0.1353, 0.1400, 0.1018, 0.1158, 0.1386, 0.0270, 0.1062, 0.0479, 0.0210]",0.16652528941631317,2024-12-16-12-39-30/SITE309_ORNT325_VIS6mi.png
3,4,"[0.0697, 0.1370, 0.1165, 0.2076, 0.1717, 0.1090, 0.1038, 0.0700, 0.0099, 0.0047]",0.20756804943084717,2024-07-18-14-04-18/SITE40_ORNT295_VIS5mi.png
8,8,"[0.0157, 0.0302, 0.0403, 0.0294, 0.0525, 0.1729, 0.0488, 0.1201, 0.4369, 0.0532]",0.4368945062160492,2025-02-02-12-13-03/SITE343_ORNT360_VIS9mi.png
7,8,"[0.0324, 0.0412, 0.0766, 0.0871, 0.0774, 0.1401, 0.0589, 0.2185, 0.0981, 0.1697]",0.21851715445518494,2025-03-31-15-41-11/SITE377_ORNT200_VIS9mi.png
7,6,"[0.0314, 0.0341, 0.0422, 0.0738, 0.0976, 0.1487, 0.2190, 0.2218, 0.0265, 0.1049]",0.22178012132644653,2024-08-15-16-44-48/SITE683_ORNT325_VIS7mi.png
0,0,"[0.2383, 0.2132, 0.1206, 0.1567, 0.0883, 0.0658, 0.0336, 0.0637, 0.0065, 0.0133]",0.2382752001285553,2025-02-14-15-24-27/SITE230_ORNT214_VIS1-75mi.png
3,6,"[0.0995, 0.1684, 0.1153, 0.2376, 0.1374, 0.0868, 0.0700, 0.0692, 0.0084, 0.0074]",0.23759421706199646,2024-06-30-10-21-08/SITE80_ORNT0_VIS7mi.png
1,4,"[0.2201, 0.2387, 0.1294, 0.1749, 0.1052, 0.0580, 0.0352, 0.0326, 0.0035, 0.0025]",0.23868733644485474,2024-07-25-18-03-52/SITE21_ORNT125_VIS5mi.png
6,4,"[0.0337, 0.0565, 0.0940, 0.1242, 0.1214, 0.1457, 0.1523, 0.1374, 0.0280, 0.1068]",0.15228469669818878,2025-01-17-15-10-02/SITE842_ORNT230_VIS5mi.png
6,3,"[0.0355, 0.0620, 0.0718, 0.1130, 0.1471, 0.1739, 0.2513, 0.1140, 0.0164, 0.0151]",0.2512602210044861,2024-08-31-14-30-34/SITE194_ORNT237_VIS4mi.png
0,0,"[0.2927, 0.2146, 0.1362, 0.1148, 0.0927, 0.0676, 0.0216, 0.0462, 0.0073, 0.0063]",0.29265227913856506,2024-08-19-10-27-18/SITE521_ORNT240_VIS1mi.png
8,8,"[0.0001, 0.0013, 0.0015, 0.0019, 0.0028, 0.0250, 0.0166, 0.0208, 0.9197, 0.0102]",0.9197202920913696,2024-07-23-16-31-18/SITE386_ORNT125_VIS9mi.png
7,7,"[0.0091, 0.0130, 0.0201, 0.0624, 0.0643, 0.0922, 0.1663, 0.4276, 0.0506, 0.0943]",0.4275611937046051,2024-07-28-11-17-19/SITE595_ORNT270_VIS8mi.png
3,2,"[0.0518, 0.0891, 0.1166, 0.1474, 0.1434, 0.1460, 0.1376, 0.1064, 0.0184, 0.0432]",0.1473870724439621,2024-06-01-11-15-19/SITE161_ORNT192_VIS3mi.png
3,6,"[0.0824, 0.1122, 0.1091, 0.1827, 0.1134, 0.1076, 0.0864, 0.1215, 0.0176, 0.0671]",0.1826559156179428,2024-05-09-16-15-37/SITE94_ORNT180_VIS7mi.png
9,7,"[0.0036, 0.0044, 0.0100, 0.0303, 0.0170, 0.0312, 0.0621, 0.2483, 0.0422, 0.5509]",0.5509103536605835,2025-04-13-19-09-12/SITE203_ORNT155_VIS8mi.png
8,9,"[0.0055, 0.0179, 0.0524, 0.1010, 0.0208, 0.0797, 0.0570, 0.1412, 0.2969, 0.2275]",0.29692572355270386,2024-10-11-15-41-13/SITE405_ORNT250_VIS15mi.png
8,6,"[0.0139, 0.0305, 0.0498, 0.0232, 0.0705, 0.1992, 0.0430, 0.1103, 0.4372, 0.0224]",0.4372374713420868,2025-02-12-14-37-35/SITE362_ORNT305_VIS7mi.png
3,2,"[0.1065, 0.1441, 0.1379, 0.1602, 0.1295, 0.1149, 0.0759, 0.0876, 0.0129, 0.0304]",0.16023944318294525,2025-03-05-12-08-53/SITE483_ORNT275_VIS3mi.png
1,1,"[0.1618, 0.2109, 0.1267, 0.2055, 0.1190, 0.0708, 0.0493, 0.0468, 0.0048, 0.0044]",0.21088822185993195,2024-07-28-11-17-19/SITE244_ORNT240_VIS2mi.png
0,2,"[0.3124, 0.2444, 0.1176, 0.1476, 0.0772, 0.0422, 0.0237, 0.0294, 0.0030, 0.0027]",0.31238773465156555,2024-07-04-10-22-12/SITE198_ORNT80_VIS3mi.png
3,3,"[0.0878, 0.1519, 0.1175, 0.2083, 0.1493, 0.1005, 0.0926, 0.0731, 0.0097, 0.0092]",0.20829394459724426,2024-08-01-10-54-34/SITE217_ORNT150_VIS4mi.png
3,1,"[0.0826, 0.1340, 0.1202, 0.1970, 0.1352, 0.1069, 0.0934, 0.0913, 0.0128, 0.0267]",0.1969803422689438,2025-01-31-13-49-43/SITE19_ORNT325_VIS2-5mi.png
6,6,"[0.0156, 0.0336, 0.0684, 0.1127, 0.1288, 0.1580, 0.2137, 0.1790, 0.0360, 0.0542]",0.21372562646865845,2024-08-18-19-28-16/SITE45_ORNT130_VIS7mi.png
1,5,"[0.1441, 0.1963, 0.1378, 0.1755, 0.1341, 0.0870, 0.0650, 0.0480, 0.0057, 0.0065]",0.1962888538837433,2024-08-16-20-03-50/SITE194_ORNT194_VIS6mi.png
6,1,"[0.0276, 0.0616, 0.0804, 0.1554, 0.1673, 0.1478, 0.1962, 0.1277, 0.0216, 0.0143]",0.1961689442396164,2024-09-08-13-07-06/SITE171_ORNT23_VIS2-5mi.png
3,5,"[0.0424, 0.0952, 0.0986, 0.1915, 0.1750, 0.1289, 0.1498, 0.0940, 0.0152, 0.0094]",0.19153521955013275,2024-05-09-16-15-37/SITE8_ORNT278_VIS6mi.png
7,5,"[0.0044, 0.0091, 0.0260, 0.0903, 0.0573, 0.0710, 0.1598, 0.3889, 0.0749, 0.1182]",0.38888558745384216,2024-05-13-18-48-49/SITE26_ORNT250_VIS6mi.png
8,8,"[0.0225, 0.0507, 0.0616, 0.0290, 0.0970, 0.2715, 0.0546, 0.1070, 0.3026, 0.0034]",0.30259740352630615,2025-02-14-15-24-27/SITE355_ORNT130_VIS9mi.png
6,4,"[0.0369, 0.0795, 0.1002, 0.1570, 0.1651, 0.1515, 0.1787, 0.1019, 0.0179, 0.0112]",0.17871764302253723,2024-07-04-13-27-11/SITE422_ORNT85_VIS5mi.png
6,4,"[0.0200, 0.0495, 0.0781, 0.1733, 0.1584, 0.1374, 0.1777, 0.1564, 0.0316, 0.0176]",0.1776500791311264,2024-08-02-13-37-25/SITE115_ORNT287_VIS5mi.png
3,7,"[0.0339, 0.0792, 0.0978, 0.1859, 0.1706, 0.1341, 0.1622, 0.1054, 0.0188, 0.0121]",0.18594186007976532,2024-10-10-15-17-15/SITE17_ORNT95_VIS8mi.png
7,4,"[0.0195, 0.0414, 0.0698, 0.1631, 0.1351, 0.1293, 0.1688, 0.1902, 0.0394, 0.0435]",0.19017010927200317,2024-06-20-14-40-34/SITE253_ORNT325_VIS5mi.png
1,5,"[0.1669, 0.1760, 0.1240, 0.1678, 0.1027, 0.0853, 0.0476, 0.0879, 0.0103, 0.0315]",0.17601563036441803,2025-03-31-15-41-11/SITE193_ORNT295_VIS6mi.png
3,1,"[0.0912, 0.1585, 0.1283, 0.1907, 0.1622, 0.1049, 0.0921, 0.0600, 0.0079, 0.0042]",0.19074726104736328,2024-08-15-16-44-48/SITE22_ORNT0_VIS2-5mi.png
7,9,"[0.0095, 0.0125, 0.0200, 0.0555, 0.0629, 0.1121, 0.2839, 0.2889, 0.0411, 0.1135]",0.28893887996673584,2024-08-31-14-30-34/SITE81_ORNT326_VIS25mi.png
3,3,"[0.0606, 0.0939, 0.1089, 0.1536, 0.1202, 0.1263, 0.1087, 0.1126, 0.0204, 0.0947]",0.153616800904274,2025-01-28-16-10-28/SITE19_ORNT325_VIS4mi.png
3,3,"[0.1185, 0.1373, 0.1196, 0.1527, 0.1044, 0.1085, 0.0630, 0.1158, 0.0185, 0.0617]",0.152687206864357,2025-03-15-15-41-34/SITE5_ORNT155_VIS4mi.png
6,9,"[0.0129, 0.0133, 0.0170, 0.0366, 0.0436, 0.1239, 0.3043, 0.2121, 0.0298, 0.2066]",0.3042527437210083,2025-04-13-19-09-12/SITE106_ORNT280_VIS10+mi.png
9,9,"[0.0091, 0.0094, 0.0122, 0.0130, 0.0111, 0.0314, 0.0307, 0.0959, 0.0179, 0.7692]",0.7692082524299622,2025-03-01-18-07-41/SITE802_ORNT150_VIS10+mi.png
0,3,"[0.2562, 0.2141, 0.1148, 0.1581, 0.0797, 0.0602, 0.0291, 0.0647, 0.0062, 0.0168]",0.25624752044677734,2025-03-04-14-20-15/SITE629_ORNT300_VIS4mi.png
3,1,"[0.1181, 0.1402, 0.1263, 0.1494, 0.1127, 0.1082, 0.0613, 0.1044, 0.0177, 0.0616]",0.14939813315868378,2025-04-22-15-39-35/SITE606_ORNT90_VIS2-5mi.png
9,9,"[0.0084, 0.0090, 0.0130, 0.0151, 0.0111, 0.0289, 0.0234, 0.1013, 0.0229, 0.7667]",0.7667316794395447,2025-01-17-15-10-02/SITE547_ORNT350_VIS10+mi.png
9,7,"[0.0187, 0.0183, 0.0221, 0.0228, 0.0211, 0.0530, 0.0447, 0.1245, 0.0206, 0.6541]",0.6541243195533752,2025-02-10-14-47-56/SITE268_ORNT355_VIS8mi.png
0,3,"[0.2791, 0.2280, 0.1224, 0.1569, 0.0808, 0.0529, 0.0272, 0.0426, 0.0036, 0.0065]",0.2791385054588318,2025-04-01-16-59-16/SITE26_ORNT180_VIS4mi.png
7,8,"[0.0162, 0.0239, 0.0812, 0.0736, 0.0872, 0.1538, 0.0645, 0.1786, 0.1658, 0.1552]",0.1786184310913086,2024-12-03-11-18-04/SITE301_ORNT275_VIS9mi.png
7,3,"[0.0087, 0.0180, 0.0353, 0.1109, 0.1079, 0.1227, 0.2005, 0.2996, 0.0559, 0.0403]",0.29964569211006165,2024-08-18-13-20-24/SITE241_ORNT311_VIS4mi.png
9,8,"[0.0545, 0.0705, 0.0796, 0.0997, 0.0606, 0.0881, 0.0541, 0.1584, 0.0291, 0.3053]",0.3053051829338074,2025-03-26-12-24-08/SITE76_ORNT60_VIS9mi.png
0,4,"[0.2655, 0.2153, 0.1146, 0.1550, 0.0811, 0.0584, 0.0284, 0.0635, 0.0058, 0.0123]",0.2654695212841034,2025-01-23-15-05-27/SITE14_ORNT35_VIS5mi.png
3,2,"[0.1356, 0.1787, 0.1346, 0.1824, 0.1266, 0.0901, 0.0675, 0.0634, 0.0071, 0.0141]",0.18241728842258453,2025-01-31-13-49-43/SITE106_ORNT12_VIS3mi.png
7,3,"[0.0114, 0.0256, 0.0474, 0.1269, 0.1348, 0.1376, 0.2164, 0.2315, 0.0437, 0.0247]",0.23146310448646545,2024-09-08-16-00-24/SITE19_ORNT325_VIS4mi.png
3,2,"[0.1352, 0.1960, 0.1181, 0.2254, 0.1250, 0.0764, 0.0551, 0.0574, 0.0064, 0.0051]",0.2253926545381546,2024-09-07-13-37-18/SITE167_ORNT60_VIS3mi.png
0,0,"[0.2544, 0.2347, 0.1287, 0.1543, 0.0905, 0.0564, 0.0321, 0.0388, 0.0037, 0.0064]",0.2543984353542328,2025-01-28-16-10-28/SITE161_ORNT316_VIS1-5mi.png
4,6,"[0.0415, 0.0937, 0.1095, 0.1794, 0.1818, 0.1348, 0.1478, 0.0914, 0.0153, 0.0048]",0.18177391588687897,2024-08-31-14-30-34/SITE4_ORNT187_VIS7mi.png
3,0,"[0.0651, 0.1015, 0.1109, 0.1753, 0.1247, 0.1199, 0.1038, 0.1208, 0.0192, 0.0588]",0.17526260018348694,2025-03-01-18-07-41/SITE240_ORNT112_VIS1-75mi.png
3,0,"[0.1178, 0.1599, 0.1297, 0.1827, 0.1246, 0.0960, 0.0729, 0.0788, 0.0099, 0.0277]",0.18268565833568573,2025-03-31-13-29-12/SITE626_ORNT110_VIS1mi.png
1,3,"[0.1519, 0.2087, 0.1311, 0.1897, 0.1318, 0.0777, 0.0557, 0.0444, 0.0050, 0.0041]",0.20869144797325134,2025-04-01-16-59-16/SITE111_ORNT246_VIS4mi.png
3,4,"[0.1066, 0.1694, 0.1262, 0.1995, 0.1489, 0.0946, 0.0807, 0.0611, 0.0075, 0.0054]",0.19950595498085022,2024-07-14-10-21-23/SITE186_ORNT275_VIS5mi.png
8,8,"[0.0125, 0.0261, 0.0438, 0.0241, 0.0627, 0.2012, 0.0422, 0.1244, 0.4437, 0.0192]",0.4437123239040375,2025-03-01-18-07-41/SITE360_ORNT310_VIS9mi.png
9,5,"[0.0142, 0.0245, 0.0607, 0.0911, 0.0824, 0.1187, 0.1428, 0.1836, 0.0450, 0.2370]",0.2370312511920929,2025-01-15-15-33-17/SITE629_ORNT125_VIS6mi.png
7,2,"[0.1095, 0.1181, 0.1186, 0.1331, 0.1073, 0.1231, 0.0538, 0.1476, 0.0305, 0.0586]",0.1475744992494583,2025-03-06-15-10-58/SITE239_ORNT202_VIS3mi.png
7,9,"[0.0278, 0.0270, 0.0342, 0.0509, 0.0686, 0.1356, 0.1877, 0.2294, 0.0275, 0.2113]",0.22942344844341278,2024-10-14-13-08-27/SITE593_ORNT160_VIS10+mi.png
8,8,"[0.0161, 0.0319, 0.0501, 0.0277, 0.0730, 0.2133, 0.0454, 0.1235, 0.3973, 0.0217]",0.39733201265335083,2025-01-26-13-23-03/SITE339_ORNT90_VIS9mi.png
0,3,"[0.2496, 0.2384, 0.1262, 0.1665, 0.0949, 0.0537, 0.0314, 0.0333, 0.0033, 0.0026]",0.24962051212787628,2024-07-23-10-10-08/SITE8_ORNT278_VIS4mi.png
6,4,"[0.0184, 0.0448, 0.0669, 0.1300, 0.1673, 0.1592, 0.2254, 0.1507, 0.0275, 0.0098]",0.22541490197181702,2024-08-15-16-44-48/SITE215_ORNT330_VIS5mi.png
8,4,"[0.0007, 0.0099, 0.0082, 0.0121, 0.0113, 0.0666, 0.0456, 0.0274, 0.7975, 0.0207]",0.7974968552589417,2024-08-16-20-03-50/SITE612_ORNT30_VIS5mi.png
9,9,"[0.0084, 0.0128, 0.0218, 0.0274, 0.0138, 0.0329, 0.0233, 0.1423, 0.0452, 0.6721]",0.6720583438873291,2025-03-05-12-08-53/SITE722_ORNT15_VIS10+mi.png
6,4,"[0.0234, 0.0547, 0.0712, 0.1611, 0.1785, 0.1407, 0.1904, 0.1446, 0.0265, 0.0089]",0.19041605293750763,2024-07-23-10-10-08/SITE581_ORNT160_VIS5mi.png
1,0,"[0.1540, 0.1951, 0.1404, 0.1704, 0.1289, 0.0863, 0.0610, 0.0513, 0.0055, 0.0071]",0.1950998455286026,2024-05-31-11-53-14/SITE66_ORNT95_VIS1mi.png
9,3,"[0.0199, 0.0175, 0.0224, 0.0381, 0.0524, 0.1160, 0.1856, 0.2459, 0.0289, 0.2733]",0.2733289301395416,2024-09-19-16-37-08/SITE161_ORNT316_VIS4mi.png
1,0,"[0.2185, 0.2234, 0.1347, 0.1581, 0.1061, 0.0653, 0.0411, 0.0422, 0.0042, 0.0065]",0.22340430319309235,2025-01-15-15-33-17/SITE186_ORNT110_VIS1-75mi.png
5,6,"[0.0529, 0.0816, 0.0935, 0.0458, 0.1072, 0.2283, 0.0380, 0.1169, 0.2227, 0.0130]",0.2283104658126831,2025-03-02-13-12-40/SITE528_ORNT35_VIS7mi.png
3,3,"[0.0930, 0.1270, 0.1263, 0.1657, 0.1253, 0.1143, 0.0854, 0.0981, 0.0142, 0.0508]",0.1656588613986969,2025-02-17-14-46-26/SITE812_ORNT335_VIS4mi.png
5,0,"[0.0397, 0.0518, 0.0989, 0.0685, 0.1154, 0.2262, 0.0557, 0.1383, 0.1700, 0.0356]",0.22621551156044006,2025-02-16-12-49-10/SITE355_ORNT130_VIS1-25mi.png
5,7,"[0.0386, 0.0531, 0.1144, 0.1034, 0.1352, 0.1849, 0.0847, 0.1347, 0.0701, 0.0809]",0.18487107753753662,2024-08-02-10-36-13/SITE507_ORNT90_VIS8mi.png
3,1,"[0.1444, 0.1973, 0.1263, 0.2039, 0.1304, 0.0769, 0.0588, 0.0515, 0.0057, 0.0048]",0.20391273498535156,2024-07-28-11-17-19/SITE117_ORNT320_VIS2mi.png
7,7,"[0.0436, 0.0661, 0.0925, 0.1505, 0.1148, 0.1256, 0.1238, 0.1591, 0.0275, 0.0965]",0.15913811326026917,2025-04-07-16-10-10/SITE36_ORNT350_VIS8mi.png
0,0,"[0.2036, 0.1990, 0.1222, 0.1737, 0.0981, 0.0711, 0.0418, 0.0688, 0.0069, 0.0148]",0.20358479022979736,2025-03-23-13-51-54/SITE9_ORNT200_VIS1mi.png
3,4,"[0.0543, 0.0891, 0.1069, 0.1744, 0.1326, 0.1326, 0.1203, 0.1227, 0.0184, 0.0487]",0.17439815402030945,2024-05-23-15-19-49/SITE13_ORNT185_VIS5mi.png
3,6,"[0.1169, 0.1593, 0.1243, 0.1783, 0.1232, 0.0979, 0.0769, 0.0801, 0.0109, 0.0322]",0.1783325970172882,2024-07-22-20-17-56/SITE561_ORNT145_VIS7mi.png
6,2,"[0.0156, 0.0370, 0.0644, 0.1170, 0.1498, 0.1652, 0.2447, 0.1623, 0.0297, 0.0144]",0.2446749359369278,2024-06-17-10-37-40/SITE447_ORNT295_VIS3mi.png
1,2,"[0.1671, 0.1760, 0.1267, 0.1589, 0.1033, 0.0891, 0.0465, 0.0856, 0.0112, 0.0356]",0.1760295033454895,2024-12-27-14-55-32/SITE483_ORNT5_VIS3mi.png
8,5,"[0.0005, 0.0023, 0.0052, 0.0091, 0.0092, 0.0381, 0.0285, 0.0940, 0.7464, 0.0666]",0.7464019060134888,2024-08-18-19-28-16/SITE367_ORNT110_VIS6mi.png
5,2,"[0.0237, 0.0342, 0.0861, 0.0791, 0.1126, 0.2138, 0.0885, 0.1871, 0.1342, 0.0407]",0.21380119025707245,2024-07-02-16-22-41/SITE340_ORNT230_VIS3mi.png
1,0,"[0.1835, 0.1879, 0.1228, 0.1645, 0.0971, 0.0790, 0.0426, 0.0799, 0.0096, 0.0332]",0.1878538429737091,2025-03-23-13-51-54/SITE116_ORNT3_VIS1-25mi.png
6,7,"[0.0211, 0.0509, 0.0867, 0.1451, 0.1523, 0.1574, 0.1870, 0.1473, 0.0290, 0.0233]",0.18698078393936157,2025-01-28-16-10-28/SITE186_ORNT217_VIS8mi.png
3,3,"[0.0675, 0.1299, 0.1164, 0.2081, 0.1621, 0.1129, 0.1079, 0.0775, 0.0109, 0.0069]",0.208086758852005,2024-08-30-17-21-54/SITE123_ORNT67_VIS4mi.png
3,3,"[0.0333, 0.0830, 0.0914, 0.2055, 0.1825, 0.1265, 0.1441, 0.1080, 0.0189, 0.0068]",0.2055380493402481,2024-08-18-13-20-24/SITE261_ORNT90_VIS4mi.png
9,8,"[0.0069, 0.0099, 0.0333, 0.0440, 0.0417, 0.0930, 0.0438, 0.2284, 0.2471, 0.2518]",0.2518475353717804,2025-03-28-10-38-15/SITE363_ORNT345_VIS9mi.png
8,7,"[0.0273, 0.0487, 0.0843, 0.0484, 0.1106, 0.2308, 0.0563, 0.1207, 0.2470, 0.0258]",0.2470116913318634,2025-04-01-16-59-16/SITE469_ORNT80_VIS8mi.png
7,7,"[0.0128, 0.0157, 0.0279, 0.0693, 0.0800, 0.1229, 0.2594, 0.2608, 0.0360, 0.1151]",0.26081323623657227,2024-05-07-15-42-07/SITE569_ORNT211_VIS8mi.png
3,6,"[0.0962, 0.1385, 0.1423, 0.1466, 0.1397, 0.1231, 0.0944, 0.0767, 0.0120, 0.0305]",0.14662212133407593,2025-04-07-16-10-10/SITE658_ORNT120_VIS7mi.png
3,6,"[0.0849, 0.1505, 0.1170, 0.2245, 0.1490, 0.0979, 0.0875, 0.0723, 0.0092, 0.0072]",0.22450987994670868,2024-07-28-13-48-26/SITE422_ORNT300_VIS7mi.png
8,9,"[0.0171, 0.0257, 0.0600, 0.0502, 0.0848, 0.1916, 0.0595, 0.1633, 0.2803, 0.0675]",0.28033411502838135,2024-07-23-16-31-18/SITE463_ORNT230_VIS15mi.png
3,0,"[0.0660, 0.1285, 0.1122, 0.2234, 0.1612, 0.1086, 0.1031, 0.0794, 0.0108, 0.0069]",0.22338706254959106,2025-04-07-16-10-10/SITE75_ORNT270_VIS1mi.png
9,9,"[0.0220, 0.0195, 0.0259, 0.0336, 0.0494, 0.1507, 0.2664, 0.1393, 0.0196, 0.2736]",0.27355265617370605,2025-03-11-17-13-52/SITE587_ORNT280_VIS10+mi.png
8,8,"[0.0036, 0.0109, 0.0255, 0.0173, 0.0495, 0.1640, 0.0566, 0.1201, 0.5334, 0.0192]",0.533352792263031,2024-06-06-10-38-22/SITE520_ORNT180_VIS9mi.png
0,0,"[0.3246, 0.2469, 0.1263, 0.1350, 0.0776, 0.0394, 0.0230, 0.0225, 0.0029, 0.0018]",0.3246089816093445,2024-07-05-10-36-13/SITE41_ORNT170_VIS1-5mi.png
3,2,"[0.1059, 0.1356, 0.1231, 0.1668, 0.1154, 0.1062, 0.0734, 0.1002, 0.0148, 0.0586]",0.16683627665042877,2025-03-31-13-29-12/SITE446_ORNT230_VIS3mi.png
6,2,"[0.0811, 0.0823, 0.0632, 0.0842, 0.1047, 0.1775, 0.2460, 0.1003, 0.0117, 0.0491]",0.24600014090538025,2024-07-26-10-22-16/SITE747_ORNT255_VIS3mi.png
3,3,"[0.0780, 0.1357, 0.1271, 0.1887, 0.1525, 0.1128, 0.1056, 0.0756, 0.0101, 0.0139]",0.1886960119009018,2024-12-20-15-16-09/SITE417_ORNT220_VIS4mi.png
5,2,"[0.0613, 0.0893, 0.1430, 0.1197, 0.1557, 0.1778, 0.1046, 0.0928, 0.0274, 0.0284]",0.17782889306545258,2024-07-02-16-22-41/SITE340_ORNT330_VIS3mi.png
3,1,"[0.0989, 0.1467, 0.1165, 0.2084, 0.1245, 0.0980, 0.0768, 0.0947, 0.0125, 0.0229]",0.2083992063999176,2024-06-07-15-28-05/SITE620_ORNT225_VIS2mi.png
3,5,"[0.1012, 0.1255, 0.1305, 0.1460, 0.1243, 0.1304, 0.0707, 0.1143, 0.0207, 0.0365]",0.14602522552013397,2024-06-29-10-50-12/SITE276_ORNT225_VIS6mi.png
5,5,"[0.0519, 0.0756, 0.1312, 0.1165, 0.1514, 0.1792, 0.0991, 0.1129, 0.0377, 0.0445]",0.1791931688785553,2024-06-28-13-30-05/SITE312_ORNT240_VIS6mi.png
0,1,"[0.2924, 0.1874, 0.1287, 0.1038, 0.0851, 0.0785, 0.0167, 0.0741, 0.0171, 0.0161]",0.29242032766342163,2025-02-01-12-44-07/SITE522_ORNT270_VIS2mi.png
8,8,"[0.0049, 0.0148, 0.0176, 0.0097, 0.0255, 0.1294, 0.0319, 0.0706, 0.6803, 0.0153]",0.6803141236305237,2024-07-28-13-48-26/SITE386_ORNT290_VIS9mi.png
8,4,"[0.0014, 0.0122, 0.0112, 0.0111, 0.0175, 0.0866, 0.0489, 0.0279, 0.7618, 0.0215]",0.7617745995521545,2024-08-12-20-17-35/SITE612_ORNT30_VIS5mi.png
9,4,"[0.0094, 0.0094, 0.0127, 0.0190, 0.0120, 0.0279, 0.0283, 0.1374, 0.0221, 0.7218]",0.7217906713485718,2025-02-01-12-44-07/SITE734_ORNT75_VIS5mi.png
3,2,"[0.0904, 0.1258, 0.1214, 0.1740, 0.1210, 0.1119, 0.0857, 0.1008, 0.0148, 0.0543]",0.17396244406700134,2024-12-17-16-15-56/SITE442_ORNT300_VIS3mi.png
3,6,"[0.0717, 0.1318, 0.1203, 0.1825, 0.1589, 0.1199, 0.1184, 0.0761, 0.0111, 0.0094]",0.18248291313648224,2024-07-28-13-48-26/SITE422_ORNT85_VIS7mi.png
0,7,"[0.2089, 0.2069, 0.1250, 0.1691, 0.0972, 0.0683, 0.0391, 0.0630, 0.0064, 0.0161]",0.20893287658691406,2025-03-05-12-08-53/SITE610_ORNT260_VIS8mi.png
7,8,"[0.0091, 0.0158, 0.0499, 0.0646, 0.0647, 0.1187, 0.0759, 0.2348, 0.1504, 0.2161]",0.2347673922777176,2024-07-04-13-27-11/SITE367_ORNT165_VIS9mi.png
5,5,"[0.0424, 0.0654, 0.1093, 0.1250, 0.1312, 0.1649, 0.1025, 0.1526, 0.0404, 0.0662]",0.1649473011493683,2024-06-16-15-28-51/SITE483_ORNT95_VIS6mi.png
7,5,"[0.0118, 0.0281, 0.0477, 0.1268, 0.1441, 0.1430, 0.2121, 0.2258, 0.0439, 0.0166]",0.22575612366199493,2024-08-24-10-27-52/SITE253_ORNT65_VIS6mi.png
9,3,"[0.0429, 0.0595, 0.0774, 0.1189, 0.0802, 0.1067, 0.0883, 0.1924, 0.0316, 0.2021]",0.2021218240261078,2024-04-25-17-48-06/SITE36_ORNT350_VIS4mi.png
9,1,"[0.0153, 0.0225, 0.0474, 0.0680, 0.0524, 0.0848, 0.0628, 0.1794, 0.0638, 0.4034]",0.4034435451030731,2025-02-10-14-47-56/SITE813_ORNT15_VIS2mi.png
3,2,"[0.1122, 0.1789, 0.1266, 0.2112, 0.1435, 0.0897, 0.0711, 0.0554, 0.0065, 0.0049]",0.2112191617488861,2024-08-31-14-30-34/SITE58_ORNT15_VIS3mi.png
3,1,"[0.1106, 0.1610, 0.1330, 0.1891, 0.1346, 0.0987, 0.0784, 0.0693, 0.0082, 0.0171]",0.18914568424224854,2025-01-15-12-14-16/SITE117_ORNT43_VIS2mi.png
5,8,"[0.0565, 0.0747, 0.1455, 0.0973, 0.1498, 0.2175, 0.0821, 0.1033, 0.0551, 0.0183]",0.2175399214029312,2025-03-26-12-24-08/SITE522_ORNT270_VIS9mi.png
0,0,"[0.4031, 0.2356, 0.1087, 0.1221, 0.0573, 0.0307, 0.0158, 0.0223, 0.0025, 0.0019]",0.40308067202568054,2024-08-19-10-27-18/SITE620_ORNT225_VIS1-75mi.png
6,6,"[0.0864, 0.1101, 0.1103, 0.1285, 0.1328, 0.1455, 0.1549, 0.0879, 0.0113, 0.0324]",0.15488645434379578,2025-04-01-16-59-16/SITE897_ORNT300_VIS7mi.png
3,3,"[0.0988, 0.1655, 0.1276, 0.1987, 0.1551, 0.0973, 0.0849, 0.0596, 0.0075, 0.0050]",0.19872571527957916,2024-07-05-14-33-31/SITE439_ORNT265_VIS4mi.png
3,5,"[0.1223, 0.1421, 0.1247, 0.1644, 0.1148, 0.1038, 0.0634, 0.1027, 0.0145, 0.0473]",0.16435761749744415,2025-03-28-10-38-15/SITE658_ORNT305_VIS6mi.png
8,8,"[0.0012, 0.0045, 0.0101, 0.0087, 0.0189, 0.0891, 0.0358, 0.0972, 0.7162, 0.0183]",0.7162224054336548,2024-10-07-14-17-08/SITE480_ORNT310_VIS9mi.png
7,2,"[0.0065, 0.0129, 0.0314, 0.1016, 0.0561, 0.0742, 0.1101, 0.3377, 0.0684, 0.2011]",0.3376517593860626,2024-06-10-14-33-22/SITE595_ORNT100_VIS3mi.png
0,2,"[0.2783, 0.2417, 0.1304, 0.1485, 0.0894, 0.0486, 0.0288, 0.0287, 0.0033, 0.0025]",0.27834025025367737,2024-07-04-10-22-12/SITE198_ORNT248_VIS3mi.png
5,1,"[0.1373, 0.1504, 0.1286, 0.0695, 0.1194, 0.1914, 0.0314, 0.0946, 0.0724, 0.0050]",0.19141897559165955,2025-02-15-16-53-20/SITE365_ORNT100_VIS2mi.png
9,9,"[0.0055, 0.0052, 0.0057, 0.0081, 0.0062, 0.0192, 0.0221, 0.0898, 0.0163, 0.8220]",0.8219718933105469,2025-04-07-16-10-10/SITE587_ORNT280_VIS10+mi.png
7,4,"[0.0075, 0.0135, 0.0267, 0.0824, 0.0931, 0.1173, 0.2395, 0.3150, 0.0559, 0.0491]",0.315014123916626,2024-10-18-12-30-03/SITE539_ORNT310_VIS5mi.png
5,1,"[0.0819, 0.1001, 0.1356, 0.1247, 0.1411, 0.1762, 0.0671, 0.1133, 0.0391, 0.0209]",0.17621487379074097,2024-06-29-10-50-12/SITE380_ORNT55_VIS2mi.png
6,7,"[0.0337, 0.0753, 0.0915, 0.1683, 0.1711, 0.1424, 0.1806, 0.1077, 0.0176, 0.0118]",0.18060976266860962,2024-08-15-16-44-48/SITE40_ORNT180_VIS8mi.png
5,7,"[0.0642, 0.0882, 0.1423, 0.0818, 0.1418, 0.2352, 0.0657, 0.0975, 0.0730, 0.0103]",0.23515264689922333,2024-10-15-10-59-57/SITE397_ORNT30_VIS8mi.png
8,8,"[0.0033, 0.0119, 0.0127, 0.0065, 0.0165, 0.1070, 0.0268, 0.0566, 0.7455, 0.0133]",0.7454665303230286,2025-03-31-13-29-12/SITE340_ORNT55_VIS9mi.png
6,5,"[0.0203, 0.0387, 0.0752, 0.0990, 0.1215, 0.1767, 0.2321, 0.1528, 0.0305, 0.0533]",0.23207472264766693,2024-12-29-16-00-12/SITE41_ORNT235_VIS6mi.png
9,9,"[0.0063, 0.0066, 0.0086, 0.0105, 0.0083, 0.0240, 0.0260, 0.0929, 0.0178, 0.7990]",0.798985481262207,2025-02-05-13-59-56/SITE834_ORNT220_VIS10+mi.png
3,3,"[0.0840, 0.1278, 0.1218, 0.1848, 0.1271, 0.1124, 0.0902, 0.0960, 0.0144, 0.0416]",0.18481633067131042,2024-08-18-13-20-24/SITE261_ORNT270_VIS4mi.png
5,5,"[0.0933, 0.0934, 0.1224, 0.0866, 0.1217, 0.1876, 0.0399, 0.1354, 0.0955, 0.0242]",0.18764613568782806,2024-12-23-15-38-40/SITE355_ORNT70_VIS6mi.png
0,0,"[0.2559, 0.2235, 0.1173, 0.1607, 0.0868, 0.0560, 0.0315, 0.0529, 0.0049, 0.0105]",0.2559210956096649,2024-12-24-15-14-57/SITE65_ORNT64_VIS1-5mi.png
5,2,"[0.0398, 0.0592, 0.0977, 0.0633, 0.1231, 0.2334, 0.0553, 0.1290, 0.1746, 0.0245]",0.23344092071056366,2025-01-15-12-14-16/SITE471_ORNT255_VIS3mi.png
6,5,"[0.0268, 0.0233, 0.0250, 0.0366, 0.0442, 0.1747, 0.3826, 0.1306, 0.0181, 0.1380]",0.3826009929180145,2024-07-25-10-00-39/SITE747_ORNT315_VIS6mi.png
9,1,"[0.0126, 0.0147, 0.0285, 0.0565, 0.0529, 0.0954, 0.1527, 0.2186, 0.0345, 0.3335]",0.3335263133049011,2025-02-05-13-59-56/SITE59_ORNT10_VIS2mi.png
9,1,"[0.0701, 0.0831, 0.0872, 0.1124, 0.0893, 0.1113, 0.0880, 0.1398, 0.0209, 0.1980]",0.19800733029842377,2025-03-28-10-38-15/SITE33_ORNT215_VIS2-5mi.png
5,3,"[0.0212, 0.0358, 0.1010, 0.0903, 0.1210, 0.1993, 0.1134, 0.1715, 0.0856, 0.0609]",0.19925878942012787,2025-02-14-15-24-27/SITE844_ORNT200_VIS4mi.png
7,2,"[0.0630, 0.0687, 0.1057, 0.0912, 0.0975, 0.1653, 0.0446, 0.1799, 0.1037, 0.0804]",0.17993876338005066,2024-12-16-12-39-30/SITE339_ORNT290_VIS3mi.png
8,8,"[0.0003, 0.0020, 0.0025, 0.0019, 0.0029, 0.0264, 0.0122, 0.0174, 0.9139, 0.0205]",0.9138607978820801,2024-08-11-09-28-59/SITE363_ORNT190_VIS9mi.png
9,7,"[0.0054, 0.0096, 0.0307, 0.0601, 0.0268, 0.0381, 0.0457, 0.1695, 0.0558, 0.5585]",0.5585339665412903,2025-02-11-14-30-47/SITE683_ORNT240_VIS8mi.png
9,9,"[0.0058, 0.0057, 0.0078, 0.0110, 0.0082, 0.0225, 0.0272, 0.1031, 0.0182, 0.7905]",0.7905182838439941,2025-03-05-12-08-53/SITE50_ORNT149_VIS10+mi.png
3,6,"[0.0418, 0.0852, 0.0914, 0.2133, 0.1516, 0.1193, 0.1255, 0.1285, 0.0223, 0.0211]",0.21333621442317963,2024-08-18-19-28-16/SITE259_ORNT314_VIS7mi.png
1,4,"[0.1983, 0.2099, 0.1288, 0.1711, 0.1027, 0.0713, 0.0435, 0.0566, 0.0056, 0.0124]",0.2098643034696579,2025-03-17-19-09-03/SITE10_ORNT175_VIS5mi.png
3,7,"[0.0266, 0.0649, 0.0833, 0.1879, 0.1701, 0.1346, 0.1646, 0.1310, 0.0239, 0.0131]",0.18793581426143646,2024-10-06-17-04-59/SITE442_ORNT40_VIS8mi.png
1,2,"[0.1492, 0.2011, 0.1371, 0.1800, 0.1342, 0.0834, 0.0609, 0.0450, 0.0053, 0.0038]",0.20110701024532318,2024-08-18-13-20-24/SITE33_ORNT90_VIS3mi.png
0,0,"[0.2965, 0.2331, 0.1217, 0.1376, 0.0800, 0.0527, 0.0260, 0.0419, 0.0039, 0.0065]",0.2964891791343689,2025-01-23-15-05-27/SITE7_ORNT312_VIS1mi.png
3,1,"[0.1040, 0.1498, 0.1396, 0.1645, 0.1414, 0.1132, 0.0901, 0.0714, 0.0096, 0.0163]",0.16453896462917328,2024-05-23-15-19-49/SITE104_ORNT325_VIS2mi.png
7,5,"[0.0095, 0.0155, 0.0345, 0.0931, 0.0782, 0.1042, 0.1777, 0.2900, 0.0538, 0.1436]",0.2900448739528656,2024-07-14-10-21-23/SITE12_ORNT200_VIS6mi.png
3,7,"[0.0325, 0.0696, 0.0760, 0.1834, 0.1729, 0.1329, 0.1649, 0.1331, 0.0234, 0.0111]",0.18339182436466217,2024-07-24-16-43-44/SITE584_ORNT225_VIS8mi.png
5,5,"[0.0885, 0.1013, 0.1528, 0.1147, 0.1375, 0.1659, 0.0884, 0.0894, 0.0270, 0.0345]",0.1658996343612671,2025-01-31-13-49-43/SITE557_ORNT8_VIS6mi.png
6,6,"[0.0372, 0.0627, 0.0634, 0.1294, 0.1586, 0.1587, 0.2258, 0.1307, 0.0190, 0.0145]",0.2258365899324417,2024-07-23-13-08-12/SITE574_ORNT70_VIS7mi.png
9,7,"[0.0433, 0.0635, 0.0853, 0.1354, 0.0906, 0.1122, 0.0982, 0.1570, 0.0298, 0.1846]",0.1845819652080536,2025-02-14-15-24-27/SITE65_ORNT64_VIS8mi.png
6,5,"[0.0301, 0.0283, 0.0364, 0.0450, 0.0676, 0.1688, 0.2725, 0.1362, 0.0181, 0.1969]",0.2725246548652649,2024-08-18-19-28-16/SITE203_ORNT335_VIS6mi.png
0,9,"[0.2250, 0.1961, 0.1178, 0.1545, 0.0892, 0.0713, 0.0333, 0.0824, 0.0090, 0.0213]",0.22504344582557678,2025-02-15-15-20-00/SITE193_ORNT5_VIS10+mi.png
9,2,"[0.0166, 0.0257, 0.0551, 0.0830, 0.0577, 0.0868, 0.0793, 0.1724, 0.0493, 0.3742]",0.37416160106658936,2025-01-31-13-49-43/SITE29_ORNT200_VIS3mi.png
9,9,"[0.0520, 0.0753, 0.0987, 0.1263, 0.0979, 0.1178, 0.0825, 0.1330, 0.0300, 0.1865]",0.18652169406414032,2025-01-17-15-10-02/SITE786_ORNT315_VIS10+mi.png
9,6,"[0.0048, 0.0076, 0.0215, 0.0387, 0.0193, 0.0314, 0.0321, 0.1449, 0.0501, 0.6496]",0.6495934128761292,2025-01-26-15-53-06/SITE734_ORNT225_VIS7mi.png
6,5,"[0.0203, 0.0322, 0.0472, 0.1059, 0.1198, 0.1496, 0.2273, 0.2068, 0.0336, 0.0572]",0.22730280458927155,2024-10-10-15-17-15/SITE161_ORNT192_VIS6mi.png
6,6,"[0.0107, 0.0159, 0.0260, 0.0610, 0.0866, 0.1435, 0.3138, 0.2484, 0.0379, 0.0562]",0.3137637674808502,2024-08-26-16-02-03/SITE411_ORNT75_VIS7mi.png
6,0,"[0.0522, 0.0580, 0.0673, 0.1037, 0.1038, 0.1420, 0.1697, 0.1423, 0.0203, 0.1406]",0.16973274946212769,2025-03-15-15-41-34/SITE13_ORNT240_VIS1mi.png
7,2,"[0.0174, 0.0445, 0.0650, 0.1714, 0.1639, 0.1354, 0.1770, 0.1773, 0.0354, 0.0126]",0.177260160446167,2024-06-17-19-22-23/SITE563_ORNT135_VIS3mi.png
3,5,"[0.1168, 0.1787, 0.1277, 0.1982, 0.1492, 0.0895, 0.0735, 0.0555, 0.0067, 0.0042]",0.1982283592224121,2024-08-30-17-21-54/SITE256_ORNT175_VIS6mi.png
6,4,"[0.0279, 0.0644, 0.0791, 0.1596, 0.1787, 0.1461, 0.1927, 0.1225, 0.0202, 0.0088]",0.1927344650030136,2024-08-29-17-58-30/SITE215_ORNT235_VIS5mi.png
6,6,"[0.0257, 0.0307, 0.0400, 0.0763, 0.1024, 0.1586, 0.2516, 0.2090, 0.0285, 0.0772]",0.2515663206577301,2024-07-26-10-22-16/SITE584_ORNT225_VIS7mi.png
7,4,"[0.0445, 0.0609, 0.0981, 0.1163, 0.1045, 0.1494, 0.0758, 0.1828, 0.0540, 0.1137]",0.1827516257762909,2024-10-07-14-17-08/SITE490_ORNT280_VIS5mi.png
8,4,"[0.0277, 0.0426, 0.0487, 0.0329, 0.0537, 0.1437, 0.0371, 0.0959, 0.3702, 0.1475]",0.3702199459075928,2025-01-31-13-49-43/SITE477_ORNT50_VIS5mi.png
3,7,"[0.1372, 0.2010, 0.1253, 0.2153, 0.1318, 0.0762, 0.0559, 0.0480, 0.0053, 0.0040]",0.21529889106750488,2024-07-28-13-48-26/SITE417_ORNT315_VIS8mi.png
8,8,"[0.0001, 0.0010, 0.0010, 0.0010, 0.0008, 0.0107, 0.0080, 0.0078, 0.9430, 0.0266]",0.9430114030838013,2024-07-02-10-19-43/SITE508_ORNT315_VIS9mi.png
0,1,"[0.3232, 0.2785, 0.1167, 0.0506, 0.1012, 0.0470, 0.0329, 0.0353, 0.0132, 0.0013]",0.3232101500034332,2024-06-07-11-09-12/SITE508_ORNT135_VIS2-5mi.png
7,7,"[0.0100, 0.0171, 0.0396, 0.0924, 0.0866, 0.1153, 0.2073, 0.2645, 0.0496, 0.1176]",0.2645111083984375,2024-05-14-16-18-20/SITE629_ORNT210_VIS8mi.png
5,5,"[0.0287, 0.0587, 0.0765, 0.0387, 0.1057, 0.2741, 0.0554, 0.1152, 0.2408, 0.0062]",0.274065762758255,2025-02-27-11-22-46/SITE360_ORNT310_VIS6mi.png
9,4,"[0.0375, 0.0616, 0.0971, 0.1321, 0.1112, 0.1352, 0.1246, 0.1352, 0.0285, 0.1372]",0.137202650308609,2025-02-11-14-30-47/SITE569_ORNT54_VIS5mi.png
9,9,"[0.0194, 0.0276, 0.0526, 0.0693, 0.0469, 0.0772, 0.0521, 0.1758, 0.0577, 0.4214]",0.4213635325431824,2025-02-04-15-47-48/SITE78_ORNT268_VIS10+mi.png
8,4,"[0.0005, 0.0032, 0.0045, 0.0046, 0.0090, 0.0484, 0.0276, 0.0476, 0.8312, 0.0233]",0.8312272429466248,2024-06-09-10-51-06/SITE333_ORNT280_VIS5mi.png
1,3,"[0.2331, 0.2404, 0.1280, 0.1718, 0.1013, 0.0549, 0.0329, 0.0319, 0.0033, 0.0024]",0.240383580327034,2024-08-01-10-54-34/SITE86_ORNT239_VIS4mi.png
6,7,"[0.0134, 0.0271, 0.0475, 0.0918, 0.1313, 0.1651, 0.2753, 0.1924, 0.0340, 0.0222]",0.2752854526042938,2024-07-26-10-22-16/SITE569_ORNT276_VIS8mi.png
0,0,"[0.2398, 0.2331, 0.1246, 0.1744, 0.0948, 0.0556, 0.0330, 0.0377, 0.0035, 0.0034]",0.23984874784946442,2024-09-08-13-07-06/SITE45_ORNT180_VIS1-5mi.png
1,7,"[0.1691, 0.1949, 0.1446, 0.1437, 0.1231, 0.0904, 0.0689, 0.0507, 0.0061, 0.0086]",0.19494572281837463,2024-05-30-17-47-26/SITE747_ORNT255_VIS8mi.png
0,3,"[0.4699, 0.2225, 0.1045, 0.0931, 0.0476, 0.0251, 0.0127, 0.0196, 0.0026, 0.0024]",0.46993306279182434,2025-04-13-19-09-12/SITE602_ORNT0_VIS4mi.png
8,8,"[0.0001, 0.0012, 0.0024, 0.0036, 0.0034, 0.0209, 0.0158, 0.0284, 0.9006, 0.0235]",0.9006431102752686,2024-09-22-16-46-10/SITE454_ORNT90_VIS9mi.png
8,8,"[0.0087, 0.0151, 0.0457, 0.0476, 0.0678, 0.1714, 0.0748, 0.2242, 0.2737, 0.0711]",0.2736964821815491,2025-04-16-13-54-24/SITE358_ORNT120_VIS9mi.png
8,7,"[0.0056, 0.0189, 0.0266, 0.0110, 0.0498, 0.1821, 0.0435, 0.0703, 0.5849, 0.0073]",0.5849241614341736,2025-02-14-15-24-27/SITE490_ORNT110_VIS8mi.png
3,0,"[0.0710, 0.1394, 0.1166, 0.2202, 0.1675, 0.1053, 0.0964, 0.0696, 0.0094, 0.0045]",0.22016273438930511,2024-08-11-13-07-09/SITE447_ORNT295_VIS1mi.png
9,4,"[0.0308, 0.0285, 0.0340, 0.0434, 0.0462, 0.0943, 0.1000, 0.2019, 0.0249, 0.3959]",0.39590904116630554,2025-02-01-12-44-07/SITE734_ORNT160_VIS5mi.png
6,7,"[0.0197, 0.0439, 0.0642, 0.1367, 0.1585, 0.1515, 0.2152, 0.1644, 0.0287, 0.0172]",0.21521484851837158,2024-10-06-17-04-59/SITE442_ORNT120_VIS8mi.png
3,0,"[0.1392, 0.1557, 0.1294, 0.1573, 0.1136, 0.1014, 0.0559, 0.0994, 0.0133, 0.0347]",0.15728166699409485,2024-12-17-16-15-56/SITE576_ORNT235_VIS1-75mi.png
3,1,"[0.0727, 0.1295, 0.1286, 0.1810, 0.1555, 0.1218, 0.1114, 0.0766, 0.0108, 0.0120]",0.18100157380104065,2024-12-24-15-14-57/SITE40_ORNT295_VIS2mi.png
3,2,"[0.1017, 0.1374, 0.1293, 0.1688, 0.1247, 0.1115, 0.0810, 0.0924, 0.0126, 0.0406]",0.16877803206443787,2025-02-11-14-30-47/SITE59_ORNT10_VIS3mi.png
9,8,"[0.0687, 0.0834, 0.0785, 0.0929, 0.0768, 0.1109, 0.0865, 0.1505, 0.0221, 0.2297]",0.22965142130851746,2025-03-23-13-51-54/SITE45_ORNT5_VIS9mi.png
6,0,"[0.0942, 0.0900, 0.0855, 0.0907, 0.1078, 0.1593, 0.1711, 0.1011, 0.0125, 0.0877]",0.17106260359287262,2025-02-05-13-59-56/SITE179_ORNT36_VIS1mi.png
9,6,"[0.0195, 0.0279, 0.0414, 0.0497, 0.0321, 0.0647, 0.0414, 0.1734, 0.0523, 0.4976]",0.4975723922252655,2025-03-26-14-35-40/SITE5_ORNT230_VIS7mi.png
3,1,"[0.0306, 0.0727, 0.0875, 0.2024, 0.1708, 0.1288, 0.1471, 0.1259, 0.0242, 0.0099]",0.20238032937049866,2024-05-08-14-34-39/SITE11_ORNT308_VIS2mi.png
1,1,"[0.1718, 0.2149, 0.1258, 0.2017, 0.1155, 0.0686, 0.0465, 0.0460, 0.0048, 0.0043]",0.21493971347808838,2024-09-27-16-12-40/SITE42_ORNT205_VIS2-5mi.png
0,0,"[0.4588, 0.2241, 0.1059, 0.0991, 0.0489, 0.0262, 0.0132, 0.0193, 0.0025, 0.0022]",0.4588015377521515,2025-03-15-15-41-34/SITE626_ORNT195_VIS1mi.png
5,5,"[0.0380, 0.0495, 0.1139, 0.0905, 0.1231, 0.1825, 0.0652, 0.1377, 0.1015, 0.0981]",0.18252436816692352,2025-02-10-14-47-56/SITE472_ORNT95_VIS6mi.png
7,9,"[0.0107, 0.0167, 0.0325, 0.0756, 0.0498, 0.0733, 0.1012, 0.3020, 0.0493, 0.2890]",0.3020259141921997,2024-10-19-10-55-55/SITE539_ORNT110_VIS10+mi.png
3,0,"[0.0398, 0.0938, 0.0937, 0.2103, 0.1831, 0.1213, 0.1347, 0.1000, 0.0169, 0.0064]",0.21029064059257507,2024-12-09-12-13-38/SITE186_ORNT217_VIS1-25mi.png
3,4,"[0.0568, 0.1031, 0.1160, 0.1814, 0.1468, 0.1301, 0.1263, 0.1007, 0.0152, 0.0235]",0.18144994974136353,2024-05-21-12-02-34/SITE219_ORNT160_VIS5mi.png
1,7,"[0.2039, 0.2197, 0.1251, 0.1790, 0.1104, 0.0641, 0.0449, 0.0442, 0.0045, 0.0042]",0.21968476474285126,2024-08-26-16-02-03/SITE43_ORNT270_VIS8mi.png
1,1,"[0.2116, 0.2354, 0.1319, 0.1747, 0.1100, 0.0603, 0.0369, 0.0333, 0.0036, 0.0023]",0.23543237149715424,2024-07-28-13-48-26/SITE244_ORNT50_VIS2mi.png
6,9,"[0.0194, 0.0181, 0.0252, 0.0357, 0.0452, 0.1435, 0.3106, 0.1525, 0.0197, 0.2302]",0.3105662167072296,2025-02-12-14-37-35/SITE111_ORNT61_VIS10+mi.png
6,9,"[0.0123, 0.0194, 0.0314, 0.0570, 0.0642, 0.1523, 0.3545, 0.2141, 0.0314, 0.0633]",0.3545125126838684,2024-10-13-15-24-41/SITE721_ORNT320_VIS10+mi.png
5,0,"[0.0223, 0.0408, 0.0939, 0.1006, 0.1237, 0.1719, 0.1408, 0.1684, 0.0541, 0.0835]",0.17185012996196747,2025-03-31-15-41-11/SITE48_ORNT115_VIS1mi.png
8,5,"[0.0152, 0.0261, 0.0503, 0.0288, 0.0649, 0.1890, 0.0384, 0.1402, 0.4120, 0.0350]",0.4120487570762634,2025-01-15-15-33-17/SITE339_ORNT90_VIS6mi.png
8,2,"[0.0291, 0.0357, 0.0704, 0.0564, 0.0772, 0.1767, 0.0444, 0.1556, 0.2403, 0.1142]",0.24025656282901764,2024-08-19-10-27-18/SITE322_ORNT0_VIS3mi.png
1,0,"[0.2093, 0.2372, 0.1239, 0.1891, 0.1026, 0.0581, 0.0353, 0.0374, 0.0038, 0.0033]",0.2372473031282425,2024-05-07-15-42-07/SITE116_ORNT108_VIS1-25mi.png
8,8,"[0.0013, 0.0110, 0.0200, 0.0591, 0.0080, 0.0453, 0.0418, 0.0650, 0.5795, 0.1689]",0.5794599652290344,2024-08-02-13-37-25/SITE492_ORNT20_VIS9mi.png
6,7,"[0.0223, 0.0417, 0.0552, 0.1259, 0.1504, 0.1531, 0.2324, 0.1723, 0.0285, 0.0181]",0.23243854939937592,2024-07-18-11-32-15/SITE94_ORNT280_VIS8mi.png
6,6,"[0.0406, 0.0446, 0.0477, 0.0681, 0.0932, 0.1807, 0.2945, 0.1335, 0.0179, 0.0793]",0.2944578230381012,2024-10-11-15-41-13/SITE13_ORNT10_VIS7mi.png
9,5,"[0.0361, 0.0347, 0.0574, 0.0591, 0.0725, 0.1582, 0.1930, 0.1352, 0.0251, 0.2288]",0.2288219928741455,2025-03-28-10-38-15/SITE606_ORNT180_VIS6mi.png
9,8,"[0.0043, 0.0075, 0.0282, 0.0481, 0.0332, 0.0619, 0.0455, 0.2280, 0.1723, 0.3710]",0.3710469901561737,2024-06-10-14-33-22/SITE508_ORNT225_VIS9mi.png
9,6,"[0.0295, 0.0416, 0.0709, 0.0913, 0.0678, 0.0971, 0.0718, 0.1604, 0.0404, 0.3292]",0.3291909396648407,2025-03-26-14-35-40/SITE84_ORNT336_VIS7mi.png
7,6,"[0.0215, 0.0307, 0.0373, 0.0821, 0.1085, 0.1448, 0.2025, 0.2850, 0.0371, 0.0507]",0.2849555015563965,2024-07-25-18-03-52/SITE569_ORNT138_VIS7mi.png
3,7,"[0.0786, 0.1314, 0.1334, 0.1609, 0.1544, 0.1247, 0.1125, 0.0748, 0.0106, 0.0185]",0.1609397977590561,2025-03-06-15-10-58/SITE73_ORNT110_VIS8mi.png
6,3,"[0.0224, 0.0469, 0.0743, 0.1289, 0.1453, 0.1585, 0.2171, 0.1505, 0.0281, 0.0281]",0.21705111861228943,2024-07-04-10-22-12/SITE239_ORNT202_VIS4mi.png
0,0,"[0.3826, 0.2365, 0.1166, 0.1158, 0.0637, 0.0353, 0.0181, 0.0255, 0.0027, 0.0032]",0.38263174891471863,2024-12-23-15-38-40/SITE119_ORNT13_VIS1-5mi.png
9,1,"[0.0121, 0.0091, 0.0107, 0.0181, 0.0201, 0.0504, 0.0746, 0.2019, 0.0246, 0.5784]",0.578446090221405,2024-08-01-13-32-05/SITE575_ORNT85_VIS2-5mi.png
3,3,"[0.0342, 0.0804, 0.0969, 0.1839, 0.1728, 0.1363, 0.1623, 0.1044, 0.0182, 0.0105]",0.18389666080474854,2024-12-10-14-08-09/SITE98_ORNT80_VIS4mi.png
8,8,"[0.0004, 0.0032, 0.0037, 0.0025, 0.0061, 0.0402, 0.0213, 0.0199, 0.8907, 0.0121]",0.890678882598877,2025-02-14-15-24-27/SITE352_ORNT340_VIS9mi.png
7,4,"[0.0175, 0.0294, 0.0763, 0.0798, 0.0994, 0.1890, 0.0956, 0.2079, 0.1313, 0.0739]",0.20785067975521088,2024-05-27-19-19-47/SITE490_ORNT280_VIS5mi.png
3,3,"[0.0649, 0.1285, 0.1074, 0.2329, 0.1558, 0.1042, 0.0983, 0.0866, 0.0124, 0.0090]",0.2329353541135788,2024-07-04-10-22-12/SITE13_ORNT10_VIS4mi.png
9,9,"[0.0262, 0.0383, 0.0686, 0.0967, 0.0725, 0.1008, 0.0881, 0.1523, 0.0360, 0.3205]",0.3205244243144989,2025-02-02-12-13-03/SITE629_ORNT125_VIS10+mi.png
6,4,"[0.0226, 0.0519, 0.0816, 0.1475, 0.1517, 0.1518, 0.1991, 0.1431, 0.0273, 0.0234]",0.1991436779499054,2024-08-26-16-02-03/SITE417_ORNT140_VIS5mi.png
7,3,"[0.0276, 0.0316, 0.0366, 0.0634, 0.0865, 0.1369, 0.1786, 0.2892, 0.0313, 0.1183]",0.28923729062080383,2024-05-28-11-05-32/SITE439_ORNT200_VIS4mi.png
0,1,"[0.3318, 0.2448, 0.1203, 0.1418, 0.0729, 0.0382, 0.0212, 0.0243, 0.0027, 0.0019]",0.3317529559135437,2024-08-31-14-30-34/SITE179_ORNT36_VIS2mi.png
5,5,"[0.0556, 0.0761, 0.1003, 0.0582, 0.1138, 0.2380, 0.0434, 0.1245, 0.1745, 0.0154]",0.2380392998456955,2025-03-31-13-29-12/SITE506_ORNT0_VIS6mi.png
7,4,"[0.0350, 0.0564, 0.0774, 0.1430, 0.1008, 0.1148, 0.1143, 0.1860, 0.0334, 0.1390]",0.1859557181596756,2024-07-02-16-22-41/SITE417_ORNT140_VIS5mi.png
9,6,"[0.0440, 0.0635, 0.0832, 0.1170, 0.0736, 0.1009, 0.0778, 0.1639, 0.0303, 0.2457]",0.2456776648759842,2024-12-29-16-00-12/SITE892_ORNT205_VIS7mi.png
4,5,"[0.0353, 0.0860, 0.0995, 0.1778, 0.1880, 0.1376, 0.1568, 0.0969, 0.0169, 0.0053]",0.18796339631080627,2024-08-02-13-37-25/SITE438_ORNT208_VIS6mi.png
9,7,"[0.0439, 0.0591, 0.0702, 0.0838, 0.0564, 0.0857, 0.0579, 0.1621, 0.0302, 0.3506]",0.3506163954734802,2025-03-26-14-35-40/SITE207_ORNT235_VIS8mi.png
8,8,"[0.0002, 0.0016, 0.0013, 0.0009, 0.0015, 0.0208, 0.0108, 0.0102, 0.9423, 0.0104]",0.9422954320907593,2024-04-30-13-21-52/SITE528_ORNT35_VIS9mi.png
9,4,"[0.0310, 0.0453, 0.0764, 0.1039, 0.0748, 0.1059, 0.0721, 0.1637, 0.0459, 0.2808]",0.28084996342658997,2025-02-15-15-20-00/SITE215_ORNT330_VIS5mi.png
3,6,"[0.1158, 0.1661, 0.1229, 0.2033, 0.1347, 0.0903, 0.0778, 0.0716, 0.0082, 0.0093]",0.2032591998577118,2024-07-30-14-06-06/SITE43_ORNT190_VIS7mi.png
7,7,"[0.0868, 0.1056, 0.1218, 0.1354, 0.1181, 0.1334, 0.0674, 0.1363, 0.0286, 0.0664]",0.13629400730133057,2024-12-23-15-38-40/SITE332_ORNT315_VIS8mi.png
3,1,"[0.0954, 0.1647, 0.1205, 0.2242, 0.1558, 0.0920, 0.0758, 0.0603, 0.0074, 0.0039]",0.22422035038471222,2024-07-05-14-33-31/SITE116_ORNT277_VIS2-5mi.png
9,6,"[0.0170, 0.0175, 0.0305, 0.0507, 0.0575, 0.1164, 0.1781, 0.1953, 0.0297, 0.3074]",0.3073843717575073,2025-03-31-15-41-11/SITE760_ORNT255_VIS7mi.png
9,9,"[0.0272, 0.0394, 0.0610, 0.0826, 0.0607, 0.0901, 0.0728, 0.1652, 0.0356, 0.3655]",0.36546221375465393,2025-01-15-15-33-17/SITE10_ORNT255_VIS10+mi.png
6,6,"[0.0128, 0.0152, 0.0242, 0.0613, 0.0797, 0.1291, 0.2845, 0.2607, 0.0337, 0.0989]",0.28448304533958435,2024-07-18-14-04-18/SITE22_ORNT0_VIS7mi.png
9,9,"[0.0225, 0.0221, 0.0311, 0.0394, 0.0483, 0.1102, 0.1415, 0.1639, 0.0221, 0.3989]",0.39887183904647827,2025-03-20-11-55-50/SITE69_ORNT315_VIS10+mi.png
3,6,"[0.1374, 0.1672, 0.1308, 0.1712, 0.1233, 0.1012, 0.0732, 0.0773, 0.0088, 0.0097]",0.17117798328399658,2025-03-31-15-41-11/SITE256_ORNT290_VIS7mi.png
0,0,"[0.2592, 0.2414, 0.1253, 0.1646, 0.0923, 0.0502, 0.0296, 0.0317, 0.0031, 0.0027]",0.2591523826122284,2024-07-29-16-41-43/SITE13_ORNT240_VIS1mi.png
3,3,"[0.0367, 0.0845, 0.0957, 0.2003, 0.1684, 0.1278, 0.1457, 0.1090, 0.0195, 0.0123]",0.20030707120895386,2024-08-18-13-20-24/SITE11_ORNT253_VIS4mi.png
9,4,"[0.0556, 0.0711, 0.0804, 0.1003, 0.0661, 0.0954, 0.0596, 0.1750, 0.0315, 0.2651]",0.2651190757751465,2025-01-15-12-14-16/SITE557_ORNT191_VIS5mi.png
9,9,"[0.0330, 0.0391, 0.0491, 0.0557, 0.0537, 0.0999, 0.0944, 0.1461, 0.0230, 0.4059]",0.40592607855796814,2025-04-02-15-05-32/SITE610_ORNT260_VIS10+mi.png
6,6,"[0.0087, 0.0242, 0.0493, 0.1157, 0.1484, 0.1499, 0.2265, 0.2187, 0.0474, 0.0112]",0.226491779088974,2024-08-16-20-03-50/SITE111_ORNT246_VIS7mi.png
6,7,"[0.0156, 0.0140, 0.0210, 0.0430, 0.0553, 0.1134, 0.2425, 0.2425, 0.0284, 0.2244]",0.24254567921161652,2024-06-16-19-09-40/SITE422_ORNT30_VIS8mi.png
5,4,"[0.1109, 0.1090, 0.1333, 0.1259, 0.1196, 0.1433, 0.0439, 0.1257, 0.0417, 0.0465]",0.14332476258277893,2025-02-14-15-24-27/SITE377_ORNT0_VIS5mi.png
9,9,"[0.0143, 0.0117, 0.0123, 0.0209, 0.0187, 0.0448, 0.0541, 0.2349, 0.0265, 0.5618]",0.5617592930793762,2024-10-13-12-27-42/SITE543_ORNT81_VIS10+mi.png
7,5,"[0.0159, 0.0328, 0.0461, 0.1375, 0.1437, 0.1377, 0.2014, 0.2261, 0.0395, 0.0193]",0.22608330845832825,2024-09-29-15-43-38/SITE203_ORNT220_VIS6mi.png
6,7,"[0.0217, 0.0460, 0.0649, 0.1259, 0.1578, 0.1606, 0.2320, 0.1502, 0.0268, 0.0142]",0.23203326761722565,2024-10-06-12-31-10/SITE22_ORNT285_VIS8mi.png
7,7,"[0.0080, 0.0114, 0.0213, 0.0714, 0.0583, 0.0846, 0.1662, 0.3573, 0.0512, 0.1704]",0.3572844862937927,2024-06-27-10-23-10/SITE734_ORNT160_VIS8mi.png
3,2,"[0.0774, 0.1191, 0.1197, 0.1714, 0.1283, 0.1169, 0.1028, 0.0948, 0.0143, 0.0553]",0.1714155226945877,2025-04-02-15-05-32/SITE22_ORNT100_VIS3mi.png
3,9,"[0.0763, 0.0957, 0.0996, 0.1509, 0.0921, 0.1031, 0.0700, 0.1502, 0.0240, 0.1380]",0.15086787939071655,2025-02-05-13-59-56/SITE115_ORNT219_VIS10+mi.png
3,1,"[0.0938, 0.1536, 0.1200, 0.2129, 0.1445, 0.0980, 0.0871, 0.0731, 0.0089, 0.0081]",0.2128625363111496,2024-04-30-13-21-52/SITE10_ORNT90_VIS2-5mi.png
8,8,"[0.0041, 0.0097, 0.0412, 0.0467, 0.0530, 0.1270, 0.0640, 0.2242, 0.3681, 0.0621]",0.36810243129730225,2024-07-26-10-22-16/SITE477_ORNT160_VIS9mi.png
3,6,"[0.0516, 0.1102, 0.1177, 0.1807, 0.1760, 0.1296, 0.1352, 0.0806, 0.0127, 0.0058]",0.18068960309028625,2024-07-25-18-03-52/SITE241_ORNT120_VIS7mi.png
0,1,"[0.3934, 0.2403, 0.1167, 0.1170, 0.0617, 0.0304, 0.0172, 0.0192, 0.0026, 0.0016]",0.3934187591075897,2024-07-18-11-32-15/SITE73_ORNT65_VIS2-5mi.png
5,5,"[0.0589, 0.0922, 0.0997, 0.0515, 0.1140, 0.2501, 0.0453, 0.1178, 0.1645, 0.0061]",0.2500576674938202,2025-03-02-11-48-27/SITE528_ORNT310_VIS6mi.png
3,5,"[0.0885, 0.1596, 0.1183, 0.2207, 0.1540, 0.0961, 0.0841, 0.0643, 0.0084, 0.0061]",0.22065824270248413,2024-07-07-11-04-33/SITE111_ORNT181_VIS6mi.png
9,8,"[0.0079, 0.0107, 0.0340, 0.0428, 0.0337, 0.0720, 0.0314, 0.1774, 0.2165, 0.3737]",0.3737049996852875,2025-01-29-12-01-12/SITE324_ORNT310_VIS9mi.png
0,1,"[0.3124, 0.2451, 0.1176, 0.1338, 0.0732, 0.0456, 0.0217, 0.0384, 0.0037, 0.0085]",0.3124271035194397,2025-02-04-15-47-48/SITE219_ORNT70_VIS2-5mi.png
0,1,"[0.3814, 0.2433, 0.1196, 0.1195, 0.0640, 0.0312, 0.0180, 0.0188, 0.0026, 0.0015]",0.3814487159252167,2024-08-15-16-44-48/SITE435_ORNT15_VIS2mi.png
0,4,"[0.2326, 0.2282, 0.1327, 0.1524, 0.0979, 0.0628, 0.0359, 0.0446, 0.0046, 0.0082]",0.23264089226722717,2024-05-21-12-02-34/SITE439_ORNT350_VIS5mi.png
9,0,"[0.0177, 0.0156, 0.0183, 0.0290, 0.0298, 0.0665, 0.0825, 0.2671, 0.0292, 0.4444]",0.4444127380847931,2024-07-22-20-17-56/SITE20_ORNT226_VIS1-5mi.png
5,9,"[0.0358, 0.0566, 0.1053, 0.1146, 0.1195, 0.1421, 0.1104, 0.1357, 0.0392, 0.1409]",0.1421096920967102,2025-02-15-15-20-00/SITE557_ORNT191_VIS10+mi.png
3,4,"[0.0223, 0.0517, 0.0792, 0.1743, 0.1497, 0.1357, 0.1699, 0.1582, 0.0328, 0.0261]",0.17426717281341553,2024-06-20-11-19-17/SITE253_ORNT325_VIS5mi.png
3,0,"[0.0898, 0.1323, 0.0998, 0.1554, 0.1475, 0.1279, 0.1447, 0.0810, 0.0099, 0.0117]",0.1554020494222641,2024-06-17-19-22-23/SITE167_ORNT312_VIS1-25mi.png
9,3,"[0.0466, 0.0381, 0.0382, 0.0351, 0.0478, 0.1091, 0.1011, 0.1228, 0.0163, 0.4451]",0.4450603127479553,2025-02-10-14-47-56/SITE75_ORNT270_VIS4mi.png
4,2,"[0.0340, 0.0839, 0.0982, 0.1807, 0.1895, 0.1345, 0.1588, 0.0977, 0.0166, 0.0060]",0.1895371526479721,2024-07-26-10-22-16/SITE262_ORNT10_VIS3mi.png
0,6,"[0.2739, 0.2189, 0.1127, 0.1432, 0.0761, 0.0573, 0.0258, 0.0662, 0.0069, 0.0189]",0.2738957703113556,2025-04-01-16-59-16/SITE561_ORNT145_VIS7mi.png
6,9,"[0.0247, 0.0328, 0.0487, 0.0765, 0.0965, 0.1574, 0.2253, 0.1740, 0.0277, 0.1363]",0.2253134697675705,2025-03-28-10-38-15/SITE544_ORNT291_VIS10+mi.png
3,3,"[0.1030, 0.1657, 0.1134, 0.2330, 0.1381, 0.0887, 0.0720, 0.0717, 0.0085, 0.0059]",0.23296542465686798,2024-10-07-14-17-08/SITE598_ORNT285_VIS4mi.png
7,5,"[0.0109, 0.0182, 0.0404, 0.1014, 0.0796, 0.1065, 0.1551, 0.2735, 0.0549, 0.1596]",0.2735132575035095,2024-08-19-19-34-52/SITE251_ORNT140_VIS6mi.png
5,8,"[0.0235, 0.0364, 0.1060, 0.0924, 0.1114, 0.1826, 0.0950, 0.1586, 0.0958, 0.0982]",0.18258188664913177,2024-07-28-11-17-19/SITE424_ORNT0_VIS9mi.png
9,1,"[0.0179, 0.0192, 0.0252, 0.0247, 0.0217, 0.0523, 0.0429, 0.1219, 0.0221, 0.6522]",0.6521655917167664,2025-02-12-14-37-35/SITE259_ORNT205_VIS2mi.png
8,8,"[0.0053, 0.0189, 0.0278, 0.0188, 0.0650, 0.2085, 0.0793, 0.0954, 0.4727, 0.0084]",0.47267964482307434,2024-06-15-10-59-58/SITE310_ORNT314_VIS9mi.png
6,6,"[0.0247, 0.0383, 0.0490, 0.1010, 0.1336, 0.1644, 0.2613, 0.1735, 0.0275, 0.0267]",0.26133593916893005,2024-07-25-10-00-39/SITE569_ORNT276_VIS7mi.png
9,9,"[0.0013, 0.0020, 0.0044, 0.0110, 0.0035, 0.0090, 0.0175, 0.0734, 0.0302, 0.8477]",0.8477157950401306,2025-02-16-12-49-10/SITE897_ORNT300_VIS10+mi.png
5,3,"[0.0148, 0.0277, 0.0839, 0.0893, 0.1074, 0.1916, 0.1373, 0.1876, 0.0851, 0.0752]",0.19160446524620056,2024-07-22-11-13-59/SITE332_ORNT155_VIS4mi.png
7,6,"[0.0095, 0.0193, 0.0425, 0.1187, 0.1094, 0.1184, 0.2012, 0.2722, 0.0531, 0.0558]",0.27219122648239136,2024-08-11-13-07-09/SITE446_ORNT165_VIS7mi.png
3,6,"[0.1480, 0.1987, 0.1253, 0.2064, 0.1289, 0.0766, 0.0563, 0.0505, 0.0054, 0.0039]",0.2064070999622345,2024-07-07-15-01-32/SITE45_ORNT290_VIS7mi.png
9,5,"[0.0037, 0.0050, 0.0086, 0.0159, 0.0093, 0.0224, 0.0293, 0.1137, 0.0284, 0.7636]",0.7636010646820068,2025-04-02-15-05-32/SITE215_ORNT130_VIS6mi.png
1,1,"[0.2121, 0.2262, 0.1240, 0.1796, 0.1028, 0.0619, 0.0394, 0.0446, 0.0043, 0.0051]",0.22622215747833252,2024-09-20-16-20-08/SITE14_ORNT195_VIS2mi.png
0,0,"[0.4124, 0.2380, 0.1163, 0.1098, 0.0578, 0.0282, 0.0159, 0.0176, 0.0025, 0.0015]",0.412414014339447,2024-06-14-11-11-00/SITE209_ORNT150_VIS1-25mi.png
9,2,"[0.0189, 0.0276, 0.0505, 0.0683, 0.0453, 0.0730, 0.0560, 0.1526, 0.0445, 0.4633]",0.4632917642593384,2024-12-29-16-00-12/SITE59_ORNT333_VIS3mi.png
7,6,"[0.0185, 0.0347, 0.0536, 0.1478, 0.1251, 0.1275, 0.1787, 0.2230, 0.0402, 0.0508]",0.2229945957660675,2024-08-31-14-30-34/SITE272_ORNT325_VIS7mi.png
9,0,"[0.0542, 0.0787, 0.1044, 0.1329, 0.1043, 0.1264, 0.0875, 0.1338, 0.0309, 0.1471]",0.14706656336784363,2025-04-01-16-59-16/SITE97_ORNT200_VIS1-25mi.png
6,5,"[0.0119, 0.0165, 0.0271, 0.0616, 0.0868, 0.1431, 0.3099, 0.2421, 0.0357, 0.0655]",0.3098611831665039,2024-07-04-13-27-11/SITE446_ORNT101_VIS6mi.png
1,3,"[0.1929, 0.2259, 0.1284, 0.1847, 0.1129, 0.0662, 0.0426, 0.0392, 0.0041, 0.0032]",0.2258675992488861,2024-08-18-13-20-24/SITE438_ORNT208_VIS4mi.png
9,7,"[0.0139, 0.0108, 0.0145, 0.0282, 0.0341, 0.0759, 0.1573, 0.2560, 0.0257, 0.3836]",0.38363924622535706,2024-06-16-15-28-51/SITE215_ORNT235_VIS8mi.png
6,4,"[0.0228, 0.0435, 0.0605, 0.1221, 0.1493, 0.1574, 0.2388, 0.1594, 0.0264, 0.0198]",0.2387692630290985,2024-08-02-10-36-13/SITE19_ORNT325_VIS5mi.png
5,5,"[0.0601, 0.0671, 0.1045, 0.0863, 0.1013, 0.1728, 0.0435, 0.1602, 0.1216, 0.0827]",0.17275592684745789,2024-12-17-16-15-56/SITE366_ORNT40_VIS6mi.png
6,7,"[0.0425, 0.0655, 0.0726, 0.1000, 0.1259, 0.1837, 0.2774, 0.1042, 0.0150, 0.0132]",0.27735164761543274,2024-10-10-15-17-15/SITE17_ORNT340_VIS8mi.png
0,4,"[0.1949, 0.1636, 0.1323, 0.1202, 0.1011, 0.1038, 0.0304, 0.1023, 0.0225, 0.0289]",0.19486838579177856,2025-02-02-12-13-03/SITE520_ORNT180_VIS5mi.png
3,5,"[0.0222, 0.0541, 0.0797, 0.1869, 0.1621, 0.1326, 0.1674, 0.1504, 0.0302, 0.0145]",0.18690170347690582,2024-08-19-10-27-18/SITE572_ORNT325_VIS6mi.png
1,2,"[0.1669, 0.1869, 0.1299, 0.1677, 0.1103, 0.0817, 0.0535, 0.0711, 0.0084, 0.0237]",0.18688543140888214,2025-04-16-13-54-24/SITE411_ORNT220_VIS3mi.png
8,8,"[0.0002, 0.0013, 0.0014, 0.0009, 0.0011, 0.0155, 0.0075, 0.0106, 0.9434, 0.0181]",0.943440318107605,2024-09-21-11-24-11/SITE371_ORNT315_VIS9mi.png
9,4,"[0.0356, 0.0543, 0.0892, 0.1218, 0.0982, 0.1235, 0.0971, 0.1562, 0.0359, 0.1883]",0.18829572200775146,2024-12-27-14-55-32/SITE446_ORNT10_VIS5mi.png
3,5,"[0.1443, 0.1735, 0.1257, 0.1810, 0.1077, 0.0880, 0.0602, 0.0808, 0.0092, 0.0295]",0.1810390204191208,2025-01-28-16-10-28/SITE171_ORNT126_VIS6mi.png
0,4,"[0.2420, 0.2317, 0.1328, 0.1534, 0.1041, 0.0593, 0.0383, 0.0321, 0.0041, 0.0023]",0.24198736250400543,2024-07-14-16-38-50/SITE40_ORNT180_VIS5mi.png
3,4,"[0.1309, 0.1905, 0.1173, 0.2270, 0.1259, 0.0776, 0.0574, 0.0610, 0.0067, 0.0058]",0.22701145708560944,2024-08-02-20-27-22/SITE178_ORNT110_VIS5mi.png
1,0,"[0.2084, 0.2257, 0.1230, 0.1850, 0.1016, 0.0615, 0.0387, 0.0458, 0.0045, 0.0057]",0.2257261425256729,2024-10-13-12-27-42/SITE13_ORNT240_VIS1mi.png
6,6,"[0.0188, 0.0220, 0.0288, 0.0631, 0.0931, 0.1596, 0.3094, 0.2156, 0.0286, 0.0611]",0.30942389369010925,2024-06-10-14-33-22/SITE760_ORNT140_VIS7mi.png
9,0,"[0.0120, 0.0115, 0.0124, 0.0112, 0.0114, 0.0373, 0.0311, 0.0950, 0.0162, 0.7619]",0.7618700861930847,2024-12-23-15-38-40/SITE128_ORNT242_VIS1-5mi.png
7,9,"[0.0075, 0.0094, 0.0170, 0.0562, 0.0457, 0.0767, 0.2181, 0.3345, 0.0454, 0.1896]",0.33453574776649475,2024-10-13-15-24-41/SITE722_ORNT15_VIS10+mi.png
1,9,"[0.1732, 0.1754, 0.1212, 0.1711, 0.0992, 0.0830, 0.0461, 0.0917, 0.0103, 0.0287]",0.17541687190532684,2025-04-02-15-05-32/SITE35_ORNT258_VIS10+mi.png
6,4,"[0.0339, 0.0364, 0.0407, 0.0654, 0.0944, 0.1587, 0.2220, 0.2150, 0.0251, 0.1083]",0.22204776108264923,2024-07-30-16-52-29/SITE722_ORNT115_VIS5mi.png
1,1,"[0.1999, 0.2123, 0.1277, 0.1639, 0.0999, 0.0706, 0.0414, 0.0599, 0.0064, 0.0180]",0.21230708062648773,2025-01-28-16-10-28/SITE78_ORNT322_VIS2-5mi.png
6,6,"[0.0384, 0.0569, 0.0695, 0.1444, 0.1360, 0.1384, 0.1883, 0.1545, 0.0228, 0.0507]",0.1883278638124466,2024-07-29-17-46-25/SITE692_ORNT205_VIS7mi.png
9,4,"[0.0071, 0.0142, 0.0436, 0.0846, 0.0662, 0.0919, 0.1251, 0.2362, 0.0628, 0.2682]",0.26816821098327637,2025-03-28-10-38-15/SITE570_ORNT344_VIS5mi.png
3,6,"[0.0360, 0.0768, 0.1032, 0.1768, 0.1526, 0.1372, 0.1545, 0.1176, 0.0216, 0.0238]",0.17681463062763214,2024-06-16-11-08-10/SITE442_ORNT300_VIS7mi.png
6,4,"[0.0146, 0.0332, 0.0735, 0.1178, 0.1227, 0.1540, 0.1902, 0.1877, 0.0441, 0.0623]",0.19016984105110168,2025-04-16-13-54-24/SITE624_ORNT145_VIS5mi.png
0,0,"[0.3529, 0.2233, 0.1060, 0.1424, 0.0699, 0.0384, 0.0220, 0.0371, 0.0037, 0.0044]",0.352920264005661,2024-12-09-12-13-38/SITE542_ORNT350_VIS1-5mi.png
7,9,"[0.0099, 0.0190, 0.0520, 0.0983, 0.0773, 0.1031, 0.1257, 0.2348, 0.0640, 0.2160]",0.23479606211185455,2025-01-17-15-10-02/SITE721_ORNT0_VIS10+mi.png
8,8,"[0.0001, 0.0009, 0.0012, 0.0013, 0.0017, 0.0160, 0.0113, 0.0145, 0.9433, 0.0098]",0.943267822265625,2024-09-29-15-43-38/SITE480_ORNT140_VIS9mi.png
9,9,"[0.0060, 0.0103, 0.0244, 0.0581, 0.0337, 0.0575, 0.0736, 0.2751, 0.0627, 0.3987]",0.39870181679725647,2025-04-22-15-39-35/SITE4_ORNT303_VIS10+mi.png
6,9,"[0.0259, 0.0217, 0.0304, 0.0355, 0.0469, 0.1536, 0.2751, 0.1294, 0.0176, 0.2638]",0.2751346826553345,2025-03-26-12-24-08/SITE694_ORNT35_VIS10+mi.png
9,2,"[0.0306, 0.0453, 0.0830, 0.1069, 0.0941, 0.1150, 0.0948, 0.1501, 0.0376, 0.2426]",0.24261486530303955,2025-02-12-14-37-35/SITE97_ORNT247_VIS3mi.png
6,6,"[0.0337, 0.0457, 0.0440, 0.0814, 0.1187, 0.1808, 0.3101, 0.1417, 0.0191, 0.0249]",0.3101297616958618,2024-07-28-13-48-26/SITE760_ORNT190_VIS7mi.png
9,7,"[0.0188, 0.0179, 0.0208, 0.0203, 0.0200, 0.0541, 0.0465, 0.1169, 0.0191, 0.6655]",0.6654971837997437,2025-02-11-14-30-47/SITE268_ORNT355_VIS8mi.png
7,5,"[0.0883, 0.0946, 0.1177, 0.1140, 0.1035, 0.1361, 0.0473, 0.1516, 0.0509, 0.0962]",0.1515800803899765,2025-02-27-11-22-46/SITE358_ORNT285_VIS6mi.png
7,5,"[0.0118, 0.0168, 0.0314, 0.0776, 0.0904, 0.1300, 0.2550, 0.2627, 0.0397, 0.0845]",0.2627178728580475,2024-08-02-10-36-13/SITE262_ORNT290_VIS6mi.png
8,0,"[0.0021, 0.0153, 0.0157, 0.0217, 0.0242, 0.1048, 0.0655, 0.0507, 0.6600, 0.0401]",0.659978449344635,2024-08-18-13-20-24/SITE522_ORNT270_VIS1-25mi.png
3,2,"[0.1074, 0.1541, 0.1167, 0.2068, 0.1252, 0.0923, 0.0749, 0.0888, 0.0114, 0.0224]",0.2067842334508896,2024-07-18-11-32-15/SITE125_ORNT35_VIS3mi.png
0,1,"[0.3273, 0.2337, 0.1176, 0.1206, 0.0772, 0.0496, 0.0213, 0.0424, 0.0043, 0.0059]",0.3272985816001892,2024-12-16-12-39-30/SITE521_ORNT150_VIS2mi.png
7,5,"[0.0781, 0.0940, 0.0975, 0.1493, 0.0948, 0.1030, 0.0698, 0.1612, 0.0247, 0.1277]",0.16123387217521667,2025-04-14-19-44-02/SITE165_ORNT205_VIS6mi.png
0,1,"[0.3634, 0.2455, 0.1197, 0.1238, 0.0689, 0.0335, 0.0201, 0.0205, 0.0029, 0.0018]",0.3633754253387451,2024-07-14-10-21-23/SITE421_ORNT110_VIS2-5mi.png
0,3,"[0.3119, 0.2265, 0.1277, 0.1016, 0.0943, 0.0577, 0.0235, 0.0427, 0.0066, 0.0076]",0.31192293763160706,2024-12-16-12-39-30/SITE343_ORNT360_VIS4mi.png
1,0,"[0.2247, 0.2270, 0.1247, 0.1722, 0.1029, 0.0591, 0.0392, 0.0412, 0.0040, 0.0048]",0.22704735398292542,2024-07-04-13-27-11/SITE43_ORNT190_VIS1-25mi.png
9,3,"[0.0116, 0.0097, 0.0111, 0.0234, 0.0256, 0.0580, 0.0983, 0.3085, 0.0297, 0.4241]",0.4241490662097931,2024-07-30-16-52-29/SITE19_ORNT260_VIS4mi.png
3,0,"[0.1141, 0.1772, 0.1245, 0.2101, 0.1474, 0.0878, 0.0708, 0.0572, 0.0067, 0.0042]",0.2100655734539032,2024-07-14-16-38-50/SITE13_ORNT240_VIS1-5mi.png
0,6,"[0.2706, 0.2479, 0.1211, 0.1611, 0.0882, 0.0476, 0.0271, 0.0304, 0.0031, 0.0028]",0.27057167887687683,2024-09-08-16-00-24/SITE15_ORNT90_VIS7mi.png
9,7,"[0.0386, 0.0566, 0.0806, 0.1213, 0.0804, 0.1030, 0.0874, 0.1627, 0.0311, 0.2382]",0.23818454146385193,2025-02-04-15-47-48/SITE268_ORNT255_VIS8mi.png
3,6,"[0.0374, 0.0890, 0.0979, 0.1971, 0.1816, 0.1275, 0.1471, 0.0981, 0.0166, 0.0077]",0.19708645343780518,2024-06-30-10-21-08/SITE417_ORNT315_VIS7mi.png
0,3,"[0.2805, 0.2442, 0.1276, 0.1544, 0.0875, 0.0466, 0.0270, 0.0272, 0.0030, 0.0021]",0.2805054485797882,2024-07-14-13-28-24/SITE58_ORNT245_VIS4mi.png
6,1,"[0.0325, 0.0447, 0.0609, 0.1159, 0.1114, 0.1420, 0.1857, 0.1731, 0.0285, 0.1052]",0.18573807179927826,2024-10-07-12-00-07/SITE629_ORNT125_VIS2-5mi.png
9,7,"[0.0035, 0.0046, 0.0131, 0.0301, 0.0135, 0.0265, 0.0490, 0.1513, 0.0427, 0.6656]",0.6656387448310852,2025-02-05-13-59-56/SITE575_ORNT85_VIS8mi.png
9,9,"[0.0212, 0.0175, 0.0221, 0.0296, 0.0397, 0.1131, 0.1770, 0.1499, 0.0207, 0.4092]",0.4092359244823456,2025-03-01-18-07-41/SITE897_ORNT205_VIS10+mi.png
0,3,"[0.1699, 0.1516, 0.1433, 0.0887, 0.1180, 0.1617, 0.0316, 0.0855, 0.0430, 0.0068]",0.16992035508155823,2025-03-05-12-08-53/SITE386_ORNT290_VIS4mi.png
0,0,"[0.2515, 0.2253, 0.1284, 0.1543, 0.0908, 0.0605, 0.0332, 0.0452, 0.0043, 0.0065]",0.2514750063419342,2025-03-02-13-12-40/SITE134_ORNT70_VIS1-5mi.png
6,2,"[0.0391, 0.0410, 0.0362, 0.0609, 0.0916, 0.1898, 0.3292, 0.1368, 0.0193, 0.0561]",0.32924777269363403,2024-08-18-13-20-24/SITE446_ORNT165_VIS3mi.png
7,3,"[0.0171, 0.0192, 0.0295, 0.0624, 0.0807, 0.1236, 0.2111, 0.3012, 0.0335, 0.1216]",0.30123910307884216,2024-06-16-19-09-40/SITE722_ORNT315_VIS4mi.png
0,0,"[0.2163, 0.1586, 0.1461, 0.1023, 0.1116, 0.1153, 0.0255, 0.0829, 0.0268, 0.0145]",0.21629998087882996,2025-02-01-17-30-02/SITE309_ORNT30_VIS1mi.png
9,9,"[0.0504, 0.0706, 0.0902, 0.1181, 0.0821, 0.1046, 0.0706, 0.1406, 0.0300, 0.2429]",0.24288944900035858,2025-03-26-14-35-40/SITE629_ORNT125_VIS10+mi.png
5,1,"[0.0229, 0.0402, 0.1029, 0.0975, 0.1212, 0.1848, 0.1181, 0.1599, 0.0699, 0.0825]",0.18483178317546844,2025-01-17-15-10-02/SITE852_ORNT225_VIS2mi.png
3,5,"[0.0441, 0.0710, 0.1011, 0.1392, 0.1153, 0.1321, 0.1215, 0.1277, 0.0260, 0.1220]",0.13921314477920532,2025-03-04-14-20-15/SITE22_ORNT285_VIS6mi.png
8,5,"[0.0336, 0.0417, 0.0860, 0.0675, 0.1004, 0.1911, 0.0494, 0.1538, 0.1953, 0.0813]",0.19525988399982452,2025-01-28-16-10-28/SITE377_ORNT200_VIS6mi.png
1,4,"[0.1421, 0.1593, 0.1502, 0.1317, 0.1322, 0.1182, 0.0513, 0.0748, 0.0165, 0.0236]",0.15928490459918976,2024-09-30-11-56-46/SITE460_ORNT165_VIS5mi.png
1,0,"[0.1848, 0.2206, 0.1300, 0.1900, 0.1146, 0.0660, 0.0439, 0.0418, 0.0042, 0.0042]",0.22061216831207275,2025-04-07-16-10-10/SITE75_ORNT75_VIS1mi.png
6,6,"[0.0179, 0.0385, 0.0618, 0.1197, 0.1441, 0.1601, 0.2424, 0.1646, 0.0296, 0.0213]",0.24237100780010223,2024-06-06-17-01-51/SITE411_ORNT75_VIS7mi.png
9,9,"[0.0121, 0.0133, 0.0210, 0.0264, 0.0259, 0.0638, 0.0748, 0.1404, 0.0236, 0.5985]",0.5985206365585327,2025-04-16-13-54-24/SITE100_ORNT65_VIS10+mi.png
3,3,"[0.1447, 0.1672, 0.1298, 0.1701, 0.1172, 0.0963, 0.0600, 0.0869, 0.0105, 0.0173]",0.17006342113018036,2025-03-29-15-28-57/SITE15_ORNT90_VIS4mi.png
9,9,"[0.0099, 0.0147, 0.0290, 0.0464, 0.0299, 0.0529, 0.0481, 0.1837, 0.0445, 0.5411]",0.541059136390686,2024-12-17-16-15-56/SITE595_ORNT0_VIS10+mi.png
3,4,"[0.0874, 0.1368, 0.1277, 0.1873, 0.1439, 0.1134, 0.0977, 0.0808, 0.0104, 0.0145]",0.1872994601726532,2025-01-23-15-05-27/SITE420_ORNT275_VIS5mi.png
0,1,"[0.2659, 0.2383, 0.1210, 0.1645, 0.0898, 0.0501, 0.0297, 0.0343, 0.0033, 0.0030]",0.26589223742485046,2024-06-17-10-37-40/SITE564_ORNT18_VIS2-5mi.png
9,2,"[0.0340, 0.0513, 0.0771, 0.1249, 0.0859, 0.1169, 0.0887, 0.1837, 0.0401, 0.1973]",0.19734379649162292,2024-05-31-15-13-16/SITE203_ORNT70_VIS3mi.png
3,2,"[0.0559, 0.1072, 0.1048, 0.2180, 0.1476, 0.1133, 0.1078, 0.1101, 0.0186, 0.0168]",0.21798917651176453,2024-07-05-10-36-13/SITE193_ORNT80_VIS3mi.png
3,0,"[0.0527, 0.0803, 0.0957, 0.1406, 0.1167, 0.1326, 0.1283, 0.1206, 0.0208, 0.1117]",0.1406114399433136,2025-01-28-16-10-28/SITE132_ORNT305_VIS1mi.png
0,4,"[0.2703, 0.2237, 0.1199, 0.1516, 0.0816, 0.0569, 0.0274, 0.0532, 0.0049, 0.0106]",0.27033141255378723,2024-12-29-16-00-12/SITE658_ORNT260_VIS5mi.png
8,9,"[0.0244, 0.0288, 0.0632, 0.0543, 0.0701, 0.1537, 0.0432, 0.1761, 0.2282, 0.1579]",0.22817881405353546,2024-05-13-18-48-49/SITE453_ORNT135_VIS15mi.png
3,4,"[0.1122, 0.1721, 0.1259, 0.1984, 0.1486, 0.0916, 0.0781, 0.0609, 0.0074, 0.0047]",0.1983935683965683,2024-07-14-10-21-23/SITE127_ORNT272_VIS5mi.png
3,4,"[0.0453, 0.0968, 0.1097, 0.1902, 0.1659, 0.1299, 0.1395, 0.0961, 0.0152, 0.0114]",0.19020572304725647,2024-07-04-10-22-12/SITE20_ORNT26_VIS5mi.png
3,1,"[0.1592, 0.1928, 0.1218, 0.1971, 0.1110, 0.0761, 0.0525, 0.0673, 0.0072, 0.0149]",0.19713616371154785,2024-05-27-19-19-47/SITE610_ORNT90_VIS2-5mi.png
9,9,"[0.0308, 0.0257, 0.0374, 0.0401, 0.0486, 0.1130, 0.1293, 0.1259, 0.0234, 0.4258]",0.4257621765136719,2025-02-05-13-59-56/SITE95_ORNT317_VIS10+mi.png
0,2,"[0.3408, 0.2353, 0.1347, 0.1162, 0.0749, 0.0422, 0.0270, 0.0230, 0.0036, 0.0024]",0.340847373008728,2024-07-14-10-21-23/SITE747_ORNT255_VIS3mi.png
9,3,"[0.0214, 0.0194, 0.0228, 0.0230, 0.0243, 0.0623, 0.0545, 0.1388, 0.0196, 0.6138]",0.6138005256652832,2025-03-20-11-55-50/SITE7_ORNT221_VIS4mi.png
7,3,"[0.0238, 0.0413, 0.0672, 0.1454, 0.1053, 0.1165, 0.1394, 0.2055, 0.0382, 0.1173]",0.20553408563137054,2024-06-10-18-34-10/SITE629_ORNT210_VIS4mi.png
3,3,"[0.0470, 0.1014, 0.1066, 0.2067, 0.1676, 0.1206, 0.1305, 0.0941, 0.0153, 0.0100]",0.20674195885658264,2024-12-10-14-08-09/SITE117_ORNT165_VIS4mi.png
9,9,"[0.0100, 0.0099, 0.0152, 0.0191, 0.0171, 0.0417, 0.0456, 0.1156, 0.0215, 0.7044]",0.7043984532356262,2025-01-15-12-14-16/SITE683_ORNT90_VIS10+mi.png
6,4,"[0.0355, 0.0666, 0.0778, 0.1425, 0.1595, 0.1541, 0.2125, 0.1169, 0.0191, 0.0156]",0.21245521306991577,2024-07-23-10-10-08/SITE19_ORNT170_VIS5mi.png
1,2,"[0.1567, 0.1692, 0.1227, 0.1631, 0.0988, 0.0897, 0.0481, 0.0936, 0.0121, 0.0460]",0.16918383538722992,2025-04-22-15-39-35/SITE602_ORNT270_VIS3mi.png
0,5,"[0.2286, 0.1886, 0.1142, 0.1504, 0.0903, 0.0682, 0.0332, 0.0897, 0.0099, 0.0268]",0.22864937782287598,2025-03-02-13-12-40/SITE5_ORNT230_VIS6mi.png
8,8,"[0.0003, 0.0021, 0.0040, 0.0038, 0.0052, 0.0267, 0.0180, 0.0251, 0.8936, 0.0211]",0.8935577273368835,2024-08-02-20-27-22/SITE333_ORNT280_VIS9mi.png
9,6,"[0.0376, 0.0578, 0.0970, 0.1175, 0.1120, 0.1297, 0.1047, 0.1416, 0.0324, 0.1696]",0.16958017647266388,2025-02-04-15-47-48/SITE598_ORNT180_VIS7mi.png
8,8,"[0.0183, 0.0230, 0.0483, 0.0451, 0.0570, 0.1539, 0.0433, 0.1950, 0.2970, 0.1192]",0.2969510853290558,2025-04-11-14-52-32/SITE340_ORNT230_VIS9mi.png
7,6,"[0.0068, 0.0122, 0.0280, 0.0864, 0.0792, 0.1000, 0.2128, 0.3237, 0.0576, 0.0933]",0.3237375319004059,2024-05-27-19-19-47/SITE411_ORNT220_VIS7mi.png
0,1,"[0.2432, 0.2363, 0.1237, 0.1737, 0.0958, 0.0540, 0.0321, 0.0352, 0.0034, 0.0028]",0.24320130050182343,2024-07-25-18-03-52/SITE53_ORNT15_VIS2mi.png
6,5,"[0.0158, 0.0181, 0.0294, 0.0412, 0.0509, 0.1439, 0.2741, 0.1668, 0.0254, 0.2344]",0.2741113305091858,2025-03-02-13-12-40/SITE203_ORNT220_VIS6mi.png
8,8,"[0.0006, 0.0021, 0.0072, 0.0169, 0.0082, 0.0258, 0.0237, 0.1262, 0.5101, 0.2792]",0.5101099014282227,2024-06-17-10-37-40/SITE324_ORNT115_VIS9mi.png
5,4,"[0.0793, 0.0953, 0.1137, 0.1049, 0.1263, 0.1641, 0.1368, 0.0959, 0.0185, 0.0653]",0.16413231194019318,2025-03-15-15-41-34/SITE538_ORNT139_VIS5mi.png
1,0,"[0.1708, 0.1960, 0.1242, 0.1824, 0.1045, 0.0778, 0.0481, 0.0692, 0.0077, 0.0194]",0.19596409797668457,2025-01-23-15-05-27/SITE262_ORNT124_VIS1mi.png
9,7,"[0.0138, 0.0183, 0.0389, 0.0545, 0.0515, 0.1224, 0.2101, 0.1869, 0.0345, 0.2692]",0.26923421025276184,2025-03-31-13-29-12/SITE18_ORNT135_VIS8mi.png
1,6,"[0.2206, 0.2302, 0.1214, 0.1900, 0.0984, 0.0571, 0.0350, 0.0402, 0.0038, 0.0033]",0.23021674156188965,2024-06-23-11-02-14/SITE595_ORNT180_VIS7mi.png
7,5,"[0.0943, 0.1072, 0.1169, 0.1261, 0.1028, 0.1203, 0.0537, 0.1479, 0.0334, 0.0975]",0.14790917932987213,2025-02-15-15-20-00/SITE397_ORNT345_VIS6mi.png
0,1,"[0.3652, 0.2382, 0.1148, 0.1201, 0.0649, 0.0403, 0.0179, 0.0311, 0.0029, 0.0046]",0.3651692867279053,2025-04-16-13-54-24/SITE684_ORNT179_VIS2-5mi.png
8,8,"[0.0000, 0.0006, 0.0007, 0.0006, 0.0006, 0.0091, 0.0069, 0.0063, 0.9666, 0.0084]",0.9666337370872498,2024-08-29-14-11-27/SITE386_ORNT290_VIS9mi.png
5,8,"[0.0223, 0.0350, 0.0870, 0.0860, 0.1097, 0.1987, 0.0960, 0.1921, 0.1137, 0.0597]",0.1986735761165619,2024-10-13-15-24-41/SITE471_ORNT255_VIS9mi.png
0,2,"[0.2275, 0.2268, 0.1210, 0.1814, 0.0986, 0.0575, 0.0366, 0.0425, 0.0040, 0.0040]",0.22749826312065125,2024-05-08-14-34-39/SITE563_ORNT5_VIS3mi.png
0,3,"[0.4004, 0.2300, 0.1088, 0.1081, 0.0599, 0.0386, 0.0159, 0.0319, 0.0030, 0.0035]",0.40035420656204224,2025-02-01-17-30-02/SITE66_ORNT323_VIS4mi.png
7,4,"[0.0084, 0.0092, 0.0164, 0.0518, 0.0458, 0.0774, 0.2108, 0.3087, 0.0387, 0.2328]",0.30866730213165283,2024-07-01-19-28-49/SITE557_ORNT291_VIS5mi.png
0,0,"[0.2739, 0.2395, 0.1273, 0.1471, 0.0936, 0.0505, 0.0323, 0.0295, 0.0036, 0.0027]",0.2739020884037018,2024-07-05-10-36-13/SITE167_ORNT312_VIS1mi.png
3,0,"[0.0970, 0.1647, 0.1212, 0.2014, 0.1616, 0.0977, 0.0850, 0.0596, 0.0078, 0.0040]",0.20138433575630188,2024-05-07-15-42-07/SITE95_ORNT67_VIS1-5mi.png
6,1,"[0.0215, 0.0388, 0.0591, 0.1351, 0.1293, 0.1387, 0.1962, 0.1941, 0.0343, 0.0528]",0.19622141122817993,2024-06-01-16-58-02/SITE417_ORNT220_VIS2-5mi.png
3,9,"[0.0781, 0.1150, 0.1259, 0.1451, 0.1350, 0.1321, 0.1133, 0.0908, 0.0151, 0.0496]",0.1450706422328949,2025-02-19-12-18-05/SITE586_ORNT100_VIS10+mi.png
7,6,"[0.0292, 0.0367, 0.0455, 0.0810, 0.0918, 0.1361, 0.1785, 0.2396, 0.0316, 0.1300]",0.23955996334552765,2024-08-02-10-36-13/SITE569_ORNT211_VIS7mi.png
6,7,"[0.0164, 0.0175, 0.0238, 0.0442, 0.0610, 0.1518, 0.3539, 0.1961, 0.0259, 0.1095]",0.35394516587257385,2024-10-06-17-04-59/SITE215_ORNT235_VIS8mi.png
0,2,"[0.2424, 0.2267, 0.1189, 0.1708, 0.0868, 0.0577, 0.0313, 0.0504, 0.0047, 0.0102]",0.24242225289344788,2025-02-14-15-24-27/SITE12_ORNT270_VIS3mi.png
9,1,"[0.0051, 0.0056, 0.0082, 0.0121, 0.0077, 0.0205, 0.0229, 0.0999, 0.0225, 0.7954]",0.7954280376434326,2024-06-06-10-38-22/SITE725_ORNT180_VIS2mi.png
0,5,"[0.1779, 0.1676, 0.1340, 0.0745, 0.1152, 0.1539, 0.0267, 0.0887, 0.0550, 0.0066]",0.17791606485843658,2025-03-02-11-48-27/SITE528_ORNT235_VIS6mi.png
9,9,"[0.0008, 0.0016, 0.0029, 0.0057, 0.0014, 0.0054, 0.0082, 0.0426, 0.0362, 0.8951]",0.8951358199119568,2025-02-05-13-59-56/SITE584_ORNT325_VIS10+mi.png
8,8,"[0.0094, 0.0200, 0.0678, 0.0534, 0.0732, 0.1576, 0.0617, 0.1623, 0.3265, 0.0681]",0.3265337347984314,2024-07-22-11-13-59/SITE301_ORNT275_VIS9mi.png
1,1,"[0.1835, 0.2229, 0.1260, 0.2014, 0.1118, 0.0642, 0.0418, 0.0411, 0.0041, 0.0032]",0.22286894917488098,2024-07-14-16-38-50/SITE420_ORNT275_VIS2-5mi.png
1,0,"[0.2034, 0.2293, 0.1315, 0.1775, 0.1113, 0.0632, 0.0402, 0.0366, 0.0038, 0.0031]",0.22930900752544403,2024-06-20-11-19-17/SITE58_ORNT245_VIS1-25mi.png
8,9,"[0.0136, 0.0238, 0.0405, 0.0271, 0.0514, 0.1752, 0.0408, 0.1451, 0.4419, 0.0406]",0.44190913438796997,2025-03-04-14-20-15/SITE494_ORNT270_VIS30mi.png
1,6,"[0.1573, 0.1953, 0.1356, 0.1724, 0.1217, 0.0832, 0.0605, 0.0561, 0.0063, 0.0117]",0.19525563716888428,2025-01-22-12-38-15/SITE802_ORNT150_VIS7mi.png
7,1,"[0.0089, 0.0170, 0.0343, 0.1103, 0.1047, 0.1154, 0.2034, 0.3057, 0.0520, 0.0483]",0.3056735396385193,2024-06-09-10-51-06/SITE581_ORNT250_VIS2-5mi.png
1,7,"[0.2271, 0.2393, 0.1264, 0.1804, 0.0976, 0.0551, 0.0327, 0.0350, 0.0034, 0.0030]",0.2392786741256714,2024-07-02-16-22-41/SITE129_ORNT109_VIS8mi.png
3,2,"[0.1127, 0.1399, 0.1225, 0.1708, 0.1139, 0.1093, 0.0729, 0.1062, 0.0149, 0.0370]",0.17084263265132904,2025-02-04-15-47-48/SITE194_ORNT237_VIS3mi.png
6,6,"[0.0091, 0.0146, 0.0161, 0.0469, 0.0308, 0.1160, 0.3423, 0.2323, 0.0371, 0.1549]",0.3422662913799286,2024-07-01-19-28-49/SITE19_ORNT170_VIS7mi.png
3,2,"[0.0449, 0.0774, 0.1053, 0.1448, 0.1225, 0.1371, 0.1325, 0.1170, 0.0229, 0.0956]",0.14484158158302307,2025-02-14-15-24-27/SITE100_ORNT280_VIS3mi.png
0,0,"[0.3195, 0.2429, 0.1197, 0.1424, 0.0769, 0.0412, 0.0235, 0.0281, 0.0029, 0.0028]",0.31949689984321594,2025-03-18-13-52-55/SITE541_ORNT255_VIS1-75mi.png
8,8,"[0.0001, 0.0015, 0.0010, 0.0007, 0.0013, 0.0210, 0.0108, 0.0088, 0.9513, 0.0034]",0.951296865940094,2025-02-12-14-37-35/SITE338_ORNT120_VIS9mi.png
3,2,"[0.0481, 0.1039, 0.1067, 0.2095, 0.1704, 0.1205, 0.1280, 0.0906, 0.0143, 0.0082]",0.20949141681194305,2024-05-09-16-15-37/SITE117_ORNT165_VIS3mi.png
6,4,"[0.0338, 0.0545, 0.0490, 0.1058, 0.1487, 0.1689, 0.2666, 0.1414, 0.0192, 0.0121]",0.2665775716304779,2024-07-02-10-19-43/SITE22_ORNT285_VIS5mi.png
3,4,"[0.0790, 0.1349, 0.1284, 0.1896, 0.1465, 0.1127, 0.1006, 0.0781, 0.0105, 0.0196]",0.1896136999130249,2025-03-04-14-20-15/SITE417_ORNT315_VIS5mi.png
8,5,"[0.0306, 0.0510, 0.0803, 0.0419, 0.0984, 0.2125, 0.0437, 0.1181, 0.2914, 0.0321]",0.2914135754108429,2025-02-10-14-47-56/SITE461_ORNT110_VIS6mi.png
7,5,"[0.0144, 0.0138, 0.0222, 0.0461, 0.0558, 0.0944, 0.1765, 0.3242, 0.0330, 0.2196]",0.3242281377315521,2024-08-02-13-37-25/SITE581_ORNT350_VIS6mi.png
1,5,"[0.1732, 0.2149, 0.1255, 0.1977, 0.1187, 0.0690, 0.0475, 0.0452, 0.0047, 0.0036]",0.21485057473182678,2024-10-10-15-17-15/SITE128_ORNT135_VIS6mi.png
5,2,"[0.0544, 0.0742, 0.1122, 0.1237, 0.1232, 0.1601, 0.0838, 0.1585, 0.0449, 0.0650]",0.1601003259420395,2024-10-08-11-05-48/SITE360_ORNT115_VIS3mi.png
8,6,"[0.0002, 0.0015, 0.0025, 0.0029, 0.0040, 0.0268, 0.0165, 0.0288, 0.8964, 0.0204]",0.8964154124259949,2025-02-01-17-30-02/SITE283_ORNT260_VIS7mi.png
9,7,"[0.0125, 0.0188, 0.0457, 0.0733, 0.0476, 0.0774, 0.0637, 0.2093, 0.0686, 0.3830]",0.38299572467803955,2025-03-04-14-20-15/SITE78_ORNT268_VIS8mi.png
1,3,"[0.1831, 0.2185, 0.1336, 0.1700, 0.1235, 0.0734, 0.0509, 0.0395, 0.0047, 0.0028]",0.21845073997974396,2024-06-17-10-37-40/SITE234_ORNT350_VIS4mi.png
7,6,"[0.0073, 0.0085, 0.0149, 0.0497, 0.0431, 0.0689, 0.1613, 0.3720, 0.0472, 0.2271]",0.3720342814922333,2024-05-01-16-21-18/SITE575_ORNT145_VIS7mi.png
8,9,"[0.0007, 0.0039, 0.0053, 0.0058, 0.0066, 0.0317, 0.0217, 0.0262, 0.7954, 0.1027]",0.7954195737838745,2024-06-20-11-19-17/SITE455_ORNT270_VIS15mi.png
6,1,"[0.0325, 0.0610, 0.0982, 0.1395, 0.1278, 0.1448, 0.1542, 0.1310, 0.0251, 0.0858]",0.15420393645763397,2024-05-30-17-47-26/SITE25_ORNT30_VIS2mi.png
3,3,"[0.1165, 0.1713, 0.1302, 0.1947, 0.1394, 0.0937, 0.0759, 0.0627, 0.0071, 0.0085]",0.19468075037002563,2025-03-05-12-08-53/SITE40_ORNT295_VIS4mi.png
3,4,"[0.0435, 0.0854, 0.0899, 0.1886, 0.1702, 0.1248, 0.1559, 0.1109, 0.0181, 0.0128]",0.18864133954048157,2024-07-29-16-41-43/SITE722_ORNT315_VIS5mi.png
7,6,"[0.0109, 0.0176, 0.0380, 0.0884, 0.0932, 0.1257, 0.2276, 0.2544, 0.0448, 0.0994]",0.25435662269592285,2024-05-07-15-42-07/SITE253_ORNT195_VIS7mi.png
0,3,"[0.2968, 0.2337, 0.1109, 0.1643, 0.0753, 0.0465, 0.0240, 0.0406, 0.0034, 0.0045]",0.29679879546165466,2024-05-14-16-18-20/SITE438_ORNT208_VIS4mi.png
9,9,"[0.0377, 0.0380, 0.0403, 0.0533, 0.0593, 0.1098, 0.1119, 0.2421, 0.0280, 0.2796]",0.2795613408088684,2024-12-16-12-39-30/SITE639_ORNT10_VIS10+mi.png
5,7,"[0.0586, 0.0897, 0.0902, 0.0479, 0.1064, 0.2543, 0.0420, 0.1209, 0.1852, 0.0048]",0.2542569041252136,2025-02-01-17-30-02/SITE528_ORNT35_VIS8mi.png
1,7,"[0.1810, 0.2089, 0.1332, 0.1720, 0.1115, 0.0745, 0.0498, 0.0524, 0.0055, 0.0112]",0.20891909301280975,2025-03-20-11-55-50/SITE8_ORNT123_VIS8mi.png
8,8,"[0.0006, 0.0021, 0.0065, 0.0094, 0.0063, 0.0274, 0.0165, 0.0809, 0.7219, 0.1283]",0.7219007611274719,2024-10-19-10-55-55/SITE464_ORNT90_VIS9mi.png
0,2,"[0.1727, 0.1523, 0.1385, 0.1288, 0.1142, 0.1155, 0.0352, 0.0976, 0.0236, 0.0217]",0.17269228398799896,2024-05-30-17-47-26/SITE394_ORNT180_VIS3mi.png
0,1,"[0.2473, 0.2363, 0.1174, 0.1829, 0.0874, 0.0516, 0.0289, 0.0402, 0.0037, 0.0043]",0.24731005728244781,2024-07-25-10-00-39/SITE616_ORNT0_VIS2mi.png
3,7,"[0.0738, 0.1426, 0.1140, 0.1980, 0.1736, 0.1097, 0.1057, 0.0684, 0.0096, 0.0046]",0.19801482558250427,2024-10-14-13-08-27/SITE73_ORNT110_VIS8mi.png
9,9,"[0.0042, 0.0054, 0.0142, 0.0304, 0.0138, 0.0287, 0.0585, 0.1392, 0.0369, 0.6687]",0.6687043905258179,2024-12-29-16-00-12/SITE582_ORNT270_VIS10+mi.png
3,7,"[0.0331, 0.0661, 0.0892, 0.1759, 0.1389, 0.1336, 0.1486, 0.1413, 0.0282, 0.0452]",0.17592915892601013,2024-12-10-14-08-09/SITE442_ORNT300_VIS8mi.png
5,6,"[0.0532, 0.0764, 0.1192, 0.1216, 0.1306, 0.1689, 0.0890, 0.1454, 0.0424, 0.0533]",0.16889339685440063,2024-07-18-11-32-15/SITE519_ORNT5_VIS7mi.png
8,8,"[0.0004, 0.0016, 0.0050, 0.0111, 0.0050, 0.0197, 0.0162, 0.0527, 0.7126, 0.1757]",0.7125660181045532,2024-08-18-19-28-16/SITE323_ORNT315_VIS9mi.png
3,3,"[0.0306, 0.0750, 0.0970, 0.1807, 0.1728, 0.1376, 0.1670, 0.1088, 0.0190, 0.0116]",0.18069715797901154,2024-05-09-16-15-37/SITE125_ORNT190_VIS4mi.png
0,0,"[0.2239, 0.2203, 0.1141, 0.1875, 0.0875, 0.0596, 0.0328, 0.0579, 0.0053, 0.0110]",0.22394271194934845,2024-12-10-14-08-09/SITE735_ORNT170_VIS1-5mi.png
0,0,"[0.1707, 0.1678, 0.1279, 0.1481, 0.1099, 0.0938, 0.0470, 0.0995, 0.0135, 0.0218]",0.1706707626581192,2024-12-29-16-00-12/SITE259_ORNT59_VIS1mi.png
6,4,"[0.0443, 0.0765, 0.1021, 0.1306, 0.1399, 0.1553, 0.1647, 0.1080, 0.0179, 0.0608]",0.1646771878004074,2025-03-17-19-09-03/SITE73_ORNT335_VIS5mi.png
5,3,"[0.1003, 0.0977, 0.0988, 0.1011, 0.1108, 0.1382, 0.1160, 0.1122, 0.0186, 0.1063]",0.1381801962852478,2025-02-04-15-47-48/SITE24_ORNT330_VIS4mi.png
3,5,"[0.1191, 0.1834, 0.1243, 0.2108, 0.1397, 0.0883, 0.0677, 0.0559, 0.0066, 0.0043]",0.21078045666217804,2024-06-10-18-34-10/SITE123_ORNT67_VIS6mi.png
8,8,"[0.0029, 0.0059, 0.0194, 0.0296, 0.0275, 0.0735, 0.0434, 0.1974, 0.3922, 0.2083]",0.39215824007987976,2024-06-27-10-23-10/SITE380_ORNT220_VIS9mi.png
1,0,"[0.1283, 0.1666, 0.1412, 0.1629, 0.1300, 0.1026, 0.0717, 0.0699, 0.0092, 0.0176]",0.16655704379081726,2024-05-23-15-19-49/SITE253_ORNT195_VIS1mi.png
7,6,"[0.0140, 0.0180, 0.0291, 0.0733, 0.0930, 0.1354, 0.2589, 0.2647, 0.0365, 0.0771]",0.2646523118019104,2024-06-13-13-46-47/SITE760_ORNT140_VIS7mi.png
3,1,"[0.0294, 0.0615, 0.0808, 0.1744, 0.1562, 0.1337, 0.1735, 0.1418, 0.0253, 0.0233]",0.17443613708019257,2024-06-14-14-13-33/SITE179_ORNT230_VIS2mi.png
3,4,"[0.0920, 0.1285, 0.1221, 0.1710, 0.1225, 0.1146, 0.0861, 0.1035, 0.0148, 0.0449]",0.17099322378635406,2025-04-22-15-39-35/SITE94_ORNT10_VIS5mi.png
9,9,"[0.0193, 0.0296, 0.0500, 0.0620, 0.0434, 0.0737, 0.0540, 0.1493, 0.0425, 0.4763]",0.476281076669693,2025-03-26-14-35-40/SITE119_ORNT96_VIS10+mi.png
