predicted,truth,output,top,path
8,3,"[0.0271, 0.0424, 0.0566, 0.0607, 0.0818, 0.1030, 0.0697, 0.1215, 0.2354, 0.2018]",0.23537606000900269,2024-07-22-11-13-59/SITE332_ORNT155_VIS4mi.png
0,0,"[0.1734, 0.1118, 0.1583, 0.0956, 0.0975, 0.0679, 0.0675, 0.0912, 0.0165, 0.1203]",0.17344462871551514,2025-03-23-13-51-54/SITE116_ORNT3_VIS1-25mi.png
2,0,"[0.1187, 0.1154, 0.1497, 0.1477, 0.1132, 0.0848, 0.1093, 0.0882, 0.0090, 0.0640]",0.14966702461242676,2025-02-05-13-59-56/SITE438_ORNT110_VIS1-5mi.png
9,5,"[0.0399, 0.0466, 0.0776, 0.0826, 0.0664, 0.0895, 0.0811, 0.1760, 0.0699, 0.2706]",0.27058249711990356,2025-02-19-12-18-05/SITE564_ORNT18_VIS6mi.png
4,6,"[0.1252, 0.1395, 0.1549, 0.1399, 0.1553, 0.0995, 0.0761, 0.0728, 0.0184, 0.0184]",0.15526770055294037,2025-03-31-15-41-11/SITE256_ORNT290_VIS7mi.png
3,2,"[0.1279, 0.1495, 0.1545, 0.1590, 0.1113, 0.0973, 0.0973, 0.0704, 0.0102, 0.0228]",0.15900301933288574,2024-07-25-10-00-39/SITE620_ORNT150_VIS3mi.png
8,8,"[0.0042, 0.0177, 0.0651, 0.0287, 0.0666, 0.1350, 0.1092, 0.1182, 0.4379, 0.0173]",0.4379238486289978,2024-07-28-11-17-19/SITE386_ORNT125_VIS9mi.png
3,7,"[0.0684, 0.1405, 0.1554, 0.1833, 0.1488, 0.1092, 0.1084, 0.0643, 0.0076, 0.0140]",0.1832846701145172,2024-08-01-10-54-34/SITE6_ORNT355_VIS8mi.png
3,6,"[0.0395, 0.0865, 0.1476, 0.1625, 0.1181, 0.1224, 0.1539, 0.1019, 0.0201, 0.0474]",0.1625080406665802,2025-01-22-12-38-15/SITE802_ORNT150_VIS7mi.png
0,2,"[0.1935, 0.1673, 0.1548, 0.1317, 0.1203, 0.0783, 0.0662, 0.0609, 0.0107, 0.0164]",0.19350862503051758,2025-04-07-16-10-10/SITE115_ORNT115_VIS3mi.png
9,8,"[0.0953, 0.0901, 0.1077, 0.1079, 0.1123, 0.0917, 0.0802, 0.1228, 0.0445, 0.1476]",0.14761364459991455,2024-05-08-14-34-39/SITE239_ORNT110_VIS9mi.png
5,5,"[0.0448, 0.0772, 0.1258, 0.0990, 0.1498, 0.1549, 0.0801, 0.1193, 0.1138, 0.0353]",0.15494708716869354,2025-01-15-15-33-17/SITE339_ORNT90_VIS6mi.png
6,6,"[0.0193, 0.0381, 0.0992, 0.0922, 0.1330, 0.1546, 0.2340, 0.1261, 0.0156, 0.0880]",0.23398128151893616,2024-08-02-13-37-25/SITE116_ORNT3_VIS7mi.png
7,7,"[0.0021, 0.0169, 0.0339, 0.0788, 0.0733, 0.1314, 0.2245, 0.3386, 0.0451, 0.0554]",0.338580846786499,2024-08-01-10-54-34/SITE240_ORNT48_VIS8mi.png
7,6,"[0.0118, 0.0324, 0.0407, 0.0712, 0.0966, 0.0923, 0.1694, 0.2655, 0.0390, 0.1811]",0.26547908782958984,2024-07-29-16-41-43/SITE82_ORNT135_VIS7mi.png
9,9,"[0.0151, 0.0255, 0.0433, 0.0650, 0.0823, 0.1798, 0.1875, 0.1636, 0.0270, 0.2109]",0.21092523634433746,2025-02-11-14-30-47/SITE544_ORNT58_VIS10+mi.png
6,7,"[0.0390, 0.0786, 0.1563, 0.0513, 0.1241, 0.1249, 0.2352, 0.0881, 0.0116, 0.0909]",0.23519167304039001,2024-05-30-17-47-26/SITE747_ORNT255_VIS8mi.png
6,4,"[0.0250, 0.0671, 0.1728, 0.0804, 0.1614, 0.1497, 0.2303, 0.0790, 0.0051, 0.0291]",0.23032096028327942,2024-07-01-19-28-49/SITE234_ORNT350_VIS5mi.png
9,1,"[0.0256, 0.0312, 0.0829, 0.0667, 0.0491, 0.0599, 0.1122, 0.1272, 0.0210, 0.4243]",0.4243468940258026,2025-02-12-14-37-35/SITE259_ORNT205_VIS2mi.png
6,6,"[0.0340, 0.0657, 0.1121, 0.1014, 0.1339, 0.1474, 0.1549, 0.1494, 0.0343, 0.0668]",0.1549125611782074,2024-07-23-13-08-12/SITE486_ORNT220_VIS7mi.png
9,3,"[0.0523, 0.0632, 0.0982, 0.1047, 0.0937, 0.1128, 0.1575, 0.1096, 0.0308, 0.1771]",0.17712309956550598,2025-04-01-16-59-16/SITE539_ORNT40_VIS4mi.png
6,7,"[0.0429, 0.0688, 0.0860, 0.0812, 0.1156, 0.1420, 0.1767, 0.1438, 0.0255, 0.1175]",0.17673169076442719,2025-02-27-11-22-46/SITE693_ORNT65_VIS8mi.png
7,8,"[0.0092, 0.0273, 0.0436, 0.0440, 0.0778, 0.1599, 0.1678, 0.1783, 0.1260, 0.1661]",0.1782684475183487,2024-09-18-18-13-42/SITE328_ORNT0_VIS9mi.png
3,0,"[0.0865, 0.1073, 0.1270, 0.1602, 0.1058, 0.0924, 0.1231, 0.1132, 0.0131, 0.0714]",0.16018958389759064,2024-09-18-18-13-42/SITE561_ORNT145_VIS1-75mi.png
5,0,"[0.0465, 0.0803, 0.1443, 0.0837, 0.1325, 0.1724, 0.1459, 0.1087, 0.0346, 0.0512]",0.1724344789981842,2024-09-20-16-20-08/SITE76_ORNT205_VIS1-5mi.png
0,0,"[0.4516, 0.1527, 0.1152, 0.0764, 0.0659, 0.0294, 0.0596, 0.0325, 0.0059, 0.0108]",0.4516024589538574,2025-03-23-13-51-54/SITE9_ORNT200_VIS1mi.png
2,2,"[0.1946, 0.0873, 0.4310, 0.0205, 0.1174, 0.0716, 0.0274, 0.0370, 0.0031, 0.0100]",0.4309545159339905,2025-04-14-19-44-02/SITE13_ORNT85_VIS3mi.png
6,5,"[0.0211, 0.0562, 0.1011, 0.0936, 0.1214, 0.1586, 0.2484, 0.1497, 0.0240, 0.0260]",0.2483767867088318,2024-07-28-13-48-26/SITE411_ORNT280_VIS6mi.png
6,0,"[0.0386, 0.0581, 0.0932, 0.0625, 0.1199, 0.1617, 0.1628, 0.1342, 0.0539, 0.1152]",0.1628318727016449,2024-05-28-11-05-32/SITE620_ORNT150_VIS1-25mi.png
8,5,"[0.0007, 0.0072, 0.0077, 0.0554, 0.0222, 0.0286, 0.0486, 0.2489, 0.3521, 0.2285]",0.35214126110076904,2024-05-13-18-48-49/SITE26_ORNT250_VIS6mi.png
7,4,"[0.0064, 0.0282, 0.0539, 0.1045, 0.0933, 0.1140, 0.1873, 0.2859, 0.0425, 0.0841]",0.28589627146720886,2024-06-22-10-56-07/SITE234_ORNT304_VIS5mi.png
7,6,"[0.0011, 0.0056, 0.0128, 0.0582, 0.0353, 0.0462, 0.0855, 0.4215, 0.0650, 0.2690]",0.4215373992919922,2025-04-22-15-39-35/SITE156_ORNT135_VIS7mi.png
9,2,"[0.0112, 0.0077, 0.0167, 0.0263, 0.0408, 0.0506, 0.0267, 0.1638, 0.0406, 0.6156]",0.6155959367752075,2025-01-28-16-10-28/SITE98_ORNT135_VIS3mi.png
2,7,"[0.1605, 0.1889, 0.2235, 0.1461, 0.1224, 0.0521, 0.0559, 0.0416, 0.0031, 0.0057]",0.22354139387607574,2024-08-01-13-32-05/SITE48_ORNT115_VIS8mi.png
9,6,"[0.0310, 0.0517, 0.0736, 0.1268, 0.0908, 0.0933, 0.1348, 0.1630, 0.0614, 0.1738]",0.17376171052455902,2025-03-15-15-41-34/SITE735_ORNT0_VIS7mi.png
4,4,"[0.0537, 0.1157, 0.1303, 0.1626, 0.1886, 0.1152, 0.1219, 0.0805, 0.0140, 0.0174]",0.1885625571012497,2024-08-15-16-44-48/SITE624_ORNT145_VIS5mi.png
2,3,"[0.0701, 0.1242, 0.1561, 0.1540, 0.1293, 0.1221, 0.1209, 0.0850, 0.0152, 0.0230]",0.15612483024597168,2024-08-29-17-58-30/SITE98_ORNT80_VIS4mi.png
2,3,"[0.0322, 0.0946, 0.2193, 0.1147, 0.1652, 0.1086, 0.1897, 0.0614, 0.0039, 0.0105]",0.2192959040403366,2024-06-17-10-37-40/SITE234_ORNT350_VIS4mi.png
8,2,"[0.0097, 0.0400, 0.1472, 0.0436, 0.1388, 0.1609, 0.0783, 0.1035, 0.2726, 0.0054]",0.2725827991962433,2024-12-29-16-00-12/SITE361_ORNT170_VIS3mi.png
9,6,"[0.0075, 0.0190, 0.0194, 0.0243, 0.0560, 0.1046, 0.2078, 0.1828, 0.0142, 0.3645]",0.364480197429657,2025-02-04-15-47-48/SITE598_ORNT180_VIS7mi.png
5,3,"[0.0359, 0.0426, 0.0651, 0.0400, 0.1201, 0.2620, 0.0662, 0.0748, 0.2477, 0.0456]",0.2619839012622833,2025-02-04-15-47-48/SITE24_ORNT330_VIS4mi.png
7,8,"[0.0214, 0.0439, 0.0702, 0.0712, 0.0821, 0.1025, 0.0946, 0.1835, 0.1618, 0.1688]",0.18346422910690308,2024-05-22-13-05-54/SITE281_ORNT20_VIS9mi.png
2,7,"[0.0965, 0.0971, 0.1439, 0.1249, 0.1174, 0.1020, 0.0773, 0.1195, 0.0392, 0.0822]",0.14386340975761414,2025-03-31-13-29-12/SITE14_ORNT240_VIS8mi.png
6,6,"[0.0215, 0.0474, 0.0537, 0.0655, 0.1141, 0.1655, 0.2261, 0.1735, 0.0230, 0.1096]",0.2260950356721878,2024-05-30-17-47-26/SITE22_ORNT100_VIS7mi.png
6,2,"[0.0520, 0.0551, 0.1073, 0.0951, 0.0726, 0.0883, 0.2352, 0.0950, 0.0150, 0.1843]",0.2351670265197754,2025-02-14-15-24-27/SITE100_ORNT210_VIS3mi.png
5,6,"[0.0259, 0.0537, 0.0753, 0.1027, 0.1504, 0.1674, 0.1495, 0.1586, 0.0775, 0.0389]",0.1674376130104065,2024-07-28-13-48-26/SITE422_ORNT85_VIS7mi.png
4,2,"[0.1441, 0.0999, 0.1457, 0.1061, 0.1579, 0.1118, 0.0548, 0.1017, 0.0510, 0.0271]",0.1579139530658722,2025-01-17-15-10-02/SITE844_ORNT15_VIS3mi.png
9,9,"[0.0311, 0.0356, 0.0880, 0.0723, 0.0883, 0.1080, 0.1860, 0.1254, 0.0237, 0.2416]",0.24156337976455688,2024-10-14-13-08-27/SITE59_ORNT10_VIS10+mi.png
0,0,"[0.1946, 0.1710, 0.1736, 0.1547, 0.1082, 0.0614, 0.0714, 0.0494, 0.0047, 0.0110]",0.19461289048194885,2024-07-04-10-22-12/SITE171_ORNT126_VIS1-5mi.png
8,6,"[0.0223, 0.0469, 0.0900, 0.0959, 0.1275, 0.1344, 0.0959, 0.1497, 0.1807, 0.0569]",0.18065711855888367,2025-03-28-10-38-15/SITE375_ORNT330_VIS7mi.png
8,9,"[0.0009, 0.0017, 0.0117, 0.0042, 0.0080, 0.0102, 0.0120, 0.0652, 0.6643, 0.2216]",0.6643427014350891,2025-03-20-11-55-50/SITE483_ORNT275_VIS20mi.png
2,3,"[0.0810, 0.1074, 0.1592, 0.0987, 0.1444, 0.1341, 0.0590, 0.0901, 0.1028, 0.0233]",0.1592102348804474,2025-01-31-13-49-43/SITE324_ORNT45_VIS4mi.png
3,6,"[0.1069, 0.1578, 0.1456, 0.1701, 0.1408, 0.0889, 0.0888, 0.0715, 0.0119, 0.0177]",0.1700943261384964,2024-07-23-13-08-12/SITE574_ORNT70_VIS7mi.png
9,9,"[0.0449, 0.0496, 0.0908, 0.0679, 0.0855, 0.0842, 0.1044, 0.1314, 0.0590, 0.2823]",0.2823227047920227,2025-02-11-14-30-47/SITE561_ORNT350_VIS10+mi.png
6,9,"[0.0410, 0.0622, 0.1002, 0.1165, 0.1014, 0.1116, 0.1593, 0.1351, 0.0304, 0.1423]",0.15929901599884033,2025-02-27-11-22-46/SITE684_ORNT267_VIS10+mi.png
8,8,"[0.0121, 0.0412, 0.0884, 0.0755, 0.1302, 0.1606, 0.1078, 0.1610, 0.1903, 0.0328]",0.19033953547477722,2024-08-01-13-32-05/SITE353_ORNT135_VIS9mi.png
8,8,"[0.0020, 0.0016, 0.0064, 0.0006, 0.0068, 0.0773, 0.0415, 0.0213, 0.7917, 0.0508]",0.7916510701179504,2025-02-12-14-37-35/SITE338_ORNT120_VIS9mi.png
6,6,"[0.0351, 0.0616, 0.0918, 0.0986, 0.1039, 0.1517, 0.2351, 0.1197, 0.0164, 0.0861]",0.23507215082645416,2024-05-28-11-05-32/SITE411_ORNT280_VIS7mi.png
0,1,"[0.2281, 0.1428, 0.1482, 0.1207, 0.1199, 0.0651, 0.0736, 0.0611, 0.0086, 0.0320]",0.22808434069156647,2025-04-11-14-52-32/SITE12_ORNT60_VIS2-5mi.png
9,9,"[0.0090, 0.0187, 0.0510, 0.0663, 0.0383, 0.0416, 0.0538, 0.1721, 0.0843, 0.4649]",0.46490514278411865,2025-01-15-15-33-17/SITE240_ORNT286_VIS10+mi.png
2,6,"[0.0997, 0.1439, 0.1893, 0.1547, 0.1423, 0.0903, 0.0974, 0.0609, 0.0084, 0.0131]",0.1892571747303009,2024-06-16-11-08-10/SITE442_ORNT300_VIS7mi.png
2,7,"[0.1076, 0.1194, 0.1613, 0.1259, 0.1201, 0.1061, 0.1284, 0.0795, 0.0155, 0.0363]",0.16128553450107574,2025-03-23-13-51-54/SITE86_ORNT239_VIS8mi.png
5,6,"[0.0046, 0.0109, 0.0069, 0.0382, 0.0687, 0.6089, 0.2202, 0.0233, 0.0088, 0.0095]",0.6089093089103699,2024-07-30-16-52-29/SITE22_ORNT0_VIS7mi.png
7,9,"[0.0135, 0.0317, 0.0551, 0.1083, 0.1235, 0.1068, 0.1263, 0.2166, 0.1160, 0.1021]",0.21657785773277283,2025-04-13-19-09-12/SITE446_ORNT165_VIS10+mi.png
4,2,"[0.1050, 0.1135, 0.1610, 0.0857, 0.1663, 0.1347, 0.0537, 0.0791, 0.0853, 0.0159]",0.1662963479757309,2025-02-01-17-30-02/SITE339_ORNT90_VIS3mi.png
9,8,"[0.0798, 0.0770, 0.1256, 0.1150, 0.0719, 0.0782, 0.0872, 0.1379, 0.0382, 0.1891]",0.18911007046699524,2024-05-23-15-19-49/SITE33_ORNT215_VIS9mi.png
2,7,"[0.1666, 0.1896, 0.2337, 0.1467, 0.1147, 0.0455, 0.0585, 0.0376, 0.0019, 0.0053]",0.233679860830307,2024-07-23-10-10-08/SITE258_ORNT325_VIS8mi.png
2,0,"[0.1666, 0.1158, 0.2551, 0.0812, 0.0772, 0.0859, 0.0590, 0.1036, 0.0244, 0.0313]",0.25508901476860046,2025-02-14-15-24-27/SITE179_ORNT230_VIS1-25mi.png
8,8,"[0.0001, 0.0007, 0.0039, 0.0007, 0.0092, 0.0332, 0.0632, 0.0230, 0.8620, 0.0041]",0.8619747161865234,2024-10-07-14-17-08/SITE407_ORNT50_VIS9mi.png
8,8,"[0.0043, 0.0057, 0.0123, 0.0045, 0.0300, 0.0502, 0.0246, 0.0365, 0.6793, 0.1527]",0.6793001890182495,2024-09-29-15-43-38/SITE480_ORNT140_VIS9mi.png
8,9,"[0.0010, 0.0040, 0.0095, 0.0167, 0.0138, 0.0227, 0.0109, 0.0485, 0.5785, 0.2946]",0.5784603953361511,2025-02-10-14-47-56/SITE426_ORNT130_VIS30mi.png
9,6,"[0.0182, 0.0192, 0.0462, 0.0355, 0.0526, 0.0658, 0.0981, 0.1390, 0.0335, 0.4918]",0.49183493852615356,2025-03-26-14-35-40/SITE84_ORNT336_VIS7mi.png
2,4,"[0.1320, 0.1698, 0.1882, 0.1623, 0.1138, 0.0659, 0.0993, 0.0517, 0.0039, 0.0131]",0.188214510679245,2024-07-20-15-11-13/SITE234_ORNT260_VIS5mi.png
2,1,"[0.0862, 0.0902, 0.1426, 0.1121, 0.1323, 0.1235, 0.1253, 0.1074, 0.0261, 0.0542]",0.14258751273155212,2024-09-08-13-07-06/SITE171_ORNT23_VIS2-5mi.png
3,6,"[0.1382, 0.1526, 0.1567, 0.1645, 0.1191, 0.0841, 0.0889, 0.0673, 0.0087, 0.0198]",0.16454321146011353,2024-09-19-14-23-02/SITE94_ORNT180_VIS7mi.png
0,4,"[0.1944, 0.1625, 0.1404, 0.1444, 0.1214, 0.0703, 0.0797, 0.0556, 0.0070, 0.0243]",0.1944120228290558,2024-12-29-16-00-12/SITE658_ORNT260_VIS5mi.png
6,7,"[0.0224, 0.0531, 0.0569, 0.0853, 0.1094, 0.1336, 0.2438, 0.1995, 0.0173, 0.0788]",0.24381303787231445,2024-05-07-15-42-07/SITE569_ORNT211_VIS8mi.png
6,3,"[0.0120, 0.0363, 0.0456, 0.0537, 0.0863, 0.2442, 0.3190, 0.1424, 0.0180, 0.0425]",0.31901684403419495,2024-10-07-14-17-08/SITE747_ORNT255_VIS4mi.png
3,1,"[0.1055, 0.1815, 0.1474, 0.2099, 0.1469, 0.0886, 0.0599, 0.0478, 0.0072, 0.0054]",0.20985637605190277,2024-09-08-13-07-06/SITE22_ORNT285_VIS2-5mi.png
9,6,"[0.0302, 0.0394, 0.0617, 0.0705, 0.0817, 0.0945, 0.1179, 0.1684, 0.0585, 0.2773]",0.2773100435733795,2024-07-18-14-04-18/SITE411_ORNT220_VIS7mi.png
0,5,"[0.1947, 0.1901, 0.1463, 0.1745, 0.1015, 0.0717, 0.0504, 0.0570, 0.0052, 0.0085]",0.19469036161899567,2025-02-15-16-53-20/SITE40_ORNT120_VIS6mi.png
8,8,"[0.0002, 0.0021, 0.0031, 0.0069, 0.0093, 0.0194, 0.0166, 0.0760, 0.5923, 0.2742]",0.5922812819480896,2024-07-23-13-08-12/SITE380_ORNT220_VIS9mi.png
2,2,"[0.1028, 0.1401, 0.1655, 0.1558, 0.1229, 0.0943, 0.1200, 0.0715, 0.0075, 0.0196]",0.16547800600528717,2025-04-01-16-59-16/SITE786_ORNT255_VIS3mi.png
9,8,"[0.0040, 0.0087, 0.0180, 0.0188, 0.0419, 0.0551, 0.0479, 0.1470, 0.2944, 0.3642]",0.3641999363899231,2025-02-11-14-30-47/SITE355_ORNT130_VIS9mi.png
2,2,"[0.1059, 0.1184, 0.1639, 0.0752, 0.1437, 0.1346, 0.0483, 0.0779, 0.1136, 0.0184]",0.16390924155712128,2025-02-17-14-46-26/SITE386_ORNT290_VIS3mi.png
6,3,"[0.0320, 0.0531, 0.1026, 0.0544, 0.1048, 0.1558, 0.2707, 0.1281, 0.0123, 0.0862]",0.27071699500083923,2024-07-04-10-22-12/SITE239_ORNT202_VIS4mi.png
3,7,"[0.0464, 0.0973, 0.1172, 0.1682, 0.1528, 0.1251, 0.1336, 0.1042, 0.0275, 0.0276]",0.16820243000984192,2024-05-13-18-48-49/SITE7_ORNT135_VIS8mi.png
6,7,"[0.0441, 0.0849, 0.1147, 0.1349, 0.1402, 0.1321, 0.1665, 0.1223, 0.0153, 0.0450]",0.16648408770561218,2024-10-06-17-04-59/SITE442_ORNT40_VIS8mi.png
0,5,"[0.3005, 0.1640, 0.1452, 0.0960, 0.0982, 0.0577, 0.0576, 0.0499, 0.0120, 0.0188]",0.30048811435699463,2025-03-02-13-12-40/SITE5_ORNT230_VIS6mi.png
7,6,"[0.0838, 0.0757, 0.1026, 0.0925, 0.0946, 0.1231, 0.0753, 0.1692, 0.0430, 0.1402]",0.16921526193618774,2024-07-23-16-31-18/SITE739_ORNT135_VIS7mi.png
2,1,"[0.0951, 0.1340, 0.1683, 0.1412, 0.1414, 0.1127, 0.0938, 0.0773, 0.0177, 0.0186]",0.16828332841396332,2024-06-05-18-49-24/SITE464_ORNT90_VIS2-25mi.png
3,1,"[0.0918, 0.1241, 0.1480, 0.1568, 0.1378, 0.1091, 0.1059, 0.0840, 0.0171, 0.0255]",0.15677453577518463,2024-07-14-16-38-50/SITE420_ORNT275_VIS2-5mi.png
7,7,"[0.0252, 0.0423, 0.0746, 0.0905, 0.1179, 0.1469, 0.1527, 0.1918, 0.0486, 0.1094]",0.19177128374576569,2024-08-01-10-54-34/SITE25_ORNT225_VIS8mi.png
9,9,"[0.0044, 0.0064, 0.0123, 0.0079, 0.0304, 0.0404, 0.0202, 0.0784, 0.2442, 0.5554]",0.5553553104400635,2024-06-10-18-34-10/SITE426_ORNT70_VIS30mi.png
0,2,"[0.2558, 0.1635, 0.1393, 0.1103, 0.1081, 0.0667, 0.0502, 0.0635, 0.0124, 0.0304]",0.25580310821533203,2025-02-04-15-47-48/SITE194_ORNT237_VIS3mi.png
7,0,"[0.0314, 0.0569, 0.0751, 0.0947, 0.1238, 0.1060, 0.1606, 0.1872, 0.0261, 0.1382]",0.18723064661026,2025-02-05-13-59-56/SITE179_ORNT36_VIS1mi.png
8,8,"[0.0025, 0.0059, 0.0377, 0.0125, 0.0318, 0.0915, 0.0706, 0.0688, 0.5808, 0.0978]",0.5808210968971252,2024-06-06-17-01-51/SITE520_ORNT180_VIS9mi.png
8,8,"[0.0420, 0.0757, 0.1434, 0.0922, 0.1331, 0.1485, 0.0853, 0.1070, 0.1509, 0.0220]",0.15085697174072266,2024-07-23-10-10-08/SITE328_ORNT180_VIS9mi.png
2,3,"[0.1038, 0.1758, 0.2013, 0.1567, 0.1489, 0.0684, 0.0830, 0.0488, 0.0063, 0.0069]",0.20132935047149658,2024-07-27-10-27-08/SITE33_ORNT215_VIS4mi.png
0,2,"[0.2036, 0.1900, 0.1373, 0.1171, 0.0758, 0.0771, 0.0465, 0.0897, 0.0239, 0.0390]",0.20358610153198242,2025-02-14-15-24-27/SITE12_ORNT270_VIS3mi.png
2,6,"[0.0712, 0.1176, 0.1499, 0.1398, 0.1445, 0.1176, 0.1197, 0.0974, 0.0184, 0.0239]",0.14993269741535187,2024-07-20-15-11-13/SITE332_ORNT15_VIS7mi.png
7,4,"[0.0397, 0.0623, 0.1162, 0.1212, 0.1400, 0.1183, 0.1295, 0.1414, 0.0605, 0.0708]",0.14142034947872162,2025-02-01-12-44-07/SITE446_ORNT165_VIS5mi.png
7,9,"[0.0004, 0.0042, 0.0056, 0.0359, 0.0227, 0.0603, 0.1089, 0.4792, 0.0649, 0.2177]",0.47922471165657043,2024-12-17-16-15-56/SITE80_ORNT83_VIS10+mi.png
2,3,"[0.0491, 0.1101, 0.2166, 0.1339, 0.1627, 0.1031, 0.1264, 0.0738, 0.0109, 0.0135]",0.21659311652183533,2025-04-01-16-59-16/SITE127_ORNT30_VIS4mi.png
6,5,"[0.0173, 0.0307, 0.0536, 0.0461, 0.0626, 0.1126, 0.3530, 0.1206, 0.0251, 0.1785]",0.35297921299934387,2024-12-29-16-00-12/SITE17_ORNT280_VIS6mi.png
6,9,"[0.0028, 0.0019, 0.0231, 0.0022, 0.0060, 0.0168, 0.8944, 0.0039, 0.0007, 0.0484]",0.8943504095077515,2025-05-13-14-10-59/SITE6_ORNT55_VIS10+mi.png
9,9,"[0.0198, 0.0245, 0.0659, 0.0623, 0.0272, 0.0349, 0.0392, 0.1334, 0.0394, 0.5534]",0.5534469485282898,2024-10-18-12-30-03/SITE540_ORNT256_VIS10+mi.png
2,2,"[0.0912, 0.1154, 0.1367, 0.1326, 0.1173, 0.1188, 0.1320, 0.0919, 0.0237, 0.0403]",0.13674813508987427,2024-06-13-13-46-47/SITE115_ORNT36_VIS3mi.png
4,1,"[0.0297, 0.0916, 0.1699, 0.1253, 0.1940, 0.1169, 0.1731, 0.0795, 0.0096, 0.0103]",0.19400861859321594,2024-07-05-10-36-13/SITE219_ORNT344_VIS2-5mi.png
9,8,"[0.0238, 0.0238, 0.0705, 0.0674, 0.0509, 0.0535, 0.1035, 0.1631, 0.0294, 0.4142]",0.4141845405101776,2025-03-23-13-51-54/SITE45_ORNT5_VIS9mi.png
0,3,"[0.1758, 0.1411, 0.1446, 0.1123, 0.1193, 0.0960, 0.0569, 0.0781, 0.0428, 0.0331]",0.1757836788892746,2024-04-25-17-48-06/SITE435_ORNT15_VIS4mi.png
6,4,"[0.0316, 0.0595, 0.1072, 0.1295, 0.1040, 0.1298, 0.1495, 0.1371, 0.0409, 0.1110]",0.14946748316287994,2024-07-26-10-22-16/SITE259_ORNT59_VIS5mi.png
9,5,"[0.1002, 0.0846, 0.1135, 0.1114, 0.1053, 0.0935, 0.1173, 0.0986, 0.0203, 0.1553]",0.15534117817878723,2025-03-18-13-52-55/SITE161_ORNT192_VIS6mi.png
3,4,"[0.1410, 0.1422, 0.1511, 0.1527, 0.1222, 0.0857, 0.0959, 0.0732, 0.0095, 0.0265]",0.15267999470233917,2025-03-17-19-09-03/SITE10_ORNT255_VIS5mi.png
6,6,"[0.0280, 0.0525, 0.0823, 0.0929, 0.1290, 0.1695, 0.1883, 0.1490, 0.0313, 0.0772]",0.1883445680141449,2024-10-10-15-17-15/SITE411_ORNT220_VIS7mi.png
8,7,"[0.0092, 0.0201, 0.0345, 0.0390, 0.0386, 0.0692, 0.0500, 0.1039, 0.4159, 0.2195]",0.4159327447414398,2024-07-24-16-43-44/SITE366_ORNT40_VIS8mi.png
9,3,"[0.0392, 0.0498, 0.0861, 0.0818, 0.0885, 0.0906, 0.1048, 0.1567, 0.0676, 0.2350]",0.23496113717556,2024-06-22-15-38-49/SITE117_ORNT165_VIS4mi.png
6,8,"[0.0443, 0.0716, 0.1002, 0.1058, 0.1046, 0.1296, 0.1785, 0.1404, 0.0235, 0.1016]",0.178522989153862,2025-01-26-13-23-03/SITE834_ORNT220_VIS9mi.png
3,2,"[0.0722, 0.1475, 0.1558, 0.1889, 0.1162, 0.1128, 0.1236, 0.0631, 0.0061, 0.0137]",0.18888849020004272,2024-07-14-13-28-24/SITE7_ORNT221_VIS3mi.png
0,0,"[0.2105, 0.1378, 0.1294, 0.1235, 0.0965, 0.0636, 0.1087, 0.0741, 0.0139, 0.0421]",0.2105199098587036,2024-05-08-14-34-39/SITE17_ORNT95_VIS1mi.png
2,4,"[0.1691, 0.1710, 0.1929, 0.1496, 0.1278, 0.0608, 0.0624, 0.0517, 0.0052, 0.0094]",0.19287392497062683,2025-02-15-15-20-00/SITE129_ORNT109_VIS5mi.png
0,0,"[0.2054, 0.1352, 0.1387, 0.0969, 0.1157, 0.0914, 0.0585, 0.0763, 0.0414, 0.0406]",0.20538386702537537,2025-01-31-13-49-43/SITE22_ORNT285_VIS1mi.png
3,6,"[0.0416, 0.0787, 0.1265, 0.1793, 0.0969, 0.1087, 0.1541, 0.1137, 0.0155, 0.0851]",0.1793212741613388,2024-05-23-15-19-49/SITE610_ORNT0_VIS7mi.png
3,7,"[0.1182, 0.1920, 0.1795, 0.1943, 0.1208, 0.0716, 0.0707, 0.0435, 0.0031, 0.0063]",0.19432200491428375,2024-07-28-13-48-26/SITE417_ORNT220_VIS8mi.png
8,7,"[0.0054, 0.0289, 0.0856, 0.0339, 0.0684, 0.1481, 0.1195, 0.1046, 0.3864, 0.0192]",0.3863551914691925,2025-02-17-14-46-26/SITE389_ORNT120_VIS8mi.png
0,4,"[0.1245, 0.1027, 0.1223, 0.1144, 0.1117, 0.0914, 0.0782, 0.1241, 0.0220, 0.1089]",0.12447994947433472,2024-10-13-15-24-41/SITE58_ORNT245_VIS5mi.png
2,3,"[0.1515, 0.1939, 0.2084, 0.1589, 0.1223, 0.0558, 0.0582, 0.0422, 0.0030, 0.0058]",0.20838619768619537,2024-08-10-09-44-28/SITE117_ORNT43_VIS4mi.png
6,6,"[0.0269, 0.0690, 0.1704, 0.1132, 0.1173, 0.1429, 0.2369, 0.0978, 0.0119, 0.0138]",0.23691537976264954,2024-08-16-20-03-50/SITE111_ORNT246_VIS7mi.png
2,1,"[0.0804, 0.1236, 0.1763, 0.1418, 0.1534, 0.1161, 0.1013, 0.0737, 0.0173, 0.0161]",0.17626260221004486,2024-07-25-10-00-39/SITE533_ORNT325_VIS2mi.png
2,6,"[0.1041, 0.1205, 0.1722, 0.1071, 0.1328, 0.1686, 0.0561, 0.0779, 0.0393, 0.0213]",0.17221693694591522,2024-07-29-16-41-43/SITE205_ORNT305_VIS7mi.png
9,7,"[0.0208, 0.0370, 0.0571, 0.0954, 0.0835, 0.0890, 0.1341, 0.1944, 0.0600, 0.2287]",0.22870925068855286,2025-04-13-19-09-12/SITE203_ORNT70_VIS8mi.png
2,1,"[0.1625, 0.1373, 0.1681, 0.1297, 0.1280, 0.0853, 0.0834, 0.0663, 0.0142, 0.0252]",0.1681409776210785,2025-02-17-14-46-26/SITE244_ORNT3_VIS2mi.png
2,1,"[0.1504, 0.1868, 0.2142, 0.1569, 0.1244, 0.0547, 0.0609, 0.0427, 0.0030, 0.0061]",0.21416188776493073,2024-07-04-10-22-12/SITE437_ORNT260_VIS2mi.png
3,3,"[0.0640, 0.1173, 0.1383, 0.1556, 0.1382, 0.1154, 0.1377, 0.0977, 0.0105, 0.0253]",0.15559545159339905,2024-07-01-19-28-49/SITE117_ORNT43_VIS4mi.png
3,4,"[0.1262, 0.1629, 0.1609, 0.1727, 0.1272, 0.0790, 0.0863, 0.0639, 0.0063, 0.0145]",0.17266081273555756,2024-05-01-16-21-18/SITE41_ORNT335_VIS5mi.png
1,1,"[0.1486, 0.2094, 0.1854, 0.1702, 0.1323, 0.0545, 0.0523, 0.0398, 0.0026, 0.0051]",0.2093537449836731,2024-08-15-16-44-48/SITE22_ORNT0_VIS2-5mi.png
9,7,"[0.0204, 0.0339, 0.0572, 0.0789, 0.0871, 0.0989, 0.1115, 0.1945, 0.0921, 0.2256]",0.22556650638580322,2024-06-17-10-37-40/SITE683_ORNT180_VIS8mi.png
6,4,"[0.0177, 0.0539, 0.1362, 0.0874, 0.1073, 0.1300, 0.2818, 0.1497, 0.0104, 0.0256]",0.2818065285682678,2024-08-02-13-37-25/SITE241_ORNT34_VIS5mi.png
0,1,"[0.2917, 0.1742, 0.1813, 0.1261, 0.0903, 0.0333, 0.0656, 0.0297, 0.0020, 0.0058]",0.2917138636112213,2024-08-19-19-34-52/SITE253_ORNT280_VIS2mi.png
8,1,"[0.0133, 0.0626, 0.0383, 0.0538, 0.1030, 0.1019, 0.0618, 0.0720, 0.4701, 0.0232]",0.4700808525085449,2024-06-07-11-09-12/SITE508_ORNT135_VIS2-5mi.png
9,8,"[0.0049, 0.0048, 0.0136, 0.0043, 0.0124, 0.0518, 0.0254, 0.0847, 0.3606, 0.4376]",0.4376234710216522,2025-02-15-16-53-20/SITE362_ORNT25_VIS9mi.png
9,5,"[0.0460, 0.0450, 0.0722, 0.0735, 0.0833, 0.0937, 0.0974, 0.1490, 0.0379, 0.3020]",0.3019598424434662,2024-07-23-10-10-08/SITE739_ORNT340_VIS6mi.png
9,9,"[0.0257, 0.0251, 0.0474, 0.0563, 0.0770, 0.0803, 0.0767, 0.1686, 0.0970, 0.3459]",0.34590861201286316,2025-03-01-18-07-41/SITE897_ORNT205_VIS10+mi.png
3,3,"[0.1347, 0.1561, 0.1615, 0.1638, 0.1255, 0.0859, 0.0844, 0.0643, 0.0085, 0.0154]",0.16382190585136414,2024-07-04-13-27-11/SITE420_ORNT275_VIS4mi.png
8,7,"[0.0000, 0.0010, 0.0021, 0.0068, 0.0079, 0.0272, 0.0323, 0.0765, 0.8227, 0.0235]",0.822721540927887,2025-02-14-15-24-27/SITE490_ORNT110_VIS8mi.png
2,4,"[0.1533, 0.2140, 0.2145, 0.1642, 0.1199, 0.0462, 0.0482, 0.0347, 0.0016, 0.0035]",0.21451567113399506,2024-07-25-18-03-52/SITE21_ORNT125_VIS5mi.png
7,3,"[0.0165, 0.0455, 0.0810, 0.0926, 0.1595, 0.1588, 0.1664, 0.1964, 0.0453, 0.0382]",0.19637365639209747,2024-09-20-16-20-08/SITE25_ORNT30_VIS4mi.png
3,0,"[0.1184, 0.1563, 0.1631, 0.1889, 0.1168, 0.0858, 0.0845, 0.0625, 0.0084, 0.0153]",0.18893574178218842,2024-05-23-15-19-49/SITE253_ORNT195_VIS1mi.png
8,6,"[0.0105, 0.0410, 0.1203, 0.0712, 0.1393, 0.1656, 0.0899, 0.1434, 0.2015, 0.0173]",0.2015412151813507,2025-01-15-15-33-17/SITE358_ORNT120_VIS7mi.png
8,5,"[0.0560, 0.0592, 0.0933, 0.0617, 0.1023, 0.1233, 0.0625, 0.1088, 0.1874, 0.1455]",0.18742504715919495,2025-02-11-14-30-47/SITE340_ORNT55_VIS6mi.png
8,8,"[0.0072, 0.0293, 0.0771, 0.0707, 0.0862, 0.1335, 0.1077, 0.1795, 0.2589, 0.0498]",0.2589292824268341,2024-07-02-10-19-43/SITE341_ORNT350_VIS9mi.png
0,1,"[0.2739, 0.1725, 0.1846, 0.1215, 0.0930, 0.0443, 0.0635, 0.0364, 0.0030, 0.0073]",0.2739385962486267,2024-10-11-15-41-13/SITE256_ORNT290_VIS2-5mi.png
0,4,"[0.4080, 0.1322, 0.1309, 0.0858, 0.1049, 0.0478, 0.0298, 0.0381, 0.0087, 0.0138]",0.4079844057559967,2024-12-27-14-55-32/SITE446_ORNT10_VIS5mi.png
6,7,"[0.0260, 0.0851, 0.1305, 0.1560, 0.1536, 0.1435, 0.1587, 0.1055, 0.0233, 0.0178]",0.1587362289428711,2025-01-28-16-10-28/SITE117_ORNT165_VIS8mi.png
7,4,"[0.0053, 0.0236, 0.0364, 0.0783, 0.0772, 0.0907, 0.1766, 0.3571, 0.0334, 0.1214]",0.3571399748325348,2024-08-18-19-28-16/SITE42_ORNT330_VIS5mi.png
7,6,"[0.0070, 0.0234, 0.0405, 0.0676, 0.0769, 0.0880, 0.1008, 0.2213, 0.2017, 0.1728]",0.2213178277015686,2025-03-31-15-41-11/SITE310_ORNT314_VIS7mi.png
9,6,"[0.0238, 0.0322, 0.0607, 0.0667, 0.0776, 0.0901, 0.0899, 0.1450, 0.1311, 0.2830]",0.2829570174217224,2025-02-01-17-30-02/SITE283_ORNT260_VIS7mi.png
2,6,"[0.1435, 0.1687, 0.1803, 0.1535, 0.1155, 0.0701, 0.0924, 0.0567, 0.0051, 0.0142]",0.18030999600887299,2024-08-31-14-30-34/SITE186_ORNT275_VIS7mi.png
0,0,"[0.2959, 0.1672, 0.1424, 0.1051, 0.1000, 0.0534, 0.0635, 0.0445, 0.0057, 0.0223]",0.29593169689178467,2025-02-10-14-47-56/SITE719_ORNT20_VIS1mi.png
0,3,"[0.2297, 0.1478, 0.1465, 0.1140, 0.1082, 0.0713, 0.0716, 0.0600, 0.0129, 0.0379]",0.22973079979419708,2025-02-14-15-24-27/SITE624_ORNT145_VIS4mi.png
0,1,"[0.3572, 0.1714, 0.1342, 0.0932, 0.0863, 0.0498, 0.0381, 0.0455, 0.0119, 0.0125]",0.35723429918289185,2024-12-16-12-39-30/SITE521_ORNT150_VIS2mi.png
9,0,"[0.0266, 0.0451, 0.0766, 0.0638, 0.1002, 0.1360, 0.1540, 0.1668, 0.0460, 0.1849]",0.18493211269378662,2025-04-01-16-59-16/SITE97_ORNT98_VIS1-25mi.png
7,5,"[0.0151, 0.0422, 0.0787, 0.0907, 0.0949, 0.1480, 0.1944, 0.2005, 0.0266, 0.1090]",0.20047463476657867,2024-09-29-15-43-38/SITE203_ORNT220_VIS6mi.png
7,3,"[0.0094, 0.0353, 0.0598, 0.1215, 0.1202, 0.1104, 0.1384, 0.2552, 0.0673, 0.0826]",0.2551790177822113,2024-06-10-18-34-10/SITE629_ORNT210_VIS4mi.png
1,0,"[0.1075, 0.2026, 0.1842, 0.1822, 0.1344, 0.0702, 0.0691, 0.0414, 0.0033, 0.0052]",0.20258153975009918,2025-03-31-13-29-12/SITE272_ORNT130_VIS1-75mi.png
9,7,"[0.0272, 0.0411, 0.0816, 0.0840, 0.0884, 0.1246, 0.1791, 0.1533, 0.0350, 0.1858]",0.1857900768518448,2024-08-30-17-21-54/SITE40_ORNT295_VIS8mi.png
9,9,"[0.0236, 0.0278, 0.0707, 0.0717, 0.0735, 0.1006, 0.1589, 0.1348, 0.0280, 0.3104]",0.3103516697883606,2024-12-29-16-00-12/SITE818_ORNT95_VIS10+mi.png
3,3,"[0.0458, 0.0992, 0.1141, 0.1722, 0.1309, 0.1147, 0.1542, 0.1129, 0.0196, 0.0365]",0.17218846082687378,2024-07-26-10-22-16/SITE203_ORNT70_VIS4mi.png
3,2,"[0.0816, 0.1669, 0.1617, 0.1851, 0.1344, 0.0982, 0.0979, 0.0585, 0.0079, 0.0078]",0.18511195480823517,2024-09-29-15-43-38/SITE272_ORNT325_VIS3mi.png
3,1,"[0.1225, 0.1475, 0.1525, 0.1897, 0.1143, 0.0866, 0.0865, 0.0710, 0.0109, 0.0187]",0.18970456719398499,2024-08-19-19-34-52/SITE253_ORNT195_VIS2mi.png
9,7,"[0.0809, 0.0923, 0.1251, 0.1237, 0.0904, 0.0956, 0.0730, 0.1228, 0.0510, 0.1453]",0.14529229700565338,2025-03-28-10-38-15/SITE205_ORNT230_VIS8mi.png
2,3,"[0.1144, 0.1560, 0.1817, 0.1641, 0.1268, 0.0858, 0.0952, 0.0556, 0.0071, 0.0133]",0.18174074590206146,2024-08-30-17-21-54/SITE123_ORNT67_VIS4mi.png
6,7,"[0.0287, 0.0683, 0.1012, 0.1172, 0.1311, 0.1635, 0.1798, 0.1342, 0.0271, 0.0488]",0.1798342615365982,2024-07-18-11-32-15/SITE94_ORNT280_VIS8mi.png
0,2,"[0.1849, 0.1528, 0.1561, 0.1236, 0.1073, 0.0749, 0.1039, 0.0555, 0.0098, 0.0311]",0.18494097888469696,2025-03-05-12-08-53/SITE483_ORNT275_VIS3mi.png
2,4,"[0.1501, 0.1904, 0.2176, 0.1521, 0.1272, 0.0528, 0.0591, 0.0418, 0.0029, 0.0060]",0.2175516039133072,2024-08-18-13-20-24/SITE435_ORNT235_VIS5mi.png
0,0,"[0.3309, 0.1675, 0.1408, 0.0897, 0.1042, 0.0510, 0.0391, 0.0499, 0.0076, 0.0193]",0.33093851804733276,2025-03-31-13-29-12/SITE15_ORNT90_VIS1-25mi.png
9,1,"[0.0339, 0.0455, 0.0738, 0.0903, 0.0951, 0.1002, 0.1263, 0.1618, 0.0495, 0.2236]",0.22359487414360046,2024-05-08-14-34-39/SITE735_ORNT170_VIS2mi.png
9,3,"[0.0197, 0.0261, 0.0462, 0.0420, 0.0861, 0.0883, 0.1263, 0.1529, 0.0907, 0.3218]",0.32176369428634644,2024-12-29-16-00-12/SITE164_ORNT358_VIS4mi.png
0,0,"[0.2094, 0.1582, 0.1684, 0.1485, 0.1060, 0.0588, 0.0780, 0.0537, 0.0055, 0.0134]",0.20938542485237122,2024-06-14-11-11-00/SITE209_ORNT150_VIS1-25mi.png
9,9,"[0.0280, 0.0395, 0.0872, 0.1111, 0.0618, 0.0740, 0.1196, 0.1398, 0.0251, 0.3140]",0.3139953315258026,2024-12-09-12-13-38/SITE97_ORNT200_VIS10+mi.png
6,6,"[0.0126, 0.0430, 0.0366, 0.0632, 0.1014, 0.1548, 0.3334, 0.1837, 0.0140, 0.0572]",0.333416610956192,2024-07-02-10-19-43/SITE411_ORNT75_VIS7mi.png
2,7,"[0.1545, 0.1667, 0.1793, 0.1553, 0.1186, 0.0678, 0.0807, 0.0569, 0.0052, 0.0148]",0.17933306097984314,2024-07-02-16-22-41/SITE129_ORNT109_VIS8mi.png
9,8,"[0.0539, 0.0621, 0.1007, 0.0949, 0.1101, 0.1169, 0.1543, 0.1107, 0.0304, 0.1660]",0.16597430408000946,2024-08-15-16-44-48/SITE179_ORNT108_VIS9mi.png
0,0,"[0.1823, 0.1738, 0.1357, 0.1100, 0.0991, 0.0895, 0.0412, 0.0952, 0.0419, 0.0313]",0.18233469128608704,2025-03-06-15-10-58/SITE45_ORNT290_VIS1mi.png
2,7,"[0.1376, 0.1852, 0.2013, 0.1562, 0.1266, 0.0620, 0.0704, 0.0483, 0.0043, 0.0082]",0.20125769078731537,2024-07-25-18-03-52/SITE437_ORNT260_VIS8mi.png
3,1,"[0.0799, 0.1420, 0.1546, 0.1836, 0.1332, 0.0901, 0.1173, 0.0753, 0.0058, 0.0181]",0.18364405632019043,2024-09-27-16-12-40/SITE42_ORNT205_VIS2-5mi.png
7,7,"[0.0185, 0.0481, 0.0465, 0.0547, 0.0738, 0.0968, 0.1836, 0.2188, 0.0411, 0.2180]",0.21883268654346466,2024-05-07-15-42-07/SITE575_ORNT325_VIS8mi.png
8,2,"[0.0106, 0.0345, 0.0553, 0.0825, 0.1238, 0.1758, 0.0956, 0.1260, 0.2749, 0.0209]",0.2749422788619995,2024-08-19-10-27-18/SITE322_ORNT0_VIS3mi.png
7,4,"[0.0075, 0.0408, 0.0599, 0.1945, 0.0882, 0.0885, 0.1692, 0.2284, 0.0464, 0.0764]",0.22841180860996246,2024-05-27-19-19-47/SITE735_ORNT0_VIS5mi.png
2,3,"[0.1429, 0.1608, 0.1876, 0.1547, 0.1265, 0.0728, 0.0779, 0.0582, 0.0060, 0.0125]",0.1876327246427536,2024-09-02-17-43-28/SITE209_ORNT335_VIS4mi.png
0,1,"[0.2239, 0.1759, 0.1400, 0.1494, 0.1101, 0.0656, 0.0637, 0.0510, 0.0067, 0.0137]",0.22390545904636383,2024-05-23-15-19-49/SITE203_ORNT335_VIS2mi.png
7,4,"[0.0317, 0.0755, 0.0693, 0.1027, 0.1134, 0.0917, 0.1448, 0.2069, 0.0328, 0.1313]",0.20694586634635925,2024-08-11-09-28-59/SITE581_ORNT350_VIS5mi.png
0,9,"[0.3153, 0.1432, 0.1461, 0.1015, 0.1048, 0.0690, 0.0169, 0.0758, 0.0203, 0.0071]",0.31526732444763184,2025-02-15-15-20-00/SITE193_ORNT5_VIS10+mi.png
8,8,"[0.0036, 0.0042, 0.0068, 0.0038, 0.0310, 0.0598, 0.0204, 0.0333, 0.6483, 0.1888]",0.6482698917388916,2024-06-14-11-11-00/SITE528_ORNT310_VIS9mi.png
9,7,"[0.0368, 0.0491, 0.0879, 0.0849, 0.0857, 0.1009, 0.1332, 0.1440, 0.0364, 0.2412]",0.24116069078445435,2025-02-04-15-47-48/SITE268_ORNT45_VIS8mi.png
0,0,"[0.3733, 0.1541, 0.1216, 0.0867, 0.0725, 0.0395, 0.0717, 0.0486, 0.0119, 0.0201]",0.37326210737228394,2025-04-16-13-54-24/SITE9_ORNT200_VIS1-75mi.png
8,4,"[0.0078, 0.0200, 0.0385, 0.0446, 0.0825, 0.0924, 0.0672, 0.1587, 0.3239, 0.1645]",0.32387030124664307,2024-06-03-13-44-33/SITE327_ORNT145_VIS5mi.png
6,8,"[0.0347, 0.0783, 0.1058, 0.1508, 0.1200, 0.0968, 0.2278, 0.1004, 0.0453, 0.0402]",0.2278185486793518,2025-02-15-15-20-00/SITE65_ORNT234_VIS9mi.png
9,7,"[0.0310, 0.0284, 0.0624, 0.0753, 0.0650, 0.0722, 0.0962, 0.1573, 0.0319, 0.3804]",0.38038963079452515,2025-02-11-14-30-47/SITE268_ORNT355_VIS8mi.png
7,8,"[0.0319, 0.0556, 0.0834, 0.0804, 0.1097, 0.1456, 0.1416, 0.1509, 0.0681, 0.1326]",0.1508968472480774,2024-05-28-11-05-32/SITE309_ORNT130_VIS9mi.png
0,1,"[0.4117, 0.1612, 0.1154, 0.0962, 0.0643, 0.0281, 0.0710, 0.0374, 0.0046, 0.0102]",0.4116884469985962,2025-02-05-13-59-56/SITE43_ORNT190_VIS2mi.png
9,9,"[0.0237, 0.0306, 0.0523, 0.0481, 0.0662, 0.0855, 0.0962, 0.1533, 0.1104, 0.3335]",0.3334910571575165,2025-03-29-15-28-57/SITE582_ORNT345_VIS10+mi.png
4,7,"[0.0798, 0.0991, 0.1339, 0.1184, 0.1362, 0.1231, 0.1097, 0.1163, 0.0386, 0.0450]",0.13618962466716766,2024-07-23-10-10-08/SITE404_ORNT350_VIS8mi.png
3,6,"[0.0362, 0.0837, 0.0844, 0.1649, 0.1134, 0.1036, 0.1623, 0.1646, 0.0209, 0.0660]",0.16489827632904053,2025-03-15-15-41-34/SITE735_ORNT75_VIS7mi.png
6,8,"[0.0391, 0.0773, 0.1016, 0.1274, 0.1245, 0.1419, 0.1751, 0.1407, 0.0193, 0.0530]",0.17513124644756317,2025-03-02-13-12-40/SITE53_ORNT223_VIS9mi.png
9,9,"[0.0078, 0.0098, 0.0119, 0.0044, 0.0217, 0.0658, 0.0453, 0.1605, 0.1659, 0.5069]",0.5068522095680237,2025-04-07-16-10-10/SITE539_ORNT40_VIS10+mi.png
1,0,"[0.1675, 0.1715, 0.1582, 0.1614, 0.1129, 0.0732, 0.0771, 0.0568, 0.0057, 0.0158]",0.17146137356758118,2024-07-28-13-48-26/SITE13_ORNT85_VIS1-25mi.png
2,6,"[0.1024, 0.1666, 0.1732, 0.1668, 0.1395, 0.0806, 0.0925, 0.0608, 0.0072, 0.0104]",0.17323020100593567,2024-09-08-16-00-24/SITE15_ORNT90_VIS7mi.png
0,6,"[0.1811, 0.1532, 0.1407, 0.1321, 0.1193, 0.0782, 0.0652, 0.0796, 0.0186, 0.0319]",0.18106013536453247,2024-12-16-12-39-30/SITE721_ORNT140_VIS7mi.png
6,3,"[0.0294, 0.0828, 0.1072, 0.1249, 0.1416, 0.1448, 0.2078, 0.1273, 0.0154, 0.0187]",0.20783203840255737,2024-08-31-14-30-34/SITE194_ORNT237_VIS4mi.png
8,8,"[0.0000, 0.0001, 0.0014, 0.0001, 0.0032, 0.0287, 0.0841, 0.0040, 0.8776, 0.0007]",0.8776443600654602,2024-06-16-19-09-40/SITE424_ORNT180_VIS9mi.png
6,0,"[0.0731, 0.0837, 0.1192, 0.1117, 0.1159, 0.1139, 0.1640, 0.1196, 0.0178, 0.0811]",0.16395846009254456,2025-01-31-13-49-43/SITE178_ORNT300_VIS1-25mi.png
0,7,"[0.1767, 0.1539, 0.1692, 0.1572, 0.1082, 0.0552, 0.1002, 0.0604, 0.0044, 0.0145]",0.176723450422287,2024-08-26-16-02-03/SITE43_ORNT270_VIS8mi.png
9,9,"[0.0131, 0.0129, 0.0209, 0.0076, 0.0254, 0.0957, 0.0568, 0.1129, 0.2106, 0.4439]",0.4439126253128052,2025-03-11-17-13-52/SITE813_ORNT15_VIS10+mi.png
5,5,"[0.0056, 0.0074, 0.0093, 0.0504, 0.1084, 0.5372, 0.2246, 0.0250, 0.0056, 0.0266]",0.5372321605682373,2025-02-15-15-20-00/SITE22_ORNT0_VIS6mi.png
0,6,"[0.3611, 0.1471, 0.1141, 0.1004, 0.0583, 0.0238, 0.1349, 0.0394, 0.0044, 0.0164]",0.36113929748535156,2025-04-13-19-09-12/SITE43_ORNT190_VIS7mi.png
1,3,"[0.1029, 0.1871, 0.1714, 0.1476, 0.1138, 0.0725, 0.0920, 0.0738, 0.0165, 0.0224]",0.1870664805173874,2024-10-14-13-08-27/SITE598_ORNT90_VIS4mi.png
0,4,"[0.1933, 0.1791, 0.1722, 0.1562, 0.1133, 0.0640, 0.0579, 0.0501, 0.0047, 0.0092]",0.19330143928527832,2024-08-30-10-00-55/SITE25_ORNT30_VIS5mi.png
9,7,"[0.0223, 0.0306, 0.0617, 0.0465, 0.0648, 0.0629, 0.0888, 0.1874, 0.0667, 0.3681]",0.3680907189846039,2024-12-29-16-00-12/SITE808_ORNT135_VIS8mi.png
0,0,"[0.2466, 0.1125, 0.1503, 0.0922, 0.1354, 0.0831, 0.0479, 0.0701, 0.0267, 0.0351]",0.24655558168888092,2025-02-16-12-49-10/SITE593_ORNT10_VIS1-5mi.png
8,8,"[0.0025, 0.0130, 0.0303, 0.0198, 0.0462, 0.0843, 0.1206, 0.0841, 0.5599, 0.0394]",0.5599121451377869,2025-03-01-18-07-41/SITE360_ORNT310_VIS9mi.png
6,6,"[0.0172, 0.0226, 0.0523, 0.0319, 0.0572, 0.1354, 0.4633, 0.0864, 0.0156, 0.1179]",0.46334755420684814,2024-12-20-15-16-09/SITE760_ORNT310_VIS7mi.png
2,1,"[0.1185, 0.1136, 0.1398, 0.1122, 0.1298, 0.1045, 0.0712, 0.0974, 0.0589, 0.0541]",0.1397663652896881,2025-02-04-15-47-48/SITE219_ORNT264_VIS2-5mi.png
3,5,"[0.0642, 0.1333, 0.1404, 0.1993, 0.1496, 0.0681, 0.1379, 0.0721, 0.0194, 0.0158]",0.19926336407661438,2024-06-29-15-18-41/SITE19_ORNT60_VIS6mi.png
9,0,"[0.0119, 0.0364, 0.0325, 0.0740, 0.0664, 0.0746, 0.1221, 0.2518, 0.0744, 0.2558]",0.2558499872684479,2024-07-01-19-28-49/SITE239_ORNT110_VIS1-5mi.png
3,9,"[0.0561, 0.1017, 0.1199, 0.1514, 0.1446, 0.1042, 0.1353, 0.1039, 0.0310, 0.0519]",0.1513546109199524,2024-12-17-16-15-56/SITE69_ORNT39_VIS10+mi.png
8,8,"[0.0169, 0.0342, 0.0612, 0.0317, 0.0870, 0.1506, 0.1245, 0.1029, 0.3486, 0.0424]",0.34861525893211365,2025-02-10-14-47-56/SITE477_ORNT160_VIS9mi.png
9,7,"[0.0154, 0.0307, 0.0444, 0.0351, 0.0650, 0.1016, 0.2312, 0.1595, 0.0276, 0.2895]",0.28947317600250244,2024-05-13-18-48-49/SITE575_ORNT325_VIS8mi.png
3,6,"[0.1000, 0.1318, 0.1496, 0.1547, 0.1193, 0.1102, 0.1026, 0.0819, 0.0216, 0.0284]",0.15466497838497162,2025-02-19-12-18-05/SITE276_ORNT225_VIS7mi.png
4,2,"[0.0234, 0.0719, 0.1202, 0.1573, 0.1760, 0.1147, 0.1576, 0.1111, 0.0517, 0.0163]",0.17600709199905396,2024-08-19-10-27-18/SITE411_ORNT220_VIS3mi.png
6,2,"[0.0638, 0.0939, 0.1319, 0.1242, 0.1140, 0.1283, 0.1505, 0.1119, 0.0219, 0.0594]",0.15054811537265778,2025-04-22-15-39-35/SITE602_ORNT270_VIS3mi.png
0,0,"[0.3577, 0.1700, 0.1429, 0.0955, 0.0916, 0.0441, 0.0373, 0.0439, 0.0064, 0.0108]",0.3577081561088562,2025-02-14-15-24-27/SITE230_ORNT214_VIS1-75mi.png
8,8,"[0.0001, 0.0023, 0.0066, 0.0135, 0.0178, 0.0505, 0.0366, 0.1049, 0.7554, 0.0124]",0.7553751468658447,2024-06-29-15-18-41/SITE345_ORNT225_VIS9mi.png
3,2,"[0.0611, 0.1179, 0.1387, 0.1772, 0.1384, 0.1054, 0.1358, 0.0929, 0.0078, 0.0249]",0.17721541225910187,2025-04-01-16-59-16/SITE18_ORNT135_VIS3mi.png
2,2,"[0.0782, 0.1266, 0.1671, 0.1383, 0.1346, 0.1240, 0.1063, 0.0820, 0.0220, 0.0209]",0.16705824434757233,2024-05-30-17-47-26/SITE394_ORNT180_VIS3mi.png
6,2,"[0.0458, 0.0925, 0.1068, 0.1501, 0.1380, 0.1252, 0.1563, 0.1189, 0.0188, 0.0475]",0.15629728138446808,2024-06-13-13-46-47/SITE115_ORNT287_VIS3mi.png
8,1,"[0.0402, 0.0713, 0.1359, 0.0817, 0.1406, 0.1488, 0.0756, 0.1059, 0.1685, 0.0316]",0.16852042078971863,2024-07-18-14-04-18/SITE397_ORNT345_VIS2-25mi.png
9,9,"[0.0265, 0.0187, 0.0375, 0.0458, 0.0707, 0.0752, 0.0777, 0.1546, 0.0407, 0.4525]",0.45247912406921387,2025-03-05-12-08-53/SITE722_ORNT15_VIS10+mi.png
9,9,"[0.0198, 0.0232, 0.0448, 0.0762, 0.1086, 0.1106, 0.1174, 0.1881, 0.0362, 0.2752]",0.27523112297058105,2025-04-13-19-09-12/SITE111_ORNT61_VIS10+mi.png
8,8,"[0.0166, 0.0230, 0.0483, 0.0094, 0.0539, 0.2477, 0.1107, 0.0778, 0.3529, 0.0597]",0.352912962436676,2024-08-02-10-36-13/SITE332_ORNT315_VIS9mi.png
8,5,"[0.0166, 0.0271, 0.1875, 0.0106, 0.0326, 0.1497, 0.0739, 0.0415, 0.4491, 0.0115]",0.44908586144447327,2024-12-23-15-38-40/SITE355_ORNT70_VIS6mi.png
0,4,"[0.3516, 0.1733, 0.1438, 0.0887, 0.0898, 0.0503, 0.0336, 0.0472, 0.0095, 0.0122]",0.35157158970832825,2025-02-02-12-13-03/SITE520_ORNT180_VIS5mi.png
6,4,"[0.0254, 0.0498, 0.0606, 0.0783, 0.1065, 0.1386, 0.1941, 0.1937, 0.0298, 0.1233]",0.19408182799816132,2024-08-11-09-28-59/SITE569_ORNT54_VIS5mi.png
2,0,"[0.0781, 0.0902, 0.1415, 0.0823, 0.1248, 0.1319, 0.1186, 0.1041, 0.0465, 0.0820]",0.14147768914699554,2024-12-09-12-13-38/SITE36_ORNT80_VIS1-25mi.png
4,4,"[0.0380, 0.0980, 0.1698, 0.1449, 0.1736, 0.1180, 0.1457, 0.0863, 0.0111, 0.0144]",0.17357856035232544,2025-04-16-13-54-24/SITE807_ORNT90_VIS5mi.png
3,6,"[0.1499, 0.1776, 0.1572, 0.1810, 0.1189, 0.0769, 0.0647, 0.0560, 0.0073, 0.0104]",0.18096822500228882,2024-07-14-13-28-24/SITE48_ORNT275_VIS7mi.png
5,5,"[0.0053, 0.0170, 0.0184, 0.0882, 0.1809, 0.3460, 0.2279, 0.0887, 0.0110, 0.0166]",0.3460138142108917,2024-09-15-16-06-51/SITE19_ORNT170_VIS6mi.png
5,9,"[0.0109, 0.0187, 0.0276, 0.0509, 0.0792, 0.2398, 0.2294, 0.1532, 0.0263, 0.1641]",0.23976224660873413,2025-03-18-13-52-55/SITE212_ORNT170_VIS10+mi.png
4,5,"[0.0427, 0.0692, 0.1229, 0.0880, 0.1599, 0.1562, 0.0951, 0.1259, 0.0934, 0.0468]",0.15985023975372314,2024-07-25-18-03-52/SITE327_ORNT145_VIS6mi.png
8,9,"[0.0001, 0.0020, 0.0023, 0.0092, 0.0046, 0.0133, 0.0079, 0.0500, 0.7389, 0.1717]",0.7389464378356934,2024-08-01-13-32-05/SITE512_ORNT90_VIS15mi.png
6,9,"[0.0436, 0.0732, 0.0953, 0.1269, 0.1302, 0.1363, 0.1630, 0.1403, 0.0227, 0.0685]",0.16299505531787872,2025-03-20-11-55-50/SITE69_ORNT315_VIS10+mi.png
9,4,"[0.0536, 0.0555, 0.0866, 0.0758, 0.0807, 0.0756, 0.0736, 0.1400, 0.0729, 0.2858]",0.28576481342315674,2025-03-05-12-08-53/SITE620_ORNT30_VIS5mi.png
7,9,"[0.0154, 0.0333, 0.0479, 0.0764, 0.0960, 0.1080, 0.1538, 0.2492, 0.0564, 0.1636]",0.24921485781669617,2025-03-31-13-29-12/SITE578_ORNT230_VIS10+mi.png
8,8,"[0.0038, 0.0133, 0.0389, 0.0624, 0.0426, 0.0606, 0.0532, 0.1319, 0.4307, 0.1626]",0.4307185113430023,2024-07-27-10-27-08/SITE486_ORNT0_VIS9mi.png
3,6,"[0.0297, 0.0709, 0.0982, 0.1731, 0.1145, 0.1143, 0.1642, 0.1371, 0.0288, 0.0693]",0.17308837175369263,2024-07-23-13-08-12/SITE595_ORNT270_VIS7mi.png
8,8,"[0.0228, 0.0732, 0.1034, 0.0774, 0.1168, 0.1298, 0.0869, 0.0910, 0.2662, 0.0325]",0.2662406265735626,2025-04-10-17-56-44/SITE522_ORNT270_VIS9mi.png
7,7,"[0.0133, 0.0349, 0.0386, 0.0732, 0.0748, 0.1096, 0.1485, 0.2209, 0.1037, 0.1825]",0.2209092229604721,2024-06-07-15-28-05/SITE18_ORNT210_VIS8mi.png
6,6,"[0.0310, 0.0531, 0.0778, 0.0760, 0.1083, 0.1332, 0.1697, 0.1683, 0.0320, 0.1506]",0.16968674957752228,2025-04-01-16-59-16/SITE897_ORNT300_VIS7mi.png
2,5,"[0.1350, 0.1239, 0.1546, 0.1046, 0.1161, 0.1347, 0.0409, 0.0836, 0.0788, 0.0278]",0.15456132590770721,2025-02-04-15-47-48/SITE725_ORNT295_VIS6mi.png
6,3,"[0.0375, 0.0718, 0.1243, 0.1456, 0.1015, 0.1114, 0.1573, 0.1314, 0.0238, 0.0955]",0.1572573482990265,2024-10-07-12-00-07/SITE595_ORNT100_VIS4mi.png
6,7,"[0.0326, 0.0519, 0.1008, 0.0897, 0.1026, 0.1356, 0.2457, 0.1083, 0.0135, 0.1194]",0.2456856369972229,2025-02-10-14-47-56/SITE128_ORNT303_VIS8mi.png
9,3,"[0.0818, 0.0967, 0.1020, 0.1087, 0.1004, 0.1020, 0.0699, 0.1194, 0.0953, 0.1238]",0.1237763985991478,2025-03-23-13-51-54/SITE29_ORNT350_VIS4mi.png
9,5,"[0.0149, 0.0210, 0.0340, 0.0521, 0.0829, 0.0987, 0.1152, 0.2142, 0.0581, 0.3089]",0.30887919664382935,2024-08-02-13-37-25/SITE581_ORNT350_VIS6mi.png
0,0,"[0.1871, 0.1387, 0.1614, 0.1057, 0.1261, 0.0766, 0.0915, 0.0578, 0.0140, 0.0413]",0.1870768666267395,2025-01-31-13-49-43/SITE658_ORNT260_VIS1mi.png
3,2,"[0.0852, 0.1549, 0.1654, 0.1668, 0.1364, 0.1033, 0.1037, 0.0624, 0.0095, 0.0123]",0.16682526469230652,2025-01-23-15-05-27/SITE19_ORNT170_VIS3mi.png
9,9,"[0.0240, 0.0203, 0.0670, 0.0409, 0.0620, 0.0779, 0.1370, 0.1268, 0.0262, 0.4178]",0.4177911877632141,2025-01-28-16-10-28/SITE80_ORNT274_VIS10+mi.png
9,6,"[0.0391, 0.0670, 0.0821, 0.0790, 0.0941, 0.1102, 0.1681, 0.1418, 0.0328, 0.1857]",0.18569187819957733,2024-07-20-15-11-13/SITE543_ORNT126_VIS7mi.png
0,5,"[0.2424, 0.1738, 0.1328, 0.1113, 0.1128, 0.0651, 0.0542, 0.0625, 0.0106, 0.0345]",0.24242517352104187,2025-02-17-14-46-26/SITE33_ORNT350_VIS6mi.png
5,7,"[0.0486, 0.0694, 0.2032, 0.0389, 0.0794, 0.2185, 0.0774, 0.0641, 0.1816, 0.0188]",0.21851955354213715,2024-06-07-11-09-12/SITE397_ORNT270_VIS8mi.png
9,9,"[0.0116, 0.0122, 0.0240, 0.0174, 0.0355, 0.0441, 0.0722, 0.1717, 0.0447, 0.5668]",0.5667502880096436,2025-03-26-14-35-40/SITE570_ORNT52_VIS10+mi.png
7,8,"[0.0114, 0.0333, 0.0661, 0.0638, 0.0960, 0.1508, 0.1649, 0.1742, 0.1587, 0.0807]",0.17419935762882233,2024-07-26-10-22-16/SITE477_ORNT160_VIS9mi.png
0,1,"[0.3996, 0.1801, 0.1250, 0.0704, 0.0799, 0.0459, 0.0138, 0.0585, 0.0149, 0.0119]",0.39955854415893555,2025-03-01-18-07-41/SITE207_ORNT235_VIS2mi.png
9,4,"[0.0283, 0.0253, 0.0687, 0.0582, 0.0665, 0.0739, 0.1228, 0.1245, 0.0289, 0.4030]",0.4029512405395508,2025-03-26-14-35-40/SITE22_ORNT190_VIS5mi.png
7,7,"[0.0167, 0.0416, 0.0637, 0.1299, 0.0964, 0.0996, 0.1443, 0.2311, 0.0365, 0.1403]",0.23109255731105804,2025-04-02-15-05-32/SITE439_ORNT350_VIS8mi.png
9,7,"[0.0194, 0.0265, 0.0358, 0.0765, 0.0722, 0.1227, 0.0874, 0.2253, 0.0983, 0.2360]",0.23600050806999207,2024-05-14-16-18-20/SITE629_ORNT210_VIS8mi.png
3,4,"[0.0707, 0.1325, 0.1449, 0.1663, 0.1419, 0.1064, 0.1279, 0.0798, 0.0098, 0.0198]",0.16630850732326508,2024-05-09-16-15-37/SITE418_ORNT195_VIS5mi.png
9,9,"[0.0138, 0.0188, 0.0441, 0.0383, 0.0566, 0.0609, 0.1726, 0.1581, 0.0186, 0.4183]",0.41830602288246155,2025-03-26-12-24-08/SITE443_ORNT275_VIS10+mi.png
7,6,"[0.0106, 0.0237, 0.0405, 0.0434, 0.0699, 0.1419, 0.1827, 0.2467, 0.0406, 0.2000]",0.24673938751220703,2024-07-26-10-22-16/SITE584_ORNT225_VIS7mi.png
0,2,"[0.1549, 0.1317, 0.1356, 0.1091, 0.1298, 0.0939, 0.0672, 0.0821, 0.0420, 0.0538]",0.1549147665500641,2025-03-31-13-29-12/SITE446_ORNT230_VIS3mi.png
6,9,"[0.0280, 0.0377, 0.0770, 0.0729, 0.1586, 0.1908, 0.2441, 0.0530, 0.0023, 0.1356]",0.24409230053424835,2025-02-04-15-47-48/SITE73_ORNT20_VIS10+mi.png
2,4,"[0.0922, 0.1480, 0.1885, 0.1547, 0.1497, 0.0916, 0.0902, 0.0632, 0.0099, 0.0120]",0.18847182393074036,2024-07-05-14-33-31/SITE86_ORNT239_VIS5mi.png
2,0,"[0.1667, 0.1814, 0.1955, 0.1561, 0.1246, 0.0569, 0.0611, 0.0469, 0.0034, 0.0074]",0.19548414647579193,2024-07-05-10-36-13/SITE41_ORNT170_VIS1-5mi.png
5,4,"[0.0697, 0.0770, 0.1259, 0.0924, 0.1096, 0.1275, 0.1140, 0.1244, 0.0412, 0.1182]",0.12753048539161682,2025-03-04-14-20-15/SITE205_ORNT230_VIS5mi.png
4,2,"[0.0482, 0.1229, 0.1553, 0.1652, 0.1717, 0.1054, 0.1278, 0.0774, 0.0127, 0.0133]",0.17171049118041992,2024-09-07-11-42-21/SITE421_ORNT240_VIS3mi.png
8,8,"[0.0007, 0.0053, 0.0132, 0.0081, 0.0300, 0.0557, 0.0536, 0.0629, 0.7457, 0.0249]",0.7456583976745605,2024-10-06-14-34-22/SITE360_ORNT310_VIS9mi.png
6,6,"[0.0136, 0.0504, 0.0598, 0.0851, 0.1179, 0.2058, 0.2379, 0.1862, 0.0175, 0.0258]",0.23787860572338104,2024-07-24-16-43-44/SITE747_ORNT315_VIS7mi.png
8,8,"[0.0143, 0.0477, 0.0993, 0.0801, 0.1491, 0.1716, 0.0862, 0.1366, 0.1996, 0.0156]",0.1996450275182724,2024-05-23-15-19-49/SITE506_ORNT90_VIS9mi.png
6,8,"[0.0429, 0.0820, 0.1110, 0.1368, 0.1419, 0.1357, 0.1545, 0.1295, 0.0211, 0.0446]",0.1544785499572754,2024-07-26-10-22-16/SITE435_ORNT170_VIS9mi.png
9,4,"[0.0228, 0.0299, 0.0706, 0.0478, 0.0505, 0.0825, 0.0616, 0.1510, 0.1528, 0.3304]",0.33036008477211,2025-01-15-12-14-16/SITE557_ORNT191_VIS5mi.png
6,3,"[0.0752, 0.1280, 0.1303, 0.1655, 0.0941, 0.1008, 0.1892, 0.0796, 0.0046, 0.0327]",0.18920397758483887,2024-05-08-14-34-39/SITE616_ORNT270_VIS4mi.png
2,2,"[0.1589, 0.1827, 0.2051, 0.1502, 0.1298, 0.0541, 0.0693, 0.0388, 0.0022, 0.0088]",0.20505118370056152,2024-07-04-10-22-12/SITE198_ORNT248_VIS3mi.png
8,8,"[0.0003, 0.0025, 0.0085, 0.0090, 0.0017, 0.0093, 0.0027, 0.0087, 0.7803, 0.1770]",0.7803330421447754,2024-06-29-10-50-12/SITE330_ORNT215_VIS9mi.png
4,2,"[0.0493, 0.0702, 0.0879, 0.1542, 0.2022, 0.1556, 0.1072, 0.0952, 0.0295, 0.0488]",0.20222292840480804,2024-07-25-10-00-39/SITE331_ORNT135_VIS3mi.png
9,9,"[0.0105, 0.0223, 0.0439, 0.0671, 0.0670, 0.0698, 0.1494, 0.2280, 0.0338, 0.3082]",0.3082362115383148,2025-04-10-17-56-44/SITE606_ORNT180_VIS10+mi.png
8,7,"[0.0001, 0.0011, 0.0036, 0.0026, 0.0107, 0.0377, 0.0728, 0.0263, 0.8363, 0.0088]",0.836264431476593,2025-01-31-13-49-43/SITE389_ORNT120_VIS8mi.png
3,1,"[0.0971, 0.1433, 0.1620, 0.1671, 0.1400, 0.1027, 0.0900, 0.0699, 0.0132, 0.0147]",0.16711902618408203,2024-05-07-15-42-07/SITE40_ORNT295_VIS2mi.png
9,1,"[0.0177, 0.0203, 0.0396, 0.0456, 0.0686, 0.0862, 0.1310, 0.1710, 0.0456, 0.3744]",0.3744361400604248,2024-08-01-13-32-05/SITE575_ORNT85_VIS2-5mi.png
7,5,"[0.0109, 0.0386, 0.0484, 0.0801, 0.1115, 0.1224, 0.2385, 0.2504, 0.0203, 0.0787]",0.25039732456207275,2024-07-24-16-43-44/SITE15_ORNT90_VIS6mi.png
6,9,"[0.0104, 0.0351, 0.0395, 0.0590, 0.0891, 0.1858, 0.2422, 0.2039, 0.0454, 0.0897]",0.24215470254421234,2024-10-13-15-24-41/SITE583_ORNT165_VIS10+mi.png
5,9,"[0.0167, 0.0561, 0.1470, 0.0361, 0.0705, 0.1776, 0.1474, 0.1267, 0.1377, 0.0840]",0.17764370143413544,2024-10-13-15-24-41/SITE540_ORNT178_VIS10+mi.png
7,6,"[0.0210, 0.0415, 0.0677, 0.0947, 0.1132, 0.1336, 0.1628, 0.1820, 0.0541, 0.1293]",0.18199077248573303,2024-05-27-19-19-47/SITE411_ORNT220_VIS7mi.png
2,2,"[0.0800, 0.1025, 0.1484, 0.1346, 0.1309, 0.1172, 0.1224, 0.0927, 0.0210, 0.0503]",0.14840483665466309,2024-06-09-10-51-06/SITE179_ORNT185_VIS3mi.png
7,5,"[0.0335, 0.0483, 0.0741, 0.0662, 0.1120, 0.1347, 0.1257, 0.1552, 0.0998, 0.1503]",0.15524527430534363,2025-02-11-14-30-47/SITE340_ORNT330_VIS6mi.png
3,1,"[0.0825, 0.1579, 0.1569, 0.1787, 0.1536, 0.0895, 0.0970, 0.0635, 0.0108, 0.0097]",0.17874382436275482,2024-08-01-10-54-34/SITE239_ORNT110_VIS2mi.png
0,0,"[0.2182, 0.1615, 0.1326, 0.1147, 0.0986, 0.0870, 0.0421, 0.0950, 0.0251, 0.0252]",0.21823416650295258,2025-04-14-19-44-02/SITE76_ORNT147_VIS1-5mi.png
9,7,"[0.0342, 0.0459, 0.0676, 0.0639, 0.0635, 0.1058, 0.1086, 0.1439, 0.1452, 0.2214]",0.22140729427337646,2025-03-23-13-51-54/SITE10_ORNT255_VIS8mi.png
9,9,"[0.0216, 0.0494, 0.0515, 0.0793, 0.0609, 0.0886, 0.1108, 0.1718, 0.1387, 0.2275]",0.22749240696430206,2025-03-26-14-35-40/SITE571_ORNT224_VIS10+mi.png
3,5,"[0.0434, 0.1197, 0.1341, 0.1886, 0.1582, 0.1292, 0.1327, 0.0705, 0.0141, 0.0094]",0.18858416378498077,2025-03-04-14-20-15/SITE22_ORNT285_VIS6mi.png
0,0,"[0.3279, 0.1715, 0.1481, 0.0927, 0.0918, 0.0517, 0.0321, 0.0567, 0.0146, 0.0128]",0.32793891429901123,2024-12-29-16-00-12/SITE259_ORNT59_VIS1mi.png
6,5,"[0.0055, 0.0239, 0.0261, 0.0405, 0.0711, 0.1770, 0.2738, 0.2561, 0.0204, 0.1056]",0.2738246023654938,2025-03-02-13-12-40/SITE203_ORNT220_VIS6mi.png
0,5,"[0.1493, 0.1333, 0.1455, 0.1246, 0.1113, 0.0870, 0.0825, 0.0858, 0.0216, 0.0591]",0.14932626485824585,2024-12-17-16-15-56/SITE561_ORNT145_VIS6mi.png
0,3,"[0.2176, 0.1481, 0.1478, 0.1293, 0.0991, 0.0750, 0.0804, 0.0643, 0.0169, 0.0215]",0.21763351559638977,2025-04-07-16-10-10/SITE314_ORNT35_VIS4mi.png
6,5,"[0.0226, 0.0502, 0.0846, 0.0599, 0.0897, 0.1655, 0.2237, 0.1694, 0.0329, 0.1015]",0.22367648780345917,2024-10-13-12-27-42/SITE747_ORNT0_VIS6mi.png
8,4,"[0.0202, 0.0544, 0.1136, 0.0886, 0.1233, 0.1488, 0.1004, 0.1458, 0.1640, 0.0408]",0.16401053965091705,2024-07-24-16-43-44/SITE612_ORNT300_VIS5mi.png
0,6,"[0.1543, 0.1200, 0.1389, 0.1039, 0.1106, 0.0895, 0.0578, 0.1020, 0.0491, 0.0738]",0.15431195497512817,2025-03-02-13-12-40/SITE98_ORNT80_VIS7mi.png
0,4,"[0.2433, 0.1538, 0.1552, 0.1218, 0.1051, 0.0726, 0.0613, 0.0574, 0.0151, 0.0144]",0.24328765273094177,2025-01-15-12-14-16/SITE358_ORNT290_VIS5mi.png
8,8,"[0.0001, 0.0011, 0.0025, 0.0052, 0.0060, 0.0252, 0.0104, 0.0503, 0.8024, 0.0968]",0.8023695349693298,2024-08-11-13-07-09/SITE471_ORNT90_VIS9mi.png
9,4,"[0.0243, 0.0262, 0.0474, 0.0433, 0.0636, 0.0815, 0.0990, 0.1644, 0.0413, 0.4090]",0.4090360701084137,2024-05-07-15-42-07/SITE580_ORNT65_VIS5mi.png
6,0,"[0.0500, 0.0909, 0.1174, 0.1389, 0.1221, 0.1316, 0.1629, 0.1208, 0.0179, 0.0474]",0.16294126212596893,2024-12-23-15-38-40/SITE119_ORNT13_VIS1-5mi.png
4,4,"[0.0958, 0.0920, 0.1098, 0.0986, 0.1202, 0.1199, 0.0860, 0.1133, 0.0690, 0.0954]",0.12019552290439606,2025-02-01-17-30-02/SITE722_ORNT255_VIS5mi.png
7,5,"[0.0018, 0.0143, 0.0105, 0.0285, 0.0338, 0.0456, 0.2869, 0.3909, 0.0064, 0.1812]",0.39094534516334534,2024-07-04-13-27-11/SITE446_ORNT101_VIS6mi.png
8,8,"[0.0007, 0.0039, 0.0218, 0.0071, 0.0186, 0.0343, 0.0288, 0.0396, 0.8234, 0.0219]",0.8233770132064819,2024-05-07-15-42-07/SITE401_ORNT350_VIS9mi.png
1,2,"[0.1148, 0.2110, 0.1909, 0.1817, 0.1370, 0.0577, 0.0600, 0.0392, 0.0036, 0.0041]",0.2110266089439392,2024-08-18-13-20-24/SITE33_ORNT90_VIS3mi.png
8,8,"[0.0098, 0.0367, 0.0890, 0.0527, 0.1252, 0.1489, 0.0792, 0.1146, 0.3248, 0.0192]",0.32476210594177246,2024-06-03-13-44-33/SITE477_ORNT340_VIS9mi.png
0,1,"[0.2267, 0.1921, 0.1551, 0.1209, 0.0949, 0.0710, 0.0364, 0.0717, 0.0168, 0.0143]",0.22671040892601013,2024-05-23-15-19-49/SITE36_ORNT350_VIS2mi.png
6,6,"[0.0005, 0.0007, 0.0013, 0.0004, 0.0004, 0.0031, 0.9890, 0.0006, 0.0000, 0.0040]",0.9889574646949768,2025-03-31-15-41-11/SITE760_ORNT255_VIS7mi.png
7,7,"[0.0019, 0.0059, 0.0044, 0.0204, 0.0687, 0.0700, 0.0762, 0.3627, 0.0460, 0.3439]",0.3626628518104553,2024-07-30-14-06-06/SITE735_ORNT75_VIS8mi.png
2,5,"[0.1590, 0.1738, 0.1847, 0.1609, 0.1170, 0.0644, 0.0731, 0.0530, 0.0042, 0.0100]",0.18472781777381897,2024-07-04-10-22-12/SITE241_ORNT120_VIS6mi.png
9,3,"[0.0178, 0.0373, 0.0625, 0.0716, 0.0800, 0.1047, 0.1986, 0.1986, 0.0217, 0.2072]",0.20719286799430847,2024-08-18-13-20-24/SITE241_ORNT34_VIS4mi.png
6,7,"[0.0181, 0.0447, 0.0564, 0.0763, 0.1012, 0.1867, 0.2516, 0.1767, 0.0194, 0.0690]",0.2515571415424347,2024-07-24-16-43-44/SITE583_ORNT165_VIS8mi.png
9,7,"[0.0184, 0.0341, 0.0657, 0.1062, 0.0741, 0.0882, 0.1244, 0.1780, 0.0509, 0.2600]",0.26004287600517273,2025-03-04-14-20-15/SITE78_ORNT322_VIS8mi.png
0,0,"[0.2212, 0.1501, 0.1551, 0.1307, 0.0996, 0.0616, 0.0955, 0.0564, 0.0067, 0.0232]",0.22117498517036438,2025-03-17-19-09-03/SITE186_ORNT12_VIS1-75mi.png
9,9,"[0.0134, 0.0131, 0.0293, 0.0479, 0.0571, 0.0665, 0.0861, 0.2204, 0.0435, 0.4228]",0.4227592945098877,2025-04-02-15-05-32/SITE629_ORNT125_VIS10+mi.png
6,1,"[0.0237, 0.0425, 0.0632, 0.0607, 0.0905, 0.1371, 0.2069, 0.1620, 0.0361, 0.1773]",0.20694845914840698,2025-01-15-12-14-16/SITE117_ORNT43_VIS2mi.png
6,5,"[0.0113, 0.0333, 0.0289, 0.0520, 0.0924, 0.1066, 0.2592, 0.2570, 0.0298, 0.1294]",0.25918883085250854,2024-07-25-18-03-52/SITE24_ORNT30_VIS6mi.png
9,2,"[0.0392, 0.0343, 0.0653, 0.0719, 0.0813, 0.0887, 0.1372, 0.1300, 0.0306, 0.3215]",0.3215492069721222,2025-01-15-15-33-17/SITE41_ORNT235_VIS3mi.png
9,8,"[0.0212, 0.0292, 0.0523, 0.0714, 0.0624, 0.0772, 0.0969, 0.1969, 0.0814, 0.3112]",0.3111819326877594,2024-07-24-16-43-44/SITE203_ORNT220_VIS9mi.png
8,8,"[0.0042, 0.0175, 0.0344, 0.0500, 0.0770, 0.1019, 0.0901, 0.1822, 0.3410, 0.1018]",0.34095701575279236,2024-07-28-13-48-26/SITE360_ORNT115_VIS9mi.png
2,3,"[0.1623, 0.1842, 0.2132, 0.1418, 0.1175, 0.0548, 0.0677, 0.0456, 0.0035, 0.0094]",0.2132379561662674,2024-07-05-14-33-31/SITE129_ORNT266_VIS4mi.png
6,1,"[0.0317, 0.0572, 0.0949, 0.1161, 0.1206, 0.1347, 0.1753, 0.1261, 0.0312, 0.1122]",0.17525805532932281,2024-10-11-15-41-13/SITE446_ORNT101_VIS2-5mi.png
3,4,"[0.0576, 0.0939, 0.1292, 0.1540, 0.1292, 0.1154, 0.1408, 0.1046, 0.0206, 0.0547]",0.15395192801952362,2024-06-20-14-40-34/SITE253_ORNT325_VIS5mi.png
0,0,"[0.2111, 0.1486, 0.1644, 0.1081, 0.1237, 0.0783, 0.0691, 0.0563, 0.0174, 0.0231]",0.21105040609836578,2024-07-05-10-36-13/SITE217_ORNT250_VIS1-5mi.png
3,3,"[0.0672, 0.1120, 0.1414, 0.1437, 0.1436, 0.1283, 0.1237, 0.0936, 0.0205, 0.0259]",0.1437370330095291,2024-12-10-14-08-09/SITE98_ORNT80_VIS4mi.png
3,3,"[0.1023, 0.1219, 0.1477, 0.1703, 0.1121, 0.0876, 0.1171, 0.0851, 0.0126, 0.0433]",0.1703474521636963,2024-09-07-13-37-18/SITE595_ORNT180_VIS4mi.png
1,1,"[0.1820, 0.1958, 0.1692, 0.1797, 0.1004, 0.0572, 0.0681, 0.0394, 0.0014, 0.0067]",0.19581617414951324,2024-07-18-14-04-18/SITE73_ORNT335_VIS2mi.png
1,6,"[0.1520, 0.1844, 0.1736, 0.1720, 0.1266, 0.0654, 0.0613, 0.0501, 0.0058, 0.0085]",0.18443413078784943,2024-05-03-19-33-18/SITE49_ORNT315_VIS7mi.png
6,4,"[0.0766, 0.0876, 0.1093, 0.1277, 0.1125, 0.1036, 0.1593, 0.1214, 0.0176, 0.0845]",0.15933533012866974,2025-02-11-14-30-47/SITE569_ORNT54_VIS5mi.png
2,7,"[0.1273, 0.1498, 0.1598, 0.1135, 0.1069, 0.1125, 0.0585, 0.0935, 0.0447, 0.0337]",0.15976524353027344,2025-04-07-16-10-10/SITE36_ORNT350_VIS8mi.png
8,4,"[0.0305, 0.0626, 0.1330, 0.0607, 0.1393, 0.1678, 0.0773, 0.1180, 0.1833, 0.0273]",0.18332497775554657,2025-02-04-15-47-48/SITE490_ORNT280_VIS5mi.png
9,8,"[0.0021, 0.0038, 0.0302, 0.0085, 0.0092, 0.0206, 0.0104, 0.0756, 0.4130, 0.4267]",0.42666012048721313,2025-03-18-13-52-55/SITE331_ORNT315_VIS9mi.png
0,0,"[0.1955, 0.1304, 0.1841, 0.0985, 0.1245, 0.0703, 0.0711, 0.0661, 0.0114, 0.0481]",0.19546572864055634,2025-02-04-15-47-48/SITE14_ORNT195_VIS1mi.png
2,7,"[0.1251, 0.1087, 0.1423, 0.1052, 0.0999, 0.0960, 0.0631, 0.1065, 0.0648, 0.0884]",0.14229604601860046,2025-01-15-15-33-17/SITE602_ORNT270_VIS8mi.png
1,1,"[0.1353, 0.1880, 0.1712, 0.1833, 0.1173, 0.0768, 0.0745, 0.0435, 0.0024, 0.0076]",0.1880476474761963,2024-07-28-11-17-19/SITE244_ORNT240_VIS2mi.png
6,7,"[0.0233, 0.0577, 0.0992, 0.1423, 0.1306, 0.1230, 0.1782, 0.1523, 0.0276, 0.0658]",0.17819514870643616,2024-09-15-16-06-51/SITE446_ORNT101_VIS8mi.png
3,1,"[0.0679, 0.0898, 0.1308, 0.1478, 0.1055, 0.0973, 0.1243, 0.1223, 0.0180, 0.0963]",0.14781363308429718,2025-03-02-13-12-40/SITE171_ORNT315_VIS2mi.png
1,3,"[0.1304, 0.1954, 0.1783, 0.1845, 0.1264, 0.0638, 0.0635, 0.0466, 0.0046, 0.0066]",0.19535446166992188,2024-07-05-14-33-31/SITE439_ORNT265_VIS4mi.png
9,9,"[0.0010, 0.0023, 0.0080, 0.0072, 0.0120, 0.0333, 0.0993, 0.2157, 0.0435, 0.5777]",0.5776997208595276,2024-08-31-14-30-34/SITE81_ORNT326_VIS25mi.png
6,4,"[0.0312, 0.0953, 0.1264, 0.1597, 0.1253, 0.1344, 0.2028, 0.0973, 0.0099, 0.0178]",0.2027677297592163,2024-07-02-16-22-41/SITE417_ORNT315_VIS5mi.png
3,3,"[0.0841, 0.1518, 0.1303, 0.1793, 0.1522, 0.0943, 0.1018, 0.0749, 0.0117, 0.0196]",0.17926472425460815,2024-07-26-10-22-16/SITE692_ORNT150_VIS4mi.png
3,5,"[0.0885, 0.1268, 0.1380, 0.1658, 0.1268, 0.1107, 0.1090, 0.0887, 0.0152, 0.0304]",0.16583645343780518,2024-07-07-11-04-33/SITE49_ORNT315_VIS6mi.png
9,9,"[0.0213, 0.0229, 0.0421, 0.0747, 0.0705, 0.0698, 0.0961, 0.1879, 0.0409, 0.3738]",0.37377727031707764,2025-02-02-12-13-03/SITE629_ORNT125_VIS10+mi.png
6,4,"[0.0259, 0.0726, 0.1593, 0.1379, 0.1294, 0.1362, 0.1752, 0.1171, 0.0128, 0.0336]",0.17522069811820984,2025-04-07-16-10-10/SITE117_ORNT320_VIS5mi.png
7,5,"[0.0081, 0.0351, 0.0457, 0.0897, 0.1314, 0.1044, 0.1802, 0.3069, 0.0619, 0.0364]",0.3069451153278351,2024-07-29-17-46-25/SITE623_ORNT180_VIS6mi.png
2,7,"[0.1002, 0.1350, 0.1724, 0.1540, 0.1358, 0.0988, 0.1116, 0.0680, 0.0070, 0.0171]",0.17236328125,2024-08-31-14-30-34/SITE73_ORNT335_VIS8mi.png
6,4,"[0.0490, 0.0765, 0.1181, 0.1206, 0.0951, 0.1184, 0.1659, 0.1312, 0.0215, 0.1037]",0.16594858467578888,2025-02-17-14-46-26/SITE607_ORNT180_VIS5mi.png
4,7,"[0.0622, 0.0803, 0.1286, 0.0926, 0.1556, 0.1319, 0.0720, 0.1058, 0.1383, 0.0327]",0.1556355208158493,2025-02-17-14-46-26/SITE389_ORNT300_VIS8mi.png
6,6,"[0.0380, 0.0732, 0.1089, 0.1002, 0.1180, 0.1580, 0.2107, 0.1318, 0.0177, 0.0434]",0.21074189245700836,2024-05-01-16-21-18/SITE542_ORNT140_VIS7mi.png
9,9,"[0.0313, 0.0282, 0.0706, 0.0503, 0.0666, 0.0659, 0.1313, 0.1205, 0.0265, 0.4087]",0.4086788296699524,2025-01-26-15-53-06/SITE574_ORNT70_VIS10+mi.png
0,2,"[0.1693, 0.1531, 0.1602, 0.1447, 0.1167, 0.0661, 0.0994, 0.0598, 0.0076, 0.0232]",0.16931384801864624,2024-07-07-20-11-04/SITE66_ORNT323_VIS3mi.png
2,2,"[0.1085, 0.1191, 0.1649, 0.1059, 0.1197, 0.1518, 0.0855, 0.0818, 0.0223, 0.0404]",0.16490980982780457,2024-07-28-19-40-21/SITE205_ORNT305_VIS3mi.png
3,3,"[0.0577, 0.0901, 0.1325, 0.1645, 0.1076, 0.0976, 0.1236, 0.1313, 0.0127, 0.0825]",0.1644810289144516,2024-08-18-13-20-24/SITE261_ORNT270_VIS4mi.png
9,5,"[0.0485, 0.0540, 0.1052, 0.0678, 0.0913, 0.0854, 0.0767, 0.1201, 0.0576, 0.2934]",0.29337671399116516,2025-03-31-15-41-11/SITE205_ORNT305_VIS6mi.png
4,0,"[0.0727, 0.1002, 0.1489, 0.1017, 0.1519, 0.1483, 0.0875, 0.0834, 0.0807, 0.0248]",0.15188123285770416,2025-03-31-15-41-11/SITE506_ORNT0_VIS1-75mi.png
8,8,"[0.0066, 0.0191, 0.0391, 0.0462, 0.0827, 0.0945, 0.0726, 0.2035, 0.3118, 0.1240]",0.31176650524139404,2025-03-15-15-41-34/SITE508_ORNT315_VIS9mi.png
9,2,"[0.0295, 0.0306, 0.0633, 0.0539, 0.0827, 0.0879, 0.1452, 0.1396, 0.0376, 0.3297]",0.3297230899333954,2025-02-04-15-47-48/SITE18_ORNT135_VIS3mi.png
2,8,"[0.0958, 0.1059, 0.1539, 0.0995, 0.1399, 0.1293, 0.0635, 0.0883, 0.0938, 0.0302]",0.1539071500301361,2024-04-30-13-21-52/SITE454_ORNT90_VIS9mi.png
6,9,"[0.0979, 0.0903, 0.1868, 0.0847, 0.0992, 0.0960, 0.1967, 0.0866, 0.0086, 0.0532]",0.19669798016548157,2025-02-01-17-30-02/SITE128_ORNT135_VIS10+mi.png
8,8,"[0.0001, 0.0009, 0.0022, 0.0071, 0.0038, 0.0257, 0.0102, 0.0698, 0.8136, 0.0667]",0.8136157393455505,2024-07-01-19-28-49/SITE506_ORNT180_VIS9mi.png
6,6,"[0.0078, 0.0221, 0.0191, 0.0089, 0.0123, 0.0638, 0.8301, 0.0258, 0.0011, 0.0091]",0.8300597667694092,2024-06-10-14-33-22/SITE760_ORNT140_VIS7mi.png
3,4,"[0.0927, 0.1333, 0.1441, 0.1755, 0.1265, 0.1035, 0.1054, 0.0810, 0.0145, 0.0237]",0.1754642277956009,2024-05-03-12-14-06/SITE49_ORNT15_VIS5mi.png
0,0,"[0.2737, 0.1665, 0.1405, 0.1134, 0.1216, 0.0586, 0.0401, 0.0541, 0.0085, 0.0230]",0.2736666202545166,2025-02-16-12-49-10/SITE617_ORNT40_VIS1-75mi.png
4,4,"[0.0849, 0.1045, 0.1465, 0.1304, 0.1476, 0.1196, 0.0963, 0.1008, 0.0390, 0.0304]",0.1475759893655777,2025-03-29-15-28-57/SITE322_ORNT180_VIS5mi.png
8,4,"[0.0508, 0.0709, 0.1075, 0.0573, 0.1048, 0.1120, 0.0736, 0.1136, 0.1697, 0.1398]",0.16969972848892212,2024-09-30-11-56-46/SITE460_ORNT165_VIS5mi.png
8,6,"[0.0005, 0.0040, 0.0206, 0.0060, 0.0174, 0.0579, 0.1140, 0.0606, 0.7076, 0.0114]",0.7076330184936523,2025-02-12-14-37-35/SITE362_ORNT305_VIS7mi.png
3,7,"[0.0341, 0.0906, 0.1164, 0.1741, 0.1453, 0.1166, 0.1600, 0.1153, 0.0193, 0.0282]",0.174093097448349,2024-05-23-15-19-49/SITE15_ORNT265_VIS8mi.png
0,7,"[0.3823, 0.1485, 0.1333, 0.0989, 0.0638, 0.0416, 0.0647, 0.0485, 0.0109, 0.0078]",0.3822548985481262,2025-03-05-12-08-53/SITE468_ORNT80_VIS8mi.png
0,2,"[0.3564, 0.1665, 0.1259, 0.0944, 0.0822, 0.0437, 0.0609, 0.0443, 0.0089, 0.0167]",0.35642537474632263,2025-01-31-13-49-43/SITE438_ORNT30_VIS3mi.png
8,8,"[0.0138, 0.0342, 0.0611, 0.0648, 0.1262, 0.1493, 0.0998, 0.1602, 0.2514, 0.0392]",0.25141963362693787,2024-10-13-15-24-41/SITE469_ORNT330_VIS9mi.png
0,1,"[0.2066, 0.1685, 0.1619, 0.1193, 0.1019, 0.0782, 0.0574, 0.0701, 0.0172, 0.0189]",0.2066182792186737,2025-02-05-13-59-56/SITE230_ORNT214_VIS2-5mi.png
1,3,"[0.1601, 0.1838, 0.1750, 0.1776, 0.1157, 0.0632, 0.0654, 0.0486, 0.0032, 0.0075]",0.18377205729484558,2024-07-07-11-04-33/SITE411_ORNT280_VIS4mi.png
9,9,"[0.0066, 0.0080, 0.0182, 0.0221, 0.0447, 0.0479, 0.0831, 0.1447, 0.0293, 0.5953]",0.595317006111145,2025-02-05-13-59-56/SITE834_ORNT220_VIS10+mi.png
6,6,"[0.0000, 0.0001, 0.0001, 0.0000, 0.0000, 0.0002, 0.9990, 0.0000, 0.0000, 0.0005]",0.9989851117134094,2024-05-14-16-18-20/SITE760_ORNT190_VIS7mi.png
8,6,"[0.0002, 0.0028, 0.0085, 0.0163, 0.0150, 0.0367, 0.0429, 0.0621, 0.7806, 0.0349]",0.7806428670883179,2024-09-19-16-37-08/SITE365_ORNT100_VIS7mi.png
2,0,"[0.1475, 0.1760, 0.1808, 0.1604, 0.1209, 0.0684, 0.0749, 0.0536, 0.0049, 0.0126]",0.18077388405799866,2025-03-02-13-12-40/SITE7_ORNT312_VIS1-75mi.png
9,7,"[0.0834, 0.0849, 0.1117, 0.1190, 0.1051, 0.0963, 0.1004, 0.1229, 0.0350, 0.1412]",0.1412404328584671,2025-02-14-15-24-27/SITE65_ORNT64_VIS8mi.png
6,6,"[0.0086, 0.0355, 0.0517, 0.0583, 0.1140, 0.1590, 0.2871, 0.2284, 0.0342, 0.0231]",0.2871175706386566,2024-06-06-17-01-51/SITE411_ORNT75_VIS7mi.png
8,7,"[0.0591, 0.0696, 0.0948, 0.0767, 0.1304, 0.1295, 0.0562, 0.1145, 0.1629, 0.1064]",0.16288883984088898,2025-02-01-12-44-07/SITE332_ORNT155_VIS8mi.png
9,9,"[0.0182, 0.0423, 0.0505, 0.0673, 0.0970, 0.1031, 0.1043, 0.1881, 0.1409, 0.1882]",0.18820367753505707,2024-07-23-13-08-12/SITE404_ORNT270_VIS14mi.png
3,5,"[0.0418, 0.0974, 0.1307, 0.1702, 0.1511, 0.1172, 0.1494, 0.0968, 0.0203, 0.0250]",0.1701529324054718,2024-08-02-10-36-13/SITE22_ORNT100_VIS6mi.png
0,0,"[0.2844, 0.1488, 0.1259, 0.1164, 0.0807, 0.0445, 0.1035, 0.0594, 0.0105, 0.0259]",0.2843815088272095,2025-04-01-16-59-16/SITE59_ORNT10_VIS1-25mi.png
6,4,"[0.0401, 0.0674, 0.0985, 0.1005, 0.1212, 0.1372, 0.1602, 0.1557, 0.0365, 0.0827]",0.16019320487976074,2024-08-11-09-28-59/SITE569_ORNT276_VIS5mi.png
6,1,"[0.0277, 0.0515, 0.0998, 0.0706, 0.0990, 0.1495, 0.1863, 0.1610, 0.0444, 0.1102]",0.18625453114509583,2025-01-23-15-05-27/SITE98_ORNT80_VIS2mi.png
8,2,"[0.0238, 0.0373, 0.0569, 0.0580, 0.0814, 0.0856, 0.0705, 0.1283, 0.2503, 0.2079]",0.25028467178344727,2024-10-11-15-41-13/SITE310_ORNT314_VIS3mi.png
6,6,"[0.0204, 0.0339, 0.0365, 0.0196, 0.0368, 0.0839, 0.6274, 0.0394, 0.0026, 0.0995]",0.6273828148841858,2024-04-30-13-21-52/SITE760_ORNT310_VIS7mi.png
2,5,"[0.1534, 0.1860, 0.1896, 0.1661, 0.1223, 0.0607, 0.0646, 0.0465, 0.0033, 0.0075]",0.18962521851062775,2024-08-31-14-30-34/SITE10_ORNT255_VIS6mi.png
7,4,"[0.0108, 0.0337, 0.0428, 0.0862, 0.1264, 0.1197, 0.1793, 0.2852, 0.0487, 0.0673]",0.2852015197277069,2025-03-17-19-09-03/SITE73_ORNT335_VIS5mi.png
2,6,"[0.0601, 0.0883, 0.1465, 0.1374, 0.1153, 0.1101, 0.1306, 0.1122, 0.0285, 0.0709]",0.14645400643348694,2024-07-26-10-22-16/SITE123_ORNT343_VIS7mi.png
2,4,"[0.1538, 0.1247, 0.1853, 0.0914, 0.1014, 0.0895, 0.0657, 0.0948, 0.0231, 0.0704]",0.18534709513187408,2024-10-13-15-24-41/SITE58_ORNT90_VIS5mi.png
2,0,"[0.1873, 0.1738, 0.1906, 0.1473, 0.1174, 0.0582, 0.0623, 0.0495, 0.0040, 0.0095]",0.19063785672187805,2025-03-01-18-07-41/SITE49_ORNT15_VIS1-75mi.png
6,6,"[0.0202, 0.0528, 0.1021, 0.0459, 0.0913, 0.2223, 0.2363, 0.1293, 0.0292, 0.0706]",0.23631617426872253,2024-08-11-09-28-59/SITE747_ORNT0_VIS7mi.png
0,5,"[0.1663, 0.1632, 0.1473, 0.1107, 0.0965, 0.1078, 0.0320, 0.1003, 0.0481, 0.0277]",0.16631676256656647,2025-02-15-15-20-00/SITE397_ORNT145_VIS6mi.png
6,6,"[0.0309, 0.0490, 0.0762, 0.1013, 0.1168, 0.1351, 0.1608, 0.1439, 0.0369, 0.1491]",0.1608424186706543,2024-06-03-13-44-33/SITE58_ORNT175_VIS7mi.png
7,5,"[0.0028, 0.0150, 0.0250, 0.0602, 0.0646, 0.0684, 0.1428, 0.4758, 0.0354, 0.1098]",0.4757716655731201,2024-08-18-19-28-16/SITE203_ORNT220_VIS6mi.png
2,1,"[0.0432, 0.0951, 0.1541, 0.1525, 0.1245, 0.1347, 0.1458, 0.0985, 0.0202, 0.0314]",0.15409788489341736,2024-09-07-11-42-21/SITE607_ORNT90_VIS2-5mi.png
9,7,"[0.0096, 0.0113, 0.0489, 0.0256, 0.0411, 0.0556, 0.1707, 0.1304, 0.0512, 0.4556]",0.4555935561656952,2025-01-28-16-10-28/SITE241_ORNT214_VIS8mi.png
8,6,"[0.0041, 0.0217, 0.0227, 0.0533, 0.0361, 0.0484, 0.0355, 0.0888, 0.5358, 0.1536]",0.5357571244239807,2024-10-11-15-41-13/SITE494_ORNT270_VIS7mi.png
9,9,"[0.0097, 0.0097, 0.0295, 0.0312, 0.0394, 0.0464, 0.0738, 0.1652, 0.0299, 0.5650]",0.5649855136871338,2025-02-15-15-20-00/SITE579_ORNT75_VIS10+mi.png
2,3,"[0.1340, 0.1660, 0.1932, 0.1551, 0.1305, 0.0688, 0.0785, 0.0578, 0.0055, 0.0107]",0.19321131706237793,2024-08-01-13-32-05/SITE43_ORNT190_VIS4mi.png
8,8,"[0.0047, 0.0049, 0.0154, 0.0046, 0.0143, 0.0841, 0.0164, 0.0566, 0.6155, 0.1836]",0.6154590845108032,2024-07-26-10-22-16/SITE534_ORNT225_VIS9mi.png
3,4,"[0.0799, 0.1191, 0.1398, 0.1630, 0.1130, 0.1130, 0.1438, 0.0841, 0.0102, 0.0341]",0.16300128400325775,2024-05-07-15-42-07/SITE577_ORNT10_VIS5mi.png
2,2,"[0.1193, 0.1149, 0.1270, 0.1226, 0.1094, 0.0879, 0.1059, 0.0953, 0.0172, 0.1007]",0.12695002555847168,2025-01-23-15-05-27/SITE602_ORNT60_VIS3mi.png
2,3,"[0.1700, 0.1944, 0.2221, 0.1563, 0.1065, 0.0438, 0.0641, 0.0360, 0.0014, 0.0054]",0.22206050157546997,2024-07-26-10-22-16/SITE258_ORNT125_VIS4mi.png
0,3,"[0.2361, 0.1714, 0.1672, 0.1209, 0.0963, 0.0566, 0.0701, 0.0553, 0.0076, 0.0184]",0.23609204590320587,2025-02-04-15-47-48/SITE485_ORNT210_VIS4mi.png
2,6,"[0.0944, 0.1604, 0.1979, 0.1610, 0.1357, 0.0868, 0.0961, 0.0539, 0.0053, 0.0086]",0.1978616565465927,2024-07-25-18-03-52/SITE241_ORNT120_VIS7mi.png
2,2,"[0.0780, 0.1116, 0.1769, 0.1282, 0.1421, 0.1073, 0.1304, 0.0878, 0.0139, 0.0238]",0.17688298225402832,2024-08-11-13-07-09/SITE156_ORNT294_VIS3mi.png
8,8,"[0.0002, 0.0014, 0.0166, 0.0015, 0.0108, 0.0804, 0.0819, 0.0264, 0.7753, 0.0055]",0.7752877473831177,2024-08-02-20-27-22/SITE424_ORNT180_VIS9mi.png
0,3,"[0.2470, 0.1541, 0.1397, 0.1097, 0.1123, 0.0742, 0.0420, 0.0739, 0.0183, 0.0288]",0.24700616300106049,2025-03-06-15-10-58/SITE207_ORNT235_VIS4mi.png
9,0,"[0.0204, 0.0456, 0.0440, 0.0553, 0.0828, 0.0829, 0.1921, 0.2214, 0.0200, 0.2354]",0.23541446030139923,2024-06-21-15-35-27/SITE87_ORNT329_VIS1-75mi.png
9,7,"[0.0177, 0.0258, 0.0613, 0.0502, 0.0574, 0.0938, 0.0790, 0.1836, 0.2074, 0.2239]",0.22390298545360565,2024-07-04-10-22-12/SITE333_ORNT200_VIS8mi.png
2,2,"[0.1741, 0.1788, 0.2151, 0.1439, 0.1096, 0.0534, 0.0683, 0.0445, 0.0034, 0.0090]",0.21513766050338745,2024-07-14-10-21-23/SITE179_ORNT230_VIS3mi.png
0,8,"[0.1915, 0.1462, 0.1640, 0.1118, 0.1223, 0.0836, 0.0657, 0.0649, 0.0243, 0.0256]",0.1915436089038849,2025-03-03-11-33-30/SITE333_ORNT280_VIS9mi.png
1,4,"[0.1295, 0.1955, 0.1893, 0.1646, 0.1204, 0.0679, 0.0748, 0.0454, 0.0038, 0.0088]",0.1954781711101532,2024-07-14-16-38-50/SITE40_ORNT180_VIS5mi.png
7,4,"[0.0419, 0.0742, 0.1005, 0.1469, 0.1044, 0.1057, 0.1267, 0.1687, 0.0237, 0.1072]",0.16873016953468323,2024-05-23-15-19-49/SITE58_ORNT245_VIS5mi.png
8,8,"[0.0225, 0.0547, 0.1324, 0.0644, 0.1056, 0.1621, 0.0972, 0.1118, 0.2178, 0.0317]",0.21775861084461212,2025-03-18-13-52-55/SITE397_ORNT345_VIS9mi.png
7,0,"[0.0123, 0.0284, 0.0457, 0.0834, 0.1064, 0.1615, 0.1930, 0.1991, 0.0185, 0.1517]",0.19907423853874207,2024-12-23-15-38-40/SITE128_ORNT242_VIS1-5mi.png
9,7,"[0.0163, 0.0329, 0.0823, 0.0986, 0.0779, 0.1083, 0.1617, 0.1651, 0.0341, 0.2228]",0.22276243567466736,2025-04-10-17-56-44/SITE215_ORNT130_VIS8mi.png
8,8,"[0.0023, 0.0106, 0.0297, 0.0152, 0.0523, 0.0988, 0.0919, 0.1165, 0.5442, 0.0385]",0.5442357063293457,2024-06-10-14-33-22/SITE377_ORNT110_VIS9mi.png
0,5,"[0.2618, 0.1725, 0.1323, 0.1019, 0.1010, 0.0729, 0.0420, 0.0674, 0.0227, 0.0255]",0.261767715215683,2024-12-16-12-39-30/SITE520_ORNT0_VIS6mi.png
0,7,"[0.2651, 0.1609, 0.1423, 0.1422, 0.0896, 0.0471, 0.0823, 0.0525, 0.0054, 0.0126]",0.2651045024394989,2025-02-02-12-13-03/SITE534_ORNT315_VIS8mi.png
6,6,"[0.0453, 0.0818, 0.1339, 0.1418, 0.1250, 0.1302, 0.1424, 0.1228, 0.0243, 0.0526]",0.14240626990795135,2025-03-23-13-51-54/SITE426_ORNT250_VIS7mi.png
8,7,"[0.0572, 0.0732, 0.0887, 0.0888, 0.1027, 0.1388, 0.0784, 0.1132, 0.1566, 0.1023]",0.1565994918346405,2024-07-22-20-17-56/SITE309_ORNT325_VIS8mi.png
8,9,"[0.0124, 0.0299, 0.0496, 0.0624, 0.1222, 0.1545, 0.0935, 0.1551, 0.2712, 0.0491]",0.27122193574905396,2024-05-03-12-14-06/SITE485_ORNT20_VIS15mi.png
3,3,"[0.0635, 0.0962, 0.1129, 0.1594, 0.0888, 0.0876, 0.1363, 0.1317, 0.0115, 0.1123]",0.1593562811613083,2024-06-03-13-44-33/SITE33_ORNT350_VIS4mi.png
6,9,"[0.0211, 0.0537, 0.0829, 0.1083, 0.1210, 0.1238, 0.2353, 0.1503, 0.0389, 0.0646]",0.23531587421894073,2025-04-02-15-05-32/SITE610_ORNT260_VIS10+mi.png
2,3,"[0.1208, 0.1947, 0.2012, 0.1573, 0.1458, 0.0630, 0.0610, 0.0455, 0.0048, 0.0059]",0.20115253329277039,2024-08-01-10-54-34/SITE24_ORNT250_VIS4mi.png
7,9,"[0.0094, 0.0283, 0.0672, 0.1027, 0.0653, 0.0944, 0.1188, 0.2538, 0.0616, 0.1986]",0.2537831962108612,2025-03-26-14-35-40/SITE119_ORNT96_VIS10+mi.png
9,3,"[0.0215, 0.0338, 0.0684, 0.0782, 0.0678, 0.0728, 0.1169, 0.1632, 0.0465, 0.3308]",0.3308025300502777,2024-06-06-17-01-51/SITE7_ORNT312_VIS4mi.png
3,1,"[0.1491, 0.1666, 0.1508, 0.1802, 0.1166, 0.0836, 0.0691, 0.0631, 0.0089, 0.0120]",0.18016217648983002,2024-07-28-19-40-21/SITE15_ORNT170_VIS2-5mi.png
3,5,"[0.1135, 0.1295, 0.1436, 0.1478, 0.1190, 0.1034, 0.1048, 0.0807, 0.0197, 0.0382]",0.1477821320295334,2025-01-28-16-10-28/SITE5_ORNT155_VIS6mi.png
9,5,"[0.0186, 0.0214, 0.0305, 0.0356, 0.0636, 0.0968, 0.0786, 0.1956, 0.0466, 0.4126]",0.41261133551597595,2024-10-14-13-08-27/SITE692_ORNT335_VIS6mi.png
9,7,"[0.0244, 0.0282, 0.0799, 0.0696, 0.0670, 0.0545, 0.1214, 0.1828, 0.0287, 0.3434]",0.34339195489883423,2025-02-14-15-24-27/SITE595_ORNT180_VIS8mi.png
3,6,"[0.0766, 0.0895, 0.1268, 0.1327, 0.0996, 0.0963, 0.1173, 0.1101, 0.0212, 0.1299]",0.13269983232021332,2025-04-01-16-59-16/SITE561_ORNT145_VIS7mi.png
9,8,"[0.0073, 0.0166, 0.0320, 0.0493, 0.0551, 0.0527, 0.0413, 0.1302, 0.3021, 0.3135]",0.3134923577308655,2025-04-01-16-59-16/SITE407_ORNT50_VIS9mi.png
1,2,"[0.1442, 0.2029, 0.1808, 0.1733, 0.1288, 0.0591, 0.0575, 0.0433, 0.0036, 0.0066]",0.2029401808977127,2024-09-08-16-00-24/SITE21_ORNT10_VIS3mi.png
2,7,"[0.1002, 0.1330, 0.2162, 0.1249, 0.1565, 0.0835, 0.0920, 0.0661, 0.0141, 0.0134]",0.21619778871536255,2024-10-10-15-17-15/SITE17_ORNT340_VIS8mi.png
2,0,"[0.1680, 0.1798, 0.1934, 0.1504, 0.1130, 0.0568, 0.0771, 0.0483, 0.0033, 0.0100]",0.19342109560966492,2025-01-15-15-33-17/SITE186_ORNT275_VIS1-75mi.png
9,1,"[0.0422, 0.0520, 0.0848, 0.0914, 0.0880, 0.0984, 0.1413, 0.1304, 0.0367, 0.2348]",0.23479075729846954,2025-04-11-14-52-32/SITE96_ORNT45_VIS2mi.png
1,1,"[0.1273, 0.2007, 0.1914, 0.1697, 0.1325, 0.0637, 0.0625, 0.0428, 0.0038, 0.0056]",0.20065462589263916,2024-09-08-16-00-24/SITE26_ORNT310_VIS2mi.png
6,1,"[0.0112, 0.0358, 0.0469, 0.0470, 0.0906, 0.2237, 0.3098, 0.1787, 0.0254, 0.0310]",0.30977165699005127,2024-08-11-09-28-59/SITE411_ORNT75_VIS2-5mi.png
0,0,"[0.1853, 0.1537, 0.1493, 0.0960, 0.1189, 0.0989, 0.0294, 0.0836, 0.0630, 0.0218]",0.18534891307353973,2025-03-31-15-41-11/SITE5_ORNT155_VIS1-25mi.png
0,1,"[0.2648, 0.1882, 0.1577, 0.0851, 0.0766, 0.0826, 0.0172, 0.0771, 0.0402, 0.0105]",0.2647869884967804,2025-03-01-18-07-41/SITE207_ORNT120_VIS2mi.png
0,3,"[0.1884, 0.1348, 0.1572, 0.1069, 0.1248, 0.0867, 0.0613, 0.0776, 0.0237, 0.0388]",0.1883673071861267,2024-05-14-16-18-20/SITE438_ORNT208_VIS4mi.png
2,4,"[0.0845, 0.1071, 0.1836, 0.0728, 0.1063, 0.1614, 0.0721, 0.0821, 0.1064, 0.0235]",0.18363289535045624,2025-02-14-15-24-27/SITE807_ORNT190_VIS5mi.png
9,9,"[0.0267, 0.0334, 0.0731, 0.0596, 0.0693, 0.0669, 0.1013, 0.1310, 0.0693, 0.3692]",0.3691897690296173,2024-12-23-15-38-40/SITE547_ORNT170_VIS10+mi.png
9,7,"[0.0777, 0.0841, 0.1168, 0.1108, 0.1017, 0.1045, 0.1326, 0.1115, 0.0267, 0.1335]",0.13354092836380005,2024-05-21-12-02-34/SITE58_ORNT175_VIS8mi.png
5,9,"[0.0195, 0.0197, 0.0258, 0.0547, 0.1075, 0.2380, 0.1222, 0.1601, 0.0288, 0.2237]",0.23798096179962158,2024-10-13-15-24-41/SITE50_ORNT265_VIS10+mi.png
6,5,"[0.0195, 0.0553, 0.1125, 0.1119, 0.1252, 0.1532, 0.2192, 0.1444, 0.0195, 0.0392]",0.21922117471694946,2024-06-16-15-28-51/SITE426_ORNT130_VIS6mi.png
0,5,"[0.1669, 0.1333, 0.1385, 0.1317, 0.1267, 0.0799, 0.0918, 0.0677, 0.0143, 0.0494]",0.16692014038562775,2025-03-06-15-10-58/SITE22_ORNT0_VIS6mi.png
8,8,"[0.0007, 0.0052, 0.0064, 0.0251, 0.0248, 0.0284, 0.0405, 0.0715, 0.6070, 0.1905]",0.6069539785385132,2024-06-22-15-38-49/SITE477_ORNT160_VIS9mi.png
6,9,"[0.0191, 0.0378, 0.0523, 0.0566, 0.0828, 0.1427, 0.2055, 0.1693, 0.0413, 0.1926]",0.20548027753829956,2025-03-29-15-28-57/SITE813_ORNT135_VIS10+mi.png
0,2,"[0.3038, 0.1785, 0.1756, 0.1288, 0.0757, 0.0288, 0.0743, 0.0290, 0.0013, 0.0044]",0.3037775158882141,2024-07-04-10-22-12/SITE198_ORNT80_VIS3mi.png
2,4,"[0.0667, 0.1003, 0.1594, 0.1013, 0.1352, 0.1348, 0.0716, 0.0993, 0.1013, 0.0300]",0.15939803421497345,2024-11-19-11-24-38/SITE385_ORNT230_VIS5mi.png
2,0,"[0.1288, 0.1464, 0.1744, 0.1536, 0.1346, 0.0776, 0.0949, 0.0655, 0.0067, 0.0174]",0.1743539720773697,2025-02-04-15-47-48/SITE41_ORNT335_VIS1mi.png
7,7,"[0.0115, 0.0395, 0.0713, 0.1077, 0.1166, 0.1389, 0.1980, 0.2088, 0.0384, 0.0692]",0.2088295817375183,2024-05-23-15-19-49/SITE623_ORNT10_VIS8mi.png
4,2,"[0.0826, 0.1100, 0.1401, 0.1318, 0.1407, 0.1319, 0.1114, 0.0901, 0.0251, 0.0362]",0.14072401821613312,2024-05-23-15-19-49/SITE422_ORNT85_VIS3mi.png
6,6,"[0.0179, 0.0514, 0.0688, 0.0838, 0.1173, 0.1630, 0.2668, 0.1615, 0.0273, 0.0422]",0.26679113507270813,2024-12-29-16-00-12/SITE892_ORNT205_VIS7mi.png
9,9,"[0.0182, 0.0378, 0.0546, 0.0562, 0.0566, 0.0642, 0.0781, 0.1708, 0.1407, 0.3228]",0.3228345513343811,2024-10-10-15-17-15/SITE648_ORNT65_VIS10+mi.png
2,2,"[0.0259, 0.0737, 0.1799, 0.0835, 0.1535, 0.1629, 0.0946, 0.1027, 0.1114, 0.0120]",0.17992059886455536,2024-07-02-16-22-41/SITE340_ORNT230_VIS3mi.png
5,6,"[0.0789, 0.0819, 0.1097, 0.1017, 0.1040, 0.1352, 0.1183, 0.1014, 0.0619, 0.1071]",0.1351626217365265,2024-07-28-13-48-26/SITE25_ORNT150_VIS7mi.png
7,9,"[0.0180, 0.0600, 0.0461, 0.0863, 0.1044, 0.0895, 0.1854, 0.2632, 0.0262, 0.1209]",0.2632119953632355,2025-04-11-14-52-32/SITE831_ORNT260_VIS10+mi.png
6,4,"[0.0104, 0.0364, 0.0373, 0.0474, 0.0727, 0.1653, 0.2499, 0.1888, 0.0256, 0.1661]",0.24992872774600983,2024-08-29-14-11-27/SITE476_ORNT30_VIS5mi.png
1,7,"[0.1128, 0.1817, 0.1707, 0.1807, 0.1215, 0.0817, 0.0837, 0.0530, 0.0052, 0.0091]",0.18172940611839294,2024-07-28-13-48-26/SITE417_ORNT315_VIS8mi.png
0,0,"[0.2273, 0.1824, 0.1542, 0.0942, 0.0923, 0.0785, 0.0369, 0.0778, 0.0308, 0.0256]",0.2273482382297516,2025-02-04-15-47-48/SITE12_ORNT270_VIS1mi.png
9,9,"[0.0205, 0.0197, 0.0481, 0.0386, 0.0478, 0.0595, 0.0739, 0.1668, 0.1318, 0.3934]",0.3934261202812195,2024-12-24-15-14-57/SITE581_ORNT160_VIS10+mi.png
6,4,"[0.0271, 0.0729, 0.1208, 0.1393, 0.1181, 0.1557, 0.2127, 0.1061, 0.0130, 0.0342]",0.21265432238578796,2024-08-26-16-02-03/SITE417_ORNT220_VIS5mi.png
9,3,"[0.0281, 0.0415, 0.0688, 0.0713, 0.0747, 0.0853, 0.1429, 0.1641, 0.0315, 0.2916]",0.2915973663330078,2024-07-29-17-46-25/SITE411_ORNT220_VIS4mi.png
3,4,"[0.0335, 0.0853, 0.1096, 0.1599, 0.1591, 0.1267, 0.1502, 0.1198, 0.0283, 0.0277]",0.15985938906669617,2024-08-01-10-54-34/SITE5_ORNT320_VIS5mi.png
6,3,"[0.0278, 0.0386, 0.0503, 0.0537, 0.0973, 0.1367, 0.2622, 0.1305, 0.0197, 0.1832]",0.26219719648361206,2025-03-05-12-08-53/SITE719_ORNT180_VIS4mi.png
7,9,"[0.0254, 0.0487, 0.0893, 0.0715, 0.1173, 0.1265, 0.1321, 0.1767, 0.0787, 0.1339]",0.17669177055358887,2025-02-12-14-37-35/SITE597_ORNT170_VIS10+mi.png
0,4,"[0.2409, 0.1419, 0.1341, 0.1104, 0.1047, 0.0549, 0.1112, 0.0561, 0.0078, 0.0378]",0.24091555178165436,2025-02-14-15-24-27/SITE813_ORNT15_VIS5mi.png
7,8,"[0.0341, 0.0594, 0.1047, 0.0971, 0.1324, 0.1403, 0.1241, 0.1517, 0.0986, 0.0574]",0.15169207751750946,2024-10-13-15-24-41/SITE471_ORNT255_VIS9mi.png
0,0,"[0.1817, 0.1681, 0.1585, 0.1493, 0.1154, 0.0711, 0.0747, 0.0565, 0.0070, 0.0177]",0.18173734843730927,2025-04-07-16-10-10/SITE75_ORNT270_VIS1mi.png
4,6,"[0.0301, 0.0686, 0.1197, 0.1306, 0.1589, 0.1443, 0.1536, 0.1207, 0.0370, 0.0367]",0.15893937647342682,2024-05-22-13-05-54/SITE41_ORNT235_VIS7mi.png
0,5,"[0.1970, 0.1579, 0.1498, 0.1107, 0.1119, 0.0830, 0.0682, 0.0662, 0.0236, 0.0317]",0.19702081382274628,2025-02-14-15-24-27/SITE821_ORNT135_VIS6mi.png
6,3,"[0.0442, 0.0713, 0.1009, 0.1275, 0.1283, 0.1256, 0.1494, 0.1318, 0.0389, 0.0821]",0.14935912191867828,2024-09-07-13-37-18/SITE595_ORNT0_VIS4mi.png
7,7,"[0.0136, 0.0409, 0.0438, 0.0655, 0.0928, 0.1010, 0.1981, 0.2666, 0.0300, 0.1476]",0.26657217741012573,2024-07-24-16-43-44/SITE241_ORNT120_VIS8mi.png
2,1,"[0.0983, 0.1097, 0.1407, 0.0889, 0.1329, 0.1174, 0.0511, 0.0899, 0.1335, 0.0376]",0.14066757261753082,2025-03-20-11-55-50/SITE477_ORNT50_VIS2-25mi.png
8,7,"[0.0075, 0.0326, 0.1092, 0.0503, 0.1146, 0.1646, 0.0923, 0.1179, 0.2999, 0.0111]",0.29985833168029785,2024-08-24-13-47-04/SITE340_ORNT230_VIS8mi.png
2,6,"[0.0596, 0.1443, 0.1746, 0.1618, 0.1607, 0.0973, 0.1237, 0.0610, 0.0091, 0.0079]",0.17463946342468262,2024-08-31-14-30-34/SITE272_ORNT325_VIS7mi.png
9,2,"[0.0123, 0.0179, 0.0313, 0.0177, 0.0469, 0.0451, 0.0195, 0.0657, 0.2283, 0.5153]",0.5152553915977478,2025-02-01-12-44-07/SITE460_ORNT165_VIS3mi.png
3,3,"[0.0937, 0.1457, 0.1441, 0.1698, 0.1127, 0.0841, 0.1395, 0.0763, 0.0073, 0.0267]",0.16981877386569977,2024-05-27-19-19-47/SITE616_ORNT270_VIS4mi.png
8,6,"[0.0195, 0.0507, 0.1769, 0.0380, 0.0759, 0.1938, 0.0987, 0.0797, 0.2524, 0.0143]",0.2524305582046509,2025-04-02-15-05-32/SITE331_ORNT315_VIS7mi.png
6,2,"[0.0902, 0.1220, 0.1411, 0.1447, 0.1188, 0.1025, 0.1460, 0.0847, 0.0088, 0.0413]",0.1459745615720749,2025-01-17-15-10-02/SITE268_ORNT355_VIS3mi.png
0,0,"[0.2540, 0.1522, 0.1311, 0.1275, 0.0857, 0.0502, 0.1084, 0.0580, 0.0088, 0.0242]",0.25398531556129456,2024-07-29-16-41-43/SITE13_ORNT240_VIS1mi.png
2,5,"[0.0841, 0.1470, 0.1925, 0.1612, 0.1452, 0.0900, 0.1029, 0.0582, 0.0077, 0.0111]",0.19252930581569672,2024-07-29-17-46-25/SITE127_ORNT30_VIS6mi.png
6,4,"[0.0214, 0.0456, 0.0786, 0.0706, 0.0971, 0.1837, 0.2153, 0.1746, 0.0407, 0.0724]",0.21530428528785706,2025-03-28-10-38-15/SITE570_ORNT344_VIS5mi.png
0,0,"[0.2308, 0.1804, 0.1579, 0.0984, 0.0968, 0.0786, 0.0345, 0.0724, 0.0320, 0.0182]",0.23079350590705872,2025-02-01-17-30-02/SITE30_ORNT345_VIS1mi.png
9,9,"[0.0232, 0.0341, 0.0612, 0.0669, 0.0922, 0.1096, 0.1506, 0.1578, 0.0347, 0.2697]",0.26971936225891113,2025-04-02-15-05-32/SITE417_ORNT220_VIS10+mi.png
1,1,"[0.1326, 0.1786, 0.1682, 0.1711, 0.1286, 0.0745, 0.0743, 0.0555, 0.0065, 0.0101]",0.17859935760498047,2025-02-17-14-46-26/SITE84_ORNT43_VIS2mi.png
0,7,"[0.2927, 0.1630, 0.1461, 0.0950, 0.0973, 0.0654, 0.0501, 0.0543, 0.0200, 0.0161]",0.29269373416900635,2024-12-23-15-38-40/SITE332_ORNT315_VIS8mi.png
9,3,"[0.0317, 0.0349, 0.0549, 0.0704, 0.0665, 0.0687, 0.0569, 0.1492, 0.1149, 0.3520]",0.35196253657341003,2025-02-16-12-49-10/SITE658_ORNT25_VIS4mi.png
8,8,"[0.0001, 0.0028, 0.0070, 0.0223, 0.0116, 0.0487, 0.0244, 0.0961, 0.7650, 0.0220]",0.7650160193443298,2024-07-02-10-19-43/SITE508_ORNT315_VIS9mi.png
9,5,"[0.0610, 0.0479, 0.0800, 0.0905, 0.0896, 0.0835, 0.1373, 0.1277, 0.0165, 0.2660]",0.2660026252269745,2025-04-14-19-44-02/SITE165_ORNT205_VIS6mi.png
6,9,"[0.0491, 0.0962, 0.1212, 0.1422, 0.1350, 0.1224, 0.1792, 0.1043, 0.0093, 0.0411]",0.17921052873134613,2025-01-28-16-10-28/SITE639_ORNT270_VIS10+mi.png
3,0,"[0.1699, 0.1882, 0.1369, 0.1891, 0.1125, 0.0726, 0.0653, 0.0517, 0.0030, 0.0108]",0.18906782567501068,2025-02-17-14-46-26/SITE19_ORNT170_VIS1-75mi.png
6,3,"[0.0609, 0.0924, 0.1286, 0.1379, 0.1156, 0.1182, 0.1556, 0.1115, 0.0211, 0.0581]",0.15561287105083466,2024-05-09-16-15-37/SITE125_ORNT190_VIS4mi.png
6,5,"[0.0198, 0.0392, 0.0570, 0.0506, 0.0775, 0.1522, 0.3309, 0.1498, 0.0165, 0.1065]",0.3308877646923065,2024-09-07-13-37-18/SITE209_ORNT335_VIS6mi.png
5,6,"[0.0092, 0.0148, 0.0112, 0.0592, 0.0863, 0.4510, 0.1647, 0.0850, 0.0410, 0.0776]",0.45095372200012207,2024-07-18-14-04-18/SITE22_ORNT0_VIS7mi.png
9,9,"[0.0183, 0.0156, 0.0384, 0.0433, 0.0593, 0.0599, 0.1245, 0.1171, 0.0174, 0.5063]",0.5062772035598755,2025-03-17-19-09-03/SITE24_ORNT120_VIS10+mi.png
6,1,"[0.0540, 0.0841, 0.1056, 0.1465, 0.1233, 0.1182, 0.1537, 0.1244, 0.0182, 0.0720]",0.1536620706319809,2025-02-11-14-30-47/SITE568_ORNT349_VIS2mi.png
8,3,"[0.0007, 0.0064, 0.0151, 0.0260, 0.0470, 0.1006, 0.0623, 0.2153, 0.4950, 0.0315]",0.4950036406517029,2024-07-25-18-03-52/SITE375_ORNT330_VIS4mi.png
9,9,"[0.0049, 0.0116, 0.0158, 0.0381, 0.0380, 0.0464, 0.0945, 0.2897, 0.0165, 0.4445]",0.4445059597492218,2024-12-17-16-15-56/SITE595_ORNT0_VIS10+mi.png
9,9,"[0.0257, 0.0275, 0.0406, 0.0369, 0.0642, 0.0669, 0.0451, 0.1312, 0.1280, 0.4339]",0.43387141823768616,2025-02-11-14-30-47/SITE208_ORNT270_VIS10+mi.png
9,9,"[0.0085, 0.0202, 0.0251, 0.0465, 0.0640, 0.0471, 0.0922, 0.2047, 0.0756, 0.4161]",0.41613829135894775,2024-10-11-15-41-13/SITE595_ORNT270_VIS10+mi.png
2,5,"[0.1072, 0.1205, 0.1502, 0.1314, 0.1187, 0.1034, 0.0896, 0.1017, 0.0224, 0.0549]",0.15021531283855438,2025-02-14-15-24-27/SITE821_ORNT225_VIS6mi.png
8,2,"[0.0019, 0.0075, 0.0118, 0.0226, 0.0272, 0.0669, 0.0378, 0.1244, 0.5601, 0.1397]",0.5601192712783813,2025-04-14-19-44-02/SITE407_ORNT215_VIS3mi.png
9,4,"[0.0414, 0.0333, 0.0770, 0.0624, 0.0904, 0.0876, 0.2110, 0.0950, 0.0145, 0.2874]",0.28742626309394836,2024-04-30-13-21-52/SITE14_ORNT150_VIS5mi.png
6,7,"[0.0161, 0.0466, 0.0970, 0.0794, 0.1382, 0.1658, 0.2024, 0.1743, 0.0423, 0.0380]",0.20238295197486877,2024-06-13-13-46-47/SITE747_ORNT60_VIS8mi.png
7,0,"[0.0677, 0.0811, 0.1270, 0.1374, 0.1152, 0.0976, 0.0792, 0.1455, 0.0395, 0.1099]",0.14554139971733093,2024-06-10-18-34-10/SITE94_ORNT80_VIS1-25mi.png
2,4,"[0.1426, 0.1904, 0.2100, 0.1540, 0.1322, 0.0552, 0.0630, 0.0424, 0.0037, 0.0066]",0.21004332602024078,2024-08-01-10-54-34/SITE5_ORNT155_VIS5mi.png
0,2,"[0.2827, 0.1640, 0.1430, 0.1091, 0.1008, 0.0580, 0.0594, 0.0525, 0.0103, 0.0202]",0.28270113468170166,2024-08-18-13-20-24/SITE179_ORNT185_VIS3mi.png
6,2,"[0.0451, 0.0825, 0.1148, 0.1117, 0.1209, 0.1354, 0.2073, 0.1133, 0.0147, 0.0542]",0.2073202133178711,2024-06-01-11-15-19/SITE161_ORNT192_VIS3mi.png
0,9,"[0.2368, 0.1644, 0.1492, 0.1146, 0.1085, 0.0736, 0.0522, 0.0598, 0.0174, 0.0235]",0.23677851259708405,2025-04-02-15-05-32/SITE35_ORNT258_VIS10+mi.png
2,1,"[0.1345, 0.1172, 0.1371, 0.1223, 0.1079, 0.0960, 0.1065, 0.0900, 0.0242, 0.0643]",0.13714691996574402,2024-06-14-14-13-33/SITE179_ORNT230_VIS2mi.png
6,9,"[0.0159, 0.0246, 0.0348, 0.0350, 0.0744, 0.2120, 0.3822, 0.0756, 0.0161, 0.1295]",0.3821871876716614,2025-03-23-13-51-54/SITE442_ORNT210_VIS10+mi.png
2,2,"[0.0397, 0.0963, 0.1880, 0.1364, 0.1688, 0.1181, 0.1617, 0.0717, 0.0053, 0.0139]",0.1880001276731491,2024-07-26-10-22-16/SITE262_ORNT10_VIS3mi.png
8,8,"[0.0061, 0.0209, 0.0535, 0.0402, 0.0797, 0.1190, 0.0849, 0.1093, 0.4318, 0.0547]",0.431766539812088,2024-07-24-16-43-44/SITE464_ORNT90_VIS9mi.png
1,2,"[0.1446, 0.2147, 0.1943, 0.1841, 0.1111, 0.0547, 0.0547, 0.0370, 0.0014, 0.0033]",0.21465636789798737,2024-06-17-19-22-23/SITE84_ORNT336_VIS3mi.png
3,5,"[0.0861, 0.1257, 0.1573, 0.1596, 0.1464, 0.1085, 0.0977, 0.0812, 0.0172, 0.0203]",0.15956994891166687,2024-12-20-15-16-09/SITE40_ORNT295_VIS6mi.png
9,8,"[0.0173, 0.0414, 0.0514, 0.0497, 0.0809, 0.0897, 0.0943, 0.1548, 0.1750, 0.2454]",0.24539969861507416,2024-08-16-20-03-50/SITE328_ORNT0_VIS9mi.png
2,4,"[0.1537, 0.2047, 0.2359, 0.1573, 0.1155, 0.0434, 0.0513, 0.0335, 0.0014, 0.0033]",0.23593854904174805,2024-08-18-13-20-24/SITE435_ORNT15_VIS5mi.png
7,7,"[0.0167, 0.0278, 0.0436, 0.0695, 0.0910, 0.1476, 0.1433, 0.2271, 0.0445, 0.1890]",0.22705212235450745,2025-02-02-12-13-03/SITE272_ORNT130_VIS8mi.png
2,7,"[0.1407, 0.1716, 0.1738, 0.1634, 0.1280, 0.0725, 0.0762, 0.0563, 0.0060, 0.0115]",0.1737598031759262,2025-03-29-15-28-57/SITE802_ORNT235_VIS8mi.png
7,4,"[0.0147, 0.0397, 0.0527, 0.0942, 0.0941, 0.0996, 0.1578, 0.2568, 0.0472, 0.1431]",0.25682175159454346,2024-10-18-12-30-03/SITE539_ORNT310_VIS5mi.png
0,3,"[0.2437, 0.1538, 0.1342, 0.0922, 0.1141, 0.0731, 0.0364, 0.0856, 0.0264, 0.0405]",0.24374955892562866,2025-03-29-15-28-57/SITE15_ORNT90_VIS4mi.png
6,1,"[0.0392, 0.0799, 0.1259, 0.1230, 0.1101, 0.1471, 0.2012, 0.1147, 0.0140, 0.0449]",0.20124150812625885,2024-09-02-17-43-28/SITE167_ORNT60_VIS2-5mi.png
6,6,"[0.0449, 0.0797, 0.1105, 0.0826, 0.1263, 0.1636, 0.1989, 0.1232, 0.0237, 0.0466]",0.19889044761657715,2025-04-11-14-52-32/SITE760_ORNT140_VIS7mi.png
8,8,"[0.0036, 0.0066, 0.0151, 0.0293, 0.0147, 0.0419, 0.0164, 0.0656, 0.5198, 0.2871]",0.5198202133178711,2024-07-07-15-01-32/SITE376_ORNT70_VIS9mi.png
0,1,"[0.2896, 0.1774, 0.1213, 0.0928, 0.0966, 0.0587, 0.0245, 0.0921, 0.0138, 0.0332]",0.2895790934562683,2025-03-31-15-41-11/SITE194_ORNT194_VIS2-5mi.png
3,4,"[0.0792, 0.1041, 0.1328, 0.1575, 0.1353, 0.1011, 0.1426, 0.0800, 0.0103, 0.0573]",0.15750478208065033,2024-07-29-16-41-43/SITE722_ORNT315_VIS5mi.png
9,9,"[0.0272, 0.0324, 0.0905, 0.0582, 0.0585, 0.0484, 0.0845, 0.1369, 0.0419, 0.4216]",0.42159605026245117,2025-04-02-15-05-32/SITE417_ORNT50_VIS10+mi.png
0,0,"[0.3062, 0.2131, 0.1277, 0.1032, 0.0861, 0.0606, 0.0216, 0.0599, 0.0121, 0.0097]",0.306157648563385,2025-01-23-15-05-27/SITE262_ORNT124_VIS1mi.png
7,4,"[0.0168, 0.0446, 0.0646, 0.1064, 0.1583, 0.1424, 0.1702, 0.2046, 0.0595, 0.0327]",0.20460186898708344,2024-07-04-13-27-11/SITE422_ORNT85_VIS5mi.png
0,0,"[0.1839, 0.1343, 0.1464, 0.1082, 0.1220, 0.0843, 0.0811, 0.0719, 0.0215, 0.0464]",0.18392413854599,2024-12-27-14-55-32/SITE556_ORNT223_VIS1-75mi.png
2,1,"[0.1936, 0.1751, 0.2254, 0.1494, 0.1061, 0.0461, 0.0574, 0.0381, 0.0025, 0.0064]",0.2254265695810318,2024-09-08-13-07-06/SITE13_ORNT85_VIS2mi.png
7,7,"[0.0197, 0.0962, 0.0394, 0.0807, 0.0724, 0.1026, 0.1284, 0.1903, 0.1207, 0.1497]",0.19026030600070953,2025-01-17-15-10-02/SITE569_ORNT276_VIS8mi.png
6,3,"[0.0316, 0.0694, 0.0980, 0.0946, 0.1153, 0.1660, 0.2360, 0.1258, 0.0176, 0.0458]",0.23596100509166718,2024-08-18-13-20-24/SITE261_ORNT90_VIS4mi.png
8,8,"[0.0051, 0.0047, 0.0128, 0.0038, 0.0281, 0.0583, 0.0250, 0.0451, 0.6182, 0.1988]",0.6181586980819702,2025-01-31-13-49-43/SITE380_ORNT55_VIS9mi.png
3,2,"[0.0618, 0.1199, 0.1375, 0.1715, 0.1542, 0.1062, 0.1268, 0.0853, 0.0139, 0.0231]",0.17146775126457214,2025-04-02-15-05-32/SITE22_ORNT100_VIS3mi.png
0,2,"[0.1879, 0.1633, 0.1739, 0.0849, 0.1020, 0.1269, 0.0260, 0.0658, 0.0570, 0.0123]",0.18792285025119781,2025-04-14-19-44-02/SITE205_ORNT100_VIS3mi.png
7,3,"[0.0188, 0.0537, 0.0892, 0.1537, 0.1159, 0.1155, 0.1610, 0.1792, 0.0271, 0.0860]",0.17920847237110138,2024-06-06-10-38-22/SITE203_ORNT220_VIS4mi.png
3,6,"[0.0848, 0.1688, 0.1644, 0.2312, 0.0811, 0.0692, 0.1215, 0.0635, 0.0022, 0.0134]",0.23115848004817963,2024-08-18-19-28-16/SITE616_ORNT0_VIS7mi.png
4,6,"[0.0250, 0.0649, 0.1490, 0.1008, 0.1780, 0.1638, 0.0691, 0.1006, 0.1393, 0.0096]",0.17802725732326508,2025-04-10-17-56-44/SITE367_ORNT110_VIS7mi.png
9,1,"[0.1000, 0.0711, 0.0933, 0.0731, 0.0976, 0.0971, 0.0744, 0.1030, 0.0759, 0.2146]",0.2146090567111969,2025-02-16-12-49-10/SITE626_ORNT195_VIS2mi.png
3,5,"[0.0352, 0.0701, 0.1246, 0.1642, 0.0896, 0.0995, 0.1473, 0.1272, 0.0228, 0.1195]",0.16419321298599243,2025-03-31-15-41-11/SITE178_ORNT300_VIS6mi.png
3,3,"[0.0522, 0.1049, 0.1403, 0.1817, 0.1293, 0.1227, 0.1302, 0.0917, 0.0140, 0.0329]",0.18168967962265015,2025-01-26-15-53-06/SITE7_ORNT221_VIS4mi.png
3,3,"[0.0665, 0.1429, 0.1391, 0.1791, 0.1550, 0.1060, 0.1110, 0.0732, 0.0149, 0.0123]",0.17913492023944855,2024-09-08-16-00-24/SITE53_ORNT170_VIS4mi.png
3,2,"[0.1497, 0.1536, 0.1567, 0.1594, 0.1139, 0.0840, 0.0874, 0.0666, 0.0074, 0.0214]",0.1593812257051468,2024-09-27-16-12-40/SITE438_ORNT110_VIS3mi.png
9,5,"[0.0423, 0.0482, 0.0822, 0.0782, 0.0998, 0.0997, 0.1598, 0.1343, 0.0227, 0.2329]",0.23285405337810516,2024-07-20-15-11-13/SITE198_ORNT248_VIS6mi.png
6,7,"[0.0391, 0.0735, 0.1444, 0.1243, 0.1336, 0.1342, 0.1836, 0.1150, 0.0178, 0.0346]",0.18360836803913116,2024-12-10-14-08-09/SITE442_ORNT300_VIS8mi.png
0,4,"[0.2398, 0.1280, 0.1453, 0.1077, 0.1139, 0.0759, 0.0516, 0.0834, 0.0094, 0.0450]",0.239757239818573,2025-03-31-13-29-12/SITE261_ORNT270_VIS5mi.png
3,1,"[0.1511, 0.1836, 0.1527, 0.1894, 0.1094, 0.0781, 0.0636, 0.0578, 0.0056, 0.0087]",0.18940332531929016,2024-07-05-14-33-31/SITE116_ORNT277_VIS2-5mi.png
3,9,"[0.0840, 0.0959, 0.1288, 0.1595, 0.1383, 0.1042, 0.1456, 0.0724, 0.0052, 0.0662]",0.15950070321559906,2025-02-11-14-30-47/SITE50_ORNT265_VIS10+mi.png
8,0,"[0.0064, 0.0233, 0.0265, 0.0598, 0.0568, 0.0615, 0.0726, 0.1848, 0.2568, 0.2515]",0.256847620010376,2024-07-01-19-28-49/SITE239_ORNT245_VIS1-5mi.png
5,1,"[0.0197, 0.0331, 0.0495, 0.0446, 0.1015, 0.1829, 0.1236, 0.1472, 0.1781, 0.1198]",0.1829228550195694,2024-07-29-17-46-25/SITE426_ORNT250_VIS2-25mi.png
2,6,"[0.1718, 0.1728, 0.1999, 0.1427, 0.1120, 0.0472, 0.0946, 0.0455, 0.0024, 0.0110]",0.19990743696689606,2024-07-30-14-06-06/SITE43_ORNT270_VIS7mi.png
8,8,"[0.0008, 0.0039, 0.0068, 0.0153, 0.0133, 0.0482, 0.0249, 0.1121, 0.5685, 0.2062]",0.5684651732444763,2024-08-02-20-27-22/SITE336_ORNT180_VIS9mi.png
2,5,"[0.0533, 0.0924, 0.1447, 0.1251, 0.1347, 0.1446, 0.1419, 0.1011, 0.0341, 0.0280]",0.1447295844554901,2024-10-06-12-31-10/SITE276_ORNT225_VIS6mi.png
9,1,"[0.0332, 0.0458, 0.0815, 0.0882, 0.0892, 0.1148, 0.1608, 0.1502, 0.0358, 0.2006]",0.20056670904159546,2025-02-05-13-59-56/SITE59_ORNT10_VIS2mi.png
0,4,"[0.1834, 0.1352, 0.1280, 0.1159, 0.1088, 0.0804, 0.0826, 0.0792, 0.0170, 0.0695]",0.18337835371494293,2025-03-03-11-33-30/SITE411_ORNT280_VIS5mi.png
2,6,"[0.0989, 0.1708, 0.1954, 0.1507, 0.1554, 0.0786, 0.0808, 0.0539, 0.0072, 0.0083]",0.19536472856998444,2024-07-07-15-01-32/SITE45_ORNT290_VIS7mi.png
8,8,"[0.0001, 0.0006, 0.0066, 0.0023, 0.0053, 0.0154, 0.0267, 0.0201, 0.9140, 0.0089]",0.913979709148407,2024-08-01-10-54-34/SITE333_ORNT280_VIS9mi.png
9,9,"[0.0283, 0.0309, 0.0698, 0.0532, 0.0740, 0.0820, 0.1592, 0.1491, 0.0446, 0.3088]",0.30882635712623596,2024-12-20-15-16-09/SITE802_ORNT315_VIS10+mi.png
9,1,"[0.0199, 0.0327, 0.0473, 0.0520, 0.0708, 0.0667, 0.1420, 0.1789, 0.0285, 0.3612]",0.36119723320007324,2025-03-28-10-38-15/SITE33_ORNT215_VIS2-5mi.png
3,1,"[0.0929, 0.1555, 0.1581, 0.1680, 0.1361, 0.1030, 0.0995, 0.0632, 0.0099, 0.0138]",0.1680295318365097,2024-07-05-10-36-13/SITE229_ORNT80_VIS2-5mi.png
8,8,"[0.0072, 0.0204, 0.0447, 0.0361, 0.0788, 0.0939, 0.0622, 0.1202, 0.3980, 0.1386]",0.39801159501075745,2024-09-22-16-46-10/SITE380_ORNT55_VIS9mi.png
8,9,"[0.0047, 0.0229, 0.0471, 0.0629, 0.1033, 0.1317, 0.0760, 0.1887, 0.3366, 0.0261]",0.33661431074142456,2025-04-11-14-52-32/SITE467_ORNT55_VIS15mi.png
3,3,"[0.1002, 0.1465, 0.1518, 0.1635, 0.1349, 0.1090, 0.0950, 0.0697, 0.0139, 0.0156]",0.1634518951177597,2024-07-25-18-03-52/SITE411_ORNT280_VIS4mi.png
6,4,"[0.0181, 0.0559, 0.0791, 0.1095, 0.1531, 0.1493, 0.2035, 0.1824, 0.0275, 0.0216]",0.20349617302417755,2024-08-15-16-44-48/SITE215_ORNT330_VIS5mi.png
8,8,"[0.0200, 0.0444, 0.0689, 0.0981, 0.1058, 0.1090, 0.0941, 0.1684, 0.1972, 0.0942]",0.19720707833766937,2025-03-31-15-41-11/SITE377_ORNT200_VIS9mi.png
3,9,"[0.0885, 0.0934, 0.1253, 0.1345, 0.1205, 0.0950, 0.0799, 0.1296, 0.0376, 0.0957]",0.13450008630752563,2025-03-04-14-20-15/SITE230_ORNT214_VIS10+mi.png
6,7,"[0.0152, 0.0658, 0.0721, 0.0679, 0.1135, 0.1891, 0.2308, 0.1541, 0.0186, 0.0729]",0.23075416684150696,2025-02-05-13-59-56/SITE105_ORNT28_VIS8mi.png
9,4,"[0.0143, 0.0115, 0.0335, 0.0245, 0.0324, 0.0395, 0.0496, 0.1582, 0.0631, 0.5732]",0.5732330083847046,2025-02-01-12-44-07/SITE734_ORNT75_VIS5mi.png
3,3,"[0.1024, 0.1759, 0.1679, 0.1804, 0.1352, 0.0867, 0.0826, 0.0536, 0.0068, 0.0085]",0.18044863641262054,2024-07-05-14-33-31/SITE19_ORNT325_VIS4mi.png
8,8,"[0.0000, 0.0008, 0.0020, 0.0020, 0.0068, 0.0234, 0.0352, 0.0335, 0.8899, 0.0063]",0.8898748159408569,2024-07-23-16-31-18/SITE386_ORNT125_VIS9mi.png
8,8,"[0.0090, 0.0194, 0.0442, 0.0121, 0.0486, 0.2084, 0.2521, 0.0831, 0.2687, 0.0544]",0.268710196018219,2024-06-06-10-38-22/SITE520_ORNT180_VIS9mi.png
1,0,"[0.1745, 0.2070, 0.1694, 0.1737, 0.1133, 0.0595, 0.0522, 0.0413, 0.0023, 0.0068]",0.2070329189300537,2025-03-03-11-33-30/SITE251_ORNT140_VIS1mi.png
7,6,"[0.0334, 0.0528, 0.0730, 0.1057, 0.1088, 0.1172, 0.1615, 0.1824, 0.0236, 0.1415]",0.18244419991970062,2024-07-23-13-08-12/SITE584_ORNT225_VIS7mi.png
4,4,"[0.0432, 0.0850, 0.1438, 0.1419, 0.1611, 0.1225, 0.1394, 0.1118, 0.0262, 0.0251]",0.16108208894729614,2024-08-31-14-30-34/SITE251_ORNT140_VIS5mi.png
3,3,"[0.1020, 0.1363, 0.1515, 0.1548, 0.1169, 0.1144, 0.1157, 0.0722, 0.0125, 0.0238]",0.15482516586780548,2024-09-07-13-37-18/SITE161_ORNT316_VIS4mi.png
0,5,"[0.1461, 0.1265, 0.1246, 0.1073, 0.1170, 0.0863, 0.0753, 0.0914, 0.0309, 0.0948]",0.14608946442604065,2025-02-01-17-30-02/SITE24_ORNT120_VIS6mi.png
6,3,"[0.0413, 0.0955, 0.1592, 0.1287, 0.1261, 0.1402, 0.1937, 0.0867, 0.0109, 0.0177]",0.19366653263568878,2024-07-04-10-22-12/SITE239_ORNT30_VIS4mi.png
0,4,"[0.1501, 0.1257, 0.1382, 0.1125, 0.1132, 0.0977, 0.0648, 0.0936, 0.0482, 0.0561]",0.15013159811496735,2025-02-04-15-47-48/SITE807_ORNT295_VIS5mi.png
0,2,"[0.1518, 0.1416, 0.1456, 0.1322, 0.1038, 0.0857, 0.1222, 0.0662, 0.0078, 0.0429]",0.1518448442220688,2025-02-14-15-24-27/SITE100_ORNT280_VIS3mi.png
9,4,"[0.0257, 0.0309, 0.0559, 0.0536, 0.0833, 0.1048, 0.1693, 0.1276, 0.0766, 0.2723]",0.2723003029823303,2025-02-01-17-30-02/SITE546_ORNT40_VIS5mi.png
8,8,"[0.0000, 0.0001, 0.0002, 0.0004, 0.0010, 0.0057, 0.0038, 0.0482, 0.7604, 0.1802]",0.7604484558105469,2024-10-06-12-31-10/SITE324_ORNT225_VIS9mi.png
2,4,"[0.0694, 0.1187, 0.1378, 0.1157, 0.1149, 0.1348, 0.1263, 0.0913, 0.0478, 0.0433]",0.13783186674118042,2025-03-06-15-10-58/SITE104_ORNT150_VIS5mi.png
9,9,"[0.0195, 0.0334, 0.0482, 0.0681, 0.0408, 0.0479, 0.0412, 0.1890, 0.0665, 0.4454]",0.4453637897968292,2025-02-02-12-13-03/SITE521_ORNT240_VIS30mi.png
8,8,"[0.0000, 0.0001, 0.0007, 0.0026, 0.0015, 0.0069, 0.0108, 0.0571, 0.9029, 0.0173]",0.9029374122619629,2024-07-01-19-28-49/SITE358_ORNT120_VIS9mi.png
0,3,"[0.3080, 0.1620, 0.1411, 0.0999, 0.1020, 0.0532, 0.0601, 0.0439, 0.0068, 0.0230]",0.30800285935401917,2024-05-08-14-34-39/SITE684_ORNT179_VIS4mi.png
2,0,"[0.1149, 0.1501, 0.1598, 0.1572, 0.1240, 0.1017, 0.0942, 0.0703, 0.0106, 0.0172]",0.15979991853237152,2024-08-19-10-27-18/SITE521_ORNT240_VIS1mi.png
0,0,"[0.2232, 0.1408, 0.1585, 0.0994, 0.1237, 0.0677, 0.0783, 0.0554, 0.0150, 0.0380]",0.2232482135295868,2025-03-05-12-08-53/SITE601_ORNT90_VIS1-75mi.png
6,6,"[0.0205, 0.0647, 0.0806, 0.1110, 0.1440, 0.1470, 0.2268, 0.1561, 0.0228, 0.0263]",0.22683605551719666,2024-06-27-10-23-10/SITE19_ORNT260_VIS7mi.png
3,0,"[0.0721, 0.1159, 0.1338, 0.1498, 0.1046, 0.1053, 0.1182, 0.1146, 0.0327, 0.0530]",0.14980687201023102,2025-02-04-15-47-48/SITE639_ORNT10_VIS1mi.png
6,1,"[0.0611, 0.0840, 0.1180, 0.1074, 0.1155, 0.1217, 0.1580, 0.1304, 0.0250, 0.0788]",0.15797841548919678,2025-04-02-15-05-32/SITE786_ORNT40_VIS2mi.png
7,9,"[0.0111, 0.0312, 0.0449, 0.0714, 0.1232, 0.1196, 0.1487, 0.2472, 0.0868, 0.1160]",0.24715757369995117,2025-03-02-11-48-27/SITE831_ORNT125_VIS10+mi.png
2,1,"[0.1064, 0.1489, 0.1623, 0.1546, 0.1391, 0.0902, 0.1018, 0.0692, 0.0067, 0.0206]",0.16231752932071686,2024-12-10-14-08-09/SITE719_ORNT300_VIS2-5mi.png
7,9,"[0.0139, 0.0326, 0.0406, 0.0977, 0.1355, 0.1520, 0.1364, 0.2219, 0.0731, 0.0962]",0.221947580575943,2024-12-10-14-08-09/SITE19_ORNT325_VIS10+mi.png
8,4,"[0.0465, 0.0757, 0.1436, 0.0753, 0.1346, 0.1410, 0.0680, 0.1005, 0.1832, 0.0316]",0.18316899240016937,2025-03-28-10-38-15/SITE385_ORNT230_VIS5mi.png
7,6,"[0.0203, 0.0425, 0.0395, 0.1153, 0.1425, 0.1227, 0.1875, 0.2283, 0.0173, 0.0840]",0.22826144099235535,2024-07-25-18-03-52/SITE569_ORNT138_VIS7mi.png
8,8,"[0.0001, 0.0001, 0.0040, 0.0001, 0.0034, 0.0207, 0.0273, 0.0035, 0.9382, 0.0025]",0.9381892681121826,2024-06-28-13-30-05/SITE386_ORNT130_VIS9mi.png
6,1,"[0.0293, 0.0648, 0.1244, 0.0877, 0.1114, 0.1609, 0.2393, 0.1287, 0.0144, 0.0392]",0.239255890250206,2024-07-02-10-19-43/SITE747_ORNT0_VIS2-5mi.png
6,7,"[0.0242, 0.0511, 0.0626, 0.0700, 0.1017, 0.1427, 0.2171, 0.1936, 0.0231, 0.1139]",0.21714210510253906,2024-07-24-16-43-44/SITE579_ORNT210_VIS8mi.png
1,5,"[0.1468, 0.1738, 0.1636, 0.1668, 0.1228, 0.0770, 0.0753, 0.0562, 0.0052, 0.0126]",0.1737561821937561,2025-04-13-19-09-12/SITE161_ORNT141_VIS6mi.png
5,1,"[0.0874, 0.0670, 0.1318, 0.0509, 0.1039, 0.2786, 0.0174, 0.0596, 0.1825, 0.0209]",0.2786293625831604,2025-03-06-15-10-58/SITE485_ORNT290_VIS2mi.png
9,0,"[0.0704, 0.0692, 0.0957, 0.0960, 0.0995, 0.1077, 0.0896, 0.1369, 0.0560, 0.1789]",0.17889289557933807,2025-02-10-14-47-56/SITE467_ORNT135_VIS1-5mi.png
9,4,"[0.0932, 0.0898, 0.1056, 0.0992, 0.1140, 0.0984, 0.0884, 0.1073, 0.0509, 0.1532]",0.1531667709350586,2025-02-15-15-20-00/SITE215_ORNT330_VIS5mi.png
2,3,"[0.1237, 0.1684, 0.2049, 0.1451, 0.1434, 0.0695, 0.0756, 0.0523, 0.0066, 0.0105]",0.20486725866794586,2024-05-14-16-18-20/SITE41_ORNT235_VIS4mi.png
3,2,"[0.0582, 0.0818, 0.1197, 0.1334, 0.0990, 0.1088, 0.1281, 0.1245, 0.0286, 0.1179]",0.13336549699306488,2025-03-01-18-07-41/SITE45_ORNT5_VIS3mi.png
2,8,"[0.0798, 0.0893, 0.1678, 0.0640, 0.1033, 0.1670, 0.0744, 0.0776, 0.1482, 0.0287]",0.16783295571804047,2025-03-01-18-07-41/SITE343_ORNT180_VIS9mi.png
2,4,"[0.0575, 0.1110, 0.1921, 0.1187, 0.1378, 0.1192, 0.1557, 0.0813, 0.0110, 0.0156]",0.19206663966178894,2024-08-31-14-30-34/SITE8_ORNT278_VIS5mi.png
9,0,"[0.0924, 0.0791, 0.1226, 0.0952, 0.1037, 0.0955, 0.1115, 0.1002, 0.0236, 0.1764]",0.17635658383369446,2025-02-01-12-44-07/SITE59_ORNT10_VIS1mi.png
0,2,"[0.2227, 0.1426, 0.1540, 0.0946, 0.1083, 0.0812, 0.0278, 0.0984, 0.0433, 0.0271]",0.22273042798042297,2025-03-02-13-12-40/SITE15_ORNT170_VIS3mi.png
6,6,"[0.0419, 0.0718, 0.0940, 0.0897, 0.1010, 0.1348, 0.1701, 0.1481, 0.0374, 0.1112]",0.1701490432024002,2024-08-19-10-27-18/SITE606_ORNT180_VIS7mi.png
4,9,"[0.0619, 0.1440, 0.1431, 0.0268, 0.1552, 0.1300, 0.0936, 0.0956, 0.0017, 0.1481]",0.15524868667125702,2025-04-02-15-05-32/SITE73_ORNT20_VIS10+mi.png
3,0,"[0.0940, 0.1460, 0.1550, 0.1585, 0.1269, 0.0972, 0.1042, 0.0759, 0.0191, 0.0232]",0.1585158407688141,2024-07-25-10-00-39/SITE434_ORNT325_VIS1-25mi.png
6,6,"[0.0109, 0.0333, 0.0190, 0.0177, 0.0307, 0.1614, 0.6352, 0.0641, 0.0034, 0.0241]",0.6352363228797913,2024-05-03-12-14-06/SITE760_ORNT140_VIS7mi.png
9,2,"[0.0371, 0.0397, 0.0824, 0.0737, 0.0657, 0.0824, 0.1350, 0.1324, 0.0229, 0.3286]",0.32864558696746826,2025-01-28-16-10-28/SITE437_ORNT110_VIS3mi.png
7,7,"[0.0275, 0.0528, 0.0811, 0.0762, 0.1148, 0.1372, 0.1577, 0.1877, 0.0502, 0.1150]",0.18766874074935913,2024-08-30-10-00-55/SITE457_ORNT225_VIS8mi.png
9,7,"[0.0062, 0.0119, 0.0243, 0.0383, 0.0457, 0.0444, 0.0723, 0.2025, 0.1243, 0.4300]",0.43003031611442566,2024-04-25-17-48-06/SITE241_ORNT214_VIS8mi.png
2,4,"[0.1077, 0.1479, 0.1658, 0.1606, 0.1360, 0.0921, 0.0936, 0.0695, 0.0090, 0.0178]",0.16578708589076996,2025-02-11-14-30-47/SITE578_ORNT185_VIS5mi.png
8,8,"[0.0000, 0.0000, 0.0036, 0.0000, 0.0007, 0.0224, 0.0268, 0.0012, 0.9450, 0.0003]",0.9449763298034668,2025-03-05-12-08-53/SITE528_ORNT235_VIS9mi.png
6,1,"[0.0171, 0.0573, 0.1436, 0.1098, 0.1115, 0.1681, 0.1769, 0.1347, 0.0463, 0.0347]",0.17691317200660706,2024-05-31-11-53-14/SITE203_ORNT155_VIS2-5mi.png
6,5,"[0.0507, 0.0724, 0.0986, 0.0717, 0.0982, 0.1428, 0.2578, 0.1181, 0.0133, 0.0765]",0.2577621042728424,2024-05-09-16-15-37/SITE8_ORNT278_VIS6mi.png
3,4,"[0.0458, 0.0903, 0.1198, 0.1569, 0.1311, 0.1246, 0.1427, 0.1090, 0.0354, 0.0443]",0.15692856907844543,2024-05-23-15-19-49/SITE43_ORNT115_VIS5mi.png
3,2,"[0.0998, 0.1288, 0.1523, 0.1641, 0.1271, 0.1015, 0.1057, 0.0805, 0.0116, 0.0285]",0.16414110362529755,2024-08-29-14-11-27/SITE29_ORNT200_VIS3mi.png
0,9,"[0.1378, 0.1163, 0.1333, 0.1130, 0.1120, 0.0967, 0.0994, 0.0849, 0.0271, 0.0796]",0.13775895535945892,2025-03-05-12-08-53/SITE119_ORNT96_VIS10+mi.png
9,5,"[0.0526, 0.0594, 0.1236, 0.0728, 0.0882, 0.1251, 0.0928, 0.1170, 0.1215, 0.1470]",0.1470341980457306,2025-02-10-14-47-56/SITE461_ORNT110_VIS6mi.png
3,5,"[0.0952, 0.1324, 0.1496, 0.1533, 0.1375, 0.1118, 0.0983, 0.0747, 0.0266, 0.0206]",0.1533084511756897,2024-06-29-10-50-12/SITE276_ORNT225_VIS6mi.png
1,6,"[0.1341, 0.1874, 0.1701, 0.1691, 0.1331, 0.0732, 0.0675, 0.0511, 0.0058, 0.0087]",0.18743498623371124,2024-07-28-13-48-26/SITE422_ORNT300_VIS7mi.png
6,6,"[0.0171, 0.0309, 0.0383, 0.0361, 0.0694, 0.1464, 0.2852, 0.1462, 0.0279, 0.2025]",0.28521618247032166,2024-06-18-18-07-05/SITE22_ORNT285_VIS7mi.png
0,5,"[0.2359, 0.1401, 0.1420, 0.1125, 0.1215, 0.0718, 0.0604, 0.0657, 0.0158, 0.0344]",0.2358788400888443,2025-03-04-14-20-15/SITE421_ORNT240_VIS6mi.png
5,7,"[0.0357, 0.0762, 0.1667, 0.0699, 0.0896, 0.2144, 0.1435, 0.0916, 0.0814, 0.0310]",0.21436233818531036,2024-07-20-15-11-13/SITE453_ORNT270_VIS8mi.png
2,4,"[0.0682, 0.1198, 0.1575, 0.1373, 0.1371, 0.1266, 0.1115, 0.0885, 0.0265, 0.0268]",0.15753568708896637,2024-05-01-16-21-18/SITE483_ORNT5_VIS5mi.png
9,9,"[0.0269, 0.0442, 0.0849, 0.0900, 0.0882, 0.1094, 0.1365, 0.1560, 0.0396, 0.2243]",0.22426338493824005,2025-03-31-13-29-12/SITE871_ORNT260_VIS10+mi.png
7,4,"[0.0092, 0.0331, 0.0591, 0.0716, 0.1502, 0.1620, 0.1943, 0.2275, 0.0597, 0.0334]",0.22751961648464203,2025-02-27-11-22-46/SITE25_ORNT30_VIS5mi.png
8,8,"[0.0005, 0.0025, 0.0055, 0.0100, 0.0049, 0.0204, 0.0070, 0.0226, 0.7816, 0.1449]",0.7816007137298584,2024-12-24-15-14-57/SITE471_ORNT255_VIS9mi.png
7,5,"[0.0117, 0.0269, 0.0387, 0.0826, 0.0667, 0.0804, 0.1087, 0.2701, 0.0972, 0.2170]",0.27014797925949097,2024-08-19-19-34-52/SITE251_ORNT140_VIS6mi.png
3,4,"[0.0891, 0.1385, 0.1488, 0.1606, 0.1409, 0.1032, 0.1129, 0.0736, 0.0149, 0.0176]",0.16059374809265137,2024-05-09-16-15-37/SITE418_ORNT260_VIS5mi.png
0,1,"[0.5035, 0.1421, 0.1323, 0.0647, 0.0645, 0.0230, 0.0394, 0.0223, 0.0023, 0.0060]",0.5034746527671814,2025-01-31-13-49-43/SITE230_ORNT90_VIS2mi.png
3,0,"[0.0900, 0.0939, 0.1183, 0.1301, 0.1158, 0.0960, 0.1286, 0.0990, 0.0241, 0.1042]",0.13013432919979095,2024-12-24-15-14-57/SITE658_ORNT305_VIS1mi.png
2,1,"[0.1582, 0.1795, 0.1895, 0.1596, 0.1107, 0.0580, 0.0840, 0.0487, 0.0026, 0.0092]",0.18949107825756073,2024-07-27-10-27-08/SITE132_ORNT141_VIS2mi.png
6,7,"[0.0208, 0.0416, 0.0448, 0.0479, 0.0840, 0.1966, 0.3129, 0.1103, 0.0126, 0.1284]",0.312934935092926,2024-07-29-17-46-25/SITE557_ORNT291_VIS8mi.png
9,9,"[0.0733, 0.0635, 0.1030, 0.0880, 0.1076, 0.0993, 0.1404, 0.1057, 0.0209, 0.1982]",0.19821089506149292,2025-02-19-12-18-05/SITE586_ORNT100_VIS10+mi.png
9,9,"[0.0194, 0.0349, 0.0536, 0.0422, 0.0993, 0.1273, 0.1016, 0.1633, 0.1149, 0.2434]",0.24338187277317047,2025-03-18-13-52-55/SITE426_ORNT310_VIS25mi.png
8,8,"[0.0000, 0.0001, 0.0005, 0.0016, 0.0012, 0.0064, 0.0182, 0.0310, 0.9372, 0.0040]",0.9371556639671326,2024-08-29-14-11-27/SITE386_ORNT290_VIS9mi.png
9,8,"[0.0016, 0.0054, 0.0077, 0.0121, 0.0228, 0.0276, 0.0223, 0.1051, 0.3533, 0.4421]",0.44209617376327515,2025-03-29-15-28-57/SITE377_ORNT200_VIS9mi.png
2,7,"[0.0640, 0.1273, 0.1751, 0.1332, 0.1088, 0.1362, 0.1077, 0.0887, 0.0373, 0.0218]",0.1750672608613968,2024-10-15-10-59-57/SITE397_ORNT270_VIS8mi.png
2,7,"[0.0755, 0.1026, 0.1690, 0.0972, 0.1642, 0.1270, 0.0562, 0.0877, 0.1057, 0.0151]",0.16904745995998383,2025-02-01-17-30-02/SITE528_ORNT35_VIS8mi.png
6,3,"[0.0212, 0.0507, 0.0615, 0.1301, 0.1938, 0.1829, 0.1985, 0.1032, 0.0130, 0.0451]",0.1985173523426056,2024-07-30-16-52-29/SITE19_ORNT260_VIS4mi.png
5,3,"[0.0070, 0.0158, 0.0164, 0.0445, 0.0706, 0.3515, 0.2435, 0.1343, 0.0384, 0.0781]",0.35150158405303955,2024-05-28-11-05-32/SITE439_ORNT200_VIS4mi.png
8,8,"[0.0000, 0.0000, 0.0001, 0.0002, 0.0005, 0.0003, 0.0001, 0.0002, 0.9909, 0.0077]",0.9908577799797058,2024-06-03-13-44-33/SITE522_ORNT270_VIS9mi.png
9,6,"[0.0208, 0.0295, 0.0643, 0.0997, 0.0652, 0.0794, 0.1144, 0.1792, 0.0373, 0.3103]",0.31027042865753174,2024-05-13-18-48-49/SITE129_ORNT109_VIS7mi.png
0,0,"[0.3073, 0.1536, 0.1475, 0.0989, 0.0883, 0.0494, 0.0720, 0.0508, 0.0079, 0.0244]",0.30726706981658936,2025-04-07-16-10-10/SITE437_ORNT195_VIS1-25mi.png
6,3,"[0.0274, 0.0613, 0.1683, 0.0848, 0.1175, 0.1486, 0.2362, 0.1096, 0.0178, 0.0286]",0.2361772507429123,2024-05-28-11-05-32/SITE406_ORNT190_VIS4mi.png
2,3,"[0.1579, 0.1862, 0.2231, 0.1498, 0.1249, 0.0521, 0.0563, 0.0411, 0.0030, 0.0057]",0.22310970723628998,2024-08-01-10-54-34/SITE86_ORNT239_VIS4mi.png
9,9,"[0.0059, 0.0160, 0.0187, 0.0231, 0.0582, 0.0875, 0.0993, 0.1784, 0.1406, 0.3722]",0.3722190856933594,2024-05-21-12-02-34/SITE327_ORNT45_VIS15mi.png
0,0,"[0.2240, 0.1326, 0.1119, 0.1079, 0.1183, 0.0750, 0.0728, 0.0727, 0.0314, 0.0534]",0.22399984300136566,2024-06-17-19-22-23/SITE167_ORNT312_VIS1-25mi.png
2,5,"[0.0738, 0.1335, 0.1775, 0.1513, 0.1560, 0.1006, 0.1047, 0.0723, 0.0168, 0.0136]",0.17747679352760315,2024-12-29-16-00-12/SITE41_ORNT235_VIS6mi.png
6,6,"[0.0079, 0.0150, 0.0143, 0.0117, 0.0221, 0.0868, 0.7708, 0.0198, 0.0014, 0.0504]",0.7707589864730835,2024-10-10-15-17-15/SITE411_ORNT280_VIS7mi.png
8,3,"[0.0595, 0.0588, 0.1130, 0.0345, 0.0923, 0.1282, 0.0244, 0.1045, 0.2442, 0.1404]",0.24422869086265564,2025-04-16-13-54-24/SITE460_ORNT165_VIS4mi.png
9,3,"[0.0290, 0.0315, 0.0535, 0.0563, 0.0810, 0.0934, 0.1246, 0.1474, 0.0418, 0.3414]",0.3413503170013428,2024-04-30-13-21-52/SITE41_ORNT235_VIS4mi.png
3,3,"[0.1236, 0.1544, 0.1632, 0.1680, 0.1345, 0.0903, 0.0804, 0.0621, 0.0093, 0.0142]",0.16795726120471954,2025-03-02-13-12-40/SITE40_ORNT295_VIS4mi.png
0,4,"[0.1804, 0.1373, 0.1463, 0.1296, 0.1141, 0.0799, 0.0820, 0.0697, 0.0154, 0.0452]",0.18039989471435547,2025-01-31-13-49-43/SITE229_ORNT329_VIS5mi.png
2,1,"[0.1852, 0.1846, 0.1935, 0.1524, 0.1141, 0.0545, 0.0615, 0.0434, 0.0029, 0.0078]",0.19345997273921967,2024-07-27-10-27-08/SITE132_ORNT305_VIS2mi.png
8,4,"[0.0134, 0.0131, 0.0317, 0.0121, 0.0359, 0.0918, 0.0452, 0.0740, 0.3811, 0.3017]",0.3811071813106537,2025-01-29-12-01-12/SITE397_ORNT270_VIS5mi.png
2,3,"[0.1313, 0.1194, 0.1470, 0.1035, 0.1034, 0.1160, 0.0337, 0.1169, 0.0853, 0.0435]",0.1470377892255783,2025-03-28-10-38-15/SITE371_ORNT315_VIS4mi.png
0,9,"[0.2053, 0.1444, 0.1300, 0.0990, 0.1150, 0.0807, 0.0367, 0.1014, 0.0357, 0.0518]",0.20525306463241577,2025-02-05-13-59-56/SITE115_ORNT219_VIS10+mi.png
0,6,"[0.1686, 0.1531, 0.1647, 0.1046, 0.1128, 0.1034, 0.0378, 0.0787, 0.0552, 0.0212]",0.16861973702907562,2025-02-17-14-46-26/SITE807_ORNT25_VIS7mi.png
6,6,"[0.0018, 0.0063, 0.0046, 0.0023, 0.0020, 0.0066, 0.9524, 0.0054, 0.0002, 0.0184]",0.952378511428833,2025-04-22-15-39-35/SITE760_ORNT140_VIS7mi.png
6,3,"[0.0138, 0.0357, 0.0810, 0.0496, 0.0798, 0.1912, 0.2321, 0.1581, 0.0572, 0.1016]",0.23207004368305206,2025-02-05-13-59-56/SITE747_ORNT0_VIS4mi.png
5,4,"[0.0094, 0.0291, 0.0266, 0.0621, 0.1005, 0.3834, 0.3018, 0.0617, 0.0118, 0.0135]",0.3834455907344818,2024-07-02-10-19-43/SITE22_ORNT285_VIS5mi.png
0,4,"[0.2465, 0.1815, 0.1624, 0.1156, 0.0982, 0.0652, 0.0400, 0.0645, 0.0123, 0.0139]",0.24647225439548492,2025-03-11-17-13-52/SITE205_ORNT165_VIS5mi.png
0,9,"[0.1543, 0.1195, 0.1436, 0.1193, 0.1103, 0.0911, 0.0809, 0.0900, 0.0161, 0.0749]",0.15434300899505615,2025-02-15-15-20-00/SITE261_ORNT270_VIS10+mi.png
8,8,"[0.0320, 0.0521, 0.0971, 0.0920, 0.1298, 0.1369, 0.0891, 0.1525, 0.1558, 0.0626]",0.15582117438316345,2025-02-14-15-24-27/SITE355_ORNT130_VIS9mi.png
7,8,"[0.0109, 0.0400, 0.0435, 0.0790, 0.0996, 0.1055, 0.1700, 0.2870, 0.0608, 0.1038]",0.2869769036769867,2024-06-15-10-59-58/SITE310_ORNT314_VIS9mi.png
2,1,"[0.0997, 0.0825, 0.1625, 0.0986, 0.1049, 0.1127, 0.0325, 0.1495, 0.1000, 0.0572]",0.16248750686645508,2025-04-10-17-56-44/SITE198_ORNT80_VIS2-5mi.png
9,5,"[0.0199, 0.0385, 0.0467, 0.0643, 0.0785, 0.0565, 0.1483, 0.2106, 0.0167, 0.3201]",0.3200959265232086,2024-08-18-19-28-16/SITE203_ORNT335_VIS6mi.png
6,6,"[0.0572, 0.0754, 0.1048, 0.1215, 0.1007, 0.0971, 0.1485, 0.1283, 0.0203, 0.1463]",0.14850060641765594,2024-10-18-12-30-03/SITE95_ORNT317_VIS7mi.png
8,8,"[0.0000, 0.0002, 0.0004, 0.0017, 0.0026, 0.0064, 0.0052, 0.0628, 0.8422, 0.0783]",0.8422360420227051,2024-08-18-19-28-16/SITE323_ORNT315_VIS9mi.png
9,5,"[0.0357, 0.0514, 0.0975, 0.0661, 0.1022, 0.1252, 0.0943, 0.1302, 0.1190, 0.1784]",0.17841807007789612,2024-07-25-18-03-52/SITE557_ORNT191_VIS6mi.png
3,0,"[0.1374, 0.1483, 0.1510, 0.1701, 0.1124, 0.0854, 0.0938, 0.0681, 0.0096, 0.0239]",0.170109361410141,2025-01-31-13-49-43/SITE818_ORNT40_VIS1-75mi.png
0,3,"[0.3269, 0.1582, 0.1324, 0.0648, 0.1110, 0.0799, 0.0149, 0.0574, 0.0384, 0.0162]",0.3269132971763611,2025-03-06-15-10-58/SITE193_ORNT295_VIS4mi.png
3,5,"[0.0711, 0.0852, 0.1158, 0.1364, 0.1065, 0.1030, 0.1247, 0.1207, 0.0203, 0.1164]",0.13642358779907227,2024-10-14-13-08-27/SITE7_ORNT312_VIS6mi.png
6,9,"[0.0381, 0.0701, 0.1034, 0.1319, 0.1039, 0.1185, 0.1703, 0.1501, 0.0221, 0.0915]",0.17034310102462769,2024-12-29-16-00-12/SITE545_ORNT95_VIS10+mi.png
9,9,"[0.0090, 0.0219, 0.0270, 0.0411, 0.0613, 0.0515, 0.1746, 0.1776, 0.0149, 0.4210]",0.42103666067123413,2024-10-11-15-41-13/SITE405_ORNT250_VIS15mi.png
3,3,"[0.1207, 0.1591, 0.1539, 0.1746, 0.1202, 0.0825, 0.0905, 0.0707, 0.0095, 0.0182]",0.17463326454162598,2024-07-23-10-10-08/SITE434_ORNT230_VIS4mi.png
8,4,"[0.0008, 0.0033, 0.0107, 0.0024, 0.0286, 0.0547, 0.0873, 0.0390, 0.7573, 0.0160]",0.7573301792144775,2024-06-09-10-51-06/SITE333_ORNT280_VIS5mi.png
0,2,"[0.2032, 0.1341, 0.1524, 0.0986, 0.1140, 0.0880, 0.0598, 0.0800, 0.0313, 0.0385]",0.2032073587179184,2025-01-31-13-49-43/SITE29_ORNT200_VIS3mi.png
8,1,"[0.0068, 0.0066, 0.0233, 0.0025, 0.0222, 0.0786, 0.0870, 0.0481, 0.6922, 0.0328]",0.6921541690826416,2025-02-17-14-46-26/SITE355_ORNT70_VIS2-25mi.png
3,3,"[0.0528, 0.1166, 0.1262, 0.1789, 0.1199, 0.1171, 0.1606, 0.0847, 0.0119, 0.0312]",0.17891013622283936,2024-08-18-13-20-24/SITE11_ORNT253_VIS4mi.png
7,7,"[0.0158, 0.0353, 0.0552, 0.0715, 0.1183, 0.1318, 0.1802, 0.2032, 0.0727, 0.1160]",0.2031806856393814,2025-03-02-13-12-40/SITE117_ORNT128_VIS8mi.png
6,3,"[0.0202, 0.0501, 0.0893, 0.0500, 0.0994, 0.2163, 0.2558, 0.1424, 0.0181, 0.0584]",0.25584876537323,2024-07-27-10-27-08/SITE747_ORNT0_VIS4mi.png
8,5,"[0.0294, 0.0441, 0.0694, 0.0652, 0.0812, 0.1035, 0.0562, 0.1004, 0.2945, 0.1562]",0.2944546639919281,2025-02-27-11-22-46/SITE471_ORNT255_VIS6mi.png
9,6,"[0.0283, 0.0363, 0.0718, 0.0733, 0.0660, 0.0840, 0.1382, 0.1367, 0.0393, 0.3261]",0.326057493686676,2025-03-31-15-41-11/SITE59_ORNT333_VIS7mi.png
6,3,"[0.0095, 0.0072, 0.0306, 0.0106, 0.0385, 0.1122, 0.5603, 0.0222, 0.0067, 0.2023]",0.5603269338607788,2024-06-16-19-09-40/SITE722_ORNT315_VIS4mi.png
2,1,"[0.1503, 0.1564, 0.1569, 0.1520, 0.1202, 0.0891, 0.0813, 0.0643, 0.0095, 0.0200]",0.15689657628536224,2025-03-01-18-07-41/SITE212_ORNT80_VIS2mi.png
4,5,"[0.0759, 0.0818, 0.1263, 0.0851, 0.1377, 0.1313, 0.0823, 0.1072, 0.1140, 0.0584]",0.1376822292804718,2025-03-11-17-13-52/SITE494_ORNT270_VIS6mi.png
0,0,"[0.3288, 0.1504, 0.1384, 0.1029, 0.0801, 0.0492, 0.0625, 0.0569, 0.0160, 0.0149]",0.32877466082572937,2025-03-04-14-20-15/SITE134_ORNT165_VIS1mi.png
0,0,"[0.1907, 0.1320, 0.1628, 0.1116, 0.1123, 0.0866, 0.0646, 0.0785, 0.0192, 0.0417]",0.1906583607196808,2025-03-06-15-10-58/SITE217_ORNT100_VIS1-25mi.png
9,9,"[0.0167, 0.0250, 0.0789, 0.0825, 0.0444, 0.0605, 0.0943, 0.1582, 0.0273, 0.4122]",0.41224727034568787,2024-12-29-16-00-12/SITE76_ORNT60_VIS10+mi.png
2,7,"[0.0729, 0.1205, 0.1949, 0.1331, 0.1306, 0.1019, 0.1457, 0.0731, 0.0093, 0.0181]",0.19491997361183167,2024-12-10-14-08-09/SITE186_ORNT275_VIS8mi.png
8,5,"[0.0549, 0.0641, 0.1303, 0.0603, 0.0812, 0.1218, 0.0315, 0.1418, 0.2272, 0.0868]",0.22722357511520386,2025-02-15-16-53-20/SITE165_ORNT290_VIS6mi.png
7,6,"[0.0173, 0.0260, 0.0304, 0.0620, 0.0956, 0.1170, 0.1150, 0.2645, 0.0281, 0.2442]",0.2644581198692322,2024-07-22-11-13-59/SITE692_ORNT335_VIS7mi.png
0,7,"[0.2667, 0.1650, 0.1971, 0.1080, 0.1051, 0.0392, 0.0752, 0.0301, 0.0029, 0.0107]",0.266675740480423,2025-03-05-12-08-53/SITE610_ORNT0_VIS8mi.png
8,8,"[0.0143, 0.0140, 0.0291, 0.0075, 0.0509, 0.1725, 0.0317, 0.0567, 0.5463, 0.0771]",0.5462794303894043,2025-04-13-19-09-12/SITE343_ORNT90_VIS9mi.png
6,0,"[0.0471, 0.0945, 0.1184, 0.1396, 0.1302, 0.1304, 0.1717, 0.1174, 0.0131, 0.0376]",0.17167560756206512,2024-08-29-17-58-30/SITE5_ORNT320_VIS1mi.png
8,8,"[0.0002, 0.0024, 0.0039, 0.0091, 0.0149, 0.0255, 0.0221, 0.0659, 0.7952, 0.0608]",0.7951884865760803,2024-09-22-16-46-10/SITE454_ORNT90_VIS9mi.png
0,0,"[0.1789, 0.1399, 0.1587, 0.1017, 0.1327, 0.0907, 0.0628, 0.0766, 0.0296, 0.0285]",0.17888902127742767,2025-03-15-15-41-34/SITE352_ORNT175_VIS1mi.png
0,3,"[0.2197, 0.2026, 0.1477, 0.1798, 0.1015, 0.0574, 0.0424, 0.0417, 0.0025, 0.0048]",0.2196710705757141,2025-03-02-13-12-40/SITE40_ORNT120_VIS4mi.png
2,6,"[0.1674, 0.1687, 0.2022, 0.1338, 0.1213, 0.0615, 0.0739, 0.0518, 0.0055, 0.0137]",0.20221637189388275,2025-03-02-13-12-40/SITE125_ORNT35_VIS7mi.png
3,3,"[0.1349, 0.1590, 0.1580, 0.1677, 0.1013, 0.0820, 0.0911, 0.0737, 0.0081, 0.0242]",0.1676594316959381,2024-05-08-14-34-39/SITE43_ORNT270_VIS4mi.png
8,5,"[0.0065, 0.0197, 0.0401, 0.0299, 0.0498, 0.0855, 0.0526, 0.1099, 0.4905, 0.1155]",0.4905322790145874,2025-04-16-13-54-24/SITE404_ORNT180_VIS6mi.png
2,1,"[0.0893, 0.1031, 0.1965, 0.1037, 0.1578, 0.1236, 0.0976, 0.0825, 0.0282, 0.0177]",0.1964922845363617,2025-02-01-17-30-02/SITE328_ORNT0_VIS2mi.png
0,2,"[0.2526, 0.1928, 0.1408, 0.1244, 0.0984, 0.0540, 0.0522, 0.0603, 0.0060, 0.0185]",0.2525959014892578,2025-02-15-15-20-00/SITE802_ORNT235_VIS3mi.png
2,3,"[0.0931, 0.1777, 0.1891, 0.1814, 0.1405, 0.0825, 0.0766, 0.0471, 0.0055, 0.0065]",0.18909499049186707,2024-12-20-15-16-09/SITE417_ORNT220_VIS4mi.png
2,5,"[0.0758, 0.1388, 0.1775, 0.1727, 0.1586, 0.0881, 0.1001, 0.0657, 0.0115, 0.0113]",0.17749737203121185,2024-07-28-11-17-19/SITE12_ORNT270_VIS6mi.png
9,0,"[0.0285, 0.0370, 0.0664, 0.0669, 0.0724, 0.0900, 0.1243, 0.1630, 0.0356, 0.3157]",0.3157486021518707,2025-03-05-12-08-53/SITE66_ORNT162_VIS1-75mi.png
8,6,"[0.0025, 0.0113, 0.0279, 0.0123, 0.0487, 0.0860, 0.1083, 0.0849, 0.5811, 0.0371]",0.5810856223106384,2025-02-05-13-59-56/SITE490_ORNT280_VIS7mi.png
6,5,"[0.0275, 0.0510, 0.0551, 0.0566, 0.0927, 0.1123, 0.2233, 0.1733, 0.0228, 0.1853]",0.22334153950214386,2024-10-10-15-17-15/SITE161_ORNT192_VIS6mi.png
2,4,"[0.0634, 0.1025, 0.1711, 0.1132, 0.1628, 0.1360, 0.0905, 0.0882, 0.0552, 0.0170]",0.17110857367515564,2024-08-19-10-27-18/SITE401_ORNT350_VIS5mi.png
5,8,"[0.0162, 0.0474, 0.1585, 0.0312, 0.0913, 0.2189, 0.1639, 0.0735, 0.1862, 0.0129]",0.21885289251804352,2024-07-04-13-27-11/SITE367_ORNT165_VIS9mi.png
0,3,"[0.4218, 0.1712, 0.1064, 0.0669, 0.0802, 0.0553, 0.0130, 0.0576, 0.0156, 0.0120]",0.4218065142631531,2024-12-24-15-14-57/SITE193_ORNT295_VIS4mi.png
0,1,"[0.2902, 0.1801, 0.1267, 0.0938, 0.1047, 0.0573, 0.0326, 0.0699, 0.0188, 0.0259]",0.29017364978790283,2025-02-04-15-47-48/SITE219_ORNT160_VIS2-5mi.png
2,2,"[0.1151, 0.1393, 0.1609, 0.1371, 0.1115, 0.1131, 0.1162, 0.0725, 0.0116, 0.0227]",0.16086198389530182,2024-07-26-10-22-16/SITE198_ORNT80_VIS3mi.png
8,8,"[0.0064, 0.0116, 0.0269, 0.0180, 0.0244, 0.0447, 0.0204, 0.0764, 0.4212, 0.3500]",0.4211658835411072,2025-04-10-17-56-44/SITE471_ORNT90_VIS9mi.png
0,7,"[0.3274, 0.2317, 0.1429, 0.1011, 0.0753, 0.0382, 0.0202, 0.0511, 0.0054, 0.0068]",0.3273923695087433,2025-02-14-15-24-27/SITE65_ORNT180_VIS8mi.png
5,5,"[0.0592, 0.0848, 0.1186, 0.1206, 0.1181, 0.1229, 0.0852, 0.1183, 0.1125, 0.0597]",0.1228896975517273,2025-02-27-11-22-46/SITE360_ORNT310_VIS6mi.png
6,7,"[0.0197, 0.0423, 0.0579, 0.0707, 0.1000, 0.1473, 0.2131, 0.1858, 0.0302, 0.1330]",0.21309691667556763,2024-10-06-12-31-10/SITE22_ORNT285_VIS8mi.png
9,7,"[0.0090, 0.0141, 0.0194, 0.0252, 0.0690, 0.0866, 0.1000, 0.1870, 0.0252, 0.4644]",0.46441376209259033,2024-07-23-13-08-12/SITE580_ORNT270_VIS8mi.png
3,5,"[0.1089, 0.1388, 0.1535, 0.1601, 0.1237, 0.0972, 0.1025, 0.0756, 0.0113, 0.0284]",0.16007877886295319,2024-12-24-15-14-57/SITE417_ORNT220_VIS6mi.png
2,6,"[0.1564, 0.1475, 0.1629, 0.1497, 0.1129, 0.0742, 0.1022, 0.0641, 0.0077, 0.0223]",0.16290542483329773,2024-12-16-12-39-30/SITE834_ORNT280_VIS7mi.png
7,9,"[0.0184, 0.0355, 0.0612, 0.0710, 0.0930, 0.1232, 0.1745, 0.2106, 0.0458, 0.1669]",0.2105884701013565,2025-02-10-14-47-56/SITE569_ORNT138_VIS10+mi.png
2,9,"[0.0264, 0.0429, 0.4684, 0.0348, 0.0636, 0.0670, 0.0593, 0.0426, 0.0904, 0.1047]",0.46835029125213623,2025-05-09-16-29-32/SITE694_ORNT240_VIS10+mi.png
0,0,"[0.3091, 0.1507, 0.1483, 0.0897, 0.0994, 0.0615, 0.0410, 0.0603, 0.0243, 0.0156]",0.3091171681880951,2025-04-02-15-05-32/SITE15_ORNT350_VIS1-25mi.png
5,7,"[0.0484, 0.0501, 0.1119, 0.0509, 0.1008, 0.1934, 0.0774, 0.0975, 0.1930, 0.0767]",0.19339266419410706,2025-02-15-15-20-00/SITE168_ORNT205_VIS8mi.png
0,2,"[0.1797, 0.1296, 0.1275, 0.0990, 0.1213, 0.0832, 0.0633, 0.0824, 0.0306, 0.0834]",0.17974457144737244,2024-12-29-16-00-12/SITE617_ORNT40_VIS3mi.png
6,9,"[0.0311, 0.0709, 0.1023, 0.1279, 0.1032, 0.1368, 0.2065, 0.1392, 0.0188, 0.0633]",0.20652364194393158,2024-12-10-14-08-09/SITE786_ORNT255_VIS10+mi.png
5,5,"[0.0156, 0.0372, 0.0275, 0.0808, 0.1108, 0.3691, 0.1900, 0.0791, 0.0321, 0.0579]",0.36908549070358276,2024-08-12-20-17-35/SITE22_ORNT0_VIS6mi.png
6,5,"[0.0239, 0.0591, 0.0879, 0.0708, 0.1127, 0.1611, 0.2593, 0.1474, 0.0148, 0.0630]",0.2593192756175995,2024-08-10-09-44-28/SITE747_ORNT0_VIS6mi.png
5,4,"[0.0568, 0.0896, 0.1342, 0.0794, 0.1471, 0.1663, 0.0667, 0.0924, 0.1395, 0.0280]",0.16628088057041168,2025-02-01-12-44-07/SITE385_ORNT50_VIS5mi.png
6,6,"[0.0049, 0.0235, 0.0236, 0.0309, 0.0628, 0.2930, 0.4171, 0.0908, 0.0046, 0.0488]",0.4170721769332886,2025-03-23-13-51-54/SITE17_ORNT340_VIS7mi.png
6,7,"[0.0349, 0.0897, 0.1620, 0.1569, 0.1190, 0.1434, 0.1790, 0.0861, 0.0108, 0.0182]",0.1790156066417694,2024-06-15-14-23-40/SITE593_ORNT160_VIS8mi.png
2,4,"[0.1809, 0.1857, 0.2196, 0.1538, 0.1125, 0.0491, 0.0509, 0.0393, 0.0028, 0.0054]",0.21955256164073944,2024-07-27-10-27-08/SITE134_ORNT70_VIS5mi.png
2,2,"[0.1021, 0.1723, 0.1876, 0.1650, 0.1504, 0.0741, 0.0838, 0.0515, 0.0058, 0.0075]",0.18761801719665527,2024-12-17-16-15-56/SITE442_ORNT210_VIS3mi.png
3,4,"[0.0944, 0.1318, 0.1434, 0.1656, 0.1273, 0.1081, 0.1051, 0.0863, 0.0149, 0.0232]",0.16558688879013062,2024-06-20-11-19-17/SITE253_ORNT195_VIS5mi.png
7,6,"[0.0200, 0.0453, 0.0420, 0.1168, 0.1019, 0.1131, 0.1272, 0.3164, 0.0159, 0.1013]",0.3163842260837555,2024-07-22-20-17-56/SITE561_ORNT145_VIS7mi.png
9,9,"[0.0200, 0.0255, 0.0321, 0.0514, 0.0831, 0.1371, 0.1553, 0.1337, 0.0616, 0.3002]",0.30020472407341003,2025-03-04-14-20-15/SITE447_ORNT295_VIS10+mi.png
5,6,"[0.0172, 0.0488, 0.0267, 0.0687, 0.0829, 0.3323, 0.2500, 0.0577, 0.0527, 0.0630]",0.33233335614204407,2024-06-16-19-09-40/SITE22_ORNT0_VIS7mi.png
6,7,"[0.0118, 0.0397, 0.0437, 0.0480, 0.0726, 0.1939, 0.3009, 0.1775, 0.0198, 0.0922]",0.30088627338409424,2024-07-25-10-00-39/SITE405_ORNT250_VIS8mi.png
2,6,"[0.0793, 0.1176, 0.1402, 0.1327, 0.1269, 0.1345, 0.1314, 0.0875, 0.0190, 0.0309]",0.14023838937282562,2025-03-01-18-07-41/SITE26_ORNT180_VIS7mi.png
6,7,"[0.0305, 0.0685, 0.1100, 0.1287, 0.1373, 0.1409, 0.1743, 0.1385, 0.0233, 0.0480]",0.1742992401123047,2024-06-23-11-02-14/SITE253_ORNT325_VIS8mi.png
0,4,"[0.3204, 0.1528, 0.1289, 0.1087, 0.1350, 0.0505, 0.0424, 0.0372, 0.0038, 0.0204]",0.32038894295692444,2025-03-31-13-29-12/SITE261_ORNT150_VIS5mi.png
2,7,"[0.0823, 0.1075, 0.1673, 0.1005, 0.1570, 0.1242, 0.0672, 0.0834, 0.0917, 0.0187]",0.16734431684017181,2024-07-25-10-00-39/SITE477_ORNT50_VIS8mi.png
0,1,"[0.1964, 0.1618, 0.1301, 0.1214, 0.1178, 0.0779, 0.0658, 0.0703, 0.0185, 0.0399]",0.19637596607208252,2025-02-01-12-44-07/SITE522_ORNT270_VIS2mi.png
6,4,"[0.0061, 0.0224, 0.0111, 0.0138, 0.0201, 0.0545, 0.7469, 0.0512, 0.0010, 0.0731]",0.7468507289886475,2024-07-29-17-46-25/SITE272_ORNT67_VIS5mi.png
3,3,"[0.1335, 0.1558, 0.1559, 0.1605, 0.1253, 0.0904, 0.0794, 0.0684, 0.0132, 0.0177]",0.16045010089874268,2024-07-26-10-22-16/SITE240_ORNT48_VIS4mi.png
8,9,"[0.0719, 0.0707, 0.0902, 0.0585, 0.0982, 0.1524, 0.0565, 0.0984, 0.2122, 0.0910]",0.21215376257896423,2025-02-14-15-24-27/SITE725_ORNT295_VIS10+mi.png
2,2,"[0.1108, 0.1460, 0.1646, 0.1509, 0.1319, 0.0866, 0.1108, 0.0662, 0.0090, 0.0232]",0.16459491848945618,2024-08-02-20-27-22/SITE43_ORNT190_VIS3mi.png
2,1,"[0.1040, 0.1570, 0.1991, 0.1489, 0.1375, 0.0830, 0.0954, 0.0547, 0.0078, 0.0126]",0.19913937151432037,2024-05-30-17-47-26/SITE94_ORNT180_VIS2-5mi.png
2,6,"[0.1210, 0.1272, 0.1468, 0.1343, 0.1299, 0.0897, 0.1085, 0.0697, 0.0102, 0.0628]",0.14684323966503143,2025-03-15-15-41-34/SITE735_ORNT265_VIS7mi.png
9,9,"[0.0189, 0.0291, 0.0510, 0.0542, 0.0737, 0.1071, 0.1615, 0.1902, 0.0274, 0.2869]",0.28688153624534607,2025-03-31-15-41-11/SITE539_ORNT205_VIS10+mi.png
8,8,"[0.0005, 0.0053, 0.0130, 0.0258, 0.0369, 0.0762, 0.0512, 0.1905, 0.5630, 0.0376]",0.562979519367218,2025-03-31-15-41-11/SITE367_ORNT110_VIS9mi.png
9,1,"[0.0180, 0.0403, 0.0509, 0.0906, 0.0725, 0.0613, 0.1404, 0.2315, 0.0450, 0.2495]",0.24953009188175201,2025-02-10-14-47-56/SITE813_ORNT15_VIS2mi.png
9,4,"[0.0513, 0.0651, 0.1141, 0.1169, 0.0819, 0.0893, 0.1315, 0.1234, 0.0306, 0.1958]",0.1958397775888443,2024-05-23-15-19-49/SITE13_ORNT10_VIS5mi.png
0,0,"[0.2986, 0.1753, 0.1436, 0.0935, 0.0971, 0.0600, 0.0431, 0.0544, 0.0193, 0.0152]",0.29863157868385315,2024-12-17-16-15-56/SITE576_ORNT235_VIS1-75mi.png
2,4,"[0.1101, 0.1642, 0.2683, 0.1242, 0.1409, 0.0611, 0.0765, 0.0439, 0.0038, 0.0069]",0.26826712489128113,2024-09-07-11-42-21/SITE262_ORNT240_VIS5mi.png
7,9,"[0.0300, 0.0506, 0.0856, 0.1105, 0.0894, 0.1005, 0.0678, 0.1772, 0.1296, 0.1588]",0.1771831214427948,2025-02-15-16-53-20/SITE852_ORNT315_VIS10+mi.png
0,5,"[0.1856, 0.1424, 0.1447, 0.1193, 0.1146, 0.0836, 0.0855, 0.0682, 0.0163, 0.0399]",0.1855565458536148,2025-03-04-14-20-15/SITE542_ORNT350_VIS6mi.png
8,8,"[0.0002, 0.0002, 0.0108, 0.0000, 0.0016, 0.0728, 0.0325, 0.0019, 0.8792, 0.0007]",0.8791576027870178,2025-03-02-13-12-40/SITE474_ORNT180_VIS9mi.png
6,2,"[0.0347, 0.0595, 0.0910, 0.1099, 0.1158, 0.1367, 0.1646, 0.1559, 0.0265, 0.1054]",0.16462546586990356,2025-04-02-15-05-32/SITE86_ORNT239_VIS3mi.png
9,5,"[0.0357, 0.0399, 0.0761, 0.0784, 0.0721, 0.0659, 0.1122, 0.1522, 0.0335, 0.3339]",0.33393585681915283,2025-01-31-13-49-43/SITE557_ORNT191_VIS6mi.png
3,3,"[0.0912, 0.1206, 0.1335, 0.1612, 0.1106, 0.1064, 0.1297, 0.0893, 0.0138, 0.0437]",0.16115111112594604,2024-07-04-10-22-12/SITE13_ORNT10_VIS4mi.png
3,3,"[0.1607, 0.1698, 0.1576, 0.1755, 0.1206, 0.0740, 0.0628, 0.0593, 0.0073, 0.0124]",0.17552772164344788,2025-04-13-19-09-12/SITE7_ORNT312_VIS4mi.png
3,6,"[0.1442, 0.1430, 0.1655, 0.1692, 0.1079, 0.0722, 0.1102, 0.0603, 0.0048, 0.0227]",0.16916337609291077,2024-06-21-15-35-27/SITE417_ORNT50_VIS7mi.png
0,7,"[0.2712, 0.1556, 0.1369, 0.0940, 0.1061, 0.0748, 0.0492, 0.0584, 0.0238, 0.0300]",0.2712133824825287,2025-01-31-13-49-43/SITE119_ORNT13_VIS8mi.png
6,4,"[0.0318, 0.0634, 0.0763, 0.1070, 0.1167, 0.1570, 0.2008, 0.1616, 0.0211, 0.0643]",0.20081821084022522,2024-08-11-09-28-59/SITE569_ORNT211_VIS5mi.png
0,0,"[0.3020, 0.1737, 0.1424, 0.0916, 0.0960, 0.0626, 0.0395, 0.0549, 0.0195, 0.0178]",0.3020082414150238,2025-02-16-12-49-10/SITE355_ORNT130_VIS1-25mi.png
0,5,"[0.2612, 0.1645, 0.1359, 0.0973, 0.1103, 0.0665, 0.0350, 0.0752, 0.0264, 0.0277]",0.2612322270870209,2025-03-15-15-41-34/SITE437_ORNT260_VIS6mi.png
8,8,"[0.0008, 0.0060, 0.0125, 0.0245, 0.0347, 0.0768, 0.0455, 0.1513, 0.5665, 0.0814]",0.5664951801300049,2024-07-28-11-17-19/SITE375_ORNT330_VIS9mi.png
8,0,"[0.0029, 0.0065, 0.0200, 0.0135, 0.0722, 0.0509, 0.0262, 0.0205, 0.7664, 0.0210]",0.7663998603820801,2024-08-18-13-20-24/SITE522_ORNT270_VIS1-25mi.png
8,8,"[0.0013, 0.0075, 0.0143, 0.0306, 0.0309, 0.0448, 0.0321, 0.1017, 0.6018, 0.1351]",0.6018104553222656,2024-07-28-11-17-19/SITE304_ORNT290_VIS9mi.png
5,2,"[0.0427, 0.0751, 0.1231, 0.1056, 0.1238, 0.1495, 0.1307, 0.1224, 0.0868, 0.0402]",0.1494864970445633,2024-07-02-16-22-41/SITE340_ORNT330_VIS3mi.png
9,9,"[0.0221, 0.0260, 0.0447, 0.0648, 0.0944, 0.1271, 0.1573, 0.1748, 0.0300, 0.2587]",0.258683979511261,2025-04-07-16-10-10/SITE587_ORNT280_VIS10+mi.png
8,8,"[0.0051, 0.0053, 0.0200, 0.0027, 0.0228, 0.1224, 0.0392, 0.0330, 0.6698, 0.0799]",0.6697513461112976,2024-09-02-17-43-28/SITE362_ORNT25_VIS9mi.png
7,3,"[0.0541, 0.0750, 0.1220, 0.1344, 0.1072, 0.1019, 0.0990, 0.1356, 0.0452, 0.1256]",0.1355922967195511,2024-05-22-13-05-54/SITE205_ORNT165_VIS4mi.png
7,0,"[0.0586, 0.0819, 0.1060, 0.1099, 0.1073, 0.0902, 0.1001, 0.1556, 0.0386, 0.1519]",0.1555865854024887,2025-03-06-15-10-58/SITE171_ORNT23_VIS1mi.png
0,3,"[0.2520, 0.1503, 0.1631, 0.1069, 0.1060, 0.0640, 0.0737, 0.0490, 0.0091, 0.0260]",0.2519872486591339,2025-03-17-19-09-03/SITE725_ORNT180_VIS4mi.png
8,8,"[0.0002, 0.0040, 0.0164, 0.0176, 0.0261, 0.0846, 0.0726, 0.0973, 0.6713, 0.0099]",0.6713149547576904,2024-07-28-13-48-26/SITE386_ORNT290_VIS9mi.png
8,8,"[0.0000, 0.0007, 0.0018, 0.0009, 0.0082, 0.0308, 0.0544, 0.0280, 0.8682, 0.0071]",0.8681798577308655,2024-06-06-10-38-22/SITE477_ORNT340_VIS9mi.png
6,6,"[0.0066, 0.0277, 0.0184, 0.0318, 0.0769, 0.2080, 0.3573, 0.1567, 0.0087, 0.1078]",0.35729116201400757,2024-10-20-11-35-46/SITE574_ORNT170_VIS7mi.png
0,3,"[0.1624, 0.1370, 0.1569, 0.0861, 0.1378, 0.1093, 0.0438, 0.0743, 0.0708, 0.0217]",0.1624128222465515,2025-03-05-12-08-53/SITE386_ORNT290_VIS4mi.png
9,7,"[0.0217, 0.0303, 0.0478, 0.0667, 0.0855, 0.0877, 0.1358, 0.1837, 0.0616, 0.2792]",0.2792264223098755,2025-04-22-15-39-35/SITE203_ORNT70_VIS8mi.png
8,8,"[0.0177, 0.0379, 0.0582, 0.0584, 0.0822, 0.1033, 0.0751, 0.1479, 0.2806, 0.1387]",0.28058815002441406,2025-02-02-12-13-03/SITE281_ORNT20_VIS9mi.png
0,0,"[0.3826, 0.1556, 0.1347, 0.0941, 0.0734, 0.0396, 0.0645, 0.0390, 0.0055, 0.0110]",0.3825835585594177,2024-12-10-14-08-09/SITE606_ORNT90_VIS1-75mi.png
3,4,"[0.0804, 0.1587, 0.1457, 0.1839, 0.1294, 0.1019, 0.1087, 0.0677, 0.0100, 0.0136]",0.1838749796152115,2024-04-25-17-48-06/SITE244_ORNT177_VIS5mi.png
7,6,"[0.0305, 0.0532, 0.0817, 0.0969, 0.1150, 0.1362, 0.1474, 0.1655, 0.0623, 0.1112]",0.16547825932502747,2024-07-29-17-46-25/SITE692_ORNT205_VIS7mi.png
9,5,"[0.0272, 0.0422, 0.0880, 0.1058, 0.0644, 0.0870, 0.1271, 0.1416, 0.0360, 0.2806]",0.2805922031402588,2025-03-04-14-20-15/SITE542_ORNT305_VIS6mi.png
5,5,"[0.0543, 0.0748, 0.1184, 0.1004, 0.1425, 0.1451, 0.0843, 0.1134, 0.1157, 0.0511]",0.1450926810503006,2024-12-17-16-15-56/SITE366_ORNT40_VIS6mi.png
0,3,"[0.1732, 0.1406, 0.1328, 0.1316, 0.1260, 0.0865, 0.0751, 0.0740, 0.0216, 0.0386]",0.17319561541080475,2025-01-15-15-33-17/SITE262_ORNT10_VIS4mi.png
6,6,"[0.0363, 0.0573, 0.0796, 0.0791, 0.1010, 0.1421, 0.1985, 0.1588, 0.0271, 0.1202]",0.19846707582473755,2024-07-28-11-17-19/SITE557_ORNT291_VIS7mi.png
9,8,"[0.0085, 0.0199, 0.0294, 0.0544, 0.0560, 0.0678, 0.0808, 0.2357, 0.1700, 0.2776]",0.27762576937675476,2024-05-08-14-34-39/SITE310_ORNT284_VIS9mi.png
0,6,"[0.1467, 0.1267, 0.1437, 0.1122, 0.1194, 0.0986, 0.0999, 0.0733, 0.0193, 0.0603]",0.1467020958662033,2024-05-08-14-34-39/SITE94_ORNT180_VIS7mi.png
9,1,"[0.0028, 0.0043, 0.0045, 0.0043, 0.0164, 0.0370, 0.0221, 0.1764, 0.0512, 0.6810]",0.6809729933738708,2024-09-19-14-23-02/SITE575_ORNT85_VIS2-5mi.png
9,9,"[0.0368, 0.0387, 0.0736, 0.0635, 0.0736, 0.0733, 0.0852, 0.1517, 0.0568, 0.3468]",0.3467978239059448,2025-03-23-13-51-54/SITE11_ORNT253_VIS10+mi.png
2,4,"[0.1067, 0.1494, 0.1886, 0.1477, 0.1316, 0.0875, 0.1004, 0.0633, 0.0090, 0.0156]",0.1886468529701233,2024-07-14-10-21-23/SITE186_ORNT275_VIS5mi.png
9,9,"[0.0253, 0.0246, 0.0482, 0.0650, 0.0695, 0.0722, 0.0937, 0.1819, 0.0505, 0.3690]",0.36895400285720825,2025-03-26-14-35-40/SITE629_ORNT125_VIS10+mi.png
6,3,"[0.0205, 0.0657, 0.0935, 0.1378, 0.1458, 0.1406, 0.1911, 0.1456, 0.0251, 0.0343]",0.19112306833267212,2024-07-25-18-03-52/SITE411_ORNT75_VIS4mi.png
8,2,"[0.0003, 0.0004, 0.0058, 0.0010, 0.0064, 0.0213, 0.0113, 0.0116, 0.8954, 0.0466]",0.895354151725769,2025-04-16-13-54-24/SITE366_ORNT95_VIS3mi.png
0,0,"[0.3398, 0.1526, 0.1461, 0.0976, 0.1048, 0.0515, 0.0431, 0.0428, 0.0084, 0.0134]",0.3397734463214874,2025-02-04-15-47-48/SITE12_ORNT5_VIS1mi.png
9,9,"[0.0311, 0.0318, 0.0882, 0.0771, 0.0437, 0.0442, 0.0604, 0.1387, 0.0394, 0.4454]",0.4454297721385956,2025-04-22-15-39-35/SITE167_ORNT60_VIS10+mi.png
1,0,"[0.1618, 0.1839, 0.1825, 0.1562, 0.1208, 0.0672, 0.0620, 0.0506, 0.0050, 0.0100]",0.1838637888431549,2024-07-28-13-48-26/SITE13_ORNT185_VIS1-25mi.png
6,9,"[0.0183, 0.0110, 0.0524, 0.0433, 0.0937, 0.1893, 0.3606, 0.0463, 0.0093, 0.1757]",0.36063143610954285,2025-02-12-14-37-35/SITE111_ORNT61_VIS10+mi.png
6,1,"[0.0497, 0.0866, 0.1342, 0.1252, 0.1024, 0.1266, 0.1959, 0.1052, 0.0148, 0.0593]",0.1959366351366043,2024-05-27-19-19-47/SITE610_ORNT90_VIS2-5mi.png
9,5,"[0.0128, 0.0059, 0.0285, 0.0305, 0.0459, 0.0594, 0.0909, 0.1019, 0.0577, 0.5665]",0.5665135383605957,2025-02-04-15-47-48/SITE104_ORNT270_VIS6mi.png
3,3,"[0.0819, 0.1491, 0.1576, 0.1799, 0.1626, 0.0960, 0.0888, 0.0623, 0.0119, 0.0099]",0.17991644144058228,2024-09-08-16-00-24/SITE19_ORNT325_VIS4mi.png
0,0,"[0.1637, 0.1382, 0.1527, 0.1213, 0.1235, 0.0833, 0.0920, 0.0665, 0.0131, 0.0456]",0.1637352555990219,2024-05-07-15-42-07/SITE116_ORNT108_VIS1-25mi.png
5,3,"[0.0402, 0.0752, 0.1412, 0.0929, 0.1491, 0.1555, 0.0977, 0.1119, 0.1111, 0.0252]",0.15547579526901245,2024-06-06-17-01-51/SITE339_ORNT90_VIS4mi.png
6,7,"[0.0147, 0.0390, 0.0470, 0.0671, 0.1000, 0.2032, 0.2504, 0.1693, 0.0187, 0.0906]",0.25038057565689087,2024-08-02-10-36-13/SITE747_ORNT315_VIS8mi.png
7,7,"[0.0095, 0.0326, 0.0368, 0.0792, 0.1107, 0.1549, 0.1767, 0.2735, 0.0444, 0.0819]",0.27351680397987366,2025-03-23-13-51-54/SITE203_ORNT220_VIS8mi.png
9,4,"[0.0152, 0.0204, 0.0481, 0.0537, 0.0566, 0.0591, 0.0867, 0.1529, 0.0994, 0.4079]",0.40787115693092346,2024-07-07-15-01-32/SITE251_ORNT335_VIS5mi.png
8,8,"[0.0002, 0.0007, 0.0022, 0.0034, 0.0061, 0.0126, 0.0062, 0.0350, 0.6247, 0.3088]",0.6247463822364807,2024-06-20-11-19-17/SITE508_ORNT225_VIS9mi.png
9,9,"[0.0099, 0.0196, 0.0433, 0.0321, 0.0415, 0.0419, 0.0601, 0.1190, 0.1473, 0.4852]",0.48519477248191833,2025-03-02-11-48-27/SITE692_ORNT335_VIS10+mi.png
9,7,"[0.0076, 0.0142, 0.0324, 0.0456, 0.0562, 0.0836, 0.1407, 0.2568, 0.0655, 0.2974]",0.2974429726600647,2024-07-22-20-17-56/SITE241_ORNT311_VIS8mi.png
2,7,"[0.1237, 0.1177, 0.1575, 0.0988, 0.1117, 0.0994, 0.0650, 0.0884, 0.0798, 0.0580]",0.15754713118076324,2025-01-15-15-33-17/SITE602_ORNT175_VIS8mi.png
9,8,"[0.0004, 0.0009, 0.0017, 0.0019, 0.0047, 0.0069, 0.0113, 0.0884, 0.0505, 0.8333]",0.8332810401916504,2025-02-01-12-44-07/SITE363_ORNT285_VIS9mi.png
9,9,"[0.0183, 0.0149, 0.0336, 0.0510, 0.0527, 0.0636, 0.0434, 0.1654, 0.0608, 0.4962]",0.496204674243927,2024-12-23-15-38-40/SITE617_ORNT40_VIS10+mi.png
8,5,"[0.0019, 0.0096, 0.0095, 0.0145, 0.0209, 0.0325, 0.0325, 0.0681, 0.6169, 0.1937]",0.6169106960296631,2024-06-14-14-13-33/SITE239_ORNT202_VIS6mi.png
0,1,"[0.3178, 0.1412, 0.1404, 0.0900, 0.1159, 0.0577, 0.0435, 0.0532, 0.0119, 0.0285]",0.3178074061870575,2025-02-27-11-22-46/SITE626_ORNT110_VIS2mi.png
9,9,"[0.0418, 0.0506, 0.0698, 0.0757, 0.0862, 0.1083, 0.0778, 0.1566, 0.1404, 0.1928]",0.19281667470932007,2025-04-11-14-52-32/SITE104_ORNT325_VIS10+mi.png
6,7,"[0.0189, 0.0539, 0.0754, 0.0462, 0.0800, 0.1852, 0.3820, 0.1264, 0.0112, 0.0208]",0.382014662027359,2025-03-06-15-10-58/SITE73_ORNT110_VIS8mi.png
6,7,"[0.0242, 0.0451, 0.0534, 0.0397, 0.0720, 0.0815, 0.2843, 0.1338, 0.0132, 0.2530]",0.28425854444503784,2024-10-06-17-04-59/SITE215_ORNT235_VIS8mi.png
8,8,"[0.0155, 0.0294, 0.0399, 0.0223, 0.0953, 0.1180, 0.1497, 0.0832, 0.4058, 0.0409]",0.4057808220386505,2025-02-02-12-13-03/SITE343_ORNT360_VIS9mi.png
6,4,"[0.0348, 0.0828, 0.1310, 0.1342, 0.1220, 0.1406, 0.1556, 0.1222, 0.0316, 0.0450]",0.15562716126441956,2024-10-07-14-17-08/SITE490_ORNT280_VIS5mi.png
6,6,"[0.0261, 0.0573, 0.0622, 0.0746, 0.1176, 0.1336, 0.2139, 0.1622, 0.0152, 0.1373]",0.21389679610729218,2024-09-08-16-00-24/SITE581_ORNT250_VIS7mi.png
0,4,"[0.2241, 0.1542, 0.1550, 0.0950, 0.1184, 0.0821, 0.0431, 0.0656, 0.0352, 0.0275]",0.22406712174415588,2025-02-19-12-18-05/SITE309_ORNT325_VIS5mi.png
9,5,"[0.0194, 0.0331, 0.0512, 0.0568, 0.0839, 0.1298, 0.1593, 0.2010, 0.0324, 0.2331]",0.23308315873146057,2024-10-06-17-04-59/SITE593_ORNT110_VIS6mi.png
5,0,"[0.1776, 0.1022, 0.1735, 0.0625, 0.1002, 0.2072, 0.0174, 0.0543, 0.0940, 0.0110]",0.20715749263763428,2025-03-31-13-29-12/SITE485_ORNT290_VIS1mi.png
4,1,"[0.1010, 0.1071, 0.1456, 0.1125, 0.1578, 0.1155, 0.0635, 0.0964, 0.0765, 0.0240]",0.15782147645950317,2025-02-12-14-37-35/SITE322_ORNT180_VIS2-25mi.png
7,9,"[0.0218, 0.0406, 0.0712, 0.0808, 0.1005, 0.1302, 0.1658, 0.1909, 0.0492, 0.1491]",0.19085082411766052,2025-03-06-17-34-12/SITE10_ORNT255_VIS10+mi.png
9,3,"[0.0340, 0.0526, 0.0935, 0.0824, 0.1072, 0.1366, 0.1214, 0.1476, 0.0739, 0.1508]",0.15084072947502136,2025-03-02-11-48-27/SITE377_ORNT235_VIS4mi.png
2,6,"[0.0776, 0.1175, 0.1495, 0.1144, 0.1316, 0.1443, 0.0966, 0.0857, 0.0548, 0.0281]",0.14946751296520233,2025-04-11-14-52-32/SITE507_ORNT0_VIS7mi.png
3,2,"[0.0672, 0.1246, 0.1279, 0.1696, 0.1422, 0.1097, 0.1300, 0.0903, 0.0103, 0.0282]",0.16963639855384827,2025-02-11-14-30-47/SITE41_ORNT170_VIS3mi.png
8,8,"[0.0001, 0.0003, 0.0055, 0.0007, 0.0034, 0.0193, 0.0113, 0.0092, 0.9477, 0.0026]",0.9477070569992065,2024-08-10-09-44-28/SITE322_ORNT290_VIS9mi.png
0,0,"[0.2902, 0.1685, 0.1475, 0.1061, 0.1020, 0.0569, 0.0566, 0.0467, 0.0087, 0.0168]",0.2902248203754425,2025-01-17-15-10-02/SITE438_ORNT30_VIS1-5mi.png
0,1,"[0.3864, 0.1554, 0.1308, 0.1102, 0.0619, 0.0363, 0.0571, 0.0465, 0.0075, 0.0079]",0.3863894045352936,2025-03-31-13-29-12/SITE383_ORNT215_VIS2-25mi.png
9,9,"[0.0351, 0.0407, 0.0941, 0.0657, 0.0649, 0.0770, 0.1129, 0.1462, 0.0548, 0.3086]",0.3085852265357971,2025-02-01-12-44-07/SITE561_ORNT60_VIS10+mi.png
3,0,"[0.0782, 0.1458, 0.1553, 0.1768, 0.1260, 0.1177, 0.1105, 0.0664, 0.0095, 0.0138]",0.1768079400062561,2024-06-30-10-21-08/SITE7_ORNT221_VIS1-25mi.png
9,9,"[0.0026, 0.0044, 0.0046, 0.0044, 0.0073, 0.0375, 0.0140, 0.1082, 0.1175, 0.6996]",0.699638307094574,2025-02-12-14-37-35/SITE485_ORNT120_VIS15mi.png
0,0,"[0.2375, 0.1717, 0.1277, 0.1552, 0.1238, 0.0640, 0.0480, 0.0526, 0.0074, 0.0121]",0.2374885082244873,2024-07-05-10-36-13/SITE167_ORNT312_VIS1mi.png
4,7,"[0.0516, 0.0723, 0.1345, 0.0975, 0.1494, 0.1455, 0.0680, 0.1105, 0.1376, 0.0330]",0.14944368600845337,2025-02-27-11-22-46/SITE325_ORNT145_VIS8mi.png
7,8,"[0.0228, 0.0489, 0.0797, 0.0745, 0.1444, 0.1536, 0.1084, 0.1602, 0.1602, 0.0474]",0.16024097800254822,2024-07-20-11-08-20/SITE328_ORNT0_VIS9mi.png
2,7,"[0.0786, 0.1467, 0.1945, 0.1524, 0.1620, 0.0874, 0.0949, 0.0647, 0.0097, 0.0093]",0.19445644319057465,2024-08-02-10-36-13/SITE45_ORNT290_VIS8mi.png
7,6,"[0.0095, 0.0327, 0.0740, 0.1259, 0.0876, 0.1118, 0.1619, 0.2384, 0.0382, 0.1200]",0.2384486198425293,2025-03-15-15-41-34/SITE69_ORNT108_VIS7mi.png
7,8,"[0.0092, 0.0414, 0.0962, 0.1463, 0.0994, 0.1140, 0.1347, 0.2172, 0.0787, 0.0628]",0.21724346280097961,2024-10-07-14-17-08/SITE480_ORNT310_VIS9mi.png
3,7,"[0.1519, 0.1837, 0.1609, 0.1853, 0.1149, 0.0726, 0.0635, 0.0531, 0.0054, 0.0088]",0.18530556559562683,2024-06-06-17-01-51/SITE215_ORNT130_VIS8mi.png
6,3,"[0.0277, 0.0700, 0.1065, 0.1013, 0.1105, 0.1564, 0.2366, 0.1405, 0.0128, 0.0375]",0.23664401471614838,2024-10-07-12-00-07/SITE8_ORNT123_VIS4mi.png
7,7,"[0.0188, 0.0433, 0.0591, 0.0866, 0.0922, 0.1420, 0.1762, 0.1938, 0.0436, 0.1443]",0.1938379853963852,2024-07-18-11-32-15/SITE411_ORNT220_VIS8mi.png
4,4,"[0.0443, 0.0905, 0.1323, 0.1381, 0.1581, 0.1250, 0.1361, 0.1146, 0.0328, 0.0283]",0.15806029736995697,2024-10-19-10-55-55/SITE334_ORNT325_VIS5mi.png
8,8,"[0.0123, 0.0218, 0.1064, 0.0153, 0.0478, 0.2873, 0.1122, 0.0479, 0.3300, 0.0190]",0.32999804615974426,2024-05-28-11-05-32/SITE480_ORNT140_VIS9mi.png
2,3,"[0.1582, 0.1455, 0.1643, 0.1640, 0.1127, 0.0661, 0.1030, 0.0649, 0.0049, 0.0164]",0.1643197238445282,2025-04-01-16-59-16/SITE852_ORNT45_VIS4mi.png
2,2,"[0.1748, 0.1764, 0.2067, 0.1446, 0.1190, 0.0571, 0.0628, 0.0461, 0.0037, 0.0088]",0.20668676495552063,2024-06-17-19-22-23/SITE563_ORNT135_VIS3mi.png
2,1,"[0.1588, 0.1754, 0.2034, 0.1464, 0.1190, 0.0611, 0.0704, 0.0507, 0.0047, 0.0100]",0.2034195512533188,2024-08-30-17-21-54/SITE417_ORNT315_VIS2mi.png
7,5,"[0.0307, 0.0514, 0.0769, 0.0902, 0.1121, 0.1146, 0.1323, 0.1761, 0.0579, 0.1578]",0.17610135674476624,2024-07-24-16-43-44/SITE719_ORNT300_VIS6mi.png
3,3,"[0.0594, 0.1108, 0.1311, 0.1800, 0.1197, 0.1117, 0.1441, 0.0979, 0.0118, 0.0334]",0.18000251054763794,2024-06-23-11-02-14/SITE620_ORNT225_VIS4mi.png
6,4,"[0.0086, 0.0317, 0.0337, 0.0508, 0.0656, 0.1634, 0.2854, 0.1926, 0.0226, 0.1457]",0.2853832244873047,2024-08-26-16-02-03/SITE405_ORNT250_VIS5mi.png
4,1,"[0.0452, 0.0858, 0.1388, 0.1161, 0.1665, 0.1473, 0.1357, 0.1134, 0.0281, 0.0231]",0.16649404168128967,2024-07-23-13-08-12/SITE327_ORNT45_VIS2mi.png
8,8,"[0.0000, 0.0002, 0.0049, 0.0009, 0.0022, 0.0122, 0.0166, 0.0128, 0.9466, 0.0034]",0.9466140866279602,2024-09-21-11-24-11/SITE371_ORNT315_VIS9mi.png
6,5,"[0.0095, 0.0272, 0.0381, 0.0376, 0.0631, 0.1553, 0.2581, 0.2012, 0.0286, 0.1812]",0.2581460475921631,2024-08-11-13-07-09/SITE747_ORNT0_VIS6mi.png
9,9,"[0.0234, 0.0246, 0.0541, 0.0563, 0.0598, 0.0770, 0.0809, 0.1685, 0.0558, 0.3996]",0.3996076285839081,2025-01-26-13-23-03/SITE725_ORNT180_VIS10+mi.png
2,5,"[0.0450, 0.0867, 0.1912, 0.1048, 0.1388, 0.1256, 0.1858, 0.0948, 0.0138, 0.0135]",0.19124001264572144,2024-07-29-16-41-43/SITE623_ORNT180_VIS6mi.png
9,2,"[0.0340, 0.0437, 0.0876, 0.0833, 0.0712, 0.0862, 0.1476, 0.1284, 0.0309, 0.2871]",0.28706586360931396,2024-12-29-16-00-12/SITE59_ORNT333_VIS3mi.png
4,1,"[0.0780, 0.0979, 0.1608, 0.0991, 0.1625, 0.1331, 0.0632, 0.0884, 0.0998, 0.0172]",0.16250118613243103,2025-04-16-13-54-24/SITE508_ORNT225_VIS2mi.png
2,7,"[0.0996, 0.1260, 0.1561, 0.1383, 0.0970, 0.1012, 0.1101, 0.0825, 0.0209, 0.0683]",0.1561080813407898,2025-02-04-15-47-48/SITE802_ORNT150_VIS8mi.png
1,1,"[0.1251, 0.2155, 0.1897, 0.1763, 0.1253, 0.0578, 0.0638, 0.0387, 0.0025, 0.0053]",0.21550023555755615,2024-07-28-13-48-26/SITE244_ORNT50_VIS2mi.png
2,2,"[0.1227, 0.1182, 0.1496, 0.1265, 0.1316, 0.0977, 0.0909, 0.0943, 0.0200, 0.0486]",0.14958839118480682,2024-12-24-15-14-57/SITE45_ORNT290_VIS3mi.png
3,2,"[0.0558, 0.0975, 0.1236, 0.1501, 0.1340, 0.1212, 0.1393, 0.1090, 0.0201, 0.0494]",0.15008656680583954,2024-05-08-14-34-39/SITE566_ORNT75_VIS3mi.png
6,1,"[0.0795, 0.0898, 0.1160, 0.1265, 0.0955, 0.1002, 0.1425, 0.0989, 0.0245, 0.1267]",0.14253534376621246,2024-04-25-17-48-06/SITE115_ORNT287_VIS2mi.png
6,3,"[0.0729, 0.0868, 0.1117, 0.1163, 0.0973, 0.0993, 0.1907, 0.0959, 0.0161, 0.1130]",0.19065767526626587,2025-03-04-14-20-15/SITE629_ORNT300_VIS4mi.png
3,5,"[0.1141, 0.1159, 0.1277, 0.1385, 0.1317, 0.1126, 0.0954, 0.0928, 0.0258, 0.0456]",0.13851070404052734,2025-02-19-12-18-05/SITE25_ORNT225_VIS6mi.png
9,6,"[0.0427, 0.0530, 0.0966, 0.0802, 0.0954, 0.0761, 0.1100, 0.1258, 0.0409, 0.2794]",0.27936941385269165,2025-03-23-13-51-54/SITE59_ORNT10_VIS7mi.png
9,8,"[0.0520, 0.0658, 0.1192, 0.1277, 0.0599, 0.0699, 0.0841, 0.1328, 0.0315, 0.2572]",0.2571749687194824,2025-03-26-12-24-08/SITE76_ORNT60_VIS9mi.png
6,7,"[0.0251, 0.0555, 0.1046, 0.1353, 0.1274, 0.1235, 0.1843, 0.1512, 0.0279, 0.0652]",0.18426844477653503,2024-07-29-16-41-43/SITE261_ORNT270_VIS8mi.png
5,4,"[0.0049, 0.0052, 0.0032, 0.1394, 0.1781, 0.5355, 0.0557, 0.0312, 0.0296, 0.0172]",0.5355075597763062,2024-06-16-19-09-40/SITE19_ORNT325_VIS5mi.png
8,4,"[0.0053, 0.0214, 0.0446, 0.0654, 0.0884, 0.1120, 0.1087, 0.2071, 0.2341, 0.1129]",0.23410846292972565,2024-08-16-20-03-50/SITE612_ORNT30_VIS5mi.png
8,4,"[0.0009, 0.0006, 0.0155, 0.0005, 0.0033, 0.0657, 0.0218, 0.0078, 0.8757, 0.0083]",0.8756600022315979,2024-05-31-11-53-14/SITE343_ORNT270_VIS5mi.png
2,2,"[0.0301, 0.0846, 0.2002, 0.0763, 0.1268, 0.1865, 0.1371, 0.0782, 0.0683, 0.0120]",0.2001599371433258,2024-07-20-11-08-20/SITE528_ORNT235_VIS3mi.png
2,2,"[0.0981, 0.1469, 0.1656, 0.1650, 0.1450, 0.0959, 0.0895, 0.0691, 0.0138, 0.0111]",0.16557468473911285,2024-08-11-13-07-09/SITE81_ORNT326_VIS3mi.png
0,3,"[0.2726, 0.1600, 0.1322, 0.1080, 0.0904, 0.0561, 0.0837, 0.0575, 0.0132, 0.0263]",0.2725553512573242,2025-03-26-12-24-08/SITE169_ORNT228_VIS4mi.png
3,4,"[0.0726, 0.1186, 0.1479, 0.1613, 0.1023, 0.1152, 0.1549, 0.0733, 0.0130, 0.0409]",0.16126500070095062,2024-07-02-16-22-41/SITE417_ORNT140_VIS5mi.png
2,4,"[0.0846, 0.1300, 0.1683, 0.1460, 0.1445, 0.1033, 0.1119, 0.0809, 0.0110, 0.0196]",0.16827382147312164,2024-06-27-10-23-10/SITE41_ORNT335_VIS5mi.png
0,6,"[0.3351, 0.1456, 0.1453, 0.0818, 0.1032, 0.0525, 0.0459, 0.0503, 0.0164, 0.0240]",0.33507704734802246,2025-02-05-13-59-56/SITE212_ORNT12_VIS7mi.png
2,4,"[0.1348, 0.1253, 0.1464, 0.1193, 0.1204, 0.1046, 0.0625, 0.0959, 0.0453, 0.0455]",0.14635470509529114,2025-01-17-15-10-02/SITE521_ORNT60_VIS5mi.png
9,9,"[0.0184, 0.0300, 0.0661, 0.0696, 0.0644, 0.0801, 0.0719, 0.1618, 0.1096, 0.3281]",0.3281432092189789,2025-04-16-13-54-24/SITE100_ORNT65_VIS10+mi.png
2,1,"[0.0963, 0.1196, 0.1586, 0.1289, 0.1259, 0.1094, 0.1254, 0.0833, 0.0145, 0.0382]",0.15863582491874695,2025-01-17-15-10-02/SITE852_ORNT225_VIS2mi.png
1,4,"[0.1176, 0.1646, 0.1530, 0.1230, 0.1178, 0.0934, 0.0980, 0.0701, 0.0243, 0.0381]",0.16458578407764435,2025-04-13-19-09-12/SITE104_ORNT150_VIS5mi.png
6,9,"[0.0236, 0.0502, 0.0714, 0.0712, 0.1083, 0.1656, 0.2348, 0.1663, 0.0293, 0.0793]",0.2347971796989441,2025-03-31-13-29-12/SITE80_ORNT274_VIS10+mi.png
0,1,"[0.3934, 0.1070, 0.1433, 0.0945, 0.1323, 0.0454, 0.0284, 0.0363, 0.0067, 0.0127]",0.39344358444213867,4-9-24-5-23-PM/SITE245_ORNT11_VIS2mi.png
9,9,"[0.0079, 0.0071, 0.0227, 0.0202, 0.0241, 0.0379, 0.0540, 0.1829, 0.0791, 0.5641]",0.5640954375267029,2025-04-02-15-05-32/SITE573_ORNT345_VIS10+mi.png
2,3,"[0.1291, 0.1175, 0.1432, 0.1245, 0.1197, 0.0953, 0.1022, 0.0856, 0.0202, 0.0630]",0.14317630231380463,2025-03-31-13-29-12/SITE602_ORNT270_VIS4mi.png
8,8,"[0.0036, 0.0267, 0.0164, 0.0227, 0.0312, 0.0644, 0.0401, 0.0731, 0.6496, 0.0722]",0.649608314037323,2024-08-02-13-37-25/SITE492_ORNT20_VIS9mi.png
9,2,"[0.0141, 0.0271, 0.0471, 0.0517, 0.0607, 0.0824, 0.1377, 0.1950, 0.0380, 0.3461]",0.34609711170196533,2025-02-12-14-37-35/SITE568_ORNT349_VIS3mi.png
3,5,"[0.1262, 0.1312, 0.1312, 0.1567, 0.1198, 0.0796, 0.1231, 0.0876, 0.0093, 0.0354]",0.1566866934299469,2024-09-08-13-07-06/SITE557_ORNT8_VIS6mi.png
2,1,"[0.1270, 0.1175, 0.1363, 0.1151, 0.1048, 0.0873, 0.0644, 0.1166, 0.0335, 0.0976]",0.13627900183200836,2024-05-30-17-47-26/SITE94_ORNT10_VIS2-5mi.png
9,8,"[0.0141, 0.0276, 0.0470, 0.0474, 0.0951, 0.0859, 0.0735, 0.1269, 0.2330, 0.2497]",0.24968360364437103,2024-12-03-11-18-04/SITE401_ORNT250_VIS9mi.png
8,8,"[0.0001, 0.0002, 0.0019, 0.0003, 0.0058, 0.0173, 0.0201, 0.0045, 0.9422, 0.0078]",0.9421532154083252,2024-07-04-13-27-11/SITE528_ORNT235_VIS9mi.png
8,1,"[0.0068, 0.0125, 0.0299, 0.0268, 0.0660, 0.0974, 0.0439, 0.1031, 0.4494, 0.1643]",0.44940856099128723,2024-07-18-11-32-15/SITE508_ORNT225_VIS2-5mi.png
5,2,"[0.1490, 0.1035, 0.1725, 0.0685, 0.1014, 0.1933, 0.0214, 0.0660, 0.1066, 0.0178]",0.19332337379455566,2025-04-01-16-59-16/SITE485_ORNT290_VIS3mi.png
8,8,"[0.0007, 0.0056, 0.0127, 0.0271, 0.0225, 0.0555, 0.0341, 0.0814, 0.7106, 0.0498]",0.7106112241744995,2024-07-05-10-36-13/SITE366_ORNT200_VIS9mi.png
9,9,"[0.0486, 0.0472, 0.0732, 0.0838, 0.0821, 0.0809, 0.0907, 0.1536, 0.0353, 0.3045]",0.30453112721443176,2025-03-26-12-24-08/SITE217_ORNT150_VIS10+mi.png
7,6,"[0.0087, 0.0272, 0.0371, 0.0767, 0.0961, 0.0907, 0.1161, 0.2247, 0.1250, 0.1976]",0.22471463680267334,2024-08-16-20-03-50/SITE358_ORNT290_VIS7mi.png
0,1,"[0.1865, 0.1543, 0.1616, 0.1479, 0.1124, 0.0687, 0.0836, 0.0591, 0.0072, 0.0188]",0.18647977709770203,2024-07-28-11-17-19/SITE117_ORNT320_VIS2mi.png
9,2,"[0.0780, 0.0783, 0.1013, 0.1163, 0.1077, 0.0979, 0.1233, 0.1223, 0.0192, 0.1559]",0.1558602899312973,2025-02-27-11-22-46/SITE161_ORNT192_VIS3mi.png
3,1,"[0.0697, 0.1157, 0.1412, 0.1775, 0.1118, 0.1054, 0.1403, 0.0895, 0.0117, 0.0373]",0.1774543821811676,2024-06-07-15-28-05/SITE620_ORNT225_VIS2mi.png
0,0,"[0.1797, 0.1427, 0.1668, 0.1278, 0.1248, 0.0824, 0.0752, 0.0613, 0.0161, 0.0231]",0.17973174154758453,2025-03-31-15-41-11/SITE48_ORNT115_VIS1mi.png
6,7,"[0.0267, 0.0498, 0.0996, 0.0692, 0.0892, 0.1408, 0.3152, 0.1187, 0.0135, 0.0773]",0.31517523527145386,2024-07-14-16-38-50/SITE239_ORNT202_VIS8mi.png
6,6,"[0.0189, 0.0487, 0.0549, 0.0613, 0.0929, 0.1776, 0.3040, 0.1511, 0.0179, 0.0726]",0.3040182292461395,2024-08-15-16-44-48/SITE683_ORNT240_VIS7mi.png
0,1,"[0.1674, 0.1472, 0.1523, 0.1507, 0.1158, 0.0762, 0.0874, 0.0691, 0.0091, 0.0248]",0.16741769015789032,2024-08-02-10-36-13/SITE29_ORNT200_VIS2-5mi.png
8,8,"[0.0066, 0.0140, 0.0186, 0.0279, 0.0892, 0.0755, 0.0565, 0.0903, 0.3939, 0.2275]",0.39393842220306396,2024-07-14-16-38-50/SITE481_ORNT310_VIS9mi.png
8,8,"[0.0253, 0.0231, 0.0524, 0.0156, 0.0542, 0.1333, 0.0946, 0.1043, 0.3517, 0.1455]",0.35165512561798096,2025-03-23-13-51-54/SITE332_ORNT315_VIS9mi.png
2,1,"[0.1855, 0.1811, 0.1890, 0.1628, 0.1084, 0.0553, 0.0629, 0.0447, 0.0030, 0.0074]",0.18902774155139923,2024-07-22-11-13-59/SITE179_ORNT230_VIS2mi.png
3,4,"[0.1065, 0.1773, 0.1772, 0.1794, 0.1341, 0.0771, 0.0844, 0.0510, 0.0051, 0.0080]",0.1793694943189621,2025-04-10-17-56-44/SITE831_ORNT125_VIS5mi.png
9,9,"[0.0195, 0.0293, 0.0503, 0.0468, 0.0590, 0.0746, 0.1073, 0.1706, 0.0514, 0.3911]",0.3910667300224304,2024-10-13-12-27-42/SITE573_ORNT260_VIS10+mi.png
9,1,"[0.0332, 0.0379, 0.0692, 0.0588, 0.0711, 0.0812, 0.1137, 0.1281, 0.0498, 0.3571]",0.3570840358734131,2024-10-07-12-00-07/SITE629_ORNT125_VIS2-5mi.png
0,0,"[0.3489, 0.1638, 0.1452, 0.0852, 0.0940, 0.0558, 0.0266, 0.0515, 0.0181, 0.0109]",0.3488926887512207,2025-03-31-15-41-11/SITE94_ORNT10_VIS1mi.png
3,7,"[0.0538, 0.0959, 0.0983, 0.1548, 0.1202, 0.0956, 0.1479, 0.1456, 0.0113, 0.0767]",0.1547641009092331,2025-02-04-15-47-48/SITE802_ORNT235_VIS8mi.png
8,9,"[0.0022, 0.0065, 0.0107, 0.0232, 0.0190, 0.0458, 0.0252, 0.1138, 0.4506, 0.3030]",0.45058414340019226,2025-02-15-15-20-00/SITE583_ORNT40_VIS10+mi.png
0,0,"[0.2244, 0.1587, 0.1655, 0.0911, 0.1024, 0.1016, 0.0431, 0.0617, 0.0349, 0.0166]",0.22437834739685059,2025-01-17-15-10-02/SITE561_ORNT350_VIS1mi.png
5,1,"[0.0641, 0.0679, 0.1395, 0.0570, 0.1087, 0.1803, 0.0719, 0.1026, 0.1581, 0.0498]",0.1803417205810547,2025-02-19-12-18-05/SITE424_ORNT0_VIS2mi.png
3,5,"[0.0470, 0.0839, 0.1402, 0.1635, 0.1134, 0.1131, 0.1454, 0.1143, 0.0149, 0.0644]",0.163522407412529,2025-03-31-13-29-12/SITE76_ORNT60_VIS6mi.png
5,5,"[0.0145, 0.0335, 0.0468, 0.0899, 0.1261, 0.2932, 0.2188, 0.1046, 0.0338, 0.0388]",0.2932354211807251,2024-07-22-20-17-56/SITE22_ORNT0_VIS6mi.png
5,9,"[0.0071, 0.0246, 0.0195, 0.0661, 0.0983, 0.2535, 0.2262, 0.1855, 0.0402, 0.0788]",0.2534818649291992,2025-03-11-17-13-52/SITE587_ORNT280_VIS10+mi.png
2,7,"[0.1191, 0.1336, 0.1580, 0.1551, 0.1293, 0.0941, 0.0953, 0.0779, 0.0122, 0.0254]",0.1580352932214737,2024-08-02-10-36-13/SITE45_ORNT5_VIS8mi.png
2,5,"[0.1010, 0.1369, 0.1539, 0.1524, 0.1243, 0.1083, 0.1137, 0.0720, 0.0114, 0.0262]",0.15392471849918365,2024-08-02-20-27-22/SITE171_ORNT315_VIS6mi.png
9,9,"[0.0038, 0.0062, 0.0107, 0.0058, 0.0123, 0.0238, 0.0215, 0.1087, 0.0677, 0.7396]",0.7395657896995544,2025-01-17-15-10-02/SITE547_ORNT350_VIS10+mi.png
3,2,"[0.0717, 0.1760, 0.1636, 0.1980, 0.1251, 0.0982, 0.1079, 0.0477, 0.0040, 0.0079]",0.19803552329540253,2024-06-10-10-43-57/SITE411_ORNT135_VIS3mi.png
8,7,"[0.0621, 0.0650, 0.1230, 0.0543, 0.1031, 0.2005, 0.0344, 0.0724, 0.2552, 0.0299]",0.25523504614830017,2025-01-22-12-38-15/SITE324_ORNT225_VIS8mi.png
2,0,"[0.0680, 0.1270, 0.1760, 0.1421, 0.1457, 0.1018, 0.1407, 0.0729, 0.0090, 0.0167]",0.17601312696933746,2024-05-28-11-05-32/SITE17_ORNT340_VIS1mi.png
6,6,"[0.0052, 0.0227, 0.0108, 0.0095, 0.0089, 0.0194, 0.8604, 0.0182, 0.0006, 0.0442]",0.8603962659835815,2025-01-28-16-10-28/SITE760_ORNT140_VIS7mi.png
7,4,"[0.0203, 0.0430, 0.0764, 0.0852, 0.1051, 0.1286, 0.1759, 0.2167, 0.0387, 0.1101]",0.21668177843093872,2024-06-01-11-15-19/SITE439_ORNT350_VIS5mi.png
0,2,"[0.3052, 0.1530, 0.1509, 0.0921, 0.1021, 0.0657, 0.0455, 0.0518, 0.0211, 0.0125]",0.305228054523468,2024-12-16-12-39-30/SITE339_ORNT290_VIS3mi.png
5,4,"[0.0299, 0.0339, 0.0502, 0.1002, 0.1565, 0.1823, 0.1697, 0.0981, 0.0300, 0.1492]",0.18230310082435608,2024-07-30-16-52-29/SITE722_ORNT115_VIS5mi.png
3,1,"[0.0506, 0.0974, 0.1246, 0.1580, 0.1572, 0.1144, 0.1426, 0.1034, 0.0151, 0.0366]",0.1580466479063034,2024-06-09-10-51-06/SITE581_ORNT350_VIS2-5mi.png
9,5,"[0.0145, 0.0208, 0.0385, 0.0286, 0.0576, 0.1176, 0.1267, 0.1420, 0.1412, 0.3124]",0.3123812675476074,2024-10-14-13-08-27/SITE692_ORNT205_VIS6mi.png
9,3,"[0.0215, 0.0134, 0.0317, 0.0437, 0.0461, 0.0531, 0.0273, 0.1263, 0.0211, 0.6158]",0.6157979965209961,2025-02-04-15-47-48/SITE658_ORNT305_VIS4mi.png
6,4,"[0.0073, 0.0138, 0.0227, 0.0201, 0.0459, 0.2103, 0.3859, 0.0940, 0.0188, 0.1813]",0.38588955998420715,2025-02-14-15-24-27/SITE22_ORNT190_VIS5mi.png
2,1,"[0.1512, 0.1711, 0.1977, 0.1457, 0.1311, 0.0662, 0.0675, 0.0529, 0.0061, 0.0105]",0.19766589999198914,2024-04-30-13-21-52/SITE10_ORNT90_VIS2-5mi.png
0,2,"[0.1949, 0.1429, 0.1478, 0.1163, 0.1197, 0.0788, 0.0684, 0.0730, 0.0187, 0.0396]",0.1948963701725006,2025-03-26-14-35-40/SITE76_ORNT250_VIS3mi.png
0,1,"[0.4042, 0.1533, 0.1259, 0.0910, 0.0600, 0.0246, 0.0915, 0.0344, 0.0046, 0.0105]",0.4042298197746277,2024-05-08-14-34-39/SITE48_ORNT115_VIS2-5mi.png
1,1,"[0.1523, 0.1975, 0.1965, 0.1642, 0.1266, 0.0570, 0.0556, 0.0419, 0.0028, 0.0055]",0.19750265777111053,2024-06-13-13-46-47/SITE435_ORNT15_VIS2mi.png
2,3,"[0.1571, 0.1926, 0.2218, 0.1517, 0.1200, 0.0506, 0.0582, 0.0401, 0.0023, 0.0056]",0.22183634340763092,2024-08-29-14-11-27/SITE17_ORNT340_VIS4mi.png
8,8,"[0.0000, 0.0000, 0.0007, 0.0002, 0.0004, 0.0019, 0.0095, 0.0043, 0.9802, 0.0029]",0.9801762104034424,2024-04-25-17-48-06/SITE377_ORNT110_VIS9mi.png
2,3,"[0.1585, 0.1608, 0.1761, 0.1430, 0.1184, 0.0635, 0.0989, 0.0550, 0.0056, 0.0202]",0.17607197165489197,2025-02-01-17-30-02/SITE66_ORNT323_VIS4mi.png
9,9,"[0.0358, 0.0392, 0.0773, 0.0642, 0.0823, 0.0834, 0.1434, 0.1256, 0.0311, 0.3177]",0.317659854888916,2025-05-16-12-18-46/SITE59_ORNT10_VIS10+mi.png
0,0,"[0.3599, 0.1484, 0.1393, 0.0831, 0.0895, 0.0511, 0.0336, 0.0612, 0.0178, 0.0162]",0.3598702549934387,2024-12-24-15-14-57/SITE65_ORNT64_VIS1-5mi.png
6,7,"[0.0297, 0.0754, 0.1162, 0.1589, 0.1534, 0.1031, 0.1835, 0.1160, 0.0369, 0.0270]",0.18346479535102844,2025-02-14-15-24-27/SITE245_ORNT227_VIS8mi.png
6,3,"[0.0176, 0.0577, 0.0974, 0.1382, 0.1363, 0.1377, 0.1816, 0.1604, 0.0335, 0.0395]",0.18160919845104218,2024-08-15-16-44-48/SITE439_ORNT200_VIS4mi.png
0,0,"[0.2004, 0.1325, 0.1586, 0.0980, 0.1091, 0.0805, 0.0623, 0.0766, 0.0192, 0.0629]",0.20042483508586884,2025-03-29-15-28-57/SITE171_ORNT184_VIS1-25mi.png
0,1,"[0.2634, 0.1661, 0.1515, 0.1074, 0.1013, 0.0535, 0.0796, 0.0463, 0.0068, 0.0242]",0.2633797228336334,2025-04-22-15-39-35/SITE606_ORNT90_VIS2-5mi.png
0,3,"[0.1534, 0.1080, 0.1245, 0.0872, 0.1004, 0.0878, 0.0705, 0.0901, 0.0381, 0.1399]",0.15335479378700256,2025-03-04-14-20-15/SITE629_ORNT125_VIS4mi.png
3,5,"[0.0534, 0.0914, 0.1135, 0.1362, 0.1281, 0.1107, 0.1299, 0.1222, 0.0553, 0.0592]",0.13620279729366302,2024-06-05-18-49-24/SITE33_ORNT215_VIS6mi.png
9,9,"[0.0072, 0.0214, 0.0197, 0.0339, 0.0537, 0.0496, 0.1174, 0.2817, 0.0271, 0.3882]",0.38822948932647705,2025-01-26-15-53-06/SITE73_ORNT110_VIS10+mi.png
8,9,"[0.0016, 0.0090, 0.0411, 0.0153, 0.0557, 0.0955, 0.0742, 0.0943, 0.6009, 0.0124]",0.6008531451225281,2025-03-26-12-24-08/SITE467_ORNT225_VIS15mi.png
6,6,"[0.0114, 0.0517, 0.1162, 0.1287, 0.1615, 0.1088, 0.2549, 0.1345, 0.0221, 0.0104]",0.25491026043891907,2024-08-11-13-07-09/SITE446_ORNT165_VIS7mi.png
0,2,"[0.2512, 0.1546, 0.1609, 0.1015, 0.1007, 0.0742, 0.0536, 0.0604, 0.0258, 0.0173]",0.2511553466320038,2025-03-06-15-10-58/SITE397_ORNT30_VIS3mi.png
9,9,"[0.0205, 0.0211, 0.0575, 0.0559, 0.0969, 0.1118, 0.1888, 0.1539, 0.0272, 0.2664]",0.26641809940338135,2025-04-01-16-59-16/SITE617_ORNT315_VIS10+mi.png
5,6,"[0.0168, 0.0253, 0.0333, 0.0967, 0.1255, 0.2327, 0.1417, 0.1684, 0.0423, 0.1173]",0.23266835510730743,2024-07-29-16-41-43/SITE116_ORNT3_VIS7mi.png
8,0,"[0.0074, 0.0087, 0.0458, 0.0080, 0.0302, 0.0963, 0.0662, 0.0592, 0.6296, 0.0485]",0.6296396851539612,2025-02-27-11-22-46/SITE455_ORNT0_VIS1-25mi.png
0,1,"[0.2817, 0.1687, 0.1453, 0.0993, 0.1087, 0.0675, 0.0377, 0.0560, 0.0200, 0.0152]",0.2816633880138397,2024-05-09-16-15-37/SITE58_ORNT245_VIS2-5mi.png
6,5,"[0.0548, 0.0670, 0.1053, 0.0799, 0.1045, 0.1139, 0.1639, 0.1193, 0.0287, 0.1627]",0.16388054192066193,2025-01-31-13-49-43/SITE557_ORNT8_VIS6mi.png
3,4,"[0.0767, 0.1318, 0.1488, 0.1624, 0.1335, 0.1152, 0.1227, 0.0760, 0.0121, 0.0207]",0.16240742802619934,2025-03-04-14-20-15/SITE417_ORNT315_VIS5mi.png
2,1,"[0.1710, 0.1172, 0.2718, 0.0687, 0.0876, 0.0779, 0.0562, 0.0867, 0.0224, 0.0405]",0.2717672884464264,2025-03-15-15-41-34/SITE471_ORNT0_VIS2-5mi.png
1,1,"[0.1177, 0.1935, 0.1659, 0.1749, 0.1515, 0.0699, 0.0593, 0.0515, 0.0081, 0.0077]",0.19350795447826385,2025-02-11-14-30-47/SITE80_ORNT192_VIS2-5mi.png
9,2,"[0.0509, 0.0496, 0.0920, 0.0916, 0.0731, 0.0767, 0.1149, 0.1257, 0.0238, 0.3017]",0.30174630880355835,2025-03-18-13-52-55/SITE59_ORNT10_VIS3mi.png
9,8,"[0.0064, 0.0086, 0.0235, 0.0151, 0.0194, 0.0330, 0.0403, 0.1457, 0.0432, 0.6647]",0.6647012233734131,2024-10-15-10-59-57/SITE547_ORNT350_VIS9mi.png
4,2,"[0.0630, 0.1296, 0.1612, 0.1578, 0.1652, 0.1126, 0.1072, 0.0737, 0.0178, 0.0118]",0.16518722474575043,2024-07-27-10-27-08/SITE262_ORNT124_VIS3mi.png
1,3,"[0.0680, 0.2454, 0.1781, 0.2304, 0.0860, 0.0633, 0.0956, 0.0299, 0.0010, 0.0023]",0.24543988704681396,2024-06-06-17-01-51/SITE620_ORNT30_VIS4mi.png
9,4,"[0.0083, 0.0133, 0.0164, 0.0170, 0.0466, 0.0757, 0.0733, 0.2111, 0.0402, 0.4981]",0.49805957078933716,2024-07-24-16-43-44/SITE575_ORNT85_VIS5mi.png
3,5,"[0.1040, 0.1455, 0.1523, 0.1630, 0.1382, 0.1064, 0.0885, 0.0694, 0.0149, 0.0178]",0.16300883889198303,2024-05-08-14-34-39/SITE388_ORNT115_VIS6mi.png
0,5,"[0.2751, 0.1339, 0.1572, 0.0882, 0.1165, 0.0730, 0.0383, 0.0646, 0.0252, 0.0279]",0.2751159071922302,2025-02-04-15-47-48/SITE725_ORNT75_VIS6mi.png
5,9,"[0.0088, 0.0112, 0.0125, 0.0225, 0.0618, 0.3692, 0.3619, 0.0453, 0.0075, 0.0993]",0.3692406713962555,2025-04-13-19-09-12/SITE106_ORNT280_VIS10+mi.png
0,1,"[0.3787, 0.1552, 0.1330, 0.0806, 0.0990, 0.0529, 0.0296, 0.0425, 0.0150, 0.0135]",0.3787035048007965,2025-02-01-17-30-02/SITE212_ORNT170_VIS2-5mi.png
9,7,"[0.0297, 0.0313, 0.0508, 0.0325, 0.0818, 0.0946, 0.1199, 0.1476, 0.1555, 0.2562]",0.25624847412109375,2025-03-05-12-08-53/SITE472_ORNT95_VIS8mi.png
9,9,"[0.0417, 0.0498, 0.1031, 0.0895, 0.0547, 0.0719, 0.0719, 0.1359, 0.0570, 0.3244]",0.324375182390213,2025-02-15-15-20-00/SITE239_ORNT30_VIS10+mi.png
9,9,"[0.0363, 0.0422, 0.0919, 0.0870, 0.0542, 0.0679, 0.0894, 0.1350, 0.0295, 0.3667]",0.3666919469833374,2025-02-10-14-47-56/SITE871_ORNT260_VIS10+mi.png
0,3,"[0.2811, 0.1445, 0.1235, 0.1116, 0.0866, 0.0447, 0.1139, 0.0528, 0.0081, 0.0332]",0.28110170364379883,2024-05-08-14-34-39/SITE684_ORNT267_VIS4mi.png
3,2,"[0.0942, 0.1583, 0.1714, 0.1809, 0.1345, 0.0890, 0.0937, 0.0573, 0.0071, 0.0135]",0.18094560503959656,2024-05-30-17-47-26/SITE417_ORNT220_VIS3mi.png
7,4,"[0.0203, 0.0667, 0.0460, 0.1087, 0.0719, 0.0746, 0.1401, 0.2422, 0.0486, 0.1809]",0.24216873943805695,2024-07-01-19-28-49/SITE557_ORNT291_VIS5mi.png
9,0,"[0.0424, 0.0522, 0.0932, 0.0916, 0.0912, 0.1014, 0.1252, 0.1336, 0.0407, 0.2286]",0.22855789959430695,2025-04-01-16-59-16/SITE97_ORNT200_VIS1-25mi.png
7,4,"[0.0184, 0.0434, 0.0834, 0.1076, 0.0998, 0.1168, 0.0885, 0.1992, 0.1452, 0.0978]",0.19916877150535583,2025-02-19-12-18-05/SITE404_ORNT100_VIS5mi.png
9,8,"[0.0003, 0.0016, 0.0036, 0.0090, 0.0130, 0.0085, 0.0145, 0.0861, 0.3389, 0.5244]",0.5244445204734802,2024-09-08-16-00-24/SITE358_ORNT290_VIS9mi.png
9,7,"[0.0183, 0.0248, 0.0390, 0.0883, 0.0896, 0.0818, 0.0966, 0.2081, 0.0242, 0.3294]",0.3293531835079193,2025-03-04-14-20-15/SITE78_ORNT189_VIS8mi.png
2,6,"[0.1234, 0.1212, 0.1445, 0.1230, 0.1245, 0.0958, 0.1061, 0.0856, 0.0201, 0.0558]",0.14446409046649933,2025-04-11-14-52-32/SITE156_ORNT78_VIS7mi.png
9,9,"[0.0297, 0.0314, 0.0598, 0.0533, 0.0927, 0.0756, 0.1493, 0.1463, 0.0241, 0.3377]",0.33774104714393616,2025-03-26-12-24-08/SITE694_ORNT35_VIS10+mi.png
5,5,"[0.0020, 0.0078, 0.0065, 0.0971, 0.2199, 0.4422, 0.1668, 0.0453, 0.0064, 0.0060]",0.44224706292152405,2024-06-16-15-28-51/SITE19_ORNT170_VIS6mi.png
6,4,"[0.0260, 0.0647, 0.0863, 0.1315, 0.1382, 0.1259, 0.1681, 0.1587, 0.0358, 0.0647]",0.16813796758651733,2024-07-14-13-28-24/SITE19_ORNT60_VIS5mi.png
2,1,"[0.1094, 0.1581, 0.1630, 0.1612, 0.1262, 0.1113, 0.0871, 0.0606, 0.0109, 0.0122]",0.16295142471790314,2024-08-30-10-00-55/SITE161_ORNT316_VIS2-5mi.png
3,0,"[0.1069, 0.1406, 0.1443, 0.1605, 0.1256, 0.0985, 0.1024, 0.0813, 0.0143, 0.0256]",0.16048663854599,2024-07-29-16-41-43/SITE19_ORNT60_VIS1-75mi.png
2,1,"[0.0598, 0.1187, 0.1614, 0.1599, 0.1420, 0.1125, 0.1393, 0.0792, 0.0093, 0.0179]",0.16136805713176727,2024-07-22-11-13-59/SITE98_ORNT135_VIS2mi.png
1,2,"[0.1079, 0.1958, 0.1624, 0.1876, 0.0894, 0.0804, 0.1133, 0.0477, 0.0033, 0.0120]",0.19582785665988922,2024-06-23-11-02-14/SITE626_ORNT290_VIS3mi.png
8,8,"[0.0049, 0.0209, 0.0488, 0.0410, 0.0742, 0.0982, 0.0691, 0.1252, 0.4560, 0.0617]",0.45595476031303406,2024-06-14-11-11-00/SITE472_ORNT95_VIS9mi.png
2,1,"[0.0760, 0.1567, 0.1967, 0.1661, 0.1542, 0.0785, 0.0994, 0.0594, 0.0063, 0.0067]",0.19672153890132904,2024-06-09-10-51-06/SITE581_ORNT70_VIS2-5mi.png
9,7,"[0.0448, 0.0345, 0.0779, 0.0582, 0.0793, 0.0953, 0.1844, 0.0953, 0.0307, 0.2996]",0.29962611198425293,2025-01-28-16-10-28/SITE208_ORNT330_VIS8mi.png
9,6,"[0.0204, 0.0276, 0.0511, 0.0671, 0.0714, 0.0970, 0.1390, 0.1803, 0.0440, 0.3022]",0.3021673858165741,2025-02-15-16-53-20/SITE115_ORNT36_VIS7mi.png
1,2,"[0.1196, 0.2038, 0.1571, 0.2006, 0.1199, 0.0828, 0.0597, 0.0459, 0.0050, 0.0055]",0.20378164947032928,2024-07-28-13-48-26/SITE116_ORNT277_VIS3mi.png
5,2,"[0.0701, 0.0907, 0.1720, 0.0568, 0.1378, 0.1831, 0.0602, 0.0983, 0.1062, 0.0247]",0.18313439190387726,2025-02-17-14-46-26/SITE343_ORNT360_VIS3mi.png
0,0,"[0.3695, 0.1625, 0.1328, 0.0940, 0.0777, 0.0358, 0.0688, 0.0402, 0.0054, 0.0133]",0.36953145265579224,2025-03-29-15-28-57/SITE198_ORNT80_VIS1-25mi.png
2,0,"[0.1247, 0.1010, 0.1940, 0.1046, 0.1328, 0.1466, 0.0521, 0.0840, 0.0311, 0.0290]",0.19402682781219482,2024-05-08-14-34-39/SITE205_ORNT305_VIS1mi.png
3,4,"[0.0809, 0.1294, 0.1565, 0.1637, 0.1428, 0.1154, 0.0994, 0.0789, 0.0161, 0.0169]",0.16366715729236603,2024-07-28-13-48-26/SITE119_ORNT96_VIS5mi.png
6,7,"[0.0373, 0.0495, 0.0787, 0.0556, 0.0942, 0.1420, 0.2514, 0.1072, 0.0279, 0.1560]",0.25144749879837036,2024-06-10-14-33-22/SITE411_ORNT280_VIS8mi.png
3,3,"[0.1361, 0.1691, 0.1586, 0.1715, 0.1191, 0.0857, 0.0762, 0.0626, 0.0083, 0.0127]",0.17147795855998993,2024-05-08-14-34-39/SITE86_ORNT12_VIS4mi.png
6,7,"[0.0269, 0.0689, 0.0960, 0.0736, 0.1063, 0.1692, 0.2905, 0.1344, 0.0138, 0.0203]",0.29045963287353516,2024-10-14-13-08-27/SITE73_ORNT110_VIS8mi.png
3,5,"[0.0682, 0.0945, 0.1292, 0.1520, 0.1191, 0.1010, 0.1489, 0.0937, 0.0157, 0.0777]",0.1520383059978485,2025-03-28-10-38-15/SITE658_ORNT305_VIS6mi.png
2,1,"[0.1171, 0.1669, 0.1774, 0.1655, 0.1342, 0.0831, 0.0861, 0.0549, 0.0061, 0.0086]",0.17739737033843994,2024-08-02-13-37-25/SITE26_ORNT85_VIS2mi.png
7,7,"[0.0038, 0.0143, 0.0196, 0.0476, 0.0436, 0.0617, 0.1545, 0.3578, 0.0340, 0.2632]",0.35777682065963745,2024-06-10-18-34-10/SITE26_ORNT250_VIS8mi.png
8,8,"[0.0027, 0.0036, 0.0098, 0.0034, 0.0300, 0.1547, 0.0108, 0.0265, 0.7093, 0.0492]",0.7092887759208679,2025-03-31-15-41-11/SITE343_ORNT90_VIS9mi.png
0,0,"[0.3193, 0.1694, 0.1266, 0.0921, 0.1150, 0.0516, 0.0374, 0.0520, 0.0097, 0.0269]",0.3193216323852539,2025-03-01-18-07-41/SITE240_ORNT112_VIS1-75mi.png
2,8,"[0.0866, 0.1004, 0.1473, 0.1148, 0.0747, 0.1029, 0.0855, 0.1107, 0.0751, 0.1019]",0.14734308421611786,2025-02-01-17-30-02/SITE132_ORNT265_VIS9mi.png
9,6,"[0.0126, 0.0306, 0.0592, 0.1058, 0.0780, 0.0996, 0.1483, 0.2056, 0.0439, 0.2163]",0.21625813841819763,2024-09-07-11-42-21/SITE595_ORNT270_VIS7mi.png
8,9,"[0.0084, 0.0136, 0.0161, 0.0114, 0.0403, 0.0496, 0.0397, 0.1007, 0.3912, 0.3289]",0.39118292927742004,2025-04-10-17-56-44/SITE453_ORNT135_VIS15mi.png
7,5,"[0.0222, 0.0426, 0.0535, 0.0643, 0.1044, 0.1182, 0.1915, 0.1971, 0.0258, 0.1804]",0.19713133573532104,2024-08-24-10-27-52/SITE253_ORNT65_VIS6mi.png
3,3,"[0.0280, 0.1095, 0.1063, 0.1912, 0.1675, 0.1027, 0.1622, 0.1015, 0.0204, 0.0107]",0.19124367833137512,2024-07-23-10-10-08/SITE53_ORNT170_VIS4mi.png
2,0,"[0.1480, 0.1749, 0.1952, 0.1583, 0.1283, 0.0645, 0.0700, 0.0465, 0.0047, 0.0096]",0.19524192810058594,2024-09-08-13-07-06/SITE45_ORNT180_VIS1-5mi.png
6,1,"[0.0218, 0.0469, 0.0645, 0.0581, 0.0874, 0.1724, 0.2501, 0.1850, 0.0247, 0.0891]",0.25010955333709717,2024-06-14-14-13-33/SITE240_ORNT286_VIS2mi.png
3,2,"[0.0705, 0.1576, 0.1434, 0.1900, 0.1311, 0.1053, 0.1270, 0.0577, 0.0065, 0.0110]",0.18996286392211914,2024-07-14-10-21-23/SITE106_ORNT280_VIS3mi.png
4,0,"[0.0524, 0.0834, 0.1481, 0.1043, 0.1707, 0.1563, 0.0749, 0.0899, 0.1040, 0.0160]",0.17065270245075226,2024-06-27-10-23-10/SITE533_ORNT325_VIS1-5mi.png
6,2,"[0.0406, 0.0841, 0.1716, 0.0957, 0.1212, 0.1244, 0.2393, 0.0909, 0.0071, 0.0250]",0.23930811882019043,2024-07-18-11-32-15/SITE105_ORNT28_VIS3mi.png
7,5,"[0.0386, 0.0640, 0.1010, 0.1080, 0.1241, 0.1368, 0.1237, 0.1443, 0.0931, 0.0665]",0.14431029558181763,2024-07-20-11-08-20/SITE332_ORNT155_VIS6mi.png
5,5,"[0.0167, 0.0381, 0.0253, 0.1260, 0.1185, 0.3796, 0.1588, 0.0314, 0.0842, 0.0214]",0.37956154346466064,2024-09-20-16-20-08/SITE22_ORNT0_VIS6mi.png
9,6,"[0.0297, 0.0267, 0.0675, 0.0482, 0.0390, 0.0405, 0.0575, 0.1886, 0.0426, 0.4598]",0.45983877778053284,2025-03-02-13-12-40/SITE268_ORNT255_VIS7mi.png
2,4,"[0.1184, 0.1112, 0.1305, 0.1217, 0.1039, 0.0973, 0.1106, 0.0894, 0.0260, 0.0909]",0.13049578666687012,2025-02-17-14-46-26/SITE119_ORNT13_VIS5mi.png
3,4,"[0.0622, 0.0964, 0.1433, 0.1434, 0.1279, 0.1240, 0.1388, 0.1013, 0.0221, 0.0406]",0.1433653086423874,2024-06-20-14-40-34/SITE253_ORNT280_VIS5mi.png
0,3,"[0.2443, 0.1722, 0.1472, 0.1256, 0.1160, 0.0649, 0.0500, 0.0549, 0.0103, 0.0147]",0.2442721128463745,2025-02-16-12-49-10/SITE801_ORNT155_VIS4mi.png
0,0,"[0.2307, 0.1514, 0.1538, 0.1462, 0.0962, 0.0563, 0.0831, 0.0597, 0.0075, 0.0149]",0.23072722554206848,2025-01-26-15-53-06/SITE40_ORNT120_VIS1mi.png
0,0,"[0.2582, 0.1690, 0.1467, 0.0890, 0.1062, 0.0713, 0.0427, 0.0638, 0.0257, 0.0273]",0.25817909836769104,2025-02-11-14-30-47/SITE545_ORNT240_VIS1-5mi.png
9,3,"[0.0442, 0.0381, 0.1052, 0.0623, 0.0779, 0.0922, 0.1922, 0.0830, 0.0221, 0.2829]",0.28285977244377136,2025-02-12-14-37-35/SITE179_ORNT36_VIS4mi.png
0,1,"[0.1990, 0.1437, 0.1439, 0.0976, 0.1077, 0.0820, 0.0700, 0.0747, 0.0272, 0.0541]",0.1990019679069519,2025-04-01-16-59-16/SITE69_ORNT315_VIS2mi.png
3,4,"[0.1038, 0.1371, 0.1386, 0.1565, 0.1088, 0.1075, 0.1162, 0.0840, 0.0150, 0.0325]",0.15651480853557587,2024-09-07-11-42-21/SITE10_ORNT10_VIS5mi.png
4,7,"[0.0353, 0.0699, 0.1492, 0.0850, 0.1769, 0.1543, 0.0746, 0.1013, 0.1403, 0.0131]",0.1768762171268463,2024-07-22-20-17-56/SITE533_ORNT120_VIS8mi.png
3,6,"[0.0563, 0.0991, 0.1254, 0.1606, 0.1362, 0.1168, 0.1328, 0.1084, 0.0242, 0.0402]",0.1605561077594757,2025-01-15-15-33-17/SITE253_ORNT325_VIS7mi.png
7,6,"[0.0069, 0.0197, 0.0172, 0.0704, 0.1405, 0.1763, 0.2190, 0.2516, 0.0119, 0.0864]",0.2515665590763092,2024-08-02-10-36-13/SITE569_ORNT211_VIS7mi.png
9,6,"[0.0223, 0.0266, 0.0543, 0.0572, 0.0619, 0.0755, 0.1125, 0.1907, 0.0593, 0.3397]",0.33968669176101685,2025-03-31-15-41-11/SITE818_ORNT40_VIS7mi.png
6,1,"[0.0410, 0.0709, 0.1601, 0.0970, 0.1050, 0.1395, 0.2291, 0.1027, 0.0131, 0.0418]",0.22906211018562317,2024-10-07-14-17-08/SITE58_ORNT90_VIS2mi.png
3,3,"[0.0499, 0.1311, 0.1370, 0.2095, 0.1440, 0.1033, 0.1278, 0.0791, 0.0071, 0.0112]",0.20953160524368286,2024-08-15-16-44-48/SITE439_ORNT350_VIS4mi.png
6,6,"[0.0335, 0.0715, 0.1152, 0.1201, 0.1136, 0.1639, 0.1983, 0.1231, 0.0197, 0.0413]",0.19829805195331573,2024-10-06-17-04-59/SITE253_ORNT195_VIS7mi.png
2,1,"[0.1423, 0.1763, 0.1986, 0.1513, 0.1323, 0.0669, 0.0666, 0.0516, 0.0059, 0.0080]",0.1986272633075714,2024-08-15-16-44-48/SITE437_ORNT340_VIS2-5mi.png
3,2,"[0.0593, 0.0999, 0.1354, 0.1727, 0.1149, 0.1072, 0.1349, 0.1083, 0.0161, 0.0514]",0.1726786196231842,2024-10-05-11-04-16/SITE595_ORNT180_VIS3mi.png
3,6,"[0.0384, 0.0895, 0.1389, 0.1619, 0.1567, 0.1158, 0.1520, 0.0972, 0.0249, 0.0247]",0.16185954213142395,2024-07-14-10-21-23/SITE177_ORNT260_VIS7mi.png
9,9,"[0.0125, 0.0154, 0.0338, 0.0379, 0.0366, 0.0346, 0.0307, 0.2064, 0.0635, 0.5285]",0.5284977555274963,2025-01-23-15-05-27/SITE616_ORNT0_VIS10+mi.png
8,0,"[0.0276, 0.0609, 0.1493, 0.0643, 0.1387, 0.1687, 0.0821, 0.1091, 0.1782, 0.0210]",0.17822052538394928,2025-01-29-12-01-12/SITE389_ORNT120_VIS1mi.png
2,4,"[0.1405, 0.1709, 0.1714, 0.1680, 0.1229, 0.0760, 0.0740, 0.0582, 0.0067, 0.0114]",0.17139795422554016,2024-07-26-10-22-16/SITE13_ORNT10_VIS5mi.png
2,1,"[0.0843, 0.1364, 0.1701, 0.1601, 0.1469, 0.1054, 0.1002, 0.0703, 0.0114, 0.0150]",0.17005868256092072,2024-05-08-14-34-39/SITE11_ORNT308_VIS2mi.png
9,8,"[0.0169, 0.0218, 0.0404, 0.0374, 0.0460, 0.0629, 0.0404, 0.1353, 0.2059, 0.3929]",0.39285317063331604,2024-06-29-15-18-41/SITE324_ORNT310_VIS9mi.png
2,2,"[0.1126, 0.1926, 0.1926, 0.1711, 0.1455, 0.0673, 0.0671, 0.0434, 0.0033, 0.0044]",0.19261378049850464,2024-08-31-14-30-34/SITE58_ORNT15_VIS3mi.png
2,3,"[0.1029, 0.1454, 0.1592, 0.1571, 0.1235, 0.1028, 0.1165, 0.0628, 0.0074, 0.0224]",0.15915316343307495,2025-01-28-16-10-28/SITE19_ORNT325_VIS4mi.png
5,4,"[0.0275, 0.0654, 0.1442, 0.0868, 0.1440, 0.1562, 0.0846, 0.1207, 0.1439, 0.0265]",0.15622441470623016,2025-01-17-15-10-02/SITE380_ORNT220_VIS5mi.png
0,0,"[0.2276, 0.1750, 0.1424, 0.1364, 0.1042, 0.0667, 0.0550, 0.0655, 0.0091, 0.0183]",0.227553129196167,2025-03-18-13-52-55/SITE439_ORNT265_VIS1-5mi.png
4,5,"[0.0563, 0.0768, 0.1130, 0.1217, 0.1350, 0.1172, 0.1117, 0.1292, 0.0748, 0.0643]",0.1349521279335022,2025-02-02-12-13-03/SITE325_ORNT60_VIS6mi.png
8,1,"[0.0135, 0.0325, 0.0641, 0.0703, 0.1022, 0.1129, 0.0662, 0.1575, 0.2789, 0.1020]",0.27891936898231506,2024-08-16-20-03-50/SITE522_ORNT90_VIS2mi.png
8,6,"[0.0169, 0.0262, 0.0402, 0.0281, 0.0666, 0.1485, 0.1448, 0.1415, 0.1966, 0.1906]",0.1965821385383606,2024-07-22-11-13-59/SITE692_ORNT205_VIS7mi.png
4,3,"[0.0268, 0.0858, 0.1537, 0.1362, 0.2016, 0.1272, 0.1693, 0.0828, 0.0074, 0.0092]",0.20161420106887817,2024-09-08-16-00-24/SITE19_ORNT170_VIS4mi.png
8,9,"[0.0017, 0.0036, 0.0139, 0.0108, 0.0115, 0.0251, 0.0111, 0.0480, 0.5803, 0.2941]",0.5802728533744812,2024-04-30-13-21-52/SITE512_ORNT340_VIS15mi.png
5,5,"[0.0102, 0.0278, 0.0266, 0.0987, 0.1463, 0.3498, 0.2634, 0.0504, 0.0110, 0.0158]",0.34981587529182434,2024-06-16-11-08-10/SITE19_ORNT260_VIS6mi.png
6,2,"[0.0872, 0.0742, 0.1024, 0.0793, 0.1119, 0.1103, 0.1538, 0.1010, 0.0298, 0.1502]",0.15375423431396484,2025-02-12-14-37-35/SITE837_ORNT90_VIS3mi.png
8,3,"[0.0146, 0.0318, 0.0879, 0.0424, 0.1164, 0.1338, 0.0625, 0.0976, 0.3739, 0.0391]",0.3739266097545624,2024-08-15-16-44-48/SITE380_ORNT55_VIS4mi.png
7,4,"[0.0277, 0.0498, 0.0772, 0.1174, 0.1042, 0.1055, 0.1428, 0.1724, 0.0367, 0.1662]",0.1723722666501999,2024-07-28-13-48-26/SITE616_ORNT90_VIS5mi.png
8,8,"[0.0003, 0.0034, 0.0121, 0.0108, 0.0330, 0.0718, 0.0458, 0.1293, 0.6736, 0.0199]",0.6736360192298889,2024-10-08-11-05-48/SITE506_ORNT270_VIS9mi.png
2,2,"[0.1477, 0.1530, 0.1670, 0.1602, 0.1140, 0.0779, 0.0967, 0.0602, 0.0056, 0.0177]",0.166985884308815,2024-05-08-14-34-39/SITE563_ORNT5_VIS3mi.png
5,3,"[0.0409, 0.0869, 0.1692, 0.0997, 0.1028, 0.1842, 0.1203, 0.0969, 0.0799, 0.0191]",0.18417876958847046,2024-10-07-14-17-08/SITE598_ORNT285_VIS4mi.png
6,0,"[0.0350, 0.0833, 0.1416, 0.1530, 0.1139, 0.1241, 0.1783, 0.1100, 0.0099, 0.0508]",0.17826581001281738,2024-06-29-10-50-12/SITE747_ORNT315_VIS1-25mi.png
1,7,"[0.1179, 0.1590, 0.1537, 0.1386, 0.1043, 0.0926, 0.0787, 0.0863, 0.0369, 0.0320]",0.1590326875448227,2024-05-09-16-15-37/SITE132_ORNT30_VIS8mi.png
4,4,"[0.0268, 0.0693, 0.0671, 0.1391, 0.1924, 0.1521, 0.1712, 0.1153, 0.0174, 0.0494]",0.1923666149377823,2024-07-23-10-10-08/SITE581_ORNT160_VIS5mi.png
2,6,"[0.1252, 0.0943, 0.2777, 0.0464, 0.1252, 0.1050, 0.1290, 0.0648, 0.0023, 0.0300]",0.27774694561958313,2025-02-04-15-47-48/SITE13_ORNT85_VIS7mi.png
9,4,"[0.0219, 0.0254, 0.0474, 0.0354, 0.0647, 0.0745, 0.0864, 0.1472, 0.0884, 0.4087]",0.40868422389030457,2025-02-01-12-44-07/SITE734_ORNT160_VIS5mi.png
9,9,"[0.0403, 0.0834, 0.0680, 0.1110, 0.0894, 0.0767, 0.1709, 0.1401, 0.0448, 0.1753]",0.17528215050697327,2024-10-13-15-24-41/SITE722_ORNT15_VIS10+mi.png
3,8,"[0.0540, 0.1158, 0.1323, 0.1584, 0.1569, 0.1154, 0.1236, 0.0933, 0.0323, 0.0181]",0.15843217074871063,2024-07-23-16-31-18/SITE251_ORNT25_VIS9mi.png
8,8,"[0.0032, 0.0114, 0.0696, 0.0110, 0.0384, 0.2557, 0.2156, 0.0598, 0.3151, 0.0201]",0.3151412308216095,2024-08-30-10-00-55/SITE424_ORNT180_VIS9mi.png
0,9,"[0.2141, 0.1532, 0.1607, 0.1185, 0.1121, 0.0683, 0.0670, 0.0610, 0.0092, 0.0359]",0.21406927704811096,2025-03-04-14-20-15/SITE219_ORNT264_VIS10+mi.png
5,5,"[0.0434, 0.0755, 0.1275, 0.1032, 0.1255, 0.1530, 0.1072, 0.1251, 0.0854, 0.0543]",0.15298928320407867,2024-06-16-15-28-51/SITE483_ORNT95_VIS6mi.png
2,7,"[0.0635, 0.1038, 0.1504, 0.1221, 0.1489, 0.1362, 0.0923, 0.0992, 0.0585, 0.0252]",0.15035706758499146,2024-10-15-10-59-57/SITE397_ORNT30_VIS8mi.png
9,6,"[0.0132, 0.0165, 0.0201, 0.0391, 0.0459, 0.0842, 0.0486, 0.1589, 0.2245, 0.3489]",0.3489249646663666,2024-07-24-16-43-44/SITE14_ORNT195_VIS7mi.png
6,7,"[0.0411, 0.0787, 0.0931, 0.1332, 0.1421, 0.1252, 0.1654, 0.1542, 0.0170, 0.0500]",0.165379598736763,2024-07-23-16-31-18/SITE545_ORNT95_VIS8mi.png
2,0,"[0.1502, 0.1115, 0.1967, 0.0961, 0.0930, 0.0945, 0.0884, 0.1031, 0.0130, 0.0533]",0.19673550128936768,2025-03-15-15-41-34/SITE13_ORNT240_VIS1mi.png
6,8,"[0.0429, 0.0699, 0.0926, 0.0996, 0.1122, 0.1269, 0.1891, 0.1460, 0.0253, 0.0956]",0.18911346793174744,2024-09-02-17-43-28/SITE593_ORNT110_VIS9mi.png
9,7,"[0.0441, 0.0545, 0.0820, 0.0726, 0.1010, 0.1493, 0.1532, 0.1157, 0.0636, 0.1638]",0.16375143826007843,2024-05-08-14-34-39/SITE25_ORNT150_VIS8mi.png
9,2,"[0.0864, 0.0883, 0.1251, 0.1129, 0.0943, 0.0812, 0.0807, 0.1237, 0.0344, 0.1728]",0.17281444370746613,2025-02-04-15-47-48/SITE20_ORNT226_VIS3mi.png
0,2,"[0.2128, 0.1450, 0.1371, 0.1053, 0.1032, 0.0843, 0.0710, 0.0753, 0.0231, 0.0430]",0.2128113955259323,2024-04-30-13-21-52/SITE13_ORNT10_VIS3mi.png
3,2,"[0.0624, 0.1491, 0.1704, 0.1706, 0.1461, 0.1141, 0.1120, 0.0577, 0.0072, 0.0104]",0.17060962319374084,2024-05-23-15-19-49/SITE117_ORNT165_VIS3mi.png
3,1,"[0.1095, 0.1245, 0.1402, 0.1487, 0.1312, 0.1063, 0.0934, 0.0877, 0.0238, 0.0347]",0.14872363209724426,2024-05-30-17-47-26/SITE25_ORNT30_VIS2mi.png
8,8,"[0.0276, 0.0698, 0.0998, 0.0570, 0.0762, 0.1128, 0.0803, 0.1219, 0.2794, 0.0753]",0.2794188857078552,2024-07-28-11-17-19/SITE424_ORNT0_VIS9mi.png
5,8,"[0.0473, 0.0633, 0.0915, 0.0883, 0.1255, 0.1399, 0.0824, 0.1281, 0.1345, 0.0992]",0.13991929590702057,2025-01-29-12-01-12/SITE324_ORNT310_VIS9mi.png
3,2,"[0.0943, 0.1120, 0.1277, 0.1474, 0.1209, 0.0989, 0.1227, 0.0986, 0.0197, 0.0579]",0.14740754663944244,2024-06-17-10-37-40/SITE568_ORNT67_VIS3mi.png
7,9,"[0.0128, 0.0373, 0.0479, 0.0829, 0.0750, 0.0923, 0.1628, 0.2449, 0.0629, 0.1813]",0.24487529695034027,2025-04-11-14-52-32/SITE693_ORNT315_VIS10+mi.png
0,0,"[0.1756, 0.1549, 0.1700, 0.1629, 0.1110, 0.0616, 0.0852, 0.0610, 0.0054, 0.0125]",0.17556089162826538,2024-08-15-16-44-48/SITE43_ORNT270_VIS1-25mi.png
0,0,"[0.2098, 0.1521, 0.1342, 0.1022, 0.1157, 0.0836, 0.0467, 0.0817, 0.0351, 0.0388]",0.20984414219856262,2024-12-09-12-13-38/SITE508_ORNT315_VIS1-25mi.png
5,8,"[0.0268, 0.0650, 0.1224, 0.0858, 0.1323, 0.1659, 0.1009, 0.1208, 0.1559, 0.0242]",0.16592849791049957,2025-01-26-13-23-03/SITE339_ORNT90_VIS9mi.png
7,3,"[0.0190, 0.0532, 0.0611, 0.0932, 0.0927, 0.1043, 0.1473, 0.2032, 0.0794, 0.1466]",0.20323044061660767,2025-03-03-11-33-30/SITE13_ORNT85_VIS4mi.png
2,3,"[0.1196, 0.1307, 0.1312, 0.1296, 0.1160, 0.1025, 0.0783, 0.0961, 0.0443, 0.0518]",0.1311907321214676,2024-12-29-16-00-12/SITE164_ORNT68_VIS4mi.png
7,7,"[0.0105, 0.0303, 0.0376, 0.0654, 0.0973, 0.1737, 0.2298, 0.2569, 0.0216, 0.0769]",0.2568831443786621,2024-07-23-16-31-18/SITE545_ORNT20_VIS8mi.png
5,5,"[0.0088, 0.0254, 0.0244, 0.0659, 0.1149, 0.4475, 0.2455, 0.0453, 0.0136, 0.0087]",0.4475097954273224,2024-09-27-16-12-40/SITE22_ORNT0_VIS6mi.png
2,0,"[0.1341, 0.2097, 0.2282, 0.1514, 0.1179, 0.0520, 0.0631, 0.0370, 0.0018, 0.0048]",0.22817017138004303,2025-03-31-15-41-11/SITE111_ORNT246_VIS1-75mi.png
8,8,"[0.0007, 0.0039, 0.0075, 0.0148, 0.0032, 0.0165, 0.0064, 0.0171, 0.6871, 0.2429]",0.6870853304862976,2024-08-01-13-32-05/SITE330_ORNT215_VIS9mi.png
7,9,"[0.0179, 0.0576, 0.1082, 0.1661, 0.0994, 0.1138, 0.1519, 0.1749, 0.0288, 0.0814]",0.17492158710956573,2025-02-15-16-53-20/SITE129_ORNT356_VIS10+mi.png
8,9,"[0.0026, 0.0092, 0.0191, 0.0313, 0.0685, 0.0715, 0.0694, 0.2367, 0.3091, 0.1826]",0.30912256240844727,2024-06-06-17-01-51/SITE463_ORNT340_VIS15mi.png
6,5,"[0.0135, 0.0474, 0.1174, 0.1050, 0.0989, 0.1826, 0.2295, 0.1375, 0.0275, 0.0407]",0.2294529676437378,2024-07-05-10-36-13/SITE7_ORNT55_VIS6mi.png
6,5,"[0.0222, 0.0703, 0.0788, 0.1423, 0.1457, 0.1742, 0.2303, 0.0991, 0.0223, 0.0148]",0.23027303814888,2024-07-07-15-01-32/SITE22_ORNT190_VIS6mi.png
1,3,"[0.1467, 0.1797, 0.1711, 0.1693, 0.1206, 0.0767, 0.0704, 0.0503, 0.0053, 0.0100]",0.17968304455280304,2024-08-15-16-44-48/SITE171_ORNT315_VIS4mi.png
5,8,"[0.0088, 0.0303, 0.0330, 0.0595, 0.0957, 0.2611, 0.2159, 0.1457, 0.1166, 0.0333]",0.2610594630241394,2024-07-22-11-13-59/SITE301_ORNT275_VIS9mi.png
3,4,"[0.0658, 0.1024, 0.1386, 0.1473, 0.1424, 0.1217, 0.1169, 0.0977, 0.0334, 0.0336]",0.14729541540145874,2025-02-15-16-53-20/SITE719_ORNT180_VIS5mi.png
9,9,"[0.0020, 0.0042, 0.0047, 0.0037, 0.0172, 0.0434, 0.0407, 0.1228, 0.0218, 0.7395]",0.739501416683197,2025-03-02-13-12-40/SITE82_ORNT65_VIS10+mi.png
0,1,"[0.1826, 0.1683, 0.1743, 0.1599, 0.1084, 0.0644, 0.0781, 0.0486, 0.0036, 0.0119]",0.1825651079416275,2024-07-18-11-32-15/SITE73_ORNT65_VIS2-5mi.png
2,6,"[0.1279, 0.1853, 0.1997, 0.1596, 0.1230, 0.0644, 0.0804, 0.0488, 0.0034, 0.0075]",0.19973398745059967,2024-09-08-16-00-24/SITE169_ORNT157_VIS7mi.png
2,4,"[0.1349, 0.1410, 0.1920, 0.1285, 0.1366, 0.0788, 0.0948, 0.0581, 0.0093, 0.0262]",0.1919649988412857,2025-04-16-13-54-24/SITE96_ORNT135_VIS5mi.png
9,6,"[0.0615, 0.0392, 0.1018, 0.0945, 0.0671, 0.0688, 0.0949, 0.1406, 0.0152, 0.3165]",0.31646162271499634,2025-03-26-14-35-40/SITE5_ORNT155_VIS7mi.png
9,2,"[0.0293, 0.0454, 0.0803, 0.1229, 0.0744, 0.0798, 0.1333, 0.1762, 0.0207, 0.2377]",0.2376527488231659,2024-05-31-15-13-16/SITE203_ORNT70_VIS3mi.png
9,6,"[0.0156, 0.0265, 0.0333, 0.0477, 0.0617, 0.0511, 0.0787, 0.1994, 0.0386, 0.4474]",0.4473705291748047,2024-10-11-15-41-13/SITE13_ORNT10_VIS7mi.png
2,6,"[0.1008, 0.1956, 0.1983, 0.1803, 0.1281, 0.0699, 0.0789, 0.0403, 0.0031, 0.0048]",0.1982797533273697,2024-06-30-10-21-08/SITE417_ORNT315_VIS7mi.png
8,8,"[0.0006, 0.0029, 0.0073, 0.0151, 0.0109, 0.0269, 0.0145, 0.0852, 0.6094, 0.2272]",0.6093562841415405,2024-10-07-12-00-07/SITE508_ORNT315_VIS9mi.png
8,8,"[0.0003, 0.0016, 0.0043, 0.0027, 0.0092, 0.0112, 0.0094, 0.0130, 0.8822, 0.0661]",0.8821799159049988,2024-08-01-13-32-05/SITE295_ORNT315_VIS9mi.png
0,0,"[0.2537, 0.2296, 0.1447, 0.1026, 0.0707, 0.0721, 0.0172, 0.0781, 0.0192, 0.0121]",0.2537233233451843,2025-01-17-15-10-02/SITE12_ORNT270_VIS1-25mi.png
2,1,"[0.1782, 0.1594, 0.1986, 0.1323, 0.1202, 0.0640, 0.0796, 0.0484, 0.0047, 0.0145]",0.1986486315727234,2024-09-20-16-20-08/SITE14_ORNT195_VIS2mi.png
2,5,"[0.1682, 0.1622, 0.1816, 0.0971, 0.0965, 0.1098, 0.0471, 0.0777, 0.0412, 0.0186]",0.18157818913459778,2025-03-02-11-48-27/SITE528_ORNT235_VIS6mi.png
6,3,"[0.0216, 0.0719, 0.1025, 0.1583, 0.1508, 0.1188, 0.2019, 0.1214, 0.0297, 0.0231]",0.20191970467567444,2024-10-11-15-41-13/SITE75_ORNT170_VIS4mi.png
3,9,"[0.0855, 0.1033, 0.1415, 0.1534, 0.1007, 0.1016, 0.0974, 0.1045, 0.0272, 0.0848]",0.1534447968006134,2024-12-24-15-14-57/SITE259_ORNT314_VIS10+mi.png
2,1,"[0.1502, 0.1798, 0.2029, 0.1482, 0.1206, 0.0641, 0.0705, 0.0501, 0.0044, 0.0093]",0.20294570922851562,2024-06-20-11-19-17/SITE50_ORNT149_VIS2-5mi.png
0,0,"[0.3076, 0.1564, 0.1459, 0.0947, 0.0991, 0.0576, 0.0589, 0.0490, 0.0110, 0.0199]",0.307573139667511,2025-02-02-12-13-03/SITE821_ORNT225_VIS1-5mi.png
8,5,"[0.0266, 0.0521, 0.1038, 0.0739, 0.1309, 0.1373, 0.0644, 0.1305, 0.2353, 0.0452]",0.23525014519691467,2025-02-02-12-13-03/SITE325_ORNT280_VIS6mi.png
8,8,"[0.0002, 0.0014, 0.0032, 0.0057, 0.0065, 0.0108, 0.0077, 0.0649, 0.5578, 0.3419]",0.557766854763031,2025-02-02-12-13-03/SITE276_ORNT45_VIS9mi.png
9,9,"[0.0205, 0.0256, 0.0482, 0.0518, 0.0520, 0.0626, 0.0742, 0.1679, 0.1182, 0.3791]",0.3791457712650299,2025-02-05-13-59-56/SITE312_ORNT60_VIS25mi.png
6,6,"[0.0233, 0.0400, 0.0601, 0.0399, 0.0731, 0.1701, 0.5193, 0.0373, 0.0036, 0.0333]",0.5193384289741516,2024-06-07-11-09-12/SITE760_ORNT190_VIS7mi.png
4,2,"[0.0625, 0.1211, 0.1513, 0.1532, 0.1588, 0.1086, 0.1286, 0.0821, 0.0130, 0.0207]",0.15884648263454437,2024-07-27-10-27-08/SITE5_ORNT155_VIS3mi.png
9,8,"[0.0194, 0.0296, 0.0506, 0.0780, 0.0905, 0.1188, 0.1630, 0.1861, 0.0432, 0.2210]",0.22095105051994324,2024-07-30-14-06-06/SITE203_ORNT70_VIS9mi.png
1,2,"[0.0924, 0.1966, 0.1707, 0.1857, 0.1475, 0.0763, 0.0745, 0.0456, 0.0056, 0.0051]",0.19658564031124115,2024-07-26-10-22-16/SITE160_ORNT237_VIS3mi.png
2,4,"[0.1603, 0.1916, 0.2372, 0.1506, 0.1134, 0.0462, 0.0564, 0.0376, 0.0020, 0.0047]",0.23721149563789368,2024-07-02-16-22-41/SITE169_ORNT228_VIS5mi.png
9,6,"[0.0345, 0.0427, 0.0655, 0.0927, 0.0908, 0.0974, 0.1344, 0.1534, 0.0758, 0.2129]",0.2129114717245102,2024-07-14-10-21-23/SITE177_ORNT200_VIS7mi.png
2,3,"[0.1526, 0.1546, 0.1746, 0.1422, 0.1155, 0.0763, 0.0951, 0.0611, 0.0068, 0.0210]",0.17464202642440796,2024-07-14-16-38-50/SITE8_ORNT220_VIS4mi.png
8,8,"[0.0029, 0.0096, 0.0299, 0.0191, 0.0326, 0.0613, 0.0733, 0.0823, 0.6267, 0.0624]",0.6267454028129578,2025-03-02-13-12-40/SITE377_ORNT110_VIS9mi.png
3,3,"[0.0605, 0.1149, 0.1147, 0.1878, 0.1454, 0.1151, 0.1485, 0.0813, 0.0071, 0.0248]",0.18776275217533112,2024-08-31-14-30-34/SITE194_ORNT145_VIS4mi.png
0,1,"[0.2781, 0.2023, 0.1481, 0.1165, 0.0872, 0.0585, 0.0285, 0.0611, 0.0088, 0.0109]",0.2781256139278412,2025-03-06-15-10-58/SITE216_ORNT55_VIS2mi.png
3,5,"[0.0649, 0.1644, 0.1344, 0.2169, 0.1625, 0.1130, 0.0781, 0.0517, 0.0096, 0.0044]",0.21694372594356537,2024-08-30-17-21-54/SITE22_ORNT285_VIS6mi.png
8,8,"[0.0000, 0.0000, 0.0011, 0.0000, 0.0001, 0.0071, 0.0032, 0.0005, 0.9878, 0.0002]",0.9877811670303345,2024-04-30-13-21-52/SITE528_ORNT235_VIS9mi.png
8,9,"[0.0204, 0.0333, 0.0565, 0.0425, 0.0802, 0.0980, 0.0541, 0.1157, 0.2925, 0.2068]",0.2925434410572052,2024-07-04-13-27-11/SITE457_ORNT225_VIS12mi.png
6,6,"[0.0113, 0.0386, 0.0354, 0.0491, 0.1106, 0.1806, 0.2987, 0.2232, 0.0222, 0.0305]",0.2986598014831543,2024-10-06-12-31-10/SITE73_ORNT110_VIS7mi.png
1,6,"[0.1379, 0.2101, 0.1848, 0.1770, 0.1294, 0.0598, 0.0526, 0.0402, 0.0031, 0.0051]",0.2101122885942459,2024-08-31-14-30-34/SITE4_ORNT187_VIS7mi.png
0,0,"[0.2592, 0.1697, 0.1180, 0.0913, 0.1082, 0.0693, 0.0433, 0.0670, 0.0240, 0.0500]",0.2591633200645447,2025-02-15-16-53-20/SITE547_ORNT260_VIS1mi.png
4,9,"[0.0462, 0.1063, 0.1600, 0.1414, 0.1604, 0.1082, 0.1482, 0.0953, 0.0170, 0.0171]",0.1604241579771042,2025-03-02-13-12-40/SITE177_ORNT260_VIS10+mi.png
2,4,"[0.0412, 0.1054, 0.1727, 0.1567, 0.1503, 0.1165, 0.1574, 0.0776, 0.0101, 0.0119]",0.17267625033855438,2024-08-02-20-27-22/SITE111_ORNT181_VIS5mi.png
7,9,"[0.0110, 0.0323, 0.0483, 0.0479, 0.0975, 0.1800, 0.2055, 0.2110, 0.0916, 0.0750]",0.21101097762584686,2024-10-13-15-24-41/SITE721_ORNT320_VIS10+mi.png
3,5,"[0.1132, 0.1589, 0.1618, 0.1618, 0.1322, 0.0987, 0.0854, 0.0633, 0.0104, 0.0143]",0.16181044280529022,2024-09-15-16-06-51/SITE262_ORNT124_VIS6mi.png
9,9,"[0.0356, 0.0411, 0.0601, 0.0476, 0.0851, 0.0792, 0.1600, 0.1245, 0.0362, 0.3305]",0.33050718903541565,2025-02-15-15-20-00/SITE557_ORNT191_VIS10+mi.png
8,5,"[0.0003, 0.0040, 0.0121, 0.0114, 0.0341, 0.0642, 0.0493, 0.1418, 0.6666, 0.0162]",0.666606605052948,2024-06-07-11-09-12/SITE355_ORNT130_VIS6mi.png
6,7,"[0.0413, 0.0713, 0.1123, 0.1062, 0.1280, 0.1458, 0.1769, 0.1358, 0.0259, 0.0564]",0.17694872617721558,2025-02-05-13-59-56/SITE41_ORNT25_VIS8mi.png
0,3,"[0.1313, 0.1182, 0.1254, 0.1269, 0.1172, 0.0838, 0.0825, 0.1122, 0.0259, 0.0767]",0.1312582939863205,2025-02-15-16-53-20/SITE802_ORNT315_VIS4mi.png
6,9,"[0.0263, 0.0445, 0.0401, 0.0333, 0.0550, 0.0981, 0.4061, 0.0976, 0.0098, 0.1892]",0.40610063076019287,2025-02-10-14-47-56/SITE100_ORNT210_VIS10+mi.png
6,2,"[0.0247, 0.0695, 0.1392, 0.1202, 0.1697, 0.1142, 0.1955, 0.1228, 0.0284, 0.0158]",0.19545230269432068,2024-06-17-10-37-40/SITE447_ORNT295_VIS3mi.png
8,5,"[0.0030, 0.0029, 0.0220, 0.0042, 0.0073, 0.0592, 0.0184, 0.0445, 0.5059, 0.3326]",0.5058995485305786,2025-02-12-14-37-35/SITE397_ORNT270_VIS6mi.png
8,5,"[0.0008, 0.0031, 0.0059, 0.0049, 0.0306, 0.0388, 0.0524, 0.0329, 0.7885, 0.0421]",0.7885331511497498,2024-05-31-15-13-16/SITE343_ORNT360_VIS6mi.png
0,2,"[0.2587, 0.2228, 0.1342, 0.1354, 0.0919, 0.0518, 0.0288, 0.0634, 0.0041, 0.0088]",0.2587221562862396,2025-04-16-13-54-24/SITE411_ORNT220_VIS3mi.png
0,6,"[0.1760, 0.1351, 0.1283, 0.1216, 0.1221, 0.0792, 0.0856, 0.0775, 0.0145, 0.0601]",0.17598411440849304,2024-07-23-16-31-18/SITE578_ORNT295_VIS7mi.png
6,7,"[0.0504, 0.0755, 0.0890, 0.1371, 0.1182, 0.1188, 0.1432, 0.1313, 0.0236, 0.1129]",0.1432284563779831,2024-07-28-11-17-19/SITE692_ORNT60_VIS8mi.png
2,4,"[0.0984, 0.1716, 0.1791, 0.1626, 0.1235, 0.1005, 0.0900, 0.0539, 0.0106, 0.0099]",0.1791239231824875,2024-09-08-13-07-06/SITE178_ORNT110_VIS5mi.png
9,9,"[0.0145, 0.0202, 0.0458, 0.0508, 0.0529, 0.0749, 0.0880, 0.1939, 0.0558, 0.4031]",0.4031412899494171,2024-12-16-12-39-30/SITE639_ORNT10_VIS10+mi.png
3,0,"[0.1008, 0.1079, 0.1251, 0.1342, 0.1232, 0.1010, 0.1126, 0.0940, 0.0272, 0.0741]",0.13423368334770203,2024-12-10-14-08-09/SITE735_ORNT170_VIS1-5mi.png
0,6,"[0.2578, 0.1707, 0.1569, 0.0785, 0.0934, 0.0653, 0.0197, 0.0847, 0.0413, 0.0316]",0.2578084468841553,2025-02-15-16-53-20/SITE538_ORNT192_VIS7mi.png
3,1,"[0.0739, 0.1610, 0.1672, 0.1992, 0.1106, 0.1032, 0.1089, 0.0608, 0.0064, 0.0088]",0.19915413856506348,2024-07-14-16-38-50/SITE178_ORNT300_VIS2mi.png
0,0,"[0.2135, 0.1509, 0.1578, 0.0893, 0.1251, 0.0960, 0.0363, 0.0662, 0.0476, 0.0173]",0.2134726196527481,2024-04-25-17-48-06/SITE399_ORNT45_VIS1-25mi.png
0,1,"[0.2425, 0.1525, 0.1381, 0.1060, 0.1249, 0.0648, 0.0624, 0.0546, 0.0128, 0.0415]",0.24252308905124664,2025-02-04-15-47-48/SITE219_ORNT344_VIS2-5mi.png
0,5,"[0.1837, 0.1476, 0.1523, 0.1287, 0.1046, 0.0725, 0.0714, 0.0804, 0.0114, 0.0474]",0.18374381959438324,2025-01-28-16-10-28/SITE171_ORNT126_VIS6mi.png
6,4,"[0.0273, 0.0437, 0.0744, 0.0791, 0.1091, 0.1337, 0.1763, 0.1657, 0.0364, 0.1543]",0.17629502713680267,2025-04-22-15-39-35/SITE722_ORNT255_VIS5mi.png
0,4,"[0.2249, 0.1363, 0.1331, 0.1080, 0.0969, 0.0658, 0.1027, 0.0674, 0.0183, 0.0466]",0.22490976750850677,2024-05-23-15-19-49/SITE13_ORNT185_VIS5mi.png
0,3,"[0.1572, 0.1348, 0.1217, 0.1140, 0.1195, 0.0933, 0.0657, 0.0976, 0.0305, 0.0657]",0.15722116827964783,2025-03-29-15-28-57/SITE215_ORNT330_VIS4mi.png
9,4,"[0.0238, 0.0365, 0.0620, 0.0627, 0.0920, 0.1239, 0.1778, 0.1624, 0.0321, 0.2269]",0.22692976891994476,2024-06-06-10-38-22/SITE117_ORNT320_VIS5mi.png
6,6,"[0.0345, 0.0609, 0.1213, 0.0769, 0.1135, 0.1602, 0.2330, 0.1360, 0.0167, 0.0468]",0.23304340243339539,2024-07-02-16-22-41/SITE179_ORNT36_VIS7mi.png
0,5,"[0.4502, 0.1744, 0.1049, 0.0678, 0.0838, 0.0426, 0.0169, 0.0406, 0.0074, 0.0114]",0.45023274421691895,2025-03-31-15-41-11/SITE193_ORNT295_VIS6mi.png
0,0,"[0.1744, 0.1319, 0.1463, 0.1302, 0.1175, 0.0781, 0.0930, 0.0686, 0.0111, 0.0488]",0.17443062365055084,2025-01-31-13-49-43/SITE658_ORNT305_VIS1mi.png
3,7,"[0.0471, 0.1183, 0.1312, 0.1721, 0.1402, 0.1232, 0.1486, 0.0882, 0.0115, 0.0196]",0.17207512259483337,2024-08-26-16-02-03/SITE215_ORNT235_VIS8mi.png
6,3,"[0.0787, 0.1168, 0.1480, 0.1506, 0.1181, 0.1114, 0.1524, 0.0816, 0.0087, 0.0338]",0.1523846536874771,2024-10-18-12-30-03/SITE8_ORNT278_VIS4mi.png
4,2,"[0.0291, 0.0725, 0.1364, 0.1308, 0.1639, 0.1249, 0.1546, 0.1106, 0.0593, 0.0178]",0.16390350461006165,2024-08-15-16-44-48/SITE21_ORNT10_VIS3mi.png
0,1,"[0.1870, 0.1550, 0.1405, 0.1077, 0.1108, 0.0851, 0.0450, 0.0957, 0.0281, 0.0451]",0.18698766827583313,2025-02-15-16-53-20/SITE578_ORNT185_VIS2mi.png
9,0,"[0.0310, 0.0295, 0.0816, 0.0690, 0.0704, 0.0634, 0.0829, 0.1585, 0.0353, 0.3785]",0.37848639488220215,2025-03-15-15-41-34/SITE205_ORNT305_VIS1-75mi.png
2,0,"[0.1566, 0.1745, 0.1807, 0.1563, 0.1249, 0.0682, 0.0684, 0.0536, 0.0054, 0.0112]",0.18074002861976624,2024-07-14-16-38-50/SITE13_ORNT240_VIS1-5mi.png
0,6,"[0.2288, 0.1554, 0.1509, 0.1103, 0.1094, 0.0677, 0.0845, 0.0531, 0.0114, 0.0284]",0.22876781225204468,2024-05-09-16-15-37/SITE94_ORNT180_VIS7mi.png
6,5,"[0.0319, 0.0450, 0.0641, 0.0556, 0.0946, 0.1326, 0.2379, 0.1251, 0.0137, 0.1996]",0.23788347840309143,2024-08-16-20-03-50/SITE194_ORNT194_VIS6mi.png
6,6,"[0.0000, 0.0000, 0.0000, 0.0000, 0.0000, 0.0003, 0.9995, 0.0000, 0.0000, 0.0001]",0.9995419979095459,2024-07-18-14-04-18/SITE760_ORNT190_VIS7mi.png
5,4,"[0.0084, 0.0303, 0.0258, 0.0718, 0.1262, 0.3457, 0.3053, 0.0632, 0.0103, 0.0130]",0.3456989824771881,2024-06-17-10-37-40/SITE19_ORNT260_VIS5mi.png
2,1,"[0.1158, 0.1071, 0.2061, 0.0931, 0.1172, 0.0899, 0.1587, 0.0712, 0.0094, 0.0313]",0.20609472692012787,2024-07-02-10-19-43/SITE747_ORNT255_VIS2-5mi.png
9,1,"[0.0303, 0.0394, 0.0666, 0.0625, 0.0842, 0.0740, 0.1108, 0.1535, 0.0466, 0.3322]",0.33218279480934143,2025-02-05-13-59-56/SITE59_ORNT100_VIS2mi.png
0,2,"[0.2486, 0.1783, 0.1447, 0.0971, 0.1088, 0.0770, 0.0302, 0.0654, 0.0324, 0.0176]",0.24860836565494537,2025-02-17-14-46-26/SITE353_ORNT135_VIS3mi.png
2,1,"[0.1714, 0.1809, 0.1876, 0.1523, 0.1097, 0.0591, 0.0758, 0.0496, 0.0036, 0.0100]",0.18759852647781372,2024-08-31-14-30-34/SITE179_ORNT36_VIS2mi.png
9,8,"[0.0277, 0.0348, 0.0652, 0.0576, 0.0698, 0.0752, 0.0923, 0.1568, 0.0678, 0.3529]",0.3528869152069092,2024-12-10-14-08-09/SITE802_ORNT45_VIS9mi.png
9,3,"[0.0603, 0.0555, 0.1130, 0.0898, 0.0935, 0.1057, 0.1590, 0.1216, 0.0216, 0.1800]",0.17995037138462067,2025-03-18-13-52-55/SITE13_ORNT185_VIS4mi.png
6,6,"[0.0186, 0.0569, 0.1183, 0.1142, 0.1743, 0.1323, 0.1854, 0.1453, 0.0366, 0.0180]",0.18540319800376892,2024-08-19-19-34-52/SITE388_ORNT325_VIS7mi.png
2,1,"[0.1644, 0.1899, 0.2134, 0.1565, 0.1197, 0.0513, 0.0562, 0.0404, 0.0024, 0.0058]",0.21337948739528656,2024-07-05-10-36-13/SITE48_ORNT275_VIS2mi.png
0,0,"[0.2861, 0.1814, 0.1369, 0.1024, 0.1040, 0.0589, 0.0239, 0.0700, 0.0176, 0.0187]",0.28611645102500916,2025-02-01-12-44-07/SITE721_ORNT320_VIS1-25mi.png
3,2,"[0.1241, 0.1350, 0.1419, 0.1549, 0.1202, 0.0958, 0.0991, 0.0810, 0.0131, 0.0349]",0.15486663579940796,2025-03-31-13-29-12/SITE128_ORNT303_VIS3mi.png
6,6,"[0.0006, 0.0065, 0.0011, 0.0063, 0.0104, 0.1691, 0.6915, 0.0894, 0.0007, 0.0245]",0.6915057897567749,2024-05-30-17-47-26/SITE22_ORNT190_VIS7mi.png
8,8,"[0.0012, 0.0060, 0.0131, 0.0173, 0.0195, 0.0480, 0.0279, 0.1098, 0.5384, 0.2189]",0.5383697152137756,2024-08-10-09-44-28/SITE324_ORNT225_VIS9mi.png
0,1,"[0.1873, 0.1478, 0.1565, 0.1036, 0.1262, 0.0840, 0.0355, 0.0907, 0.0474, 0.0210]",0.18725723028182983,2025-02-14-15-24-27/SITE394_ORNT0_VIS2-25mi.png
9,9,"[0.0713, 0.0653, 0.0945, 0.1075, 0.0908, 0.1007, 0.1354, 0.1054, 0.0252, 0.2039]",0.20393899083137512,2025-02-12-14-37-35/SITE14_ORNT195_VIS10+mi.png
6,0,"[0.0289, 0.0557, 0.0802, 0.0970, 0.1297, 0.1482, 0.2047, 0.1670, 0.0320, 0.0565]",0.20473985373973846,2024-06-01-11-15-19/SITE205_ORNT230_VIS1-75mi.png
5,3,"[0.0645, 0.0852, 0.1322, 0.0936, 0.1186, 0.1462, 0.1452, 0.1166, 0.0374, 0.0604]",0.1461765319108963,2024-05-11-17-39-19/SITE330_ORNT20_VIS4mi.png
0,0,"[0.3009, 0.1792, 0.1491, 0.0809, 0.0901, 0.0696, 0.0270, 0.0619, 0.0266, 0.0146]",0.30094781517982483,2025-02-17-14-46-26/SITE521_ORNT150_VIS1-5mi.png
6,2,"[0.0554, 0.0861, 0.1200, 0.1329, 0.1078, 0.1115, 0.1731, 0.1155, 0.0138, 0.0840]",0.1730845868587494,2024-09-07-13-37-18/SITE167_ORNT60_VIS3mi.png
9,6,"[0.0138, 0.0309, 0.0529, 0.0622, 0.0949, 0.1017, 0.1454, 0.1925, 0.0644, 0.2413]",0.24131223559379578,2024-09-08-16-00-24/SITE96_ORNT135_VIS7mi.png
2,0,"[0.1171, 0.1312, 0.1687, 0.0972, 0.1063, 0.1203, 0.0780, 0.0889, 0.0598, 0.0324]",0.16868165135383606,2025-04-02-15-05-32/SITE262_ORNT290_VIS1-5mi.png
6,3,"[0.0236, 0.0620, 0.1069, 0.1018, 0.1431, 0.1389, 0.1774, 0.1704, 0.0501, 0.0259]",0.17743197083473206,2025-02-14-15-24-27/SITE844_ORNT200_VIS4mi.png
2,2,"[0.1338, 0.1985, 0.2075, 0.1616, 0.1292, 0.0583, 0.0611, 0.0416, 0.0031, 0.0052]",0.20748691260814667,2024-09-07-13-37-18/SITE262_ORNT290_VIS3mi.png
2,3,"[0.1171, 0.1280, 0.1429, 0.1403, 0.1168, 0.1003, 0.1132, 0.0870, 0.0160, 0.0384]",0.1428748071193695,2024-09-18-18-13-42/SITE20_ORNT226_VIS4mi.png
2,5,"[0.1344, 0.1624, 0.2403, 0.1372, 0.1201, 0.0604, 0.0829, 0.0481, 0.0040, 0.0104]",0.24032878875732422,2024-10-10-15-17-15/SITE128_ORNT135_VIS6mi.png
6,6,"[0.0286, 0.0479, 0.0887, 0.0934, 0.0970, 0.1132, 0.2596, 0.1363, 0.0190, 0.1163]",0.259574830532074,2024-06-06-10-38-22/SITE156_ORNT294_VIS7mi.png
9,7,"[0.0393, 0.0534, 0.0795, 0.1170, 0.0888, 0.0852, 0.1243, 0.1474, 0.0379, 0.2271]",0.22712373733520508,2025-03-05-12-08-53/SITE808_ORNT235_VIS8mi.png
9,3,"[0.0737, 0.0634, 0.0799, 0.0764, 0.0983, 0.0952, 0.0719, 0.1241, 0.0974, 0.2196]",0.21959178149700165,2025-03-29-15-28-57/SITE240_ORNT227_VIS4mi.png
6,8,"[0.0023, 0.0066, 0.0125, 0.0053, 0.0078, 0.0293, 0.8848, 0.0179, 0.0031, 0.0303]",0.8848174214363098,2024-07-22-11-13-59/SITE385_ORNT300_VIS9mi.png
9,7,"[0.0101, 0.0142, 0.0315, 0.0409, 0.0516, 0.0933, 0.0785, 0.1853, 0.0759, 0.4188]",0.41877856850624084,2025-04-13-19-09-12/SITE203_ORNT155_VIS8mi.png
3,3,"[0.0452, 0.1426, 0.1688, 0.1769, 0.1575, 0.1206, 0.1177, 0.0560, 0.0072, 0.0074]",0.1769486665725708,2024-12-10-14-08-09/SITE117_ORNT165_VIS4mi.png
8,8,"[0.0009, 0.0022, 0.0079, 0.0075, 0.0061, 0.0215, 0.0113, 0.0539, 0.6086, 0.2800]",0.6086308360099792,2024-08-30-10-00-55/SITE336_ORNT180_VIS9mi.png
0,2,"[0.1877, 0.1447, 0.1261, 0.1097, 0.1118, 0.0856, 0.0731, 0.0775, 0.0284, 0.0555]",0.1876908838748932,2025-01-28-16-10-28/SITE98_ORNT245_VIS3mi.png
1,3,"[0.1223, 0.1705, 0.1680, 0.1683, 0.1323, 0.0816, 0.0790, 0.0589, 0.0082, 0.0110]",0.1704905480146408,2024-05-31-11-53-14/SITE84_ORNT147_VIS4mi.png
3,0,"[0.1210, 0.1395, 0.1439, 0.1714, 0.1196, 0.0958, 0.0886, 0.0789, 0.0141, 0.0272]",0.1713656783103943,2024-05-08-14-34-39/SITE7_ORNT312_VIS1-75mi.png
9,4,"[0.0092, 0.0265, 0.0307, 0.0410, 0.0522, 0.0761, 0.1713, 0.2446, 0.0369, 0.3116]",0.3115892708301544,2024-09-08-16-00-24/SITE545_ORNT320_VIS5mi.png
6,3,"[0.0349, 0.0851, 0.1607, 0.1151, 0.1270, 0.1284, 0.2319, 0.0881, 0.0063, 0.0223]",0.231930211186409,2024-07-14-13-28-24/SITE58_ORNT90_VIS4mi.png
6,6,"[0.0001, 0.0002, 0.0005, 0.0000, 0.0000, 0.0005, 0.9964, 0.0001, 0.0000, 0.0022]",0.9963745474815369,2024-06-13-13-46-47/SITE760_ORNT140_VIS7mi.png
2,0,"[0.1039, 0.1663, 0.1839, 0.1683, 0.1488, 0.0780, 0.0794, 0.0559, 0.0068, 0.0088]",0.18387344479560852,2024-06-20-11-19-17/SITE58_ORNT245_VIS1-25mi.png
0,1,"[0.2058, 0.1570, 0.1672, 0.1619, 0.0984, 0.0503, 0.0895, 0.0548, 0.0040, 0.0110]",0.20579572021961212,2024-06-17-10-37-40/SITE564_ORNT18_VIS2-5mi.png
9,9,"[0.0161, 0.0349, 0.0391, 0.0394, 0.0656, 0.0642, 0.1164, 0.2204, 0.0491, 0.3546]",0.35460418462753296,2025-01-15-15-33-17/SITE10_ORNT255_VIS10+mi.png
8,8,"[0.0005, 0.0058, 0.0136, 0.0229, 0.0415, 0.0610, 0.0607, 0.1651, 0.5801, 0.0488]",0.5800649523735046,2025-04-16-13-54-24/SITE358_ORNT120_VIS9mi.png
2,6,"[0.0911, 0.1336, 0.1672, 0.1365, 0.1296, 0.1235, 0.0995, 0.0757, 0.0264, 0.0168]",0.16720637679100037,2024-06-09-10-51-06/SITE253_ORNT65_VIS7mi.png
3,4,"[0.0842, 0.1555, 0.1671, 0.1687, 0.1455, 0.0945, 0.1023, 0.0599, 0.0119, 0.0104]",0.1686757504940033,2024-05-21-12-02-34/SITE219_ORNT160_VIS5mi.png
3,3,"[0.1028, 0.1018, 0.1226, 0.1318, 0.1142, 0.1014, 0.1136, 0.0910, 0.0255, 0.0954]",0.13176566362380981,2024-12-17-16-15-56/SITE692_ORNT60_VIS4mi.png
8,8,"[0.0000, 0.0001, 0.0004, 0.0007, 0.0040, 0.0008, 0.0017, 0.0008, 0.9894, 0.0020]",0.9894142150878906,2024-08-30-17-21-54/SITE522_ORNT270_VIS9mi.png
9,9,"[0.0036, 0.0053, 0.0137, 0.0184, 0.0143, 0.0321, 0.0196, 0.0674, 0.4032, 0.4223]",0.4222959280014038,2025-02-16-12-49-10/SITE897_ORNT300_VIS10+mi.png
0,0,"[0.3441, 0.1863, 0.1226, 0.0827, 0.0999, 0.0465, 0.0148, 0.0708, 0.0162, 0.0160]",0.34414345026016235,2025-02-17-14-46-26/SITE241_ORNT214_VIS1-5mi.png
9,8,"[0.0012, 0.0059, 0.0069, 0.0175, 0.0097, 0.0210, 0.0189, 0.0957, 0.3678, 0.4555]",0.45548123121261597,2024-06-28-13-30-05/SITE486_ORNT220_VIS9mi.png
9,8,"[0.0089, 0.0219, 0.0390, 0.0762, 0.0529, 0.0622, 0.0572, 0.1680, 0.2438, 0.2699]",0.26993489265441895,2025-02-10-14-47-56/SITE454_ORNT90_VIS9mi.png
6,6,"[0.0089, 0.0537, 0.0566, 0.0588, 0.0804, 0.1060, 0.2936, 0.1746, 0.0053, 0.1621]",0.2935672104358673,2024-08-02-10-36-13/SITE241_ORNT34_VIS7mi.png
6,3,"[0.0084, 0.0082, 0.0502, 0.0112, 0.0349, 0.0346, 0.4210, 0.0346, 0.0118, 0.3850]",0.4209747910499573,2024-08-19-19-34-52/SITE577_ORNT210_VIS4mi.png
9,2,"[0.0173, 0.0221, 0.0505, 0.0529, 0.0628, 0.0720, 0.1132, 0.1674, 0.0500, 0.3918]",0.3917503356933594,2025-02-12-14-37-35/SITE97_ORNT247_VIS3mi.png
0,1,"[0.3526, 0.1516, 0.1312, 0.0995, 0.0728, 0.0424, 0.0674, 0.0546, 0.0128, 0.0153]",0.3525838553905487,2025-04-22-15-39-35/SITE36_ORNT165_VIS2-5mi.png
9,9,"[0.0003, 0.0007, 0.0011, 0.0013, 0.0027, 0.0052, 0.0049, 0.1074, 0.0183, 0.8580]",0.8580383062362671,2025-03-03-11-33-30/SITE616_ORNT0_VIS10+mi.png
3,6,"[0.0671, 0.1169, 0.1557, 0.1597, 0.1328, 0.1078, 0.1350, 0.0890, 0.0098, 0.0261]",0.15966737270355225,2024-09-08-13-07-06/SITE241_ORNT120_VIS7mi.png
7,5,"[0.0030, 0.0151, 0.0306, 0.0656, 0.0783, 0.0971, 0.1542, 0.3639, 0.0824, 0.1098]",0.3639340400695801,2024-08-18-13-20-24/SITE203_ORNT220_VIS6mi.png
9,9,"[0.0040, 0.0072, 0.0300, 0.0359, 0.0270, 0.0345, 0.0438, 0.1908, 0.2862, 0.3406]",0.34059998393058777,2025-04-10-17-56-44/SITE852_ORNT315_VIS10+mi.png
0,0,"[0.3785, 0.1547, 0.1304, 0.0781, 0.0838, 0.0434, 0.0501, 0.0464, 0.0106, 0.0241]",0.37850815057754517,2024-05-03-12-14-06/SITE41_ORNT25_VIS1-25mi.png
6,6,"[0.0109, 0.0190, 0.0164, 0.0073, 0.0217, 0.1525, 0.7290, 0.0207, 0.0020, 0.0205]",0.7289925813674927,2024-06-21-15-35-27/SITE760_ORNT190_VIS7mi.png
8,5,"[0.0011, 0.0080, 0.0176, 0.0256, 0.0457, 0.0660, 0.0638, 0.1741, 0.5326, 0.0655]",0.5325742959976196,2024-06-17-10-37-40/SITE377_ORNT0_VIS6mi.png
6,6,"[0.0011, 0.0049, 0.0021, 0.0011, 0.0011, 0.0064, 0.9678, 0.0041, 0.0001, 0.0112]",0.9678339958190918,2025-02-04-15-47-48/SITE760_ORNT140_VIS7mi.png
1,7,"[0.1360, 0.2063, 0.1475, 0.1957, 0.0960, 0.0877, 0.0725, 0.0471, 0.0032, 0.0079]",0.20633912086486816,2025-03-20-11-55-50/SITE8_ORNT123_VIS8mi.png
9,7,"[0.0332, 0.0274, 0.0588, 0.0746, 0.0736, 0.0761, 0.1008, 0.1648, 0.0354, 0.3552]",0.35521000623703003,2025-02-10-14-47-56/SITE268_ORNT355_VIS8mi.png
8,4,"[0.0031, 0.0078, 0.0771, 0.0045, 0.0286, 0.1356, 0.0916, 0.0399, 0.6006, 0.0112]",0.60062575340271,2025-02-16-12-49-10/SITE338_ORNT200_VIS5mi.png
2,1,"[0.1149, 0.1805, 0.1993, 0.1558, 0.1471, 0.0675, 0.0751, 0.0471, 0.0053, 0.0075]",0.1992894560098648,2025-02-16-12-49-10/SITE442_ORNT210_VIS2-5mi.png
6,5,"[0.0351, 0.0681, 0.0836, 0.0504, 0.0828, 0.1558, 0.3428, 0.1155, 0.0138, 0.0522]",0.34275898337364197,2024-06-28-13-30-05/SITE312_ORNT240_VIS6mi.png
6,7,"[0.0315, 0.0662, 0.0974, 0.0864, 0.1333, 0.1633, 0.1966, 0.1599, 0.0264, 0.0390]",0.196634441614151,2024-08-15-16-44-48/SITE40_ORNT180_VIS8mi.png
2,0,"[0.1834, 0.1900, 0.2322, 0.1440, 0.1122, 0.0439, 0.0506, 0.0366, 0.0022, 0.0050]",0.23222559690475464,2024-06-30-10-21-08/SITE7_ORNT55_VIS1-25mi.png
0,2,"[0.1897, 0.1534, 0.1418, 0.1376, 0.1183, 0.0823, 0.0700, 0.0672, 0.0149, 0.0248]",0.1897415965795517,2024-07-28-11-17-19/SITE119_ORNT275_VIS3mi.png
9,9,"[0.0459, 0.0483, 0.0836, 0.0719, 0.0858, 0.0856, 0.1262, 0.1329, 0.0367, 0.2830]",0.2829910218715668,2025-01-17-15-10-02/SITE786_ORNT315_VIS10+mi.png
6,4,"[0.0296, 0.0722, 0.2293, 0.0657, 0.1356, 0.1398, 0.2405, 0.0639, 0.0046, 0.0189]",0.24049146473407745,2024-08-01-10-54-34/SITE5_ORNT50_VIS5mi.png
9,7,"[0.0448, 0.0432, 0.0857, 0.0779, 0.0652, 0.0791, 0.0984, 0.1299, 0.0397, 0.3360]",0.3360401391983032,2025-03-26-14-35-40/SITE207_ORNT235_VIS8mi.png
5,2,"[0.0499, 0.0688, 0.1171, 0.0846, 0.1299, 0.1517, 0.1336, 0.1264, 0.0374, 0.1004]",0.15171609818935394,2025-02-05-13-59-56/SITE18_ORNT135_VIS3mi.png
6,7,"[0.0191, 0.0457, 0.0866, 0.1084, 0.1408, 0.1389, 0.2011, 0.1621, 0.0309, 0.0663]",0.20114359259605408,2025-03-31-13-29-12/SITE18_ORNT135_VIS8mi.png
3,7,"[0.1327, 0.1483, 0.1500, 0.1667, 0.1104, 0.0785, 0.1071, 0.0700, 0.0074, 0.0289]",0.16670538485050201,2025-04-01-16-59-16/SITE719_ORNT300_VIS8mi.png
6,5,"[0.0467, 0.0757, 0.1059, 0.0986, 0.1183, 0.1515, 0.1677, 0.1394, 0.0275, 0.0688]",0.16765473783016205,2024-07-14-16-38-50/SITE597_ORNT115_VIS6mi.png
3,2,"[0.0813, 0.1126, 0.1396, 0.1594, 0.1258, 0.1004, 0.1289, 0.0929, 0.0126, 0.0465]",0.15936140716075897,2024-07-05-10-36-13/SITE193_ORNT80_VIS3mi.png
7,5,"[0.0167, 0.0398, 0.0659, 0.1015, 0.0998, 0.1324, 0.1761, 0.2187, 0.0332, 0.1158]",0.21871019899845123,2025-04-01-16-59-16/SITE597_ORNT350_VIS6mi.png
2,3,"[0.1265, 0.1544, 0.1590, 0.1147, 0.0967, 0.1134, 0.0510, 0.0995, 0.0516, 0.0333]",0.15899719297885895,2025-02-01-12-44-07/SITE331_ORNT315_VIS4mi.png
3,3,"[0.1288, 0.1649, 0.1546, 0.1740, 0.1281, 0.0843, 0.0852, 0.0616, 0.0059, 0.0127]",0.1739591807126999,2024-07-14-16-38-50/SITE194_ORNT145_VIS4mi.png
8,8,"[0.0496, 0.0826, 0.1625, 0.0664, 0.1084, 0.1602, 0.0733, 0.0785, 0.1958, 0.0227]",0.19580255448818207,2025-02-16-12-49-10/SITE401_ORNT350_VIS9mi.png
6,5,"[0.0226, 0.0552, 0.0772, 0.0794, 0.1186, 0.2180, 0.3040, 0.0909, 0.0069, 0.0272]",0.30395931005477905,2024-06-29-15-18-41/SITE19_ORNT325_VIS6mi.png
8,4,"[0.0302, 0.0957, 0.1231, 0.0306, 0.0679, 0.1020, 0.0453, 0.0882, 0.3952, 0.0218]",0.3952469825744629,2025-01-23-15-05-27/SITE508_ORNT135_VIS5mi.png
6,4,"[0.0352, 0.0706, 0.1103, 0.1555, 0.0999, 0.0997, 0.1595, 0.1466, 0.0217, 0.1010]",0.15954749286174774,2025-04-02-15-05-32/SITE178_ORNT40_VIS5mi.png
9,9,"[0.0394, 0.0447, 0.0853, 0.0733, 0.0771, 0.0861, 0.1417, 0.1235, 0.0359, 0.2929]",0.2928767204284668,2025-01-31-13-49-43/SITE259_ORNT314_VIS10+mi.png
0,4,"[0.3854, 0.1501, 0.1423, 0.0792, 0.1056, 0.0467, 0.0299, 0.0386, 0.0089, 0.0134]",0.38536033034324646,2025-02-17-14-46-26/SITE119_ORNT275_VIS5mi.png
2,6,"[0.0848, 0.1323, 0.1664, 0.1610, 0.1459, 0.1013, 0.1013, 0.0737, 0.0146, 0.0186]",0.16637958586215973,2025-04-13-19-09-12/SITE117_ORNT43_VIS7mi.png
9,7,"[0.0187, 0.0236, 0.0462, 0.0503, 0.0705, 0.0840, 0.1441, 0.1912, 0.0406, 0.3308]",0.3307509124279022,2025-01-26-15-53-06/SITE18_ORNT5_VIS8mi.png
2,0,"[0.1491, 0.1424, 0.1589, 0.1366, 0.1258, 0.0889, 0.0900, 0.0673, 0.0126, 0.0284]",0.15892131626605988,2024-07-14-13-28-24/SITE156_ORNT294_VIS1-75mi.png
0,0,"[0.3853, 0.1706, 0.1283, 0.0842, 0.0737, 0.0411, 0.0552, 0.0411, 0.0097, 0.0108]",0.38532108068466187,2025-03-31-15-41-11/SITE606_ORNT180_VIS1-75mi.png
2,0,"[0.0715, 0.1290, 0.1554, 0.1551, 0.1330, 0.1213, 0.1381, 0.0712, 0.0083, 0.0171]",0.15536125004291534,2024-10-05-11-04-16/SITE161_ORNT141_VIS1-5mi.png
2,2,"[0.0917, 0.1326, 0.1743, 0.1490, 0.1487, 0.0931, 0.1017, 0.0752, 0.0150, 0.0186]",0.17432759702205658,2024-08-01-10-54-34/SITE58_ORNT245_VIS3mi.png
8,9,"[0.0164, 0.0559, 0.0620, 0.0785, 0.0956, 0.1397, 0.0891, 0.1128, 0.2924, 0.0576]",0.29237857460975647,2024-08-10-09-44-28/SITE483_ORNT185_VIS20mi.png
2,2,"[0.1081, 0.1051, 0.1370, 0.1299, 0.1114, 0.0911, 0.1043, 0.1051, 0.0142, 0.0938]",0.1369655579328537,2025-03-02-13-12-40/SITE48_ORNT20_VIS3mi.png
9,1,"[0.0352, 0.0381, 0.0509, 0.0473, 0.0870, 0.0814, 0.1655, 0.1247, 0.0173, 0.3527]",0.35268130898475647,2024-05-08-14-34-39/SITE629_ORNT60_VIS2-5mi.png
9,7,"[0.0118, 0.0339, 0.0304, 0.0322, 0.0540, 0.0678, 0.1496, 0.2056, 0.0342, 0.3805]",0.3804582357406616,2025-03-15-15-41-34/SITE540_ORNT178_VIS8mi.png
2,0,"[0.1454, 0.1266, 0.1507, 0.0899, 0.1433, 0.1004, 0.0426, 0.0773, 0.0985, 0.0251]",0.15068824589252472,2025-03-04-14-20-15/SITE165_ORNT100_VIS1-25mi.png
2,0,"[0.0709, 0.1246, 0.1749, 0.1452, 0.1429, 0.1068, 0.1393, 0.0691, 0.0080, 0.0183]",0.1748737394809723,2024-08-30-17-21-54/SITE98_ORNT135_VIS1mi.png
6,5,"[0.0276, 0.0704, 0.1380, 0.0964, 0.1273, 0.1341, 0.2327, 0.1422, 0.0152, 0.0162]",0.23268912732601166,2024-07-24-16-43-44/SITE111_ORNT246_VIS6mi.png
4,5,"[0.0671, 0.0822, 0.1202, 0.0987, 0.1431, 0.1356, 0.0829, 0.1067, 0.1115, 0.0519]",0.1431250274181366,2025-03-31-13-29-12/SITE506_ORNT0_VIS6mi.png
0,0,"[0.1760, 0.1752, 0.1539, 0.1723, 0.1140, 0.0733, 0.0606, 0.0568, 0.0067, 0.0110]",0.17600230872631073,2024-07-27-10-27-08/SITE215_ORNT235_VIS1mi.png
0,2,"[0.2625, 0.1399, 0.1649, 0.1222, 0.0953, 0.0587, 0.0515, 0.0733, 0.0106, 0.0212]",0.26251497864723206,2025-03-02-13-12-40/SITE217_ORNT25_VIS3mi.png
9,4,"[0.0830, 0.0814, 0.1309, 0.1188, 0.0929, 0.0794, 0.0593, 0.1521, 0.0360, 0.1662]",0.16615813970565796,2025-01-23-15-05-27/SITE14_ORNT35_VIS5mi.png
3,1,"[0.0925, 0.1225, 0.1322, 0.1542, 0.1188, 0.1095, 0.1160, 0.0987, 0.0174, 0.0381]",0.15422138571739197,2025-01-31-13-49-43/SITE19_ORNT325_VIS2-5mi.png
6,6,"[0.0370, 0.0607, 0.0716, 0.0678, 0.1070, 0.1278, 0.1856, 0.1490, 0.0334, 0.1601]",0.18557699024677277,2024-04-25-17-48-06/SITE676_ORNT70_VIS7mi.png
0,0,"[0.3609, 0.1701, 0.1327, 0.0907, 0.0852, 0.0421, 0.0566, 0.0398, 0.0078, 0.0142]",0.36091333627700806,2025-02-04-15-47-48/SITE801_ORNT255_VIS1mi.png
9,9,"[0.0229, 0.0396, 0.0556, 0.0542, 0.0969, 0.0892, 0.0556, 0.1772, 0.1140, 0.2948]",0.29477882385253906,2025-04-01-16-59-16/SITE747_ORNT60_VIS10+mi.png
7,2,"[0.0111, 0.0400, 0.0587, 0.0865, 0.1538, 0.1408, 0.1583, 0.2430, 0.0808, 0.0271]",0.2429896742105484,2024-08-19-10-27-18/SITE334_ORNT95_VIS3mi.png
2,0,"[0.0808, 0.1351, 0.1890, 0.1431, 0.1593, 0.0878, 0.1088, 0.0725, 0.0108, 0.0127]",0.18901541829109192,2024-08-11-13-07-09/SITE447_ORNT295_VIS1mi.png
3,2,"[0.1037, 0.1484, 0.1479, 0.1722, 0.1290, 0.1006, 0.0990, 0.0712, 0.0118, 0.0162]",0.1721729040145874,2025-01-31-13-49-43/SITE106_ORNT12_VIS3mi.png
2,1,"[0.0661, 0.0856, 0.1662, 0.0793, 0.0725, 0.1326, 0.0557, 0.1193, 0.1466, 0.0759]",0.16624434292316437,2025-01-29-12-01-12/SITE607_ORNT90_VIS2mi.png
2,6,"[0.1358, 0.1338, 0.1585, 0.1292, 0.1319, 0.0987, 0.0836, 0.0793, 0.0209, 0.0284]",0.15853697061538696,2025-03-02-13-12-40/SITE528_ORNT35_VIS7mi.png
3,2,"[0.0923, 0.1123, 0.1423, 0.1739, 0.0923, 0.0820, 0.1027, 0.0985, 0.0205, 0.0832]",0.1738821119070053,2024-10-10-15-17-15/SITE193_ORNT240_VIS3mi.png
2,8,"[0.0593, 0.0880, 0.1511, 0.0905, 0.1124, 0.1389, 0.0797, 0.0996, 0.1352, 0.0453]",0.15105128288269043,2024-07-05-14-33-31/SITE324_ORNT115_VIS9mi.png
6,7,"[0.0217, 0.0591, 0.1115, 0.1305, 0.1306, 0.1360, 0.1882, 0.1575, 0.0216, 0.0433]",0.18822081387043,2024-06-01-16-58-02/SITE442_ORNT40_VIS8mi.png
7,4,"[0.0235, 0.0588, 0.1003, 0.1154, 0.1398, 0.1388, 0.1699, 0.1733, 0.0298, 0.0503]",0.17334356904029846,2024-06-03-13-44-33/SITE25_ORNT30_VIS5mi.png
3,3,"[0.1110, 0.1647, 0.1648, 0.1681, 0.1403, 0.0844, 0.0849, 0.0608, 0.0074, 0.0134]",0.1680784523487091,2024-06-06-10-38-22/SITE84_ORNT147_VIS4mi.png
9,7,"[0.0109, 0.0234, 0.0439, 0.0496, 0.0722, 0.0810, 0.1282, 0.2201, 0.0808, 0.2899]",0.28993913531303406,2025-02-11-14-30-47/SITE683_ORNT240_VIS8mi.png
9,9,"[0.0238, 0.0189, 0.0766, 0.0503, 0.0611, 0.0679, 0.1768, 0.0988, 0.0198, 0.4059]",0.4058782756328583,2025-02-19-12-18-05/SITE871_ORNT90_VIS10+mi.png
8,5,"[0.0001, 0.0018, 0.0049, 0.0152, 0.0110, 0.0323, 0.0226, 0.1413, 0.7051, 0.0656]",0.7051125168800354,2024-06-23-11-02-14/SITE345_ORNT225_VIS6mi.png
8,8,"[0.0069, 0.0286, 0.0597, 0.0668, 0.1408, 0.1604, 0.0796, 0.1475, 0.2981, 0.0117]",0.2981148064136505,2024-06-28-13-30-05/SITE336_ORNT180_VIS9mi.png
2,3,"[0.1645, 0.1929, 0.2278, 0.1534, 0.1142, 0.0473, 0.0557, 0.0371, 0.0021, 0.0050]",0.22781424224376678,2024-07-14-10-21-23/SITE134_ORNT294_VIS4mi.png
0,2,"[0.2614, 0.1544, 0.1528, 0.1052, 0.1075, 0.0601, 0.0754, 0.0466, 0.0075, 0.0292]",0.26139846444129944,2025-02-11-14-30-47/SITE59_ORNT10_VIS3mi.png
2,9,"[0.1257, 0.1030, 0.1350, 0.0973, 0.1182, 0.1115, 0.0923, 0.0914, 0.0470, 0.0785]",0.1350453794002533,2025-02-14-15-24-27/SITE327_ORNT45_VIS10+mi.png
9,5,"[0.0110, 0.0241, 0.0389, 0.0536, 0.0632, 0.1705, 0.2111, 0.1808, 0.0268, 0.2200]",0.2200167179107666,2024-07-25-10-00-39/SITE747_ORNT315_VIS6mi.png
2,3,"[0.1437, 0.1955, 0.2198, 0.1479, 0.1278, 0.0524, 0.0617, 0.0419, 0.0028, 0.0066]",0.21978875994682312,2024-08-18-13-20-24/SITE438_ORNT208_VIS4mi.png
6,1,"[0.0352, 0.0638, 0.1046, 0.1230, 0.1218, 0.1397, 0.1726, 0.1337, 0.0320, 0.0736]",0.1725659966468811,2024-05-30-17-47-26/SITE25_ORNT320_VIS2mi.png
2,0,"[0.0884, 0.1078, 0.1533, 0.1333, 0.1202, 0.1051, 0.1382, 0.0860, 0.0135, 0.0543]",0.1533268839120865,2025-03-31-13-29-12/SITE626_ORNT290_VIS1mi.png
6,6,"[0.0125, 0.0297, 0.0480, 0.0746, 0.0969, 0.1978, 0.2318, 0.1773, 0.0277, 0.1036]",0.2318452000617981,2024-06-15-10-59-58/SITE45_ORNT5_VIS7mi.png
0,1,"[0.2868, 0.1667, 0.1434, 0.1002, 0.0987, 0.0547, 0.0632, 0.0503, 0.0088, 0.0273]",0.2868064045906067,2025-04-01-16-59-16/SITE6_ORNT355_VIS2mi.png
2,2,"[0.1288, 0.1584, 0.1917, 0.1409, 0.1270, 0.0894, 0.0771, 0.0630, 0.0131, 0.0107]",0.19166861474514008,2024-08-31-14-30-34/SITE253_ORNT65_VIS3mi.png
9,7,"[0.0164, 0.0201, 0.0576, 0.0601, 0.0516, 0.0411, 0.1030, 0.1783, 0.0286, 0.4431]",0.4431319832801819,2024-05-27-19-19-47/SITE168_ORNT285_VIS8mi.png
3,7,"[0.0926, 0.1280, 0.1416, 0.1604, 0.1337, 0.1105, 0.1006, 0.0827, 0.0218, 0.0281]",0.16038204729557037,2025-02-17-14-46-26/SITE53_ORNT223_VIS8mi.png
7,5,"[0.0331, 0.0702, 0.0985, 0.1312, 0.1142, 0.1286, 0.1539, 0.1664, 0.0361, 0.0678]",0.1664462685585022,2025-04-13-19-09-12/SITE156_ORNT247_VIS6mi.png
7,4,"[0.0167, 0.0336, 0.0476, 0.0864, 0.1076, 0.1467, 0.1650, 0.2058, 0.0578, 0.1327]",0.20583948493003845,2024-06-10-10-43-57/SITE84_ORNT43_VIS5mi.png
8,8,"[0.0047, 0.0135, 0.0239, 0.0369, 0.0443, 0.0668, 0.0530, 0.1642, 0.4271, 0.1655]",0.42714422941207886,2024-09-18-18-13-42/SITE462_ORNT80_VIS9mi.png
3,1,"[0.0357, 0.0920, 0.1527, 0.1836, 0.1062, 0.1094, 0.1556, 0.1092, 0.0093, 0.0462]",0.18364126980304718,2024-07-02-10-19-43/SITE747_ORNT315_VIS2-5mi.png
3,3,"[0.0767, 0.1079, 0.1293, 0.1675, 0.1211, 0.1002, 0.1221, 0.1051, 0.0175, 0.0526]",0.1675320714712143,2025-01-26-15-53-06/SITE7_ORNT312_VIS4mi.png
9,9,"[0.0112, 0.0200, 0.0258, 0.0281, 0.0599, 0.0512, 0.0501, 0.1252, 0.1803, 0.4482]",0.4481934905052185,2024-05-31-15-13-16/SITE327_ORNT45_VIS15mi.png
8,8,"[0.0028, 0.0106, 0.0211, 0.0234, 0.0580, 0.0760, 0.0532, 0.1539, 0.4624, 0.1386]",0.46244317293167114,2024-06-07-11-09-12/SITE353_ORNT135_VIS9mi.png
8,6,"[0.0049, 0.0196, 0.0494, 0.0529, 0.0914, 0.1205, 0.0757, 0.1534, 0.3838, 0.0484]",0.3838225305080414,2024-05-13-18-48-49/SITE327_ORNT330_VIS7mi.png
2,0,"[0.1220, 0.1531, 0.1805, 0.1532, 0.1374, 0.0811, 0.0877, 0.0624, 0.0080, 0.0147]",0.1804894357919693,2024-07-04-13-27-11/SITE43_ORNT190_VIS1-25mi.png
0,5,"[0.2042, 0.1360, 0.1383, 0.0953, 0.1102, 0.0837, 0.0544, 0.0842, 0.0345, 0.0590]",0.20424948632717133,2024-05-22-13-05-54/SITE13_ORNT240_VIS6mi.png
8,4,"[0.0027, 0.0139, 0.0345, 0.0366, 0.0801, 0.1059, 0.0670, 0.1453, 0.4693, 0.0446]",0.4692803621292114,2025-02-10-14-47-56/SITE388_ORNT325_VIS5mi.png
8,8,"[0.0023, 0.0067, 0.0345, 0.0126, 0.0260, 0.0650, 0.0323, 0.0504, 0.7415, 0.0286]",0.7415125370025635,2025-04-02-15-05-32/SITE401_ORNT350_VIS9mi.png
8,8,"[0.0056, 0.0250, 0.1007, 0.0157, 0.0420, 0.1533, 0.0645, 0.0481, 0.5379, 0.0072]",0.5379486083984375,2024-07-07-11-04-33/SITE299_ORNT260_VIS9mi.png
3,2,"[0.1066, 0.1567, 0.1488, 0.1687, 0.1066, 0.1012, 0.1199, 0.0641, 0.0073, 0.0203]",0.1686767190694809,2024-05-27-19-19-47/SITE617_ORNT215_VIS3mi.png
6,7,"[0.0100, 0.0426, 0.0697, 0.0939, 0.1321, 0.1577, 0.2274, 0.2263, 0.0213, 0.0191]",0.22737736999988556,2024-10-06-17-04-59/SITE442_ORNT120_VIS8mi.png
9,9,"[0.0275, 0.0344, 0.0769, 0.0567, 0.0615, 0.0792, 0.1042, 0.1260, 0.0464, 0.3872]",0.3871594965457916,2024-10-13-12-27-42/SITE543_ORNT81_VIS10+mi.png
2,1,"[0.1314, 0.1262, 0.1370, 0.1107, 0.1320, 0.1049, 0.0645, 0.0865, 0.0652, 0.0415]",0.1370299905538559,2025-02-10-14-47-56/SITE471_ORNT90_VIS2-25mi.png
7,1,"[0.0767, 0.0790, 0.1309, 0.1141, 0.1003, 0.0888, 0.0455, 0.1810, 0.0572, 0.1267]",0.1809600442647934,2025-01-31-13-49-43/SITE18_ORNT290_VIS2-5mi.png
8,8,"[0.0000, 0.0004, 0.0013, 0.0013, 0.0067, 0.0194, 0.0328, 0.0215, 0.9051, 0.0114]",0.9051244258880615,2024-06-20-11-19-17/SITE377_ORNT110_VIS9mi.png
9,7,"[0.0105, 0.0152, 0.0290, 0.0365, 0.0409, 0.0517, 0.0516, 0.1464, 0.1825, 0.4356]",0.4355992376804352,2024-09-20-16-20-08/SITE203_ORNT335_VIS8mi.png
3,0,"[0.1461, 0.1924, 0.1875, 0.1946, 0.1113, 0.0543, 0.0758, 0.0320, 0.0010, 0.0051]",0.19456253945827484,2024-07-02-16-22-41/SITE198_ORNT248_VIS1-75mi.png
0,4,"[0.1763, 0.1240, 0.1415, 0.0833, 0.1191, 0.0869, 0.0641, 0.0720, 0.0317, 0.1010]",0.17633691430091858,2024-12-10-14-08-09/SITE617_ORNT40_VIS5mi.png
9,9,"[0.0716, 0.0860, 0.1100, 0.1232, 0.0963, 0.0898, 0.1068, 0.1247, 0.0264, 0.1652]",0.16522133350372314,2025-01-26-15-53-06/SITE602_ORNT60_VIS10+mi.png
1,1,"[0.1100, 0.1962, 0.1863, 0.1883, 0.1292, 0.0691, 0.0694, 0.0428, 0.0032, 0.0055]",0.19619230926036835,2025-03-01-18-07-41/SITE86_ORNT75_VIS2-5mi.png
9,0,"[0.0374, 0.0512, 0.0913, 0.0747, 0.1081, 0.1053, 0.1807, 0.1382, 0.0245, 0.1884]",0.18844550848007202,2024-07-28-13-48-26/SITE73_ORNT20_VIS1-25mi.png
7,7,"[0.0650, 0.0784, 0.1208, 0.1167, 0.1136, 0.1144, 0.0877, 0.1332, 0.0593, 0.1109]",0.13322502374649048,2024-07-02-10-19-43/SITE25_ORNT320_VIS8mi.png
9,2,"[0.0262, 0.0257, 0.0447, 0.0527, 0.1060, 0.0942, 0.1589, 0.1243, 0.0362, 0.3311]",0.3311450779438019,2025-04-10-17-56-44/SITE443_ORNT67_VIS3mi.png
2,6,"[0.1724, 0.1675, 0.1833, 0.1560, 0.1080, 0.0640, 0.0836, 0.0478, 0.0041, 0.0132]",0.18331395089626312,2024-06-23-11-02-14/SITE595_ORNT180_VIS7mi.png
9,9,"[0.0174, 0.0199, 0.0324, 0.0351, 0.0566, 0.0768, 0.0560, 0.1652, 0.1193, 0.4213]",0.42130064964294434,2025-02-02-12-13-03/SITE581_ORNT250_VIS10+mi.png
3,1,"[0.1545, 0.1706, 0.1500, 0.1834, 0.1167, 0.0814, 0.0631, 0.0607, 0.0068, 0.0129]",0.18340955674648285,2024-07-14-10-21-23/SITE7_ORNT312_VIS2mi.png
0,1,"[0.2601, 0.1772, 0.1424, 0.1037, 0.1132, 0.0663, 0.0352, 0.0638, 0.0196, 0.0183]",0.26007890701293945,2025-02-04-15-47-48/SITE33_ORNT280_VIS2mi.png
2,2,"[0.1350, 0.1416, 0.1542, 0.1420, 0.1226, 0.0983, 0.0979, 0.0679, 0.0143, 0.0262]",0.15416258573532104,2024-09-08-13-07-06/SITE167_ORNT60_VIS3mi.png
2,7,"[0.1326, 0.1252, 0.1527, 0.1266, 0.1235, 0.0975, 0.0922, 0.0835, 0.0220, 0.0440]",0.15270644426345825,2024-05-23-15-19-49/SITE362_ORNT135_VIS8mi.png
6,6,"[0.0439, 0.0783, 0.1257, 0.1397, 0.0965, 0.1125, 0.1400, 0.1211, 0.0315, 0.1108]",0.13997675478458405,2025-03-31-15-41-11/SITE76_ORNT60_VIS7mi.png
2,5,"[0.1337, 0.1164, 0.1438, 0.1225, 0.1146, 0.0914, 0.1112, 0.0870, 0.0188, 0.0607]",0.14375661313533783,2024-08-18-13-20-24/SITE45_ORNT5_VIS6mi.png
9,3,"[0.0400, 0.0426, 0.0728, 0.0831, 0.0959, 0.1034, 0.1574, 0.1346, 0.0252, 0.2449]",0.24490761756896973,2024-09-19-16-37-08/SITE161_ORNT316_VIS4mi.png
8,6,"[0.0040, 0.0179, 0.0348, 0.0500, 0.0687, 0.1033, 0.0783, 0.1166, 0.4545, 0.0719]",0.4544743597507477,2024-08-19-10-27-18/SITE612_ORNT30_VIS7mi.png
6,8,"[0.0121, 0.0296, 0.0623, 0.0821, 0.1010, 0.1592, 0.2108, 0.1990, 0.0507, 0.0932]",0.21080920100212097,2025-04-22-15-39-35/SITE18_ORNT290_VIS9mi.png
0,4,"[0.2449, 0.1562, 0.1544, 0.0930, 0.1197, 0.0720, 0.0291, 0.0747, 0.0365, 0.0195]",0.2448665201663971,2025-04-22-15-39-35/SITE94_ORNT10_VIS5mi.png
0,3,"[0.2462, 0.1401, 0.1398, 0.0881, 0.1210, 0.0816, 0.0325, 0.0795, 0.0399, 0.0312]",0.24620947241783142,2025-02-14-15-24-27/SITE207_ORNT235_VIS4mi.png
0,6,"[0.3079, 0.1917, 0.1407, 0.1049, 0.0936, 0.0499, 0.0375, 0.0529, 0.0073, 0.0136]",0.3079272508621216,2025-03-11-17-13-52/SITE216_ORNT55_VIS7mi.png
8,8,"[0.0233, 0.1076, 0.0412, 0.0631, 0.1000, 0.1333, 0.0966, 0.1480, 0.2343, 0.0527]",0.23434804379940033,2024-06-18-18-07-05/SITE508_ORNT135_VIS9mi.png
8,8,"[0.0019, 0.0114, 0.0198, 0.0161, 0.0496, 0.0902, 0.1079, 0.0686, 0.5881, 0.0463]",0.5881248116493225,2024-07-02-10-19-43/SITE385_ORNT50_VIS9mi.png
7,8,"[0.0238, 0.0428, 0.0695, 0.0854, 0.0998, 0.1159, 0.1409, 0.1851, 0.0770, 0.1599]",0.1850787252187729,2024-08-31-14-30-34/SITE314_ORNT35_VIS9mi.png
2,9,"[0.0778, 0.0865, 0.1359, 0.1010, 0.1044, 0.1323, 0.0630, 0.1117, 0.1095, 0.0778]",0.1359362155199051,2024-07-29-17-46-25/SITE483_ORNT95_VIS15mi.png
0,0,"[0.4174, 0.0962, 0.1645, 0.0793, 0.1025, 0.0424, 0.0374, 0.0397, 0.0086, 0.0119]",0.41743743419647217,2024-05-03-12-14-06/SITE41_ORNT170_VIS1-25mi.png
2,6,"[0.1473, 0.1546, 0.1636, 0.1529, 0.1156, 0.0882, 0.0919, 0.0585, 0.0098, 0.0176]",0.16358797252178192,2024-07-30-16-52-29/SITE73_ORNT65_VIS7mi.png
8,8,"[0.0328, 0.0574, 0.1110, 0.0748, 0.1372, 0.1621, 0.0775, 0.1073, 0.2140, 0.0258]",0.2140151560306549,2024-10-15-10-59-57/SITE407_ORNT215_VIS9mi.png
5,4,"[0.0144, 0.0341, 0.0386, 0.0836, 0.1200, 0.3222, 0.2642, 0.0804, 0.0139, 0.0285]",0.32220110297203064,2024-08-30-10-00-55/SITE749_ORNT315_VIS5mi.png
3,5,"[0.0611, 0.1213, 0.1520, 0.1793, 0.1547, 0.0992, 0.1290, 0.0758, 0.0147, 0.0130]",0.17926616966724396,2024-07-28-13-48-26/SITE205_ORNT230_VIS6mi.png
8,8,"[0.0196, 0.0464, 0.0625, 0.0805, 0.1124, 0.1193, 0.0724, 0.1321, 0.2695, 0.0854]",0.2694820761680603,2025-03-31-13-29-12/SITE309_ORNT130_VIS9mi.png
2,7,"[0.0856, 0.1315, 0.1604, 0.1591, 0.1332, 0.1097, 0.1140, 0.0715, 0.0107, 0.0242]",0.1603996604681015,2025-01-28-16-10-28/SITE117_ORNT320_VIS8mi.png
2,4,"[0.1641, 0.1769, 0.1857, 0.1507, 0.1223, 0.0653, 0.0688, 0.0503, 0.0050, 0.0110]",0.18566355109214783,2024-07-05-14-33-31/SITE240_ORNT286_VIS5mi.png
7,5,"[0.0547, 0.0676, 0.0945, 0.0773, 0.1027, 0.1298, 0.1320, 0.1405, 0.0615, 0.1393]",0.1405017226934433,2024-05-22-13-05-54/SITE471_ORNT255_VIS6mi.png
6,5,"[0.0485, 0.0945, 0.1515, 0.1273, 0.1298, 0.1454, 0.1652, 0.0926, 0.0167, 0.0285]",0.16524992883205414,2024-10-14-13-08-27/SITE426_ORNT250_VIS6mi.png
0,0,"[0.2790, 0.1612, 0.1403, 0.1014, 0.1141, 0.0625, 0.0466, 0.0550, 0.0158, 0.0241]",0.27904433012008667,2025-02-17-14-46-26/SITE78_ORNT189_VIS1-25mi.png
7,5,"[0.0335, 0.0537, 0.0897, 0.1117, 0.0972, 0.1169, 0.1579, 0.1584, 0.0238, 0.1572]",0.1583842635154724,2025-01-15-15-33-17/SITE215_ORNT40_VIS6mi.png
6,7,"[0.0276, 0.0570, 0.0893, 0.0802, 0.0974, 0.1483, 0.2523, 0.1538, 0.0230, 0.0712]",0.25228261947631836,2024-10-06-17-04-59/SITE215_ORNT40_VIS8mi.png
9,7,"[0.0094, 0.0189, 0.0413, 0.0385, 0.0485, 0.0384, 0.0625, 0.1978, 0.0895, 0.4551]",0.45514577627182007,2025-03-06-15-10-58/SITE474_ORNT270_VIS8mi.png
5,2,"[0.0298, 0.0665, 0.1393, 0.0789, 0.1018, 0.1959, 0.1471, 0.1140, 0.0895, 0.0371]",0.19589170813560486,2025-04-13-19-09-12/SITE607_ORNT90_VIS3mi.png
6,2,"[0.0611, 0.0873, 0.1273, 0.1250, 0.1215, 0.1194, 0.1740, 0.1198, 0.0148, 0.0498]",0.17398086190223694,2025-04-01-16-59-16/SITE82_ORNT135_VIS3mi.png
0,3,"[0.1708, 0.1355, 0.1330, 0.1060, 0.1144, 0.0864, 0.0612, 0.0973, 0.0316, 0.0638]",0.17078335583209991,2024-12-24-15-14-57/SITE719_ORNT180_VIS4mi.png
3,2,"[0.1661, 0.1673, 0.1576, 0.1773, 0.1002, 0.0636, 0.0976, 0.0544, 0.0028, 0.0131]",0.1772623062133789,2024-12-23-15-38-40/SITE258_ORNT125_VIS3mi.png
8,8,"[0.0051, 0.0150, 0.0208, 0.0334, 0.0479, 0.0462, 0.0383, 0.1102, 0.5093, 0.1738]",0.509268581867218,2024-05-28-11-05-32/SITE361_ORNT170_VIS9mi.png
7,9,"[0.0261, 0.0536, 0.0856, 0.0969, 0.1415, 0.1308, 0.1061, 0.1674, 0.1223, 0.0696]",0.16744421422481537,2024-07-23-16-31-18/SITE463_ORNT230_VIS15mi.png
1,5,"[0.1467, 0.1963, 0.1846, 0.1646, 0.1318, 0.0607, 0.0597, 0.0447, 0.0041, 0.0068]",0.19632577896118164,2024-05-21-12-02-34/SITE543_ORNT126_VIS6mi.png
3,8,"[0.1400, 0.1392, 0.1402, 0.1407, 0.1126, 0.0909, 0.0861, 0.0863, 0.0186, 0.0455]",0.14074255526065826,2025-03-02-13-12-40/SITE6_ORNT55_VIS9mi.png
8,8,"[0.0015, 0.0037, 0.0186, 0.0064, 0.0159, 0.0242, 0.0240, 0.0598, 0.7967, 0.0492]",0.79666668176651,2025-03-29-15-28-57/SITE399_ORNT45_VIS9mi.png
1,0,"[0.2112, 0.2162, 0.1503, 0.1790, 0.1000, 0.0532, 0.0484, 0.0355, 0.0011, 0.0051]",0.2161913812160492,2025-03-03-11-33-30/SITE73_ORNT335_VIS1-5mi.png
9,9,"[0.0221, 0.0317, 0.0561, 0.0820, 0.0957, 0.1099, 0.0876, 0.1547, 0.1443, 0.2160]",0.21604053676128387,2025-04-07-16-10-10/SITE164_ORNT68_VIS10+mi.png
0,3,"[0.2391, 0.1529, 0.1402, 0.1228, 0.1265, 0.0682, 0.0652, 0.0521, 0.0086, 0.0244]",0.23913174867630005,2024-10-14-13-08-27/SITE610_ORNT260_VIS4mi.png
2,3,"[0.1513, 0.1261, 0.2238, 0.0534, 0.1351, 0.1354, 0.0405, 0.0742, 0.0413, 0.0188]",0.22375543415546417,2024-12-16-12-39-30/SITE343_ORNT360_VIS4mi.png
9,9,"[0.0302, 0.0382, 0.0528, 0.0453, 0.0845, 0.0947, 0.2243, 0.1102, 0.0447, 0.2751]",0.27511119842529297,2025-03-18-13-52-55/SITE66_ORNT95_VIS10+mi.png
3,3,"[0.0760, 0.1019, 0.1352, 0.1458, 0.1196, 0.1133, 0.1217, 0.1072, 0.0198, 0.0595]",0.14578714966773987,2025-03-05-12-08-53/SITE40_ORNT295_VIS4mi.png
9,8,"[0.0641, 0.0836, 0.1211, 0.1108, 0.1118, 0.1111, 0.0973, 0.1160, 0.0630, 0.1213]",0.1212870329618454,2025-04-13-19-09-12/SITE477_ORNT240_VIS9mi.png
0,1,"[0.3103, 0.1792, 0.1334, 0.1054, 0.0946, 0.0518, 0.0516, 0.0496, 0.0084, 0.0157]",0.310337096452713,2025-04-16-13-54-24/SITE684_ORNT179_VIS2-5mi.png
6,7,"[0.0291, 0.0547, 0.0900, 0.0791, 0.1101, 0.1412, 0.1820, 0.1760, 0.0319, 0.1059]",0.18196634948253632,2024-07-26-10-22-16/SITE569_ORNT276_VIS8mi.png
9,5,"[0.0277, 0.0285, 0.1048, 0.0737, 0.0448, 0.0634, 0.1041, 0.1179, 0.0282, 0.4068]",0.4067976772785187,2024-07-24-16-43-44/SITE45_ORNT5_VIS6mi.png
2,2,"[0.1119, 0.1673, 0.1853, 0.1550, 0.1507, 0.0767, 0.0798, 0.0552, 0.0086, 0.0096]",0.18531687557697296,2024-09-07-13-37-18/SITE58_ORNT175_VIS3mi.png
0,5,"[0.1601, 0.1374, 0.1495, 0.1550, 0.1181, 0.0910, 0.0791, 0.0724, 0.0156, 0.0217]",0.160125732421875,2025-02-17-14-46-26/SITE33_ORNT90_VIS6mi.png
2,2,"[0.1000, 0.1123, 0.1632, 0.0988, 0.1555, 0.1255, 0.0704, 0.0849, 0.0648, 0.0246]",0.16323953866958618,2025-04-16-13-54-24/SITE323_ORNT135_VIS3mi.png
4,5,"[0.0575, 0.0855, 0.1422, 0.1050, 0.1593, 0.1458, 0.0720, 0.0987, 0.1121, 0.0221]",0.15933123230934143,2024-12-29-16-00-12/SITE520_ORNT270_VIS6mi.png
7,9,"[0.0057, 0.0139, 0.0115, 0.0955, 0.1971, 0.1825, 0.1054, 0.2817, 0.0418, 0.0650]",0.28165650367736816,2024-12-09-12-13-38/SITE581_ORNT250_VIS10+mi.png
2,7,"[0.1255, 0.1038, 0.1576, 0.1175, 0.1012, 0.1035, 0.0520, 0.1380, 0.0405, 0.0604]",0.15761201083660126,2025-03-11-17-13-52/SITE198_ORNT80_VIS8mi.png
2,7,"[0.1014, 0.1336, 0.1580, 0.1569, 0.1414, 0.1050, 0.0953, 0.0740, 0.0152, 0.0193]",0.15798364579677582,2025-03-17-19-09-03/SITE25_ORNT150_VIS8mi.png
8,4,"[0.0388, 0.0546, 0.0922, 0.0978, 0.1116, 0.1288, 0.0773, 0.1349, 0.1627, 0.1013]",0.16273492574691772,2024-07-22-20-17-56/SITE522_ORNT90_VIS5mi.png
8,8,"[0.0001, 0.0002, 0.0098, 0.0001, 0.0034, 0.0766, 0.0648, 0.0038, 0.8408, 0.0005]",0.8407987356185913,2024-08-30-10-00-55/SITE352_ORNT340_VIS9mi.png
2,4,"[0.0442, 0.0958, 0.1534, 0.1448, 0.1464, 0.1298, 0.1473, 0.1011, 0.0154, 0.0219]",0.15341521799564362,2025-04-16-13-54-24/SITE624_ORNT145_VIS5mi.png
9,5,"[0.0089, 0.0161, 0.0360, 0.0463, 0.0443, 0.0621, 0.0821, 0.2391, 0.0451, 0.4200]",0.41997402906417847,2025-02-17-14-46-26/SITE129_ORNT266_VIS6mi.png
4,2,"[0.0559, 0.0846, 0.1302, 0.1078, 0.1317, 0.1292, 0.0734, 0.1110, 0.1305, 0.0456]",0.13168965280056,2025-04-11-14-52-32/SITE94_ORNT280_VIS3mi.png
3,2,"[0.0782, 0.1272, 0.1467, 0.1639, 0.1306, 0.1146, 0.1189, 0.0805, 0.0137, 0.0257]",0.1638626903295517,2024-07-28-19-40-21/SITE116_ORNT179_VIS3mi.png
6,5,"[0.0144, 0.0525, 0.0649, 0.0797, 0.1175, 0.2002, 0.2962, 0.1371, 0.0180, 0.0196]",0.2961525022983551,2024-07-25-18-03-52/SITE22_ORNT190_VIS6mi.png
2,6,"[0.0660, 0.0892, 0.1689, 0.0875, 0.1275, 0.1457, 0.0889, 0.1044, 0.0822, 0.0399]",0.16887179017066956,2025-02-05-13-59-56/SITE132_ORNT305_VIS7mi.png
6,9,"[0.0304, 0.0576, 0.0659, 0.0699, 0.1136, 0.1562, 0.2591, 0.1410, 0.0185, 0.0877]",0.2591107487678528,2025-02-04-15-47-48/SITE581_ORNT250_VIS10+mi.png
9,9,"[0.0014, 0.0015, 0.0071, 0.0013, 0.0032, 0.0182, 0.0094, 0.0517, 0.2992, 0.6070]",0.6069983839988708,2025-03-02-11-48-27/SITE521_ORNT325_VIS30mi.png
6,6,"[0.0279, 0.0556, 0.0569, 0.0317, 0.0669, 0.1676, 0.4412, 0.0919, 0.0089, 0.0514]",0.44124940037727356,2024-09-30-11-56-46/SITE760_ORNT190_VIS7mi.png
6,6,"[0.0602, 0.0705, 0.1159, 0.0823, 0.1320, 0.1183, 0.1536, 0.1199, 0.0184, 0.1288]",0.15364709496498108,2025-02-04-15-47-48/SITE205_ORNT305_VIS7mi.png
5,4,"[0.0064, 0.0150, 0.0132, 0.0633, 0.0943, 0.4096, 0.2207, 0.1013, 0.0383, 0.0379]",0.40962767601013184,2024-06-14-11-11-00/SITE18_ORNT210_VIS5mi.png
2,2,"[0.0552, 0.1072, 0.1801, 0.1278, 0.1590, 0.1228, 0.1071, 0.0933, 0.0299, 0.0176]",0.18006537854671478,2024-07-24-16-43-44/SITE528_ORNT35_VIS3mi.png
0,7,"[0.2258, 0.1573, 0.1349, 0.1058, 0.1156, 0.0841, 0.0492, 0.0707, 0.0287, 0.0279]",0.22582858800888062,2024-11-19-11-24-38/SITE463_ORNT230_VIS8mi.png
8,9,"[0.0028, 0.0132, 0.0184, 0.0376, 0.0565, 0.0829, 0.0769, 0.1340, 0.4710, 0.1067]",0.47097688913345337,2024-04-30-13-21-52/SITE533_ORNT120_VIS15mi.png
9,2,"[0.0031, 0.0082, 0.0106, 0.0135, 0.0373, 0.0368, 0.0339, 0.0985, 0.3473, 0.4108]",0.41079849004745483,2025-04-16-13-54-24/SITE366_ORNT200_VIS3mi.png
0,7,"[0.4712, 0.1104, 0.1542, 0.0762, 0.0771, 0.0392, 0.0199, 0.0389, 0.0079, 0.0050]",0.4711860418319702,2025-03-04-14-20-15/SITE15_ORNT90_VIS8mi.png
2,7,"[0.1722, 0.1855, 0.2217, 0.1433, 0.1129, 0.0505, 0.0616, 0.0419, 0.0028, 0.0076]",0.22171415388584137,2024-07-26-10-22-16/SITE443_ORNT275_VIS8mi.png
2,1,"[0.0942, 0.1227, 0.1511, 0.1506, 0.1220, 0.1036, 0.1234, 0.0806, 0.0161, 0.0358]",0.15108881890773773,2024-08-15-16-44-48/SITE53_ORNT223_VIS2mi.png
7,5,"[0.0123, 0.0464, 0.0445, 0.0716, 0.0904, 0.1028, 0.2422, 0.2619, 0.0227, 0.1051]",0.26194772124290466,2024-09-07-13-37-18/SITE209_ORNT260_VIS6mi.png
0,0,"[0.2481, 0.1660, 0.1400, 0.1195, 0.1133, 0.0688, 0.0503, 0.0600, 0.0128, 0.0213]",0.24813662469387054,2024-12-10-14-08-09/SITE871_ORNT90_VIS1-75mi.png
2,1,"[0.1321, 0.1365, 0.1614, 0.1150, 0.1249, 0.1007, 0.0611, 0.0936, 0.0370, 0.0377]",0.16143471002578735,2025-03-04-14-20-15/SITE606_ORNT270_VIS2mi.png
0,0,"[0.1791, 0.1520, 0.1723, 0.1311, 0.1132, 0.0713, 0.0939, 0.0557, 0.0081, 0.0233]",0.17914368212223053,2024-09-21-11-24-11/SITE73_ORNT20_VIS1-75mi.png
8,8,"[0.0068, 0.0146, 0.0266, 0.0212, 0.0435, 0.0588, 0.0491, 0.1406, 0.3873, 0.2516]",0.38725629448890686,2025-02-19-12-18-05/SITE528_ORNT35_VIS9mi.png
9,5,"[0.0171, 0.0328, 0.0610, 0.0705, 0.0854, 0.0903, 0.0769, 0.1776, 0.1344, 0.2542]",0.2541643977165222,2025-03-02-11-48-27/SITE203_ORNT70_VIS6mi.png
6,2,"[0.0219, 0.0704, 0.1295, 0.1656, 0.1477, 0.1303, 0.1838, 0.1035, 0.0259, 0.0214]",0.1837683916091919,2024-07-05-14-33-31/SITE127_ORNT114_VIS3mi.png
2,0,"[0.1201, 0.1225, 0.1496, 0.1460, 0.1102, 0.0878, 0.0964, 0.0935, 0.0133, 0.0606]",0.1496279239654541,2025-01-17-15-10-02/SITE438_ORNT110_VIS1-5mi.png
0,5,"[0.2386, 0.1553, 0.1586, 0.1100, 0.1025, 0.0687, 0.0661, 0.0611, 0.0162, 0.0230]",0.2386324107646942,2025-02-27-11-22-46/SITE358_ORNT285_VIS6mi.png
3,6,"[0.0447, 0.0894, 0.0980, 0.1670, 0.1303, 0.1134, 0.1596, 0.1458, 0.0109, 0.0409]",0.16699112951755524,2024-07-22-11-13-59/SITE639_ORNT10_VIS7mi.png
6,7,"[0.0488, 0.1093, 0.1760, 0.1368, 0.1307, 0.0978, 0.2087, 0.0681, 0.0064, 0.0174]",0.20870348811149597,2025-01-28-16-10-28/SITE186_ORNT217_VIS8mi.png
0,9,"[0.2015, 0.1521, 0.1481, 0.0973, 0.1180, 0.0861, 0.0489, 0.0759, 0.0376, 0.0345]",0.20146627724170685,2024-05-13-18-48-49/SITE453_ORNT135_VIS15mi.png
9,7,"[0.0204, 0.0332, 0.0641, 0.0738, 0.0760, 0.0961, 0.1315, 0.1931, 0.0691, 0.2427]",0.24270351231098175,2025-03-04-14-20-15/SITE78_ORNT268_VIS8mi.png
6,6,"[0.0115, 0.0397, 0.0939, 0.0545, 0.1143, 0.2133, 0.3470, 0.0857, 0.0052, 0.0349]",0.3470258116722107,2024-07-24-16-43-44/SITE234_ORNT350_VIS7mi.png
8,8,"[0.0046, 0.0182, 0.0414, 0.0630, 0.0904, 0.0961, 0.0606, 0.1178, 0.4521, 0.0557]",0.45210620760917664,2024-09-19-14-23-02/SITE612_ORNT30_VIS9mi.png
5,3,"[0.0010, 0.0050, 0.0039, 0.0569, 0.1487, 0.5296, 0.1591, 0.0803, 0.0051, 0.0105]",0.5296030044555664,2024-08-02-13-37-25/SITE19_ORNT170_VIS4mi.png
8,8,"[0.0004, 0.0037, 0.0091, 0.0161, 0.0220, 0.0570, 0.0459, 0.1751, 0.5790, 0.0916]",0.5790433287620544,2025-03-01-18-07-41/SITE520_ORNT90_VIS9mi.png
0,0,"[0.3430, 0.1731, 0.1182, 0.0767, 0.1028, 0.0512, 0.0135, 0.0863, 0.0167, 0.0186]",0.34303706884384155,2025-03-06-15-10-58/SITE194_ORNT194_VIS1-5mi.png
9,3,"[0.0417, 0.0479, 0.0819, 0.0701, 0.0806, 0.1038, 0.1239, 0.1222, 0.0566, 0.2712]",0.27118998765945435,2025-01-29-12-01-12/SITE461_ORNT20_VIS4mi.png
2,3,"[0.0580, 0.1270, 0.2216, 0.1440, 0.1559, 0.0903, 0.1346, 0.0550, 0.0043, 0.0094]",0.2215748131275177,2025-04-01-16-59-16/SITE111_ORNT246_VIS4mi.png
3,8,"[0.0465, 0.1007, 0.1290, 0.1809, 0.1345, 0.1341, 0.1454, 0.0861, 0.0152, 0.0276]",0.18090985715389252,2024-06-17-10-37-40/SITE434_ORNT130_VIS9mi.png
0,0,"[0.4454, 0.1507, 0.1056, 0.0811, 0.0639, 0.0311, 0.0567, 0.0417, 0.0086, 0.0151]",0.44542837142944336,2025-02-01-17-30-02/SITE75_ORNT170_VIS1mi.png
2,4,"[0.1345, 0.1321, 0.1588, 0.0977, 0.1443, 0.1140, 0.0515, 0.0764, 0.0696, 0.0212]",0.15881846845149994,2025-02-14-15-24-27/SITE377_ORNT0_VIS5mi.png
9,6,"[0.0439, 0.0609, 0.1152, 0.1015, 0.0783, 0.1098, 0.1247, 0.1439, 0.0427, 0.1791]",0.179066002368927,2024-12-03-11-18-04/SITE338_ORNT200_VIS7mi.png
3,1,"[0.0392, 0.0867, 0.1304, 0.1700, 0.1272, 0.1208, 0.1541, 0.1108, 0.0130, 0.0478]",0.1700371950864792,2024-06-01-16-58-02/SITE417_ORNT220_VIS2-5mi.png
6,6,"[0.0346, 0.0863, 0.1413, 0.0590, 0.1294, 0.1455, 0.1534, 0.1021, 0.0301, 0.1183]",0.15339386463165283,2024-06-01-11-15-19/SITE694_ORNT315_VIS7mi.png
8,8,"[0.0093, 0.0357, 0.0638, 0.0624, 0.0641, 0.1205, 0.0691, 0.1333, 0.3673, 0.0745]",0.36725109815597534,2024-06-15-14-23-40/SITE407_ORNT215_VIS9mi.png
5,3,"[0.0092, 0.0184, 0.0181, 0.1060, 0.1846, 0.3106, 0.1570, 0.1093, 0.0146, 0.0722]",0.3106310963630676,2024-12-29-16-00-12/SITE834_ORNT100_VIS4mi.png
8,5,"[0.0156, 0.0173, 0.0415, 0.0169, 0.0552, 0.0808, 0.0525, 0.0998, 0.4301, 0.1904]",0.4300606846809387,2025-01-26-15-53-06/SITE338_ORNT345_VIS6mi.png
0,1,"[0.1985, 0.1622, 0.1403, 0.1352, 0.1208, 0.0747, 0.0675, 0.0630, 0.0116, 0.0262]",0.19852577149868011,2025-03-01-18-07-41/SITE86_ORNT321_VIS2-5mi.png
2,1,"[0.1524, 0.1778, 0.1808, 0.1644, 0.1238, 0.0658, 0.0703, 0.0515, 0.0040, 0.0093]",0.18078602850437164,2024-06-14-14-13-33/SITE215_ORNT235_VIS2mi.png
9,7,"[0.0190, 0.0242, 0.0557, 0.0610, 0.0634, 0.0718, 0.1138, 0.1988, 0.0548, 0.3374]",0.33736079931259155,2024-06-16-19-09-40/SITE422_ORNT30_VIS8mi.png
2,5,"[0.1482, 0.1649, 0.1787, 0.1478, 0.1325, 0.0733, 0.0746, 0.0584, 0.0067, 0.0150]",0.178706556558609,2024-08-19-10-27-18/SITE572_ORNT325_VIS6mi.png
0,1,"[0.1919, 0.1532, 0.1558, 0.1394, 0.1076, 0.0719, 0.0920, 0.0596, 0.0076, 0.0210]",0.19194194674491882,2024-12-29-16-00-12/SITE561_ORNT60_VIS2-5mi.png
6,6,"[0.0213, 0.0447, 0.0868, 0.1046, 0.1030, 0.1451, 0.1850, 0.1724, 0.0315, 0.1056]",0.18501576781272888,2025-02-27-11-22-46/SITE253_ORNT195_VIS7mi.png
5,5,"[0.0005, 0.0003, 0.0001, 0.0100, 0.0139, 0.9258, 0.0396, 0.0024, 0.0025, 0.0049]",0.9257907867431641,2025-03-17-19-09-03/SITE22_ORNT285_VIS6mi.png
2,3,"[0.0958, 0.0985, 0.1301, 0.0974, 0.1044, 0.0962, 0.0912, 0.1232, 0.0554, 0.1077]",0.13009916245937347,2025-03-06-15-10-58/SITE207_ORNT75_VIS4mi.png
9,7,"[0.0181, 0.0247, 0.0340, 0.0668, 0.0683, 0.0737, 0.1085, 0.2085, 0.0502, 0.3473]",0.34733107686042786,2024-04-30-13-21-52/SITE734_ORNT75_VIS8mi.png
3,7,"[0.0894, 0.1273, 0.1464, 0.1592, 0.1248, 0.1105, 0.1130, 0.0819, 0.0171, 0.0304]",0.1592341810464859,2024-06-07-15-28-05/SITE98_ORNT245_VIS8mi.png
3,4,"[0.0669, 0.1194, 0.1568, 0.1575, 0.1493, 0.1177, 0.1156, 0.0841, 0.0143, 0.0183]",0.15746162831783295,2025-01-23-15-05-27/SITE420_ORNT275_VIS5mi.png
7,5,"[0.0042, 0.0191, 0.0246, 0.0529, 0.0777, 0.1470, 0.2404, 0.3228, 0.0295, 0.0818]",0.3228294253349304,2024-08-30-17-21-54/SITE22_ORNT100_VIS6mi.png
8,8,"[0.0003, 0.0031, 0.0082, 0.0147, 0.0143, 0.0384, 0.0266, 0.1066, 0.7056, 0.0822]",0.7055906057357788,2024-04-30-13-21-52/SITE528_ORNT35_VIS9mi.png
6,9,"[0.0305, 0.0726, 0.1482, 0.1079, 0.1737, 0.1256, 0.2085, 0.0968, 0.0097, 0.0265]",0.20851482450962067,2025-02-01-12-44-07/SITE586_ORNT180_VIS10+mi.png
6,6,"[0.0115, 0.0096, 0.0446, 0.0149, 0.0280, 0.0505, 0.7057, 0.0242, 0.0033, 0.1077]",0.7057128548622131,2025-01-31-13-49-43/SITE760_ORNT310_VIS7mi.png
6,5,"[0.0275, 0.0575, 0.0737, 0.0988, 0.1254, 0.1425, 0.1884, 0.1726, 0.0281, 0.0855]",0.18836110830307007,2025-02-15-15-20-00/SITE86_ORNT75_VIS6mi.png
8,8,"[0.0130, 0.0272, 0.0395, 0.0480, 0.0642, 0.0858, 0.0674, 0.1441, 0.3074, 0.2034]",0.30739066004753113,2024-05-23-15-19-49/SITE471_ORNT255_VIS9mi.png
3,7,"[0.0778, 0.1264, 0.1518, 0.1581, 0.1324, 0.1097, 0.1257, 0.0819, 0.0107, 0.0254]",0.1581195592880249,2024-08-01-10-54-34/SITE241_ORNT120_VIS8mi.png
1,2,"[0.1093, 0.1768, 0.1638, 0.1691, 0.1337, 0.0864, 0.0871, 0.0559, 0.0080, 0.0099]",0.17678269743919373,2024-06-06-10-38-22/SITE65_ORNT234_VIS3mi.png
3,7,"[0.0454, 0.0963, 0.1253, 0.1585, 0.1412, 0.1236, 0.1492, 0.1106, 0.0198, 0.0301]",0.1585293412208557,2024-05-21-12-02-34/SITE545_ORNT95_VIS8mi.png
1,3,"[0.1337, 0.1912, 0.1885, 0.1764, 0.1244, 0.0661, 0.0643, 0.0456, 0.0037, 0.0060]",0.191156804561615,2024-07-14-13-28-24/SITE58_ORNT245_VIS4mi.png
9,3,"[0.0503, 0.0371, 0.0853, 0.0707, 0.0893, 0.0795, 0.1405, 0.1045, 0.0200, 0.3228]",0.32276082038879395,2025-02-10-14-47-56/SITE75_ORNT270_VIS4mi.png
6,4,"[0.0452, 0.0793, 0.1602, 0.1377, 0.1240, 0.1131, 0.1633, 0.1202, 0.0151, 0.0419]",0.16334165632724762,2024-07-04-10-22-12/SITE20_ORNT26_VIS5mi.png
8,4,"[0.0337, 0.0451, 0.1350, 0.0272, 0.0705, 0.1610, 0.1062, 0.0928, 0.2729, 0.0557]",0.27292731404304504,2025-02-27-11-22-46/SITE385_ORNT230_VIS5mi.png
8,8,"[0.0205, 0.0259, 0.0386, 0.0246, 0.0705, 0.0755, 0.0866, 0.1141, 0.3067, 0.2370]",0.3067217469215393,2025-03-31-13-29-12/SITE340_ORNT55_VIS9mi.png
6,3,"[0.0173, 0.0667, 0.1066, 0.1720, 0.1738, 0.0928, 0.2025, 0.1302, 0.0236, 0.0145]",0.20254318416118622,2024-07-07-15-01-32/SITE19_ORNT60_VIS4mi.png
0,0,"[0.2076, 0.1636, 0.1566, 0.1483, 0.1089, 0.0673, 0.0717, 0.0543, 0.0062, 0.0155]",0.20759217441082,2024-05-07-15-42-07/SITE87_ORNT114_VIS1-5mi.png
2,3,"[0.1623, 0.1457, 0.1810, 0.0981, 0.1105, 0.0968, 0.0764, 0.0718, 0.0350, 0.0223]",0.18099254369735718,2025-03-05-12-08-53/SITE386_ORNT30_VIS4mi.png
8,5,"[0.0036, 0.0163, 0.0196, 0.0485, 0.0522, 0.0909, 0.0586, 0.1928, 0.4155, 0.1021]",0.4154743254184723,2024-08-10-09-44-28/SITE407_ORNT215_VIS6mi.png
8,4,"[0.0136, 0.0307, 0.0648, 0.0508, 0.0832, 0.0943, 0.0598, 0.1340, 0.3858, 0.0831]",0.3858100175857544,2025-01-31-13-49-43/SITE477_ORNT50_VIS5mi.png
3,1,"[0.1454, 0.1558, 0.1536, 0.1654, 0.1106, 0.0707, 0.1086, 0.0609, 0.0061, 0.0229]",0.16536983847618103,2024-05-23-15-19-49/SITE203_ORNT70_VIS2mi.png
6,4,"[0.0895, 0.0950, 0.1262, 0.1004, 0.1072, 0.1260, 0.1930, 0.0846, 0.0124, 0.0657]",0.19298124313354492,2025-03-15-15-41-34/SITE538_ORNT139_VIS5mi.png
7,0,"[0.0006, 0.0026, 0.0041, 0.0208, 0.0241, 0.0617, 0.0829, 0.3959, 0.0394, 0.3680]",0.3959308862686157,2024-07-22-20-17-56/SITE20_ORNT226_VIS1-5mi.png
6,8,"[0.0435, 0.0775, 0.1113, 0.1264, 0.1149, 0.1352, 0.1573, 0.1448, 0.0260, 0.0631]",0.1572529375553131,2025-02-11-14-30-47/SITE98_ORNT80_VIS9mi.png
9,9,"[0.0207, 0.0306, 0.0563, 0.0680, 0.0783, 0.0934, 0.0747, 0.1961, 0.1599, 0.2219]",0.2219463735818863,2025-03-02-11-48-27/SITE684_ORNT267_VIS10+mi.png
5,5,"[0.0058, 0.0131, 0.0118, 0.0315, 0.0505, 0.4564, 0.3052, 0.0636, 0.0182, 0.0439]",0.4563882052898407,2025-03-18-13-52-55/SITE22_ORNT285_VIS6mi.png
3,4,"[0.0866, 0.1170, 0.1376, 0.1676, 0.1155, 0.1140, 0.1209, 0.0878, 0.0150, 0.0380]",0.16762341558933258,2024-05-21-12-02-34/SITE439_ORNT350_VIS5mi.png
1,3,"[0.1384, 0.1879, 0.1768, 0.1707, 0.1286, 0.0697, 0.0646, 0.0496, 0.0049, 0.0088]",0.18790222704410553,2024-08-02-13-37-25/SITE45_ORNT290_VIS4mi.png
3,6,"[0.0662, 0.1233, 0.1476, 0.1785, 0.1354, 0.1114, 0.1229, 0.0800, 0.0142, 0.0205]",0.17851701378822327,2025-02-17-14-46-26/SITE40_ORNT295_VIS7mi.png
3,1,"[0.1412, 0.1615, 0.1461, 0.1690, 0.1115, 0.0878, 0.0864, 0.0685, 0.0100, 0.0179]",0.16904988884925842,2025-03-01-18-07-41/SITE106_ORNT12_VIS2-5mi.png
0,1,"[0.2696, 0.1808, 0.1520, 0.0972, 0.0994, 0.0694, 0.0341, 0.0629, 0.0222, 0.0124]",0.26961424946784973,2025-01-28-16-10-28/SITE78_ORNT322_VIS2-5mi.png
6,3,"[0.0586, 0.0902, 0.1089, 0.1466, 0.1132, 0.1196, 0.1553, 0.1061, 0.0247, 0.0769]",0.15529091656208038,2024-09-08-16-00-24/SITE177_ORNT200_VIS4mi.png
6,2,"[0.0586, 0.1007, 0.1490, 0.1316, 0.1334, 0.1337, 0.1534, 0.0925, 0.0152, 0.0320]",0.15342029929161072,2025-02-10-14-47-56/SITE53_ORNT115_VIS3mi.png
9,9,"[0.0113, 0.0109, 0.0406, 0.0309, 0.0585, 0.0622, 0.1639, 0.0908, 0.0150, 0.5160]",0.5160061120986938,2025-03-17-19-09-03/SITE212_ORNT80_VIS10+mi.png
9,0,"[0.0269, 0.0345, 0.0630, 0.0533, 0.0755, 0.0628, 0.0705, 0.1457, 0.0703, 0.3975]",0.39746803045272827,2025-03-31-13-29-12/SITE205_ORNT305_VIS1-75mi.png
0,1,"[0.1458, 0.1339, 0.1303, 0.1423, 0.1039, 0.0882, 0.0971, 0.0895, 0.0136, 0.0554]",0.14577551186084747,2025-01-15-15-33-17/SITE129_ORNT356_VIS2mi.png
2,2,"[0.1239, 0.1432, 0.2256, 0.0344, 0.0977, 0.1244, 0.0410, 0.0859, 0.1069, 0.0170]",0.22556540369987488,2025-03-11-17-13-52/SITE508_ORNT135_VIS3mi.png
7,7,"[0.0269, 0.0498, 0.0744, 0.1139, 0.0962, 0.0994, 0.1320, 0.1835, 0.0476, 0.1762]",0.1835177093744278,2024-07-28-11-17-19/SITE595_ORNT270_VIS8mi.png
6,7,"[0.0195, 0.0545, 0.0870, 0.0854, 0.1304, 0.1636, 0.2299, 0.1772, 0.0235, 0.0289]",0.22991500794887543,2024-07-29-16-41-43/SITE261_ORNT350_VIS8mi.png
8,8,"[0.0477, 0.0722, 0.1344, 0.0742, 0.0919, 0.1337, 0.0965, 0.1224, 0.1466, 0.0804]",0.1465577632188797,2024-08-16-20-03-50/SITE301_ORNT343_VIS9mi.png
3,5,"[0.1221, 0.1782, 0.1740, 0.1787, 0.1227, 0.0845, 0.0778, 0.0480, 0.0055, 0.0084]",0.178679421544075,2024-07-04-10-22-12/SITE421_ORNT170_VIS6mi.png
7,8,"[0.0132, 0.0302, 0.0577, 0.0705, 0.0985, 0.1108, 0.1008, 0.1910, 0.1545, 0.1728]",0.19101093709468842,2025-03-20-11-55-50/SITE360_ORNT45_VIS9mi.png
9,9,"[0.0200, 0.0246, 0.0473, 0.0323, 0.0443, 0.0590, 0.0623, 0.1649, 0.0633, 0.4820]",0.48201942443847656,2025-02-05-13-59-56/SITE584_ORNT325_VIS10+mi.png
1,3,"[0.1292, 0.1742, 0.1613, 0.1726, 0.1209, 0.0869, 0.0792, 0.0553, 0.0077, 0.0129]",0.17415326833724976,2024-05-21-12-02-34/SITE719_ORNT120_VIS4mi.png
0,0,"[0.3608, 0.1493, 0.1213, 0.1015, 0.0650, 0.0335, 0.0975, 0.0473, 0.0087, 0.0153]",0.3607556223869324,2025-03-18-13-52-55/SITE541_ORNT255_VIS1-75mi.png
6,2,"[0.0553, 0.0728, 0.0994, 0.1222, 0.1104, 0.1165, 0.1377, 0.1357, 0.0292, 0.1209]",0.13769076764583588,2024-08-29-14-11-27/SITE29_ORNT270_VIS3mi.png
0,2,"[0.3485, 0.1760, 0.1309, 0.0841, 0.0842, 0.0506, 0.0400, 0.0553, 0.0150, 0.0156]",0.34850767254829407,2025-03-15-15-41-34/SITE78_ORNT268_VIS3mi.png
9,9,"[0.0152, 0.0269, 0.0319, 0.0342, 0.0694, 0.0541, 0.1070, 0.1722, 0.0531, 0.4361]",0.43610748648643494,2025-01-31-13-49-43/SITE564_ORNT315_VIS10+mi.png
2,7,"[0.0771, 0.1003, 0.1573, 0.1002, 0.1544, 0.1284, 0.0739, 0.0892, 0.0964, 0.0228]",0.15734654664993286,2024-10-14-13-08-27/SITE477_ORNT50_VIS8mi.png
8,7,"[0.0095, 0.0328, 0.0664, 0.0748, 0.1454, 0.1513, 0.0876, 0.1729, 0.2379, 0.0214]",0.2378617376089096,2024-04-30-13-21-52/SITE457_ORNT110_VIS8mi.png
0,1,"[0.1748, 0.1418, 0.1398, 0.1083, 0.1168, 0.0880, 0.0609, 0.0891, 0.0324, 0.0480]",0.1747746616601944,2024-12-23-15-38-40/SITE719_ORNT180_VIS2-5mi.png
0,0,"[0.1509, 0.1315, 0.1450, 0.1345, 0.1133, 0.0942, 0.1022, 0.0699, 0.0121, 0.0463]",0.15094882249832153,2024-05-07-15-42-07/SITE95_ORNT67_VIS1-5mi.png
6,5,"[0.0460, 0.0964, 0.1452, 0.1490, 0.1473, 0.1222, 0.1554, 0.0990, 0.0111, 0.0283]",0.1554284691810608,2024-07-14-10-21-23/SITE12_ORNT270_VIS6mi.png
2,1,"[0.1283, 0.1599, 0.1671, 0.1567, 0.1058, 0.0875, 0.0873, 0.0754, 0.0137, 0.0182]",0.1670742630958557,2024-10-07-12-00-07/SITE606_ORNT180_VIS2-5mi.png
2,0,"[0.1375, 0.1698, 0.1901, 0.1555, 0.1283, 0.0700, 0.0787, 0.0536, 0.0051, 0.0114]",0.1901244819164276,2025-04-13-19-09-12/SITE439_ORNT90_VIS1-75mi.png
6,6,"[0.0296, 0.0196, 0.0758, 0.0376, 0.0538, 0.0635, 0.4403, 0.0455, 0.0094, 0.2249]",0.440317302942276,2025-03-11-17-13-52/SITE760_ORNT310_VIS7mi.png
9,5,"[0.0273, 0.0345, 0.0655, 0.0644, 0.0752, 0.0896, 0.1189, 0.1651, 0.0226, 0.3369]",0.3369447588920593,2024-10-06-17-04-59/SITE593_ORNT10_VIS6mi.png
6,3,"[0.0133, 0.0185, 0.0694, 0.0274, 0.0451, 0.0955, 0.5297, 0.0713, 0.0113, 0.1184]",0.5297452807426453,2025-03-01-18-07-41/SITE437_ORNT260_VIS4mi.png
9,7,"[0.0617, 0.0690, 0.1080, 0.1029, 0.0967, 0.1095, 0.1197, 0.1350, 0.0421, 0.1554]",0.15544533729553223,2025-02-04-15-47-48/SITE268_ORNT255_VIS8mi.png
9,5,"[0.0089, 0.0127, 0.0233, 0.0434, 0.0485, 0.0422, 0.0571, 0.2171, 0.0847, 0.4621]",0.4621184170246124,2024-05-13-18-48-49/SITE203_ORNT335_VIS6mi.png
8,8,"[0.0003, 0.0021, 0.0046, 0.0073, 0.0083, 0.0227, 0.0080, 0.0382, 0.7188, 0.1898]",0.7188259363174438,2024-07-05-10-36-13/SITE375_ORNT330_VIS9mi.png
9,7,"[0.0114, 0.0106, 0.0140, 0.0782, 0.1494, 0.2121, 0.0730, 0.1388, 0.0597, 0.2529]",0.2528627812862396,2025-04-22-15-39-35/SITE203_ORNT155_VIS8mi.png
8,7,"[0.0080, 0.0230, 0.0369, 0.0503, 0.0822, 0.0867, 0.0762, 0.1165, 0.3797, 0.1403]",0.37971532344818115,2025-01-15-12-14-16/SITE397_ORNT345_VIS8mi.png
6,3,"[0.0276, 0.0781, 0.1322, 0.1551, 0.1397, 0.1291, 0.1761, 0.1237, 0.0149, 0.0234]",0.17607569694519043,2024-08-02-13-37-25/SITE239_ORNT30_VIS4mi.png
9,3,"[0.0235, 0.0382, 0.0710, 0.0658, 0.1067, 0.1214, 0.2028, 0.1338, 0.0211, 0.2157]",0.21570076048374176,2024-06-15-10-59-58/SITE422_ORNT180_VIS4mi.png
6,6,"[0.0226, 0.0417, 0.0724, 0.0662, 0.1001, 0.2226, 0.3763, 0.0470, 0.0060, 0.0451]",0.37627971172332764,2024-06-28-13-30-05/SITE19_ORNT260_VIS7mi.png
3,1,"[0.0688, 0.1228, 0.1517, 0.1572, 0.1207, 0.1272, 0.1321, 0.0779, 0.0167, 0.0249]",0.15723548829555511,2024-10-11-15-41-13/SITE98_ORNT80_VIS2mi.png
8,5,"[0.0129, 0.0294, 0.0571, 0.0709, 0.0796, 0.1064, 0.0814, 0.1644, 0.2564, 0.1416]",0.2563819885253906,2025-01-28-16-10-28/SITE377_ORNT200_VIS6mi.png
2,5,"[0.1431, 0.1340, 0.1715, 0.0806, 0.1016, 0.1280, 0.0353, 0.0781, 0.1025, 0.0252]",0.17153628170490265,2025-02-15-15-20-00/SITE397_ORNT345_VIS6mi.png
8,1,"[0.0172, 0.0399, 0.0948, 0.0634, 0.1182, 0.1437, 0.1064, 0.1497, 0.1959, 0.0707]",0.19592684507369995,2024-06-29-10-50-12/SITE380_ORNT55_VIS2mi.png
0,5,"[0.3376, 0.1853, 0.1305, 0.0831, 0.0865, 0.0567, 0.0196, 0.0662, 0.0174, 0.0172]",0.3376241624355316,2025-03-02-13-12-40/SITE207_ORNT235_VIS6mi.png
0,5,"[0.2428, 0.1484, 0.1479, 0.1117, 0.1094, 0.0565, 0.0881, 0.0536, 0.0085, 0.0331]",0.2428431361913681,2025-03-06-15-10-58/SITE541_ORNT350_VIS6mi.png
9,9,"[0.0072, 0.0105, 0.0242, 0.0250, 0.0434, 0.1013, 0.1465, 0.1648, 0.0828, 0.3943]",0.39431148767471313,2025-03-17-19-09-03/SITE683_ORNT240_VIS10+mi.png
3,2,"[0.1195, 0.1609, 0.1598, 0.1836, 0.1146, 0.0907, 0.0890, 0.0606, 0.0078, 0.0135]",0.1835988163948059,2024-07-18-11-32-15/SITE125_ORNT35_VIS3mi.png
3,0,"[0.1030, 0.1335, 0.1520, 0.1566, 0.1260, 0.1030, 0.1066, 0.0779, 0.0116, 0.0299]",0.1566154956817627,2024-05-21-12-02-34/SITE435_ORNT15_VIS1-25mi.png
8,8,"[0.0028, 0.0120, 0.0202, 0.0384, 0.1002, 0.1268, 0.0633, 0.1280, 0.4778, 0.0305]",0.47778528928756714,2024-05-22-13-05-54/SITE506_ORNT0_VIS9mi.png
8,8,"[0.0122, 0.0263, 0.0441, 0.0492, 0.0720, 0.1189, 0.0720, 0.1382, 0.3520, 0.1150]",0.3520480990409851,2024-07-07-15-01-32/SITE376_ORNT170_VIS9mi.png
2,4,"[0.1032, 0.0970, 0.1555, 0.0808, 0.1423, 0.1224, 0.0725, 0.1022, 0.0842, 0.0400]",0.15550316870212555,2024-12-10-14-08-09/SITE376_ORNT70_VIS5mi.png
0,1,"[0.2865, 0.1683, 0.1192, 0.0916, 0.1286, 0.0612, 0.0219, 0.0776, 0.0217, 0.0234]",0.2865177094936371,2025-03-23-13-51-54/SITE229_ORNT18_VIS2-5mi.png
9,9,"[0.0006, 0.0008, 0.0013, 0.0014, 0.0047, 0.0103, 0.0095, 0.0841, 0.0091, 0.8782]",0.8782124519348145,2025-03-02-13-12-40/SITE802_ORNT45_VIS10+mi.png
6,3,"[0.0438, 0.0722, 0.1029, 0.1251, 0.1259, 0.1203, 0.1361, 0.1320, 0.0629, 0.0787]",0.13610820472240448,2024-06-03-13-44-33/SITE33_ORNT215_VIS4mi.png
5,4,"[0.0170, 0.0415, 0.0343, 0.1176, 0.1994, 0.2032, 0.1836, 0.1168, 0.0227, 0.0638]",0.2032298445701599,2024-07-25-10-00-39/SITE581_ORNT160_VIS5mi.png
2,1,"[0.0671, 0.0905, 0.1550, 0.0901, 0.1252, 0.1320, 0.0663, 0.1118, 0.1132, 0.0489]",0.15501266717910767,2025-01-15-15-33-17/SITE483_ORNT95_VIS2mi.png
6,9,"[0.0367, 0.0883, 0.1223, 0.1542, 0.1488, 0.1433, 0.1544, 0.1002, 0.0256, 0.0263]",0.15440790355205536,2025-03-28-10-38-15/SITE544_ORNT291_VIS10+mi.png
0,0,"[0.2411, 0.1718, 0.1704, 0.1383, 0.1069, 0.0501, 0.0637, 0.0439, 0.0039, 0.0100]",0.2410782277584076,2025-04-07-16-10-10/SITE75_ORNT75_VIS1mi.png
2,7,"[0.0939, 0.1671, 0.1747, 0.1730, 0.1529, 0.0776, 0.0883, 0.0554, 0.0089, 0.0082]",0.17473506927490234,2024-10-10-15-17-15/SITE17_ORNT95_VIS8mi.png
0,3,"[0.2577, 0.1642, 0.1794, 0.1009, 0.1124, 0.0440, 0.0821, 0.0352, 0.0038, 0.0201]",0.2577427923679352,2025-04-13-19-09-12/SITE602_ORNT0_VIS4mi.png
9,5,"[0.0300, 0.0499, 0.0710, 0.0661, 0.0951, 0.0931, 0.1259, 0.1804, 0.0505, 0.2379]",0.23786357045173645,2025-03-28-10-38-15/SITE606_ORNT180_VIS6mi.png
3,9,"[0.0457, 0.1189, 0.1258, 0.1796, 0.1509, 0.1088, 0.1481, 0.0850, 0.0208, 0.0166]",0.17959770560264587,2024-10-19-10-55-55/SITE539_ORNT110_VIS10+mi.png
0,2,"[0.3557, 0.1613, 0.1534, 0.0858, 0.0922, 0.0467, 0.0418, 0.0431, 0.0063, 0.0137]",0.35565873980522156,2025-03-28-10-38-15/SITE602_ORNT270_VIS3mi.png
4,5,"[0.0290, 0.0792, 0.1047, 0.1471, 0.1626, 0.1193, 0.1452, 0.1339, 0.0504, 0.0285]",0.1626393347978592,2024-07-14-10-21-23/SITE12_ORNT200_VIS6mi.png
7,4,"[0.0054, 0.0201, 0.0409, 0.0671, 0.0843, 0.0907, 0.1046, 0.2273, 0.2101, 0.1494]",0.22734740376472473,2024-08-12-20-17-35/SITE612_ORNT30_VIS5mi.png
2,0,"[0.1651, 0.1778, 0.1853, 0.1632, 0.1212, 0.0617, 0.0650, 0.0467, 0.0045, 0.0096]",0.18525390326976776,2024-07-22-20-17-56/SITE217_ORNT250_VIS1-5mi.png
9,9,"[0.0018, 0.0027, 0.0028, 0.0010, 0.0057, 0.0196, 0.0361, 0.1240, 0.1590, 0.6473]",0.647315502166748,2025-03-26-12-24-08/SITE82_ORNT302_VIS10+mi.png
2,3,"[0.0609, 0.0689, 0.1452, 0.0931, 0.0834, 0.1230, 0.1250, 0.1231, 0.0613, 0.1162]",0.14519599080085754,2024-05-22-13-05-54/SITE205_ORNT100_VIS4mi.png
2,2,"[0.1727, 0.1629, 0.1797, 0.1459, 0.1170, 0.0657, 0.0803, 0.0559, 0.0052, 0.0147]",0.17967848479747772,2024-12-17-16-15-56/SITE442_ORNT300_VIS3mi.png
1,0,"[0.1385, 0.2255, 0.1773, 0.1790, 0.1119, 0.0613, 0.0622, 0.0374, 0.0019, 0.0051]",0.2254648506641388,2024-07-07-11-04-33/SITE65_ORNT290_VIS1-75mi.png
7,2,"[0.0277, 0.0486, 0.0764, 0.1131, 0.0973, 0.1062, 0.1499, 0.1657, 0.0497, 0.1655]",0.1656918227672577,2024-10-05-11-04-16/SITE595_ORNT270_VIS3mi.png
6,3,"[0.0290, 0.0639, 0.1927, 0.0660, 0.1193, 0.1312, 0.2751, 0.0842, 0.0067, 0.0318]",0.2751287519931793,2025-01-28-16-10-28/SITE19_ORNT60_VIS4mi.png
9,5,"[0.0277, 0.0414, 0.0593, 0.0663, 0.0812, 0.0839, 0.1458, 0.1902, 0.0332, 0.2709]",0.27086886763572693,2025-03-31-15-41-11/SITE829_ORNT100_VIS6mi.png
3,5,"[0.0378, 0.0701, 0.1254, 0.1480, 0.0866, 0.1111, 0.1333, 0.1345, 0.0183, 0.1349]",0.14803633093833923,2024-08-10-09-44-28/SITE747_ORNT315_VIS6mi.png
6,2,"[0.0164, 0.0477, 0.0605, 0.0555, 0.0866, 0.2121, 0.2991, 0.1629, 0.0174, 0.0418]",0.299130380153656,2024-07-26-10-22-16/SITE747_ORNT255_VIS3mi.png
0,1,"[0.2265, 0.1786, 0.1369, 0.0947, 0.1016, 0.0905, 0.0336, 0.0720, 0.0425, 0.0230]",0.22650881111621857,2025-02-01-12-44-07/SITE324_ORNT225_VIS2mi.png
9,9,"[0.0261, 0.0325, 0.0700, 0.0686, 0.0691, 0.0643, 0.0876, 0.1536, 0.0650, 0.3632]",0.36317458748817444,2025-01-15-12-14-16/SITE683_ORNT90_VIS10+mi.png
9,3,"[0.0197, 0.0173, 0.0632, 0.0495, 0.0532, 0.0645, 0.1287, 0.1264, 0.0270, 0.4504]",0.4504444897174835,2025-03-20-11-55-50/SITE7_ORNT221_VIS4mi.png
6,6,"[0.0447, 0.0689, 0.1013, 0.1272, 0.1115, 0.1352, 0.1491, 0.1294, 0.0281, 0.1045]",0.1491464525461197,2024-06-30-10-21-08/SITE80_ORNT0_VIS7mi.png
6,5,"[0.0241, 0.0533, 0.0988, 0.1010, 0.1261, 0.1677, 0.2075, 0.1437, 0.0299, 0.0479]",0.20749011635780334,2025-01-17-15-10-02/SITE22_ORNT285_VIS6mi.png
3,1,"[0.0661, 0.1274, 0.1474, 0.1727, 0.1487, 0.1090, 0.1172, 0.0802, 0.0143, 0.0172]",0.17268645763397217,2024-05-07-15-42-07/SITE75_ORNT170_VIS2-5mi.png
9,9,"[0.0453, 0.0484, 0.0716, 0.0842, 0.0838, 0.0920, 0.1197, 0.1459, 0.0404, 0.2688]",0.2688041031360626,2025-03-02-11-48-27/SITE648_ORNT220_VIS10+mi.png
9,9,"[0.0482, 0.0670, 0.0884, 0.0832, 0.0872, 0.0940, 0.1000, 0.1557, 0.0664, 0.2098]",0.20979195833206177,2025-03-15-15-41-34/SITE563_ORNT135_VIS10+mi.png
2,1,"[0.1481, 0.1291, 0.1496, 0.1303, 0.1090, 0.0933, 0.0964, 0.0767, 0.0206, 0.0469]",0.14961741864681244,2024-07-05-14-33-31/SITE217_ORNT100_VIS2mi.png
0,5,"[0.3967, 0.1548, 0.1194, 0.0921, 0.0614, 0.0347, 0.0717, 0.0467, 0.0099, 0.0126]",0.3967101275920868,2025-02-05-13-59-56/SITE852_ORNT45_VIS6mi.png
7,3,"[0.0053, 0.0180, 0.0243, 0.0601, 0.0574, 0.0462, 0.1035, 0.3354, 0.0394, 0.3103]",0.335420697927475,2024-08-01-13-32-05/SITE595_ORNT270_VIS4mi.png
8,2,"[0.0602, 0.0941, 0.1520, 0.0401, 0.1024, 0.1299, 0.0502, 0.1032, 0.2271, 0.0409]",0.22709757089614868,2024-12-03-11-18-04/SITE508_ORNT135_VIS3mi.png
2,2,"[0.1678, 0.1817, 0.1989, 0.1501, 0.1205, 0.0586, 0.0650, 0.0447, 0.0034, 0.0093]",0.19886302947998047,2024-08-30-17-21-54/SITE117_ORNT320_VIS3mi.png
0,0,"[0.2435, 0.1621, 0.1404, 0.1115, 0.1016, 0.0621, 0.0781, 0.0591, 0.0158, 0.0259]",0.24345697462558746,2024-05-07-15-42-07/SITE132_ORNT141_VIS1-75mi.png
7,9,"[0.0026, 0.0091, 0.0158, 0.0321, 0.0567, 0.1063, 0.0895, 0.2879, 0.2114, 0.1885]",0.2878684401512146,2024-07-23-10-10-08/SITE483_ORNT5_VIS20mi.png
5,6,"[0.0458, 0.1130, 0.1583, 0.0919, 0.1237, 0.1621, 0.0994, 0.0954, 0.0875, 0.0226]",0.16212618350982666,2024-07-30-14-06-06/SITE43_ORNT190_VIS7mi.png
8,8,"[0.0031, 0.0166, 0.0501, 0.0357, 0.0394, 0.1055, 0.1130, 0.1001, 0.4770, 0.0596]",0.4770267605781555,2025-04-11-14-52-32/SITE340_ORNT230_VIS9mi.png
5,8,"[0.0435, 0.0734, 0.1652, 0.0737, 0.0948, 0.1707, 0.1215, 0.1150, 0.0981, 0.0441]",0.170660138130188,2025-03-26-12-24-08/SITE522_ORNT270_VIS9mi.png
7,7,"[0.0154, 0.0404, 0.0482, 0.0652, 0.0825, 0.0905, 0.2071, 0.2381, 0.0298, 0.1828]",0.23810671269893646,2024-06-07-15-28-05/SITE18_ORNT5_VIS8mi.png
2,4,"[0.1146, 0.1190, 0.1538, 0.1043, 0.1533, 0.1123, 0.0550, 0.0811, 0.0848, 0.0219]",0.15377889573574066,2025-02-14-15-24-27/SITE807_ORNT90_VIS5mi.png
4,2,"[0.0433, 0.0862, 0.1331, 0.1484, 0.1522, 0.1107, 0.1498, 0.1093, 0.0332, 0.0338]",0.15222495794296265,2024-08-24-13-47-04/SITE45_ORNT180_VIS3mi.png
9,9,"[0.0102, 0.0103, 0.0582, 0.0230, 0.0356, 0.0395, 0.1713, 0.1079, 0.0172, 0.5268]",0.5268487334251404,2025-02-05-13-59-56/SITE95_ORNT317_VIS10+mi.png
7,8,"[0.0313, 0.0596, 0.1015, 0.0828, 0.1263, 0.1455, 0.1552, 0.1709, 0.0498, 0.0771]",0.17089007794857025,2024-05-09-16-15-37/SITE528_ORNT35_VIS9mi.png
6,6,"[0.0063, 0.0146, 0.0082, 0.0052, 0.0087, 0.0512, 0.8577, 0.0171, 0.0007, 0.0304]",0.8576973080635071,2024-08-12-20-17-35/SITE760_ORNT190_VIS7mi.png
2,3,"[0.0560, 0.1033, 0.1968, 0.1018, 0.1646, 0.1317, 0.0798, 0.0854, 0.0680, 0.0126]",0.19682800769805908,2024-07-20-15-11-13/SITE528_ORNT35_VIS4mi.png
1,3,"[0.1147, 0.2188, 0.1862, 0.2036, 0.1379, 0.0516, 0.0501, 0.0319, 0.0024, 0.0027]",0.21881252527236938,2024-07-04-13-27-11/SITE12_ORNT200_VIS4mi.png
7,3,"[0.0115, 0.0256, 0.0475, 0.0598, 0.0947, 0.1376, 0.1879, 0.2416, 0.0650, 0.1289]",0.24156922101974487,2024-08-18-13-20-24/SITE241_ORNT311_VIS4mi.png
9,1,"[0.0162, 0.0312, 0.1112, 0.1058, 0.0337, 0.0636, 0.0619, 0.1482, 0.0841, 0.3441]",0.34409990906715393,2024-07-05-14-33-31/SITE217_ORNT150_VIS2mi.png
1,2,"[0.1329, 0.2144, 0.1698, 0.1859, 0.1171, 0.0677, 0.0631, 0.0414, 0.0024, 0.0054]",0.2143521010875702,2024-07-05-14-33-31/SITE65_ORNT290_VIS3mi.png
9,5,"[0.0545, 0.0570, 0.0888, 0.0858, 0.0779, 0.1000, 0.1352, 0.1185, 0.0310, 0.2514]",0.25141310691833496,2025-01-15-15-33-17/SITE629_ORNT125_VIS6mi.png
0,0,"[0.2211, 0.1441, 0.1438, 0.1106, 0.1314, 0.0757, 0.0522, 0.0668, 0.0256, 0.0287]",0.22113119065761566,2025-02-05-13-59-56/SITE376_ORNT70_VIS1mi.png
8,5,"[0.0021, 0.0120, 0.0282, 0.0395, 0.0573, 0.0980, 0.0586, 0.1503, 0.5030, 0.0510]",0.5030232667922974,2024-08-18-19-28-16/SITE367_ORNT110_VIS6mi.png
0,1,"[0.3351, 0.2064, 0.1131, 0.0880, 0.1010, 0.0508, 0.0193, 0.0564, 0.0146, 0.0153]",0.33509811758995056,2025-04-11-14-52-32/SITE96_ORNT233_VIS2mi.png
6,3,"[0.0575, 0.1046, 0.1532, 0.1257, 0.1232, 0.1476, 0.1555, 0.0877, 0.0202, 0.0248]",0.1555342823266983,2024-07-29-16-41-43/SITE443_ORNT275_VIS4mi.png
3,2,"[0.1201, 0.1522, 0.1444, 0.1597, 0.1297, 0.0958, 0.0950, 0.0695, 0.0099, 0.0237]",0.15969987213611603,2024-07-26-10-22-16/SITE160_ORNT332_VIS3mi.png
2,2,"[0.1314, 0.1634, 0.1863, 0.1552, 0.1356, 0.0787, 0.0857, 0.0499, 0.0042, 0.0096]",0.18631599843502045,2024-06-01-11-15-19/SITE161_ORNT141_VIS3mi.png
2,0,"[0.1523, 0.1490, 0.1659, 0.1370, 0.1177, 0.0766, 0.1071, 0.0590, 0.0076, 0.0278]",0.16587945818901062,2024-08-19-10-27-18/SITE620_ORNT225_VIS1-75mi.png
1,4,"[0.1547, 0.1634, 0.1500, 0.1184, 0.1155, 0.1084, 0.0448, 0.0781, 0.0361, 0.0306]",0.163413867354393,2024-09-21-11-24-11/SITE460_ORNT350_VIS5mi.png
2,3,"[0.1488, 0.1624, 0.1806, 0.1476, 0.1300, 0.0710, 0.0766, 0.0589, 0.0074, 0.0167]",0.18063922226428986,2024-12-21-15-04-41/SITE10_ORNT175_VIS4mi.png
3,3,"[0.0466, 0.1325, 0.1494, 0.1789, 0.1564, 0.1051, 0.1461, 0.0660, 0.0097, 0.0093]",0.1789463460445404,2024-07-07-15-01-32/SITE19_ORNT260_VIS4mi.png
6,3,"[0.0471, 0.0543, 0.0936, 0.0520, 0.0569, 0.0898, 0.4893, 0.0368, 0.0067, 0.0736]",0.48928919434547424,2025-04-07-16-10-10/SITE160_ORNT176_VIS4mi.png
9,9,"[0.0020, 0.0026, 0.0059, 0.0067, 0.0093, 0.0127, 0.0128, 0.0884, 0.0857, 0.7740]",0.7739999890327454,2025-02-19-12-18-05/SITE50_ORNT265_VIS10+mi.png
3,4,"[0.1410, 0.1422, 0.1511, 0.1527, 0.1222, 0.0857, 0.0959, 0.0732, 0.0095, 0.0265]",0.15267999470233917,2025-03-17-19-09-03/SITE10_ORNT175_VIS5mi.png
0,1,"[0.3375, 0.1533, 0.1291, 0.1010, 0.0794, 0.0437, 0.0741, 0.0522, 0.0107, 0.0189]",0.3375113308429718,2025-04-02-15-05-32/SITE169_ORNT57_VIS2mi.png
2,4,"[0.1474, 0.1690, 0.1869, 0.1552, 0.1146, 0.0681, 0.0860, 0.0547, 0.0049, 0.0132]",0.18692612648010254,2024-07-14-10-21-23/SITE127_ORNT272_VIS5mi.png
2,3,"[0.1021, 0.1372, 0.1613, 0.1471, 0.1350, 0.1111, 0.0954, 0.0755, 0.0157, 0.0196]",0.16133485734462738,2025-04-07-16-10-10/SITE276_ORNT225_VIS4mi.png
8,9,"[0.0041, 0.0144, 0.0212, 0.0239, 0.0364, 0.0446, 0.0440, 0.0951, 0.5187, 0.1977]",0.518651008605957,2024-06-20-11-19-17/SITE455_ORNT270_VIS15mi.png
6,7,"[0.0387, 0.0554, 0.0717, 0.0562, 0.0885, 0.1247, 0.3088, 0.1185, 0.0224, 0.1151]",0.3087553083896637,2024-08-02-10-36-13/SITE507_ORNT90_VIS8mi.png
0,1,"[0.2510, 0.1677, 0.1507, 0.1073, 0.1042, 0.0764, 0.0352, 0.0665, 0.0246, 0.0163]",0.2509922683238983,2025-03-26-12-24-08/SITE366_ORNT300_VIS2mi.png
2,6,"[0.1467, 0.1427, 0.1582, 0.1445, 0.1119, 0.0803, 0.1019, 0.0689, 0.0088, 0.0361]",0.15823765099048615,2024-08-18-19-28-16/SITE259_ORNT314_VIS7mi.png
8,8,"[0.0001, 0.0011, 0.0026, 0.0073, 0.0174, 0.0322, 0.0224, 0.1458, 0.6910, 0.0802]",0.6909863948822021,2024-06-10-14-33-22/SITE508_ORNT225_VIS9mi.png
0,3,"[0.1513, 0.1375, 0.1424, 0.1412, 0.1160, 0.0865, 0.0721, 0.0912, 0.0188, 0.0429]",0.1513427048921585,2025-01-23-15-05-27/SITE156_ORNT294_VIS4mi.png
6,7,"[0.0419, 0.0889, 0.0947, 0.1451, 0.1442, 0.1263, 0.1640, 0.1428, 0.0136, 0.0386]",0.16403482854366302,2024-07-24-16-43-44/SITE584_ORNT225_VIS8mi.png
9,9,"[0.0041, 0.0063, 0.0182, 0.0138, 0.0241, 0.0373, 0.0478, 0.1529, 0.0232, 0.6723]",0.6722635626792908,2025-01-28-16-10-28/SITE54_ORNT255_VIS10+mi.png
0,0,"[0.2883, 0.1673, 0.1438, 0.0949, 0.0957, 0.0687, 0.0198, 0.0796, 0.0272, 0.0148]",0.2883065640926361,2025-01-31-13-49-43/SITE239_ORNT110_VIS1-75mi.png
3,7,"[0.1050, 0.1476, 0.1563, 0.1715, 0.1307, 0.0986, 0.0932, 0.0713, 0.0102, 0.0156]",0.1714853197336197,2024-07-28-13-48-26/SITE15_ORNT170_VIS8mi.png
0,5,"[0.1690, 0.1013, 0.1090, 0.0765, 0.1103, 0.0793, 0.0872, 0.0754, 0.0252, 0.1667]",0.16902126371860504,2024-11-19-11-24-38/SITE542_ORNT80_VIS6mi.png
6,3,"[0.0098, 0.0158, 0.0232, 0.0108, 0.0282, 0.0789, 0.7042, 0.0256, 0.0026, 0.1009]",0.7042421698570251,2024-08-02-20-27-22/SITE19_ORNT260_VIS4mi.png
0,7,"[0.2028, 0.1213, 0.1533, 0.1064, 0.1083, 0.0769, 0.0707, 0.0827, 0.0151, 0.0624]",0.20280081033706665,2025-04-10-17-56-44/SITE217_ORNT100_VIS8mi.png
0,0,"[0.2710, 0.1619, 0.1351, 0.1156, 0.1007, 0.0549, 0.0707, 0.0563, 0.0075, 0.0262]",0.27102208137512207,2025-04-02-15-05-32/SITE167_ORNT105_VIS1-5mi.png
3,2,"[0.0994, 0.1341, 0.1423, 0.1459, 0.1205, 0.0974, 0.1047, 0.0904, 0.0259, 0.0394]",0.14590314030647278,2025-03-02-11-48-27/SITE117_ORNT128_VIS3mi.png
1,7,"[0.1326, 0.2161, 0.1893, 0.1739, 0.1382, 0.0545, 0.0508, 0.0377, 0.0030, 0.0038]",0.2160922735929489,2024-07-30-14-06-06/SITE435_ORNT15_VIS8mi.png
6,6,"[0.0017, 0.0039, 0.0028, 0.0011, 0.0017, 0.0193, 0.9630, 0.0025, 0.0001, 0.0039]",0.9629793167114258,2024-07-02-16-22-41/SITE760_ORNT190_VIS7mi.png
9,7,"[0.0044, 0.0068, 0.0075, 0.0250, 0.0487, 0.1592, 0.0743, 0.2177, 0.1149, 0.3414]",0.34142228960990906,2024-09-27-16-12-40/SITE581_ORNT160_VIS8mi.png
0,2,"[0.1493, 0.1336, 0.1486, 0.1269, 0.1051, 0.0816, 0.0539, 0.1096, 0.0263, 0.0650]",0.14927996695041656,2025-02-01-17-30-02/SITE18_ORNT290_VIS3mi.png
8,8,"[0.0017, 0.0075, 0.0106, 0.0144, 0.0199, 0.0310, 0.0180, 0.0601, 0.5048, 0.3321]",0.5047565698623657,2024-06-17-10-37-40/SITE324_ORNT115_VIS9mi.png
2,0,"[0.1553, 0.1661, 0.1693, 0.1650, 0.1108, 0.0704, 0.0864, 0.0562, 0.0048, 0.0157]",0.16933326423168182,2025-01-23-15-05-27/SITE7_ORNT312_VIS1mi.png
8,7,"[0.0000, 0.0007, 0.0010, 0.0071, 0.0034, 0.0095, 0.0077, 0.0638, 0.8461, 0.0607]",0.8461435437202454,2024-07-25-10-00-39/SITE388_ORNT325_VIS8mi.png
2,2,"[0.0529, 0.1272, 0.1840, 0.1595, 0.1638, 0.0947, 0.1222, 0.0754, 0.0115, 0.0088]",0.18400618433952332,2024-10-11-15-41-13/SITE442_ORNT40_VIS3mi.png
7,9,"[0.0291, 0.0540, 0.0849, 0.1120, 0.1242, 0.1180, 0.0930, 0.1552, 0.1106, 0.1190]",0.15524142980575562,2025-03-31-13-29-12/SITE327_ORNT45_VIS15mi.png
5,5,"[0.0358, 0.0726, 0.1965, 0.0475, 0.0728, 0.2023, 0.1270, 0.0794, 0.1432, 0.0230]",0.20228050649166107,2024-07-05-10-36-13/SITE468_ORNT170_VIS6mi.png
9,7,"[0.0097, 0.0149, 0.0599, 0.0274, 0.0329, 0.0272, 0.1365, 0.1328, 0.0566, 0.5020]",0.5020325183868408,2025-02-05-13-59-56/SITE575_ORNT85_VIS8mi.png
7,5,"[0.0088, 0.0294, 0.0438, 0.1004, 0.1275, 0.1277, 0.1529, 0.2598, 0.0537, 0.0959]",0.25983962416648865,2024-08-02-10-36-13/SITE262_ORNT290_VIS6mi.png
2,3,"[0.1221, 0.1516, 0.1746, 0.1569, 0.1296, 0.0849, 0.0952, 0.0624, 0.0069, 0.0157]",0.17462612688541412,2025-01-26-15-53-06/SITE7_ORNT55_VIS4mi.png
6,6,"[0.0335, 0.0700, 0.0784, 0.1321, 0.1355, 0.1292, 0.1815, 0.1660, 0.0174, 0.0565]",0.18148605525493622,2024-07-28-11-17-19/SITE557_ORNT8_VIS7mi.png
3,0,"[0.1181, 0.1315, 0.1440, 0.1537, 0.1166, 0.0951, 0.1085, 0.0810, 0.0136, 0.0380]",0.15365305542945862,2024-06-09-10-51-06/SITE13_ORNT10_VIS1-5mi.png
9,5,"[0.0178, 0.0272, 0.0504, 0.0575, 0.0652, 0.0755, 0.0656, 0.1509, 0.1877, 0.3021]",0.30209919810295105,2025-04-02-15-05-32/SITE215_ORNT130_VIS6mi.png
9,3,"[0.0227, 0.0439, 0.0772, 0.1262, 0.0794, 0.0862, 0.1283, 0.1700, 0.0536, 0.2126]",0.21255101263523102,2025-03-15-15-41-34/SITE601_ORNT250_VIS4mi.png
9,9,"[0.0053, 0.0106, 0.0398, 0.0696, 0.0239, 0.0207, 0.0624, 0.2170, 0.0305, 0.5202]",0.5201761722564697,2025-01-31-13-49-43/SITE7_ORNT312_VIS10+mi.png
0,1,"[0.2121, 0.1928, 0.1575, 0.0951, 0.0891, 0.0903, 0.0311, 0.0741, 0.0419, 0.0160]",0.21214216947555542,2025-01-31-13-49-43/SITE30_ORNT345_VIS2mi.png
2,1,"[0.1411, 0.1861, 0.1956, 0.1569, 0.1306, 0.0623, 0.0674, 0.0474, 0.0042, 0.0085]",0.1955864131450653,2024-05-23-15-19-49/SITE41_ORNT170_VIS2-5mi.png
0,0,"[0.3694, 0.1613, 0.1196, 0.1054, 0.0731, 0.0343, 0.0738, 0.0439, 0.0060, 0.0132]",0.36939385533332825,2024-12-09-12-13-38/SITE542_ORNT350_VIS1-5mi.png
8,5,"[0.0092, 0.0302, 0.0574, 0.0401, 0.0829, 0.1421, 0.1302, 0.1043, 0.3571, 0.0466]",0.35706451535224915,2024-10-15-10-59-57/SITE385_ORNT50_VIS6mi.png
7,8,"[0.0131, 0.0489, 0.0902, 0.1385, 0.1334, 0.1336, 0.1700, 0.1950, 0.0403, 0.0371]",0.19497424364089966,2024-07-27-10-27-08/SITE324_ORNT45_VIS9mi.png
2,2,"[0.1337, 0.1914, 0.2084, 0.1529, 0.1324, 0.0615, 0.0622, 0.0456, 0.0047, 0.0072]",0.20842523872852325,2024-10-06-12-31-10/SITE117_ORNT43_VIS3mi.png
9,2,"[0.1034, 0.0919, 0.1183, 0.0893, 0.1063, 0.1116, 0.0613, 0.1175, 0.0789, 0.1213]",0.12128738313913345,2025-03-05-12-08-53/SITE616_ORNT180_VIS3mi.png
0,0,"[0.1914, 0.1389, 0.1426, 0.1124, 0.1136, 0.0734, 0.0836, 0.0693, 0.0136, 0.0611]",0.19144843518733978,2025-03-31-13-29-12/SITE272_ORNT325_VIS1-75mi.png
6,7,"[0.0295, 0.0446, 0.0916, 0.0934, 0.0870, 0.1050, 0.2287, 0.1266, 0.0276, 0.1660]",0.22868797183036804,2024-12-24-15-14-57/SITE18_ORNT210_VIS8mi.png
9,9,"[0.0041, 0.0127, 0.0126, 0.0303, 0.0376, 0.0392, 0.0339, 0.1229, 0.2172, 0.4895]",0.48945456743240356,2024-07-05-14-33-31/SITE406_ORNT190_VIS14mi.png
0,1,"[0.2614, 0.1537, 0.1334, 0.0895, 0.1204, 0.0686, 0.0445, 0.0654, 0.0323, 0.0308]",0.26135870814323425,2025-01-23-15-05-27/SITE422_ORNT300_VIS2-5mi.png
2,1,"[0.0913, 0.1078, 0.1626, 0.0848, 0.1615, 0.1425, 0.0584, 0.0825, 0.0927, 0.0159]",0.1625642627477646,2025-02-15-16-53-20/SITE365_ORNT100_VIS2mi.png
3,3,"[0.0981, 0.1200, 0.1452, 0.1792, 0.0749, 0.0652, 0.0891, 0.1025, 0.0097, 0.1161]",0.17919351160526276,2024-06-06-17-01-51/SITE622_ORNT230_VIS4mi.png
2,1,"[0.1231, 0.1069, 0.1750, 0.1036, 0.1305, 0.1338, 0.0479, 0.0967, 0.0398, 0.0427]",0.17497777938842773,2024-05-03-12-14-06/SITE205_ORNT305_VIS2mi.png
3,2,"[0.1166, 0.1538, 0.1543, 0.1700, 0.1239, 0.1001, 0.0876, 0.0656, 0.0114, 0.0167]",0.16999773681163788,2024-09-08-13-07-06/SITE129_ORNT266_VIS3mi.png
3,6,"[0.0737, 0.1705, 0.1471, 0.1901, 0.1322, 0.0906, 0.1241, 0.0549, 0.0088, 0.0082]",0.19005246460437775,2024-07-25-18-03-52/SITE245_ORNT132_VIS7mi.png
1,0,"[0.1652, 0.2000, 0.1834, 0.1640, 0.1190, 0.0630, 0.0528, 0.0427, 0.0031, 0.0067]",0.20002125203609467,2024-06-14-11-11-00/SITE205_ORNT230_VIS1mi.png
6,7,"[0.0052, 0.0301, 0.0234, 0.0381, 0.0479, 0.1487, 0.3297, 0.2086, 0.0121, 0.1563]",0.32966503500938416,2024-06-17-10-37-40/SITE405_ORNT250_VIS8mi.png
3,7,"[0.0458, 0.0902, 0.1263, 0.1529, 0.1318, 0.1227, 0.1490, 0.1138, 0.0213, 0.0461]",0.15293890237808228,2025-02-17-14-46-26/SITE53_ORNT15_VIS8mi.png
6,0,"[0.0674, 0.0657, 0.1059, 0.0777, 0.1070, 0.1236, 0.2068, 0.0822, 0.0174, 0.1463]",0.20679360628128052,2025-03-31-13-29-12/SITE626_ORNT110_VIS1mi.png
9,9,"[0.0233, 0.0235, 0.0354, 0.0233, 0.0462, 0.0614, 0.0688, 0.1534, 0.1360, 0.4287]",0.4286912977695465,2025-03-26-14-35-40/SITE584_ORNT325_VIS10+mi.png
0,3,"[0.2037, 0.1545, 0.1432, 0.1145, 0.1086, 0.0800, 0.0546, 0.0787, 0.0217, 0.0404]",0.20371946692466736,2025-02-15-15-20-00/SITE194_ORNT237_VIS4mi.png
2,7,"[0.0734, 0.1131, 0.1824, 0.1336, 0.1361, 0.1157, 0.1301, 0.0777, 0.0131, 0.0247]",0.18237298727035522,2024-07-29-17-46-25/SITE6_ORNT115_VIS8mi.png
2,7,"[0.0653, 0.1170, 0.1850, 0.1286, 0.1599, 0.1263, 0.0965, 0.0785, 0.0278, 0.0152]",0.18495877087116241,2024-06-01-16-58-02/SITE455_ORNT0_VIS8mi.png
3,1,"[0.1179, 0.1685, 0.1558, 0.1702, 0.1281, 0.0876, 0.0898, 0.0585, 0.0082, 0.0155]",0.1701628714799881,2024-10-07-14-17-08/SITE622_ORNT285_VIS2mi.png
6,0,"[0.1364, 0.1132, 0.1329, 0.1111, 0.1158, 0.0852, 0.1407, 0.0756, 0.0108, 0.0781]",0.1407463252544403,2025-01-28-16-10-28/SITE132_ORNT305_VIS1mi.png
6,0,"[0.0303, 0.0774, 0.1481, 0.1094, 0.1255, 0.1398, 0.2442, 0.0950, 0.0071, 0.0233]",0.24415181577205658,2024-07-23-13-08-12/SITE58_ORNT90_VIS1mi.png
2,0,"[0.1091, 0.1566, 0.1935, 0.1535, 0.1367, 0.0782, 0.0964, 0.0570, 0.0062, 0.0128]",0.1934906393289566,2024-09-08-13-07-06/SITE111_ORNT336_VIS1-5mi.png
5,9,"[0.0176, 0.0204, 0.0235, 0.0475, 0.1215, 0.3384, 0.2269, 0.0835, 0.0075, 0.1133]",0.3384229838848114,2024-10-11-15-41-13/SITE50_ORNT265_VIS10+mi.png
6,6,"[0.0209, 0.0602, 0.1018, 0.1299, 0.1378, 0.1472, 0.1911, 0.1521, 0.0234, 0.0355]",0.19112277030944824,2025-01-29-12-01-12/SITE25_ORNT320_VIS7mi.png
0,1,"[0.3979, 0.1628, 0.1278, 0.0806, 0.0867, 0.0368, 0.0507, 0.0359, 0.0044, 0.0163]",0.39789456129074097,4-9-24-5-23-PM/SITE100_ORNT210_VIS2mi.png
2,2,"[0.0664, 0.1404, 0.1796, 0.1670, 0.1713, 0.0837, 0.1147, 0.0599, 0.0097, 0.0072]",0.17956192791461945,2024-06-09-10-51-06/SITE442_ORNT210_VIS3mi.png
0,1,"[0.2971, 0.1715, 0.1437, 0.1014, 0.1031, 0.0571, 0.0484, 0.0502, 0.0122, 0.0153]",0.2971351742744446,2025-02-04-15-47-48/SITE33_ORNT215_VIS2mi.png
0,7,"[0.2216, 0.1631, 0.1819, 0.1232, 0.1154, 0.0563, 0.0734, 0.0456, 0.0066, 0.0129]",0.22159895300865173,2025-02-19-12-18-05/SITE253_ORNT280_VIS8mi.png
2,1,"[0.1276, 0.1880, 0.1975, 0.1594, 0.1420, 0.0643, 0.0641, 0.0459, 0.0045, 0.0067]",0.19753600656986237,2024-12-17-16-15-56/SITE41_ORNT235_VIS2mi.png
0,1,"[0.2138, 0.1794, 0.1454, 0.1375, 0.1130, 0.0657, 0.0712, 0.0499, 0.0049, 0.0193]",0.21381661295890808,2025-02-04-15-47-48/SITE871_ORNT170_VIS2mi.png
8,4,"[0.0131, 0.0416, 0.1206, 0.0730, 0.1238, 0.1519, 0.0729, 0.1267, 0.2557, 0.0207]",0.25573915243148804,2024-06-29-15-18-41/SITE380_ORNT220_VIS5mi.png
1,1,"[0.1641, 0.1787, 0.1609, 0.1280, 0.0926, 0.0716, 0.0546, 0.0870, 0.0117, 0.0509]",0.17865204811096191,2025-01-17-15-10-02/SITE852_ORNT135_VIS2mi.png
3,4,"[0.0777, 0.1075, 0.1256, 0.1548, 0.1536, 0.1295, 0.1021, 0.0940, 0.0305, 0.0248]",0.1547577977180481,2025-01-28-16-10-28/SITE25_ORNT225_VIS5mi.png
4,2,"[0.0751, 0.0914, 0.1387, 0.0961, 0.1434, 0.1355, 0.0625, 0.1074, 0.1105, 0.0394]",0.14340467751026154,2025-02-27-11-22-46/SITE463_ORNT340_VIS3mi.png
2,4,"[0.0884, 0.1500, 0.1655, 0.1652, 0.1576, 0.0882, 0.0888, 0.0681, 0.0157, 0.0125]",0.16550421714782715,2024-06-06-17-01-51/SITE12_ORNT200_VIS5mi.png
2,1,"[0.0795, 0.1351, 0.1650, 0.1570, 0.1539, 0.0960, 0.1113, 0.0707, 0.0148, 0.0166]",0.16499914228916168,2024-06-09-10-51-06/SITE581_ORNT250_VIS2-5mi.png
2,1,"[0.1231, 0.1107, 0.1287, 0.1037, 0.1098, 0.1067, 0.0714, 0.1054, 0.0552, 0.0853]",0.12871964275836945,2024-05-30-17-47-26/SITE94_ORNT280_VIS2-5mi.png
7,6,"[0.0735, 0.0806, 0.0967, 0.1106, 0.1122, 0.1052, 0.1060, 0.1428, 0.0460, 0.1264]",0.14277920126914978,2025-02-14-15-24-27/SITE593_ORNT255_VIS7mi.png
9,9,"[0.0128, 0.0150, 0.0425, 0.0417, 0.0442, 0.0352, 0.0577, 0.1935, 0.0298, 0.5276]",0.5275554060935974,2025-03-01-18-07-41/SITE802_ORNT150_VIS10+mi.png
0,2,"[0.1716, 0.1518, 0.1549, 0.1084, 0.0996, 0.0963, 0.0363, 0.0982, 0.0506, 0.0325]",0.17155618965625763,2025-03-02-13-12-40/SITE397_ORNT270_VIS3mi.png
0,5,"[0.3549, 0.2237, 0.1256, 0.0814, 0.0749, 0.0382, 0.0105, 0.0716, 0.0105, 0.0086]",0.3549288511276245,2025-03-02-13-12-40/SITE207_ORNT75_VIS6mi.png
3,0,"[0.1231, 0.1593, 0.1555, 0.1781, 0.1183, 0.0934, 0.0848, 0.0639, 0.0094, 0.0143]",0.17813441157341003,2025-01-15-15-33-17/SITE186_ORNT110_VIS1-75mi.png
3,2,"[0.1359, 0.1746, 0.1515, 0.1953, 0.1184, 0.0833, 0.0656, 0.0584, 0.0078, 0.0092]",0.19532448053359985,2024-08-18-13-20-24/SITE48_ORNT275_VIS3mi.png
6,6,"[0.0056, 0.0120, 0.0057, 0.0033, 0.0047, 0.0308, 0.9166, 0.0082, 0.0004, 0.0126]",0.91661536693573,2025-04-22-15-39-35/SITE760_ORNT190_VIS7mi.png
9,9,"[0.0213, 0.0184, 0.0407, 0.0542, 0.0611, 0.0577, 0.0745, 0.1849, 0.0678, 0.4194]",0.4193875789642334,2025-02-11-14-30-47/SITE733_ORNT230_VIS10+mi.png
6,0,"[0.1449, 0.1128, 0.1280, 0.1227, 0.0917, 0.0727, 0.1662, 0.0939, 0.0161, 0.0511]",0.16622139513492584,2025-03-06-15-10-58/SITE896_ORNT210_VIS1mi.png
0,0,"[0.2175, 0.1775, 0.1542, 0.1393, 0.1014, 0.0687, 0.0610, 0.0578, 0.0075, 0.0151]",0.21754178404808044,2025-03-31-13-29-12/SITE521_ORNT240_VIS1-5mi.png
5,4,"[0.0500, 0.0852, 0.1206, 0.1161, 0.1407, 0.1509, 0.1397, 0.1256, 0.0289, 0.0424]",0.1509293168783188,2024-07-18-14-04-18/SITE40_ORNT295_VIS5mi.png
3,5,"[0.0253, 0.0754, 0.1331, 0.1774, 0.1043, 0.1121, 0.1532, 0.1407, 0.0155, 0.0629]",0.1774289906024933,2024-05-28-11-05-32/SITE747_ORNT315_VIS6mi.png
2,4,"[0.1037, 0.1635, 0.1878, 0.1606, 0.1364, 0.0907, 0.0874, 0.0541, 0.0069, 0.0088]",0.18779882788658142,2024-08-02-20-27-22/SITE178_ORNT110_VIS5mi.png
0,4,"[0.2145, 0.1350, 0.1351, 0.0946, 0.1222, 0.0739, 0.0616, 0.0653, 0.0292, 0.0685]",0.21454554796218872,2025-03-26-12-24-08/SITE519_ORNT200_VIS5mi.png
3,0,"[0.1013, 0.1414, 0.1536, 0.1701, 0.1231, 0.1004, 0.1076, 0.0735, 0.0090, 0.0199]",0.17006970942020416,2024-07-05-14-33-31/SITE94_ORNT80_VIS1-75mi.png
6,6,"[0.0108, 0.0426, 0.0870, 0.1233, 0.1316, 0.1392, 0.1968, 0.1861, 0.0395, 0.0430]",0.19682788848876953,2024-06-05-18-49-24/SITE623_ORNT10_VIS7mi.png
2,1,"[0.1399, 0.1788, 0.1993, 0.1587, 0.1235, 0.0630, 0.0743, 0.0503, 0.0038, 0.0084]",0.19930750131607056,2024-07-22-11-13-59/SITE98_ORNT245_VIS2mi.png
9,2,"[0.0330, 0.0412, 0.0643, 0.0664, 0.0950, 0.1027, 0.1039, 0.1368, 0.1074, 0.2491]",0.2491123080253601,2025-01-15-12-14-16/SITE471_ORNT255_VIS3mi.png
3,1,"[0.1003, 0.1404, 0.1636, 0.1890, 0.1034, 0.0946, 0.1205, 0.0608, 0.0070, 0.0205]",0.18898159265518188,2025-03-05-12-08-53/SITE658_ORNT120_VIS2mi.png
5,4,"[0.0373, 0.0870, 0.1428, 0.1051, 0.1008, 0.1930, 0.1740, 0.0930, 0.0395, 0.0274]",0.19304977357387543,2024-08-26-16-02-03/SITE417_ORNT140_VIS5mi.png
8,8,"[0.0005, 0.0053, 0.0135, 0.0234, 0.0508, 0.0869, 0.0538, 0.2155, 0.5254, 0.0249]",0.5253939032554626,2024-07-18-11-32-15/SITE375_ORNT330_VIS9mi.png
4,2,"[0.0451, 0.0838, 0.1342, 0.1304, 0.1498, 0.1387, 0.1385, 0.1271, 0.0222, 0.0302]",0.14981362223625183,2024-07-29-16-41-43/SITE229_ORNT18_VIS3mi.png
0,3,"[0.1923, 0.1679, 0.1419, 0.1166, 0.1104, 0.0860, 0.0428, 0.0814, 0.0310, 0.0297]",0.19226497411727905,2025-03-15-15-41-34/SITE5_ORNT155_VIS4mi.png
8,8,"[0.0001, 0.0014, 0.0027, 0.0050, 0.0090, 0.0211, 0.0181, 0.1207, 0.6022, 0.2198]",0.6021844744682312,2024-10-14-13-08-27/SITE383_ORNT35_VIS9mi.png
2,5,"[0.1489, 0.1570, 0.1668, 0.1642, 0.1023, 0.0749, 0.1002, 0.0598, 0.0063, 0.0197]",0.16680097579956055,2024-09-08-13-07-06/SITE198_ORNT80_VIS6mi.png
3,4,"[0.0347, 0.0791, 0.1083, 0.1755, 0.1187, 0.1034, 0.1723, 0.1410, 0.0167, 0.0504]",0.17545752227306366,2025-03-04-14-20-15/SITE203_ORNT70_VIS5mi.png
7,8,"[0.0009, 0.0099, 0.0146, 0.0467, 0.0516, 0.0679, 0.1105, 0.3568, 0.2464, 0.0948]",0.35677221417427063,2024-08-30-10-00-55/SITE520_ORNT90_VIS9mi.png
9,3,"[0.0221, 0.0152, 0.0460, 0.0501, 0.0493, 0.0536, 0.0696, 0.1617, 0.0346, 0.4978]",0.4978272318840027,2025-04-11-14-52-32/SITE215_ORNT330_VIS4mi.png
8,8,"[0.0006, 0.0053, 0.0088, 0.0141, 0.0178, 0.0743, 0.0284, 0.0745, 0.7156, 0.0606]",0.715631365776062,2024-07-07-11-04-33/SITE471_ORNT90_VIS9mi.png
2,5,"[0.1285, 0.2010, 0.2059, 0.1658, 0.1263, 0.0588, 0.0637, 0.0418, 0.0031, 0.0052]",0.20593217015266418,2024-07-07-11-04-33/SITE111_ORNT181_VIS6mi.png
7,9,"[0.0096, 0.0240, 0.0451, 0.0663, 0.0805, 0.0929, 0.1328, 0.2440, 0.0846, 0.2202]",0.24400144815444946,2025-03-15-15-41-34/SITE578_ORNT0_VIS10+mi.png
2,2,"[0.1316, 0.1110, 0.1504, 0.1089, 0.1235, 0.1081, 0.0806, 0.0947, 0.0397, 0.0516]",0.15038228034973145,2025-04-16-13-54-24/SITE45_ORNT290_VIS3mi.png
6,7,"[0.0338, 0.0646, 0.0726, 0.0750, 0.1021, 0.1128, 0.1895, 0.1552, 0.0207, 0.1736]",0.18949611485004425,2024-08-18-19-28-16/SITE272_ORNT67_VIS8mi.png
1,5,"[0.1792, 0.1848, 0.1341, 0.1590, 0.1121, 0.0832, 0.0521, 0.0679, 0.0122, 0.0154]",0.18475857377052307,2024-06-06-17-01-51/SITE40_ORNT120_VIS6mi.png
0,0,"[0.3349, 0.1693, 0.1351, 0.0965, 0.0892, 0.0462, 0.0590, 0.0458, 0.0099, 0.0140]",0.33491554856300354,2025-03-31-15-41-11/SITE5_ORNT230_VIS1-25mi.png
9,9,"[0.0023, 0.0027, 0.0043, 0.0102, 0.0511, 0.1012, 0.0803, 0.1893, 0.0323, 0.5263]",0.5263204574584961,2025-04-11-14-52-32/SITE579_ORNT210_VIS10+mi.png
9,1,"[0.0335, 0.0537, 0.0753, 0.1046, 0.1020, 0.1059, 0.1393, 0.1689, 0.0473, 0.1696]",0.16960561275482178,2024-05-08-14-34-39/SITE735_ORNT75_VIS2mi.png
2,3,"[0.1610, 0.1844, 0.1947, 0.1547, 0.1221, 0.0596, 0.0687, 0.0428, 0.0027, 0.0093]",0.1946903020143509,2024-07-23-10-10-08/SITE8_ORNT278_VIS4mi.png
0,1,"[0.2407, 0.1461, 0.1476, 0.1165, 0.1001, 0.0605, 0.0926, 0.0584, 0.0114, 0.0260]",0.24068856239318848,2024-07-22-11-13-59/SITE179_ORNT185_VIS2mi.png
2,5,"[0.0770, 0.1355, 0.1673, 0.1654, 0.1237, 0.1087, 0.1340, 0.0660, 0.0061, 0.0163]",0.1672954261302948,2024-09-07-13-37-18/SITE607_ORNT180_VIS6mi.png
2,4,"[0.1217, 0.1558, 0.1709, 0.1501, 0.1342, 0.0890, 0.0781, 0.0657, 0.0168, 0.0177]",0.17085261642932892,2024-07-02-16-22-41/SITE169_ORNT57_VIS5mi.png
3,2,"[0.0586, 0.1287, 0.1568, 0.1695, 0.1523, 0.1172, 0.1170, 0.0734, 0.0112, 0.0154]",0.16954974830150604,2024-05-09-16-15-37/SITE117_ORNT165_VIS3mi.png
2,2,"[0.0795, 0.1686, 0.1971, 0.1825, 0.1347, 0.0901, 0.0936, 0.0454, 0.0031, 0.0052]",0.19714833796024323,2024-06-20-11-19-17/SITE84_ORNT336_VIS3mi.png
5,5,"[0.0125, 0.0233, 0.0225, 0.0473, 0.0674, 0.3486, 0.2744, 0.0950, 0.0354, 0.0736]",0.34857937693595886,2024-09-20-16-20-08/SITE22_ORNT285_VIS6mi.png
8,8,"[0.0090, 0.0221, 0.0284, 0.0364, 0.0582, 0.0671, 0.0632, 0.1160, 0.4250, 0.1747]",0.4250432252883911,2024-08-29-14-11-27/SITE343_ORNT360_VIS9mi.png
2,2,"[0.0707, 0.1145, 0.1966, 0.1377, 0.1462, 0.1002, 0.1312, 0.0780, 0.0088, 0.0161]",0.19659633934497833,2024-09-08-13-07-06/SITE98_ORNT245_VIS3mi.png
5,4,"[0.0424, 0.0768, 0.1263, 0.1035, 0.1186, 0.1587, 0.1161, 0.1154, 0.0899, 0.0523]",0.15869933366775513,2024-05-27-19-19-47/SITE490_ORNT280_VIS5mi.png
5,4,"[0.0062, 0.0060, 0.0036, 0.1003, 0.1838, 0.4931, 0.0618, 0.0724, 0.0258, 0.0470]",0.4930628836154938,2024-07-18-11-32-15/SITE19_ORNT325_VIS5mi.png
9,9,"[0.0237, 0.0217, 0.0596, 0.0406, 0.0363, 0.0460, 0.0531, 0.1078, 0.0353, 0.5760]",0.5759828686714172,2024-07-20-15-11-13/SITE430_ORNT255_VIS15mi.png
4,2,"[0.0297, 0.0689, 0.1249, 0.1107, 0.1576, 0.1488, 0.1077, 0.1257, 0.1019, 0.0242]",0.1576118916273117,2024-10-08-11-05-48/SITE360_ORNT115_VIS3mi.png
2,2,"[0.1664, 0.1836, 0.1873, 0.1476, 0.1209, 0.0627, 0.0716, 0.0462, 0.0034, 0.0104]",0.1873069405555725,2024-07-14-10-21-23/SITE8_ORNT278_VIS3mi.png
5,8,"[0.0154, 0.0308, 0.0487, 0.0872, 0.1300, 0.2059, 0.1747, 0.1472, 0.0429, 0.1172]",0.20594044029712677,2024-12-03-11-18-04/SITE301_ORNT275_VIS9mi.png
9,9,"[0.0017, 0.0053, 0.0083, 0.0182, 0.0101, 0.0247, 0.0195, 0.0863, 0.4000, 0.4259]",0.42589864134788513,2024-10-20-11-35-46/SITE542_ORNT305_VIS10+mi.png
1,3,"[0.1102, 0.1804, 0.1762, 0.1733, 0.1265, 0.0895, 0.0804, 0.0495, 0.0061, 0.0080]",0.1803543120622635,2024-07-04-13-27-11/SITE421_ORNT170_VIS4mi.png
2,7,"[0.1285, 0.1961, 0.2096, 0.1648, 0.1304, 0.0597, 0.0623, 0.0414, 0.0030, 0.0043]",0.20957449078559875,2024-09-21-11-24-11/SITE117_ORNT43_VIS8mi.png
2,3,"[0.1568, 0.1699, 0.1789, 0.1615, 0.1220, 0.0717, 0.0700, 0.0521, 0.0052, 0.0118]",0.1789260357618332,2024-07-07-15-01-32/SITE179_ORNT185_VIS4mi.png
6,2,"[0.0227, 0.0516, 0.0829, 0.0610, 0.0948, 0.1734, 0.2518, 0.1657, 0.0259, 0.0703]",0.25178062915802,2024-07-14-10-21-23/SITE747_ORNT255_VIS3mi.png
9,2,"[0.0263, 0.0472, 0.0753, 0.0733, 0.0905, 0.1008, 0.1550, 0.1833, 0.0410, 0.2073]",0.2073088437318802,2025-02-16-12-49-10/SITE66_ORNT162_VIS3mi.png
6,4,"[0.0194, 0.0439, 0.0841, 0.0486, 0.0904, 0.1521, 0.2121, 0.1651, 0.0447, 0.1396]",0.2121063768863678,2024-06-10-18-34-10/SITE540_ORNT178_VIS5mi.png
8,8,"[0.0000, 0.0005, 0.0009, 0.0009, 0.0075, 0.0370, 0.2208, 0.0148, 0.7158, 0.0019]",0.7158286571502686,2024-07-07-20-11-04/SITE455_ORNT90_VIS9mi.png
1,5,"[0.1290, 0.2169, 0.1854, 0.1676, 0.1267, 0.0617, 0.0640, 0.0399, 0.0030, 0.0059]",0.21690461039543152,2024-10-10-15-17-15/SITE160_ORNT237_VIS6mi.png
2,0,"[0.1085, 0.1787, 0.1885, 0.1713, 0.1282, 0.0817, 0.0815, 0.0495, 0.0046, 0.0075]",0.18847280740737915,2024-07-05-14-33-31/SITE239_ORNT30_VIS1mi.png
0,0,"[0.2771, 0.1709, 0.1489, 0.0856, 0.0966, 0.0589, 0.0185, 0.0935, 0.0271, 0.0228]",0.2770595848560333,2024-05-07-15-42-07/SITE132_ORNT30_VIS1-75mi.png
3,1,"[0.0487, 0.1036, 0.1176, 0.1709, 0.1495, 0.1166, 0.1361, 0.1041, 0.0233, 0.0296]",0.1709267497062683,2024-06-06-10-38-22/SITE58_ORNT245_VIS2-5mi.png
9,8,"[0.0009, 0.0042, 0.0064, 0.0089, 0.0155, 0.0217, 0.0202, 0.0909, 0.3865, 0.4448]",0.44482341408729553,2024-07-25-10-00-39/SITE383_ORNT35_VIS9mi.png
9,3,"[0.0439, 0.0445, 0.0728, 0.0678, 0.0778, 0.0909, 0.1023, 0.1497, 0.0404, 0.3099]",0.3099113404750824,2024-07-07-20-11-04/SITE547_ORNT170_VIS4mi.png
6,9,"[0.0614, 0.0780, 0.1062, 0.1022, 0.1168, 0.1223, 0.1660, 0.1295, 0.0219, 0.0955]",0.16602759063243866,2024-10-14-13-08-27/SITE593_ORNT160_VIS10+mi.png
0,0,"[0.3209, 0.2378, 0.1438, 0.0874, 0.0630, 0.0508, 0.0136, 0.0634, 0.0123, 0.0070]",0.3208986818790436,2025-04-02-15-05-32/SITE208_ORNT18_VIS1-5mi.png
9,7,"[0.0365, 0.0419, 0.0872, 0.0863, 0.0673, 0.0787, 0.1122, 0.1348, 0.0302, 0.3249]",0.32488471269607544,2025-02-10-14-47-56/SITE684_ORNT27_VIS8mi.png
3,6,"[0.0853, 0.1177, 0.1134, 0.1517, 0.1032, 0.0898, 0.0925, 0.1400, 0.0171, 0.0893]",0.15165828168392181,2024-07-18-11-32-15/SITE519_ORNT5_VIS7mi.png
3,4,"[0.0954, 0.1738, 0.1717, 0.1788, 0.1365, 0.0840, 0.0937, 0.0517, 0.0066, 0.0078]",0.17881478369235992,2024-05-21-12-02-34/SITE439_ORNT200_VIS5mi.png
9,3,"[0.0342, 0.0453, 0.0522, 0.0675, 0.0646, 0.0814, 0.0755, 0.1840, 0.0254, 0.3701]",0.370116263628006,2024-04-25-17-48-06/SITE36_ORNT350_VIS4mi.png
6,2,"[0.0369, 0.0674, 0.1027, 0.0984, 0.1154, 0.1447, 0.1980, 0.1596, 0.0198, 0.0572]",0.19799841940402985,2024-07-27-10-27-08/SITE411_ORNT280_VIS3mi.png
2,5,"[0.0924, 0.1055, 0.1670, 0.0800, 0.1071, 0.1480, 0.0627, 0.0827, 0.1214, 0.0332]",0.16696198284626007,2025-02-10-14-47-56/SITE362_ORNT25_VIS6mi.png
3,4,"[0.0726, 0.1446, 0.1423, 0.1739, 0.1391, 0.1027, 0.1227, 0.0743, 0.0100, 0.0179]",0.17392952740192413,2024-10-06-17-04-59/SITE251_ORNT140_VIS5mi.png
4,8,"[0.0864, 0.1000, 0.1358, 0.1080, 0.1580, 0.1200, 0.0700, 0.0979, 0.0955, 0.0284]",0.1579533964395523,2025-02-16-12-49-10/SITE376_ORNT170_VIS9mi.png
7,4,"[0.0058, 0.0397, 0.0656, 0.1419, 0.1232, 0.1102, 0.1739, 0.2591, 0.0392, 0.0413]",0.25909921526908875,2024-07-05-10-36-13/SITE203_ORNT220_VIS5mi.png
3,4,"[0.0810, 0.1189, 0.1393, 0.1609, 0.1096, 0.0968, 0.1579, 0.0922, 0.0086, 0.0347]",0.16087566316127777,2024-05-09-16-15-37/SITE129_ORNT266_VIS5mi.png
6,5,"[0.0362, 0.0659, 0.0962, 0.0860, 0.1139, 0.1345, 0.1903, 0.1579, 0.0242, 0.0949]",0.1902943104505539,2024-07-23-10-10-08/SITE719_ORNT20_VIS6mi.png
6,1,"[0.0339, 0.0609, 0.1048, 0.0967, 0.1293, 0.1454, 0.1862, 0.1390, 0.0281, 0.0758]",0.1861763745546341,2024-05-23-15-19-49/SITE104_ORNT325_VIS2mi.png
7,2,"[0.0019, 0.0200, 0.0406, 0.1104, 0.0965, 0.1009, 0.1770, 0.3693, 0.0414, 0.0420]",0.3692556619644165,2024-06-29-10-50-12/SITE203_ORNT220_VIS3mi.png
6,8,"[0.0989, 0.0989, 0.1220, 0.1214, 0.0931, 0.0869, 0.1380, 0.0873, 0.0165, 0.1370]",0.13801495730876923,2025-03-04-14-20-15/SITE821_ORNT50_VIS9mi.png
3,0,"[0.0707, 0.1336, 0.1735, 0.1856, 0.1397, 0.1082, 0.1026, 0.0665, 0.0091, 0.0105]",0.18563836812973022,2024-07-04-10-22-12/SITE76_ORNT60_VIS1-75mi.png
0,3,"[0.2115, 0.1629, 0.1731, 0.1391, 0.0979, 0.0568, 0.0827, 0.0504, 0.0021, 0.0234]",0.21146225929260254,2025-03-06-15-10-58/SITE193_ORNT80_VIS4mi.png
3,4,"[0.0827, 0.1471, 0.1511, 0.1847, 0.1232, 0.1043, 0.1154, 0.0685, 0.0093, 0.0137]",0.18471841514110565,2024-07-29-16-41-43/SITE127_ORNT272_VIS5mi.png
0,1,"[0.3244, 0.1471, 0.1286, 0.1001, 0.0755, 0.0406, 0.1017, 0.0494, 0.0101, 0.0225]",0.324379563331604,2025-01-22-12-38-15/SITE801_ORNT255_VIS2mi.png
5,4,"[0.0193, 0.0454, 0.0678, 0.1051, 0.1318, 0.2096, 0.1918, 0.1497, 0.0353, 0.0442]",0.20958691835403442,2024-08-02-10-36-13/SITE19_ORNT325_VIS5mi.png
7,6,"[0.0068, 0.0365, 0.0185, 0.0457, 0.0901, 0.1405, 0.0987, 0.2876, 0.0575, 0.2181]",0.2876409888267517,2024-07-01-19-28-49/SITE19_ORNT170_VIS7mi.png
2,5,"[0.1272, 0.1226, 0.1419, 0.1329, 0.1111, 0.0863, 0.0929, 0.0939, 0.0187, 0.0725]",0.14192728698253632,2025-03-15-15-41-34/SITE230_ORNT45_VIS6mi.png
9,5,"[0.0190, 0.0272, 0.0653, 0.0668, 0.0803, 0.0748, 0.1365, 0.1817, 0.1079, 0.2405]",0.24052694439888,2025-02-15-15-20-00/SITE86_ORNT12_VIS6mi.png
7,2,"[0.0168, 0.0429, 0.0894, 0.1472, 0.0843, 0.0953, 0.1295, 0.1976, 0.0282, 0.1687]",0.19760762155056,2024-06-10-14-33-22/SITE595_ORNT100_VIS3mi.png
9,9,"[0.0131, 0.0206, 0.0341, 0.0627, 0.0654, 0.0792, 0.0892, 0.2325, 0.0933, 0.3101]",0.31007611751556396,2024-12-29-16-00-12/SITE582_ORNT270_VIS10+mi.png
6,2,"[0.0202, 0.0504, 0.0761, 0.0714, 0.1426, 0.1760, 0.2188, 0.1838, 0.0299, 0.0306]",0.2188442051410675,2024-07-02-16-22-41/SITE13_ORNT240_VIS3mi.png
9,6,"[0.0139, 0.0226, 0.0263, 0.0547, 0.1123, 0.1318, 0.1464, 0.2365, 0.0131, 0.2424]",0.2424004226922989,2024-07-23-10-10-08/SITE578_ORNT295_VIS7mi.png
7,6,"[0.0124, 0.0246, 0.0529, 0.0475, 0.0791, 0.1359, 0.1945, 0.2130, 0.0577, 0.1825]",0.2129557877779007,2024-05-07-15-42-07/SITE253_ORNT195_VIS7mi.png
3,3,"[0.0485, 0.1422, 0.1651, 0.1873, 0.1558, 0.1036, 0.1230, 0.0577, 0.0098, 0.0069]",0.18733473122119904,2024-05-07-15-42-07/SITE127_ORNT114_VIS4mi.png
0,0,"[0.1881, 0.1711, 0.1582, 0.1515, 0.1144, 0.0708, 0.0674, 0.0562, 0.0075, 0.0150]",0.18811465799808502,2024-08-02-10-36-13/SITE215_ORNT40_VIS1-75mi.png
9,7,"[0.0357, 0.0481, 0.0625, 0.0748, 0.0910, 0.0949, 0.1254, 0.1642, 0.0742, 0.2291]",0.2290526032447815,2024-06-17-10-37-40/SITE132_ORNT141_VIS8mi.png
9,5,"[0.0195, 0.0158, 0.0478, 0.0559, 0.0821, 0.0914, 0.1544, 0.1345, 0.0409, 0.3578]",0.35783955454826355,2025-04-13-19-09-12/SITE622_ORNT50_VIS6mi.png
9,7,"[0.0133, 0.0247, 0.0444, 0.0465, 0.0680, 0.0834, 0.1347, 0.1976, 0.0395, 0.3479]",0.3479444682598114,2025-04-11-14-52-32/SITE821_ORNT50_VIS8mi.png
3,0,"[0.1083, 0.1369, 0.1394, 0.1762, 0.1263, 0.1005, 0.0868, 0.0836, 0.0168, 0.0252]",0.17622187733650208,2024-05-07-15-42-07/SITE545_ORNT20_VIS1-25mi.png
7,7,"[0.0026, 0.0185, 0.0217, 0.0647, 0.0812, 0.0901, 0.2028, 0.4166, 0.0241, 0.0777]",0.41657745838165283,2024-07-24-16-43-44/SITE241_ORNT214_VIS8mi.png
0,1,"[0.4328, 0.1359, 0.1012, 0.0999, 0.0446, 0.0211, 0.1098, 0.0393, 0.0049, 0.0104]",0.43282994627952576,2025-01-31-13-49-43/SITE230_ORNT280_VIS2mi.png
7,4,"[0.0277, 0.0564, 0.0637, 0.0756, 0.1118, 0.1026, 0.1809, 0.2030, 0.0243, 0.1541]",0.2029939442873001,2024-10-20-11-35-46/SITE82_ORNT235_VIS5mi.png
8,5,"[0.0363, 0.0571, 0.1143, 0.0713, 0.0817, 0.1116, 0.0606, 0.1565, 0.1773, 0.1333]",0.17727330327033997,2025-03-03-11-33-30/SITE510_ORNT90_VIS6mi.png
2,1,"[0.1537, 0.1642, 0.1778, 0.1485, 0.1268, 0.0734, 0.0777, 0.0572, 0.0064, 0.0143]",0.1778431534767151,2025-03-31-15-41-11/SITE12_ORNT5_VIS2mi.png
0,0,"[0.1725, 0.1418, 0.1463, 0.1361, 0.1148, 0.0735, 0.1016, 0.0668, 0.0103, 0.0364]",0.1724543571472168,2025-04-01-16-59-16/SITE896_ORNT280_VIS1-75mi.png
9,9,"[0.0234, 0.0373, 0.0616, 0.0742, 0.0783, 0.0631, 0.1493, 0.1791, 0.0222, 0.3114]",0.3114236295223236,2024-10-13-15-24-41/SITE95_ORNT67_VIS10+mi.png
6,5,"[0.0290, 0.0750, 0.1052, 0.1105, 0.1357, 0.1695, 0.1916, 0.1397, 0.0199, 0.0238]",0.19163784384727478,2025-03-05-12-08-53/SITE834_ORNT220_VIS6mi.png
3,8,"[0.0836, 0.1141, 0.1563, 0.1623, 0.1272, 0.1026, 0.1191, 0.0854, 0.0110, 0.0384]",0.1622966229915619,2025-02-17-14-46-26/SITE76_ORNT60_VIS9mi.png
2,1,"[0.1637, 0.1725, 0.1752, 0.1616, 0.1232, 0.0660, 0.0684, 0.0540, 0.0049, 0.0104]",0.17521697282791138,2024-07-14-10-21-23/SITE421_ORNT110_VIS2-5mi.png
9,2,"[0.0977, 0.0899, 0.1146, 0.1039, 0.0896, 0.0774, 0.0767, 0.1150, 0.0198, 0.2156]",0.21556250751018524,2025-03-06-15-10-58/SITE239_ORNT202_VIS3mi.png
9,7,"[0.0115, 0.0250, 0.0283, 0.0644, 0.0554, 0.0673, 0.0922, 0.2520, 0.0556, 0.3482]",0.3481774628162384,2024-08-02-20-27-22/SITE203_ORNT70_VIS8mi.png
0,2,"[0.2193, 0.1699, 0.1408, 0.1209, 0.1144, 0.0760, 0.0474, 0.0687, 0.0182, 0.0245]",0.21926800906658173,2025-02-15-15-20-00/SITE719_ORNT180_VIS3mi.png
6,0,"[0.0278, 0.0603, 0.1011, 0.1001, 0.0997, 0.1502, 0.2293, 0.1409, 0.0174, 0.0732]",0.22929374873638153,2024-07-14-16-38-50/SITE81_ORNT326_VIS1mi.png
7,4,"[0.0132, 0.0276, 0.0378, 0.0779, 0.1027, 0.1570, 0.1407, 0.2275, 0.0969, 0.1187]",0.22753500938415527,2024-07-22-20-17-56/SITE19_ORNT60_VIS5mi.png
8,8,"[0.0159, 0.0151, 0.0555, 0.0079, 0.0371, 0.1782, 0.1023, 0.0459, 0.4995, 0.0427]",0.4994727671146393,2025-02-14-15-24-27/SITE352_ORNT340_VIS9mi.png
6,5,"[0.0450, 0.0734, 0.1081, 0.1322, 0.1261, 0.1263, 0.1439, 0.1279, 0.0393, 0.0780]",0.14387190341949463,2024-07-29-16-41-43/SITE593_ORNT255_VIS6mi.png
5,3,"[0.0535, 0.0642, 0.0926, 0.1031, 0.1221, 0.1497, 0.1368, 0.1206, 0.0375, 0.1198]",0.1497470736503601,2024-07-20-11-08-20/SITE722_ORNT255_VIS4mi.png
9,1,"[0.0181, 0.0147, 0.0481, 0.0498, 0.0799, 0.0933, 0.1763, 0.0972, 0.0204, 0.4022]",0.4022059738636017,2024-06-06-10-38-22/SITE725_ORNT180_VIS2mi.png
3,1,"[0.0755, 0.1337, 0.1566, 0.1805, 0.1457, 0.1099, 0.0955, 0.0737, 0.0149, 0.0141]",0.1804869920015335,2024-12-24-15-14-57/SITE40_ORNT295_VIS2mi.png
9,6,"[0.0253, 0.0398, 0.0629, 0.0794, 0.0680, 0.0765, 0.1380, 0.1717, 0.0296, 0.3089]",0.3089028000831604,2025-01-26-15-53-06/SITE734_ORNT225_VIS7mi.png
9,9,"[0.0148, 0.0158, 0.0501, 0.0286, 0.0797, 0.0762, 0.2088, 0.0980, 0.0327, 0.3953]",0.3953067362308502,2025-01-28-16-10-28/SITE658_ORNT120_VIS10+mi.png
8,5,"[0.0067, 0.0242, 0.0467, 0.0647, 0.0903, 0.1139, 0.0829, 0.1978, 0.2924, 0.0804]",0.2923508882522583,2024-12-16-12-39-30/SITE309_ORNT325_VIS6mi.png
3,1,"[0.0555, 0.0885, 0.1188, 0.1486, 0.1329, 0.1200, 0.1279, 0.1193, 0.0285, 0.0600]",0.14855194091796875,2024-05-23-15-19-49/SITE203_ORNT220_VIS2mi.png
9,9,"[0.0164, 0.0208, 0.0363, 0.0568, 0.0830, 0.1851, 0.1662, 0.1645, 0.0348, 0.2361]",0.23612524569034576,2025-03-15-15-41-34/SITE21_ORNT280_VIS10+mi.png
0,2,"[0.2583, 0.1819, 0.1480, 0.1101, 0.0954, 0.0651, 0.0484, 0.0595, 0.0116, 0.0218]",0.25831466913223267,2024-12-24-15-14-57/SITE438_ORNT290_VIS3mi.png
0,6,"[0.1592, 0.1217, 0.1458, 0.1058, 0.1003, 0.0992, 0.0744, 0.0862, 0.0343, 0.0730]",0.159247025847435,2025-01-26-15-53-06/SITE834_ORNT15_VIS7mi.png
2,0,"[0.1625, 0.1807, 0.1899, 0.1549, 0.1262, 0.0652, 0.0606, 0.0472, 0.0047, 0.0081]",0.1898578405380249,2025-03-26-12-24-08/SITE251_ORNT25_VIS1mi.png
6,2,"[0.0524, 0.0833, 0.1132, 0.1306, 0.1191, 0.1292, 0.1468, 0.1300, 0.0236, 0.0718]",0.14681673049926758,2025-03-06-15-10-58/SITE186_ORNT110_VIS3mi.png
0,1,"[0.1819, 0.1708, 0.1726, 0.1560, 0.1167, 0.0685, 0.0659, 0.0513, 0.0060, 0.0103]",0.1819131076335907,2024-07-25-18-03-52/SITE53_ORNT15_VIS2mi.png
0,1,"[0.1818, 0.1370, 0.1425, 0.1075, 0.1254, 0.0866, 0.0689, 0.0732, 0.0289, 0.0481]",0.18184147775173187,2025-01-26-13-23-03/SITE471_ORNT90_VIS2-5mi.png
6,3,"[0.0295, 0.0602, 0.1042, 0.0610, 0.0971, 0.1668, 0.2436, 0.1431, 0.0208, 0.0736]",0.24359197914600372,2025-02-05-13-59-56/SITE747_ORNT255_VIS4mi.png
6,6,"[0.0068, 0.0087, 0.0144, 0.0043, 0.0122, 0.0658, 0.8554, 0.0078, 0.0013, 0.0235]",0.8553704023361206,2024-07-28-13-48-26/SITE760_ORNT190_VIS7mi.png
9,4,"[0.0957, 0.0941, 0.1404, 0.0478, 0.1231, 0.1318, 0.1091, 0.0860, 0.0189, 0.1531]",0.1531318575143814,2025-05-10-19-27-56/SITE13_ORNT85_VIS5mi.png
0,0,"[0.1616, 0.1533, 0.1472, 0.1572, 0.1130, 0.0813, 0.0825, 0.0704, 0.0094, 0.0240]",0.1616031974554062,2025-01-31-13-49-43/SITE86_ORNT75_VIS1-75mi.png
3,4,"[0.0600, 0.1096, 0.1461, 0.1681, 0.1387, 0.1123, 0.1315, 0.0910, 0.0136, 0.0291]",0.16814462840557098,2024-06-20-11-19-17/SITE253_ORNT325_VIS5mi.png
7,6,"[0.0145, 0.0415, 0.0706, 0.0869, 0.1047, 0.1261, 0.1691, 0.2375, 0.0496, 0.0994]",0.23751290142536163,2024-08-18-19-28-16/SITE45_ORNT130_VIS7mi.png
9,9,"[0.0710, 0.0636, 0.1008, 0.1026, 0.0822, 0.0757, 0.1204, 0.1181, 0.0213, 0.2443]",0.24427275359630585,2025-02-12-14-37-35/SITE193_ORNT295_VIS10+mi.png
0,0,"[0.2131, 0.1687, 0.1492, 0.1477, 0.1030, 0.0735, 0.0751, 0.0495, 0.0050, 0.0152]",0.21307940781116486,2025-01-28-16-10-28/SITE161_ORNT316_VIS1-5mi.png
0,1,"[0.3437, 0.1521, 0.1329, 0.0992, 0.1057, 0.0521, 0.0318, 0.0556, 0.0094, 0.0174]",0.3437093198299408,2025-04-01-16-59-16/SITE421_ORNT240_VIS2mi.png
6,3,"[0.0176, 0.0500, 0.0815, 0.0864, 0.1041, 0.1688, 0.2690, 0.1669, 0.0204, 0.0354]",0.2689689099788666,2024-07-28-19-40-21/SITE215_ORNT235_VIS4mi.png
0,1,"[0.3608, 0.1723, 0.1343, 0.0671, 0.0958, 0.0532, 0.0123, 0.0631, 0.0263, 0.0148]",0.36079561710357666,2025-02-04-15-47-48/SITE219_ORNT70_VIS2-5mi.png
0,2,"[0.2107, 0.1456, 0.1372, 0.1185, 0.1167, 0.0777, 0.0634, 0.0721, 0.0239, 0.0342]",0.21074511110782623,2025-02-11-14-30-47/SITE324_ORNT115_VIS3mi.png
2,4,"[0.0787, 0.0902, 0.1472, 0.1089, 0.1064, 0.1160, 0.0901, 0.1224, 0.0504, 0.0897]",0.14717304706573486,2025-03-29-15-28-57/SITE178_ORNT40_VIS5mi.png
9,9,"[0.0006, 0.0025, 0.0082, 0.0198, 0.0135, 0.0178, 0.0581, 0.2708, 0.0135, 0.5952]",0.5952138900756836,2025-01-15-12-14-16/SITE601_ORNT180_VIS10+mi.png
8,8,"[0.0002, 0.0005, 0.0121, 0.0012, 0.0059, 0.0427, 0.0273, 0.0132, 0.8813, 0.0158]",0.8813141584396362,2024-08-11-09-28-59/SITE363_ORNT190_VIS9mi.png
2,1,"[0.0979, 0.1568, 0.1711, 0.1606, 0.1491, 0.0933, 0.0871, 0.0625, 0.0112, 0.0105]",0.1710818111896515,2024-09-19-14-23-02/SITE262_ORNT124_VIS2mi.png
6,6,"[0.0101, 0.0359, 0.0691, 0.0269, 0.0592, 0.2553, 0.3376, 0.1177, 0.0178, 0.0704]",0.33758899569511414,2024-07-05-10-36-13/SITE747_ORNT0_VIS7mi.png
6,3,"[0.0207, 0.0522, 0.0570, 0.0744, 0.0955, 0.1753, 0.2291, 0.1439, 0.0184, 0.1335]",0.22913353145122528,2024-06-03-13-44-33/SITE21_ORNT225_VIS4mi.png
1,2,"[0.1846, 0.1904, 0.1785, 0.1634, 0.1180, 0.0593, 0.0511, 0.0433, 0.0038, 0.0077]",0.19040244817733765,2024-08-31-14-30-34/SITE25_ORNT30_VIS3mi.png
3,2,"[0.1182, 0.1415, 0.1526, 0.1591, 0.1410, 0.0971, 0.0853, 0.0708, 0.0166, 0.0177]",0.15906822681427002,2025-02-14-15-24-27/SITE50_ORNT103_VIS3mi.png
7,5,"[0.0064, 0.0154, 0.0250, 0.0437, 0.0615, 0.1160, 0.1435, 0.2781, 0.0763, 0.2340]",0.2780703902244568,4-9-24-5-23-PM/SITE75_ORNT75_VIS6mi.png
0,0,"[0.1693, 0.1348, 0.1435, 0.1183, 0.1269, 0.0865, 0.0735, 0.0821, 0.0202, 0.0447]",0.169306218624115,2025-02-02-12-13-03/SITE446_ORNT165_VIS1-75mi.png
3,3,"[0.1175, 0.1573, 0.1581, 0.1882, 0.1054, 0.0874, 0.1002, 0.0621, 0.0072, 0.0167]",0.1881934553384781,2024-06-06-17-01-51/SITE620_ORNT225_VIS4mi.png
2,2,"[0.1812, 0.1924, 0.2118, 0.1581, 0.1108, 0.0468, 0.0551, 0.0373, 0.0016, 0.0049]",0.21176409721374512,2024-07-05-14-33-31/SITE169_ORNT14_VIS3mi.png
0,4,"[0.2379, 0.1460, 0.1564, 0.1032, 0.1186, 0.0620, 0.0819, 0.0505, 0.0115, 0.0320]",0.23792189359664917,2025-03-29-15-28-57/SITE598_ORNT285_VIS5mi.png
2,3,"[0.1625, 0.1859, 0.2125, 0.1511, 0.1233, 0.0534, 0.0578, 0.0434, 0.0033, 0.0069]",0.21248388290405273,2024-08-16-20-03-50/SITE208_ORNT330_VIS4mi.png
6,2,"[0.0324, 0.1043, 0.1338, 0.1297, 0.1529, 0.1497, 0.1906, 0.0848, 0.0079, 0.0140]",0.1905987709760666,2024-07-14-10-21-23/SITE411_ORNT75_VIS3mi.png
2,4,"[0.1518, 0.1555, 0.1606, 0.1434, 0.1196, 0.0862, 0.0854, 0.0636, 0.0152, 0.0186]",0.1606440395116806,2025-01-29-12-01-12/SITE253_ORNT65_VIS5mi.png
9,5,"[0.0317, 0.0318, 0.0532, 0.0647, 0.0619, 0.0773, 0.0737, 0.1672, 0.0752, 0.3632]",0.3632025718688965,2025-03-06-15-10-58/SITE215_ORNT330_VIS6mi.png
0,0,"[0.3246, 0.1488, 0.1446, 0.0915, 0.0930, 0.0435, 0.0745, 0.0452, 0.0076, 0.0268]",0.32461175322532654,2025-03-29-15-28-57/SITE217_ORNT100_VIS1mi.png
9,2,"[0.0250, 0.0386, 0.0679, 0.0613, 0.0910, 0.1147, 0.1252, 0.1556, 0.0787, 0.2420]",0.24195463955402374,2025-03-23-13-51-54/SITE117_ORNT165_VIS3mi.png
0,2,"[0.2015, 0.1330, 0.1301, 0.1114, 0.1015, 0.0728, 0.0945, 0.0785, 0.0215, 0.0552]",0.20149759948253632,2025-02-10-14-47-56/SITE786_ORNT130_VIS3mi.png
2,1,"[0.1186, 0.1262, 0.1325, 0.1232, 0.1060, 0.1044, 0.0730, 0.1064, 0.0452, 0.0645]",0.13253353536128998,2025-02-16-12-49-10/SITE411_ORNT220_VIS2mi.png
8,0,"[0.0169, 0.0508, 0.0962, 0.0872, 0.1254, 0.1446, 0.0914, 0.1391, 0.2110, 0.0373]",0.21103230118751526,2024-12-29-16-00-12/SITE345_ORNT225_VIS1-25mi.png
9,3,"[0.0269, 0.0352, 0.0453, 0.0620, 0.0894, 0.0874, 0.1224, 0.1689, 0.0737, 0.2889]",0.28893449902534485,2024-08-26-16-02-03/SITE598_ORNT0_VIS4mi.png
3,2,"[0.0637, 0.1283, 0.1441, 0.1551, 0.1163, 0.1395, 0.1489, 0.0767, 0.0101, 0.0173]",0.1550794392824173,2024-07-04-10-22-12/SITE438_ORNT110_VIS3mi.png
0,2,"[0.3967, 0.1526, 0.1212, 0.0994, 0.0562, 0.0222, 0.1014, 0.0365, 0.0039, 0.0100]",0.39667704701423645,2025-03-18-13-52-55/SITE542_ORNT80_VIS3mi.png
8,8,"[0.0000, 0.0003, 0.0020, 0.0017, 0.0035, 0.0089, 0.0134, 0.0128, 0.9499, 0.0075]",0.9499379992485046,2024-08-19-10-27-18/SITE464_ORNT90_VIS9mi.png
3,7,"[0.1185, 0.1162, 0.1276, 0.1296, 0.1084, 0.0848, 0.0787, 0.1182, 0.0224, 0.0955]",0.12957005202770233,2025-04-14-19-44-02/SITE41_ORNT335_VIS8mi.png
0,0,"[0.1638, 0.1605, 0.1610, 0.1544, 0.1095, 0.0784, 0.0968, 0.0511, 0.0045, 0.0199]",0.16383731365203857,2024-05-01-16-21-18/SITE91_ORNT195_VIS1mi.png
6,9,"[0.0253, 0.0738, 0.1245, 0.1429, 0.1309, 0.1399, 0.1431, 0.1417, 0.0446, 0.0332]",0.1431492269039154,2024-10-08-11-05-48/SITE455_ORNT0_VIS15mi.png
7,8,"[0.0711, 0.0832, 0.1047, 0.1232, 0.0964, 0.0918, 0.0740, 0.1520, 0.0555, 0.1481]",0.15202569961547852,2025-01-15-15-33-17/SITE362_ORNT305_VIS9mi.png
9,9,"[0.0092, 0.0185, 0.0468, 0.0625, 0.0632, 0.0691, 0.1044, 0.2447, 0.0692, 0.3124]",0.31240299344062805,2024-12-29-16-00-12/SITE595_ORNT100_VIS10+mi.png
6,5,"[0.0577, 0.1247, 0.1425, 0.1376, 0.1200, 0.1283, 0.1728, 0.0793, 0.0114, 0.0257]",0.1727910339832306,2024-08-02-13-37-25/SITE438_ORNT208_VIS6mi.png
9,9,"[0.0122, 0.0107, 0.0578, 0.0149, 0.0356, 0.0424, 0.3413, 0.0627, 0.0198, 0.4026]",0.40259286761283875,2025-04-02-15-05-32/SITE575_ORNT85_VIS10+mi.png
2,1,"[0.1344, 0.1690, 0.1760, 0.1620, 0.1250, 0.0792, 0.0795, 0.0567, 0.0066, 0.0117]",0.17597247660160065,2025-02-11-14-30-47/SITE417_ORNT140_VIS2-5mi.png
6,0,"[0.0860, 0.1258, 0.1346, 0.1197, 0.0981, 0.1157, 0.2221, 0.0558, 0.0039, 0.0382]",0.22208791971206665,2024-12-09-12-13-38/SITE186_ORNT217_VIS1-25mi.png
8,8,"[0.0012, 0.0182, 0.0073, 0.0120, 0.0248, 0.0312, 0.0334, 0.0473, 0.8025, 0.0220]",0.8025487065315247,2024-09-19-16-37-08/SITE508_ORNT135_VIS9mi.png
6,6,"[0.0121, 0.0290, 0.0280, 0.0506, 0.1009, 0.1807, 0.2358, 0.2183, 0.0244, 0.1200]",0.23583771288394928,2024-08-15-16-44-48/SITE683_ORNT325_VIS7mi.png
1,5,"[0.1406, 0.2038, 0.1837, 0.1692, 0.1258, 0.0624, 0.0615, 0.0434, 0.0032, 0.0065]",0.20380403101444244,2024-08-30-17-21-54/SITE256_ORNT175_VIS6mi.png
3,0,"[0.1160, 0.1527, 0.1480, 0.1750, 0.1128, 0.0949, 0.1061, 0.0696, 0.0067, 0.0181]",0.17503397166728973,2024-09-08-16-00-24/SITE94_ORNT80_VIS1mi.png
3,0,"[0.1324, 0.1423, 0.1376, 0.1599, 0.1112, 0.0961, 0.0944, 0.0825, 0.0135, 0.0298]",0.15992993116378784,2025-03-31-13-29-12/SITE106_ORNT12_VIS1-5mi.png
0,3,"[0.3130, 0.1702, 0.1471, 0.0887, 0.0980, 0.0519, 0.0526, 0.0474, 0.0137, 0.0175]",0.31295669078826904,2025-02-17-14-46-26/SITE812_ORNT335_VIS4mi.png
6,2,"[0.0219, 0.0595, 0.0936, 0.1228, 0.1426, 0.1632, 0.1948, 0.1334, 0.0328, 0.0355]",0.19483056664466858,2024-05-03-19-33-18/SITE244_ORNT240_VIS3mi.png
9,5,"[0.0265, 0.0434, 0.0655, 0.0709, 0.0928, 0.1126, 0.1463, 0.1757, 0.0422, 0.2242]",0.22420397400856018,2024-07-29-16-41-43/SITE692_ORNT335_VIS6mi.png
3,0,"[0.0636, 0.1292, 0.1328, 0.1728, 0.1474, 0.1121, 0.1185, 0.0890, 0.0166, 0.0180]",0.17282620072364807,2024-08-30-17-21-54/SITE53_ORNT170_VIS1-5mi.png
4,5,"[0.0496, 0.0822, 0.1269, 0.1102, 0.1507, 0.1488, 0.1076, 0.1232, 0.0618, 0.0390]",0.15070059895515442,2025-02-10-14-47-56/SITE17_ORNT340_VIS6mi.png
9,9,"[0.0032, 0.0068, 0.0125, 0.0123, 0.0308, 0.0351, 0.0366, 0.0963, 0.2855, 0.4809]",0.48086613416671753,2025-03-04-14-20-15/SITE494_ORNT270_VIS30mi.png
9,7,"[0.0121, 0.0258, 0.0346, 0.0334, 0.0539, 0.0664, 0.1549, 0.1820, 0.0262, 0.4107]",0.4106961190700531,2024-06-16-15-28-51/SITE215_ORNT235_VIS8mi.png
7,6,"[0.0059, 0.0146, 0.0140, 0.0284, 0.0820, 0.1591, 0.1430, 0.2893, 0.0460, 0.2178]",0.2892538011074066,2024-08-02-10-36-13/SITE569_ORNT276_VIS7mi.png
0,6,"[0.2422, 0.1384, 0.1292, 0.0939, 0.1217, 0.0791, 0.0512, 0.0686, 0.0295, 0.0461]",0.24217788875102997,2025-02-04-15-47-48/SITE446_ORNT10_VIS7mi.png
2,4,"[0.1114, 0.1335, 0.1561, 0.1502, 0.1236, 0.0995, 0.1032, 0.0792, 0.0133, 0.0300]",0.15605102479457855,2024-12-03-11-18-04/SITE721_ORNT90_VIS5mi.png
3,6,"[0.0872, 0.1450, 0.1532, 0.1648, 0.1432, 0.1069, 0.0978, 0.0699, 0.0188, 0.0132]",0.1647951304912567,2024-06-09-10-51-06/SITE253_ORNT195_VIS7mi.png
2,3,"[0.1434, 0.1545, 0.1791, 0.1484, 0.1278, 0.0790, 0.0764, 0.0622, 0.0117, 0.0175]",0.17909324169158936,2024-08-01-10-54-34/SITE217_ORNT150_VIS4mi.png
5,2,"[0.0732, 0.0882, 0.1339, 0.0940, 0.1210, 0.1366, 0.0960, 0.1344, 0.0483, 0.0743]",0.13657721877098083,2025-02-01-12-44-07/SITE405_ORNT35_VIS3mi.png
3,2,"[0.0905, 0.1554, 0.1602, 0.1700, 0.1408, 0.0978, 0.0969, 0.0639, 0.0131, 0.0114]",0.16996067762374878,2024-08-24-13-47-04/SITE179_ORNT108_VIS3mi.png
5,4,"[0.0021, 0.0070, 0.0074, 0.0622, 0.2156, 0.3865, 0.1994, 0.0909, 0.0039, 0.0252]",0.3864808976650238,2024-07-23-10-10-08/SITE19_ORNT170_VIS5mi.png
6,2,"[0.0345, 0.0358, 0.0862, 0.0566, 0.0747, 0.0946, 0.2620, 0.0895, 0.0189, 0.2473]",0.2619926631450653,2024-07-02-10-19-43/SITE542_ORNT350_VIS3mi.png
9,7,"[0.0259, 0.0233, 0.0540, 0.0727, 0.0569, 0.0688, 0.0598, 0.1958, 0.0468, 0.3961]",0.3960597813129425,2024-04-30-13-21-52/SITE215_ORNT330_VIS8mi.png
1,5,"[0.1241, 0.1738, 0.1719, 0.1652, 0.1276, 0.0759, 0.0870, 0.0568, 0.0056, 0.0122]",0.17380551993846893,2024-07-23-10-10-08/SITE719_ORNT300_VIS6mi.png
7,6,"[0.0070, 0.0659, 0.0234, 0.0553, 0.0503, 0.0543, 0.2223, 0.3285, 0.0106, 0.1826]",0.328477680683136,2024-08-26-16-02-03/SITE411_ORNT75_VIS7mi.png
3,4,"[0.0519, 0.1347, 0.1682, 0.1738, 0.1450, 0.1042, 0.1407, 0.0659, 0.0062, 0.0095]",0.1737777143716812,2024-05-09-16-15-37/SITE418_ORNT138_VIS5mi.png
3,6,"[0.0479, 0.1084, 0.1189, 0.1612, 0.1502, 0.1257, 0.1473, 0.0954, 0.0210, 0.0239]",0.16123048961162567,2024-06-17-10-37-40/SITE17_ORNT95_VIS7mi.png
9,9,"[0.0115, 0.0171, 0.0312, 0.0440, 0.0594, 0.1244, 0.1131, 0.2273, 0.0683, 0.3037]",0.30374929308891296,2025-03-05-12-08-53/SITE50_ORNT149_VIS10+mi.png
0,0,"[0.1752, 0.1677, 0.1664, 0.1597, 0.1201, 0.0710, 0.0621, 0.0583, 0.0057, 0.0138]",0.17521724104881287,2024-07-02-16-22-41/SITE198_ORNT20_VIS1-75mi.png
8,8,"[0.0005, 0.0019, 0.0068, 0.0064, 0.0239, 0.0349, 0.0385, 0.0339, 0.8052, 0.0479]",0.8051807284355164,2024-08-02-20-27-22/SITE333_ORNT280_VIS9mi.png
7,6,"[0.0247, 0.0434, 0.0642, 0.0771, 0.0902, 0.1177, 0.1534, 0.2086, 0.0514, 0.1691]",0.20855338871479034,2024-05-01-16-21-18/SITE575_ORNT145_VIS7mi.png
3,0,"[0.0739, 0.1231, 0.1451, 0.1561, 0.1218, 0.1253, 0.1318, 0.0854, 0.0122, 0.0253]",0.15606370568275452,2024-07-20-11-08-20/SITE186_ORNT275_VIS1-75mi.png
0,7,"[0.2129, 0.1558, 0.1377, 0.1028, 0.1117, 0.0786, 0.0566, 0.0748, 0.0225, 0.0466]",0.21285590529441833,2025-01-26-13-23-03/SITE578_ORNT185_VIS8mi.png
0,0,"[0.3241, 0.1558, 0.1236, 0.1027, 0.0762, 0.0438, 0.0840, 0.0555, 0.0118, 0.0225]",0.32406923174858093,2025-03-02-13-12-40/SITE134_ORNT70_VIS1-5mi.png
0,6,"[0.2513, 0.1783, 0.1174, 0.1329, 0.1115, 0.0618, 0.0639, 0.0538, 0.0082, 0.0209]",0.2513048052787781,2025-02-11-14-30-47/SITE203_ORNT335_VIS7mi.png
9,0,"[0.0122, 0.0270, 0.0451, 0.0668, 0.0769, 0.0670, 0.1478, 0.2186, 0.0411, 0.2975]",0.297530859708786,2025-02-02-12-13-03/SITE831_ORNT0_VIS1mi.png
3,2,"[0.0986, 0.1267, 0.1588, 0.1605, 0.1360, 0.0985, 0.1046, 0.0769, 0.0143, 0.0252]",0.16050991415977478,2024-12-24-15-14-57/SITE45_ORNT180_VIS3mi.png
2,2,"[0.1065, 0.1179, 0.1497, 0.1115, 0.1349, 0.1186, 0.0566, 0.0885, 0.0843, 0.0316]",0.14966058731079102,2025-02-04-15-47-48/SITE522_ORNT90_VIS3mi.png
9,6,"[0.0219, 0.0345, 0.0487, 0.0930, 0.1624, 0.1489, 0.1603, 0.1305, 0.0290, 0.1710]",0.17103250324726105,2024-09-02-17-43-28/SITE106_ORNT12_VIS7mi.png
0,0,"[0.2394, 0.1610, 0.1493, 0.1006, 0.1090, 0.0697, 0.0580, 0.0669, 0.0160, 0.0301]",0.23937314748764038,2024-10-13-12-27-42/SITE13_ORNT240_VIS1mi.png
7,7,"[0.0374, 0.0612, 0.0790, 0.1064, 0.1234, 0.1174, 0.1132, 0.1602, 0.0870, 0.1147]",0.1602243036031723,2024-09-08-16-00-24/SITE203_ORNT335_VIS8mi.png
3,1,"[0.1034, 0.2027, 0.1816, 0.2108, 0.0812, 0.0602, 0.1105, 0.0429, 0.0013, 0.0053]",0.2108067125082016,2024-07-25-10-00-39/SITE616_ORNT0_VIS2mi.png
8,8,"[0.0000, 0.0001, 0.0084, 0.0000, 0.0009, 0.0769, 0.1497, 0.0018, 0.7617, 0.0004]",0.7617107033729553,2025-03-28-10-38-15/SITE363_ORNT345_VIS9mi.png
9,4,"[0.0145, 0.0236, 0.0440, 0.0493, 0.0630, 0.0648, 0.0582, 0.1225, 0.2700, 0.2900]",0.2900143265724182,2024-09-08-13-07-06/SITE327_ORNT330_VIS5mi.png
7,7,"[0.0178, 0.0408, 0.0416, 0.0639, 0.0773, 0.0798, 0.1457, 0.2692, 0.0417, 0.2221]",0.2692416310310364,2024-06-27-10-23-10/SITE734_ORNT160_VIS8mi.png
9,9,"[0.0434, 0.0525, 0.0824, 0.0958, 0.0827, 0.1010, 0.1163, 0.1417, 0.0905, 0.1937]",0.19369801878929138,2025-04-22-15-39-35/SITE4_ORNT303_VIS10+mi.png
2,5,"[0.0762, 0.0936, 0.1829, 0.0700, 0.1012, 0.1537, 0.0831, 0.0862, 0.1179, 0.0354]",0.1829318404197693,2025-02-05-13-59-56/SITE397_ORNT145_VIS6mi.png
8,3,"[0.0285, 0.0611, 0.0931, 0.0709, 0.0866, 0.1414, 0.0807, 0.1211, 0.2450, 0.0716]",0.24499189853668213,2024-09-08-13-07-06/SITE330_ORNT20_VIS4mi.png
2,5,"[0.1350, 0.1812, 0.2049, 0.1523, 0.1352, 0.0630, 0.0674, 0.0481, 0.0050, 0.0078]",0.20492805540561676,2024-10-14-13-08-27/SITE98_ORNT25_VIS6mi.png
0,1,"[0.3206, 0.1788, 0.1295, 0.0857, 0.1022, 0.0547, 0.0255, 0.0648, 0.0166, 0.0216]",0.32056188583374023,2025-04-01-16-59-16/SITE240_ORNT112_VIS2-5mi.png
0,0,"[0.1830, 0.1562, 0.1507, 0.1333, 0.1186, 0.0804, 0.0741, 0.0650, 0.0123, 0.0263]",0.1830245405435562,2025-02-14-15-24-27/SITE30_ORNT170_VIS1-75mi.png
0,9,"[0.2323, 0.1817, 0.1645, 0.1014, 0.0929, 0.0728, 0.0307, 0.0801, 0.0273, 0.0163]",0.23230865597724915,2025-02-04-15-47-48/SITE78_ORNT268_VIS10+mi.png
3,4,"[0.0903, 0.1269, 0.1415, 0.1531, 0.1254, 0.1108, 0.1227, 0.0859, 0.0123, 0.0311]",0.15311342477798462,2024-08-29-17-58-30/SITE215_ORNT235_VIS5mi.png
0,0,"[0.1724, 0.1439, 0.1527, 0.1324, 0.1129, 0.0818, 0.0967, 0.0607, 0.0114, 0.0351]",0.1724482923746109,2025-03-15-15-41-34/SITE626_ORNT195_VIS1mi.png
2,4,"[0.0705, 0.1105, 0.2031, 0.1220, 0.1491, 0.1069, 0.1332, 0.0752, 0.0110, 0.0185]",0.2031099498271942,2024-07-23-13-08-12/SITE22_ORNT0_VIS5mi.png
8,8,"[0.0001, 0.0012, 0.0051, 0.0016, 0.0137, 0.0582, 0.0935, 0.0318, 0.7849, 0.0099]",0.7849359512329102,2024-10-19-10-55-55/SITE464_ORNT90_VIS9mi.png
9,9,"[0.0145, 0.0256, 0.0576, 0.0569, 0.0656, 0.0837, 0.1261, 0.1728, 0.0384, 0.3589]",0.35892453789711,2024-12-27-14-55-32/SITE15_ORNT350_VIS10+mi.png
9,7,"[0.0417, 0.0585, 0.1041, 0.1098, 0.0931, 0.1053, 0.1169, 0.1389, 0.0367, 0.1950]",0.19497326016426086,2024-07-25-18-03-52/SITE420_ORNT275_VIS8mi.png
7,7,"[0.0211, 0.0429, 0.0798, 0.1153, 0.0948, 0.1110, 0.1502, 0.1915, 0.0475, 0.1460]",0.1914575695991516,2024-07-14-13-28-24/SITE251_ORNT335_VIS8mi.png
9,6,"[0.0301, 0.0277, 0.0603, 0.0510, 0.0646, 0.0725, 0.1029, 0.1498, 0.0557, 0.3854]",0.38544100522994995,2025-03-26-14-35-40/SITE5_ORNT230_VIS7mi.png
9,2,"[0.0164, 0.0187, 0.0423, 0.0739, 0.0565, 0.0681, 0.0645, 0.2097, 0.1172, 0.3327]",0.3327331244945526,2024-08-11-09-28-59/SITE556_ORNT223_VIS3mi.png
8,8,"[0.0016, 0.0011, 0.0169, 0.0008, 0.0063, 0.0714, 0.0332, 0.0195, 0.8206, 0.0284]",0.8205655813217163,2025-03-31-13-29-12/SITE366_ORNT95_VIS9mi.png
8,8,"[0.0001, 0.0010, 0.0020, 0.0049, 0.0038, 0.0158, 0.0095, 0.0345, 0.8247, 0.1037]",0.8246917724609375,2024-07-02-10-19-43/SITE353_ORNT245_VIS9mi.png
9,9,"[0.0429, 0.0533, 0.0768, 0.0977, 0.0696, 0.0800, 0.0869, 0.1578, 0.0609, 0.2742]",0.27424147725105286,2025-01-17-15-10-02/SITE721_ORNT0_VIS10+mi.png
6,0,"[0.0309, 0.0651, 0.1085, 0.1149, 0.1225, 0.1602, 0.1793, 0.1422, 0.0301, 0.0463]",0.17926372587680817,2024-05-07-15-42-07/SITE43_ORNT10_VIS1-75mi.png
8,8,"[0.0014, 0.0091, 0.0115, 0.0379, 0.0505, 0.0630, 0.0529, 0.1319, 0.5434, 0.0984]",0.5433557033538818,2024-10-07-12-00-07/SITE472_ORNT275_VIS9mi.png
2,2,"[0.0920, 0.1034, 0.1555, 0.1020, 0.1476, 0.1259, 0.0582, 0.0994, 0.0886, 0.0276]",0.15545332431793213,2025-04-01-16-59-16/SITE394_ORNT0_VIS3mi.png
0,2,"[0.2813, 0.1623, 0.1522, 0.1200, 0.0973, 0.0592, 0.0565, 0.0500, 0.0097, 0.0117]",0.2812671959400177,2025-01-23-15-05-27/SITE358_ORNT290_VIS3mi.png
8,5,"[0.0336, 0.0487, 0.0911, 0.0754, 0.1146, 0.1242, 0.0764, 0.1308, 0.1875, 0.1178]",0.18746641278266907,2025-02-10-14-47-56/SITE472_ORNT95_VIS6mi.png
3,2,"[0.0787, 0.1348, 0.1483, 0.1666, 0.1452, 0.1029, 0.1117, 0.0786, 0.0119, 0.0213]",0.16660185158252716,2024-06-16-11-08-10/SITE721_ORNT0_VIS3mi.png
7,2,"[0.0115, 0.0299, 0.0565, 0.0533, 0.1362, 0.1802, 0.1804, 0.2299, 0.0625, 0.0597]",0.22985368967056274,2024-12-23-15-38-40/SITE446_ORNT165_VIS3mi.png
7,4,"[0.0146, 0.0360, 0.0832, 0.0737, 0.0862, 0.1279, 0.1271, 0.1913, 0.1527, 0.1072]",0.19132940471172333,2024-09-18-18-13-42/SITE474_ORNT270_VIS5mi.png
0,1,"[0.3308, 0.1690, 0.1440, 0.0901, 0.0887, 0.0555, 0.0415, 0.0524, 0.0159, 0.0122]",0.3307678699493408,2025-03-23-13-51-54/SITE230_ORNT214_VIS2-5mi.png
7,5,"[0.0184, 0.0372, 0.0537, 0.0670, 0.1124, 0.1184, 0.1594, 0.2166, 0.0558, 0.1610]",0.21663889288902283,2024-09-08-13-07-06/SITE623_ORNT180_VIS6mi.png
2,5,"[0.1616, 0.1578, 0.1779, 0.1458, 0.1144, 0.0709, 0.0917, 0.0560, 0.0059, 0.0180]",0.1779310256242752,2024-06-10-18-34-10/SITE123_ORNT67_VIS6mi.png
5,5,"[0.0458, 0.0829, 0.1121, 0.0886, 0.1474, 0.1597, 0.1545, 0.1295, 0.0447, 0.0349]",0.15970957279205322,2024-07-07-11-04-33/SITE49_ORNT265_VIS6mi.png
1,1,"[0.1375, 0.2039, 0.1716, 0.1810, 0.1323, 0.0653, 0.0556, 0.0437, 0.0037, 0.0055]",0.20385029911994934,2024-08-15-16-44-48/SITE435_ORNT15_VIS2mi.png
8,8,"[0.0366, 0.0446, 0.1225, 0.0316, 0.0738, 0.1960, 0.0430, 0.0857, 0.3111, 0.0551]",0.31110578775405884,2025-04-14-19-44-02/SITE362_ORNT25_VIS9mi.png
9,7,"[0.0149, 0.0258, 0.0365, 0.0446, 0.0772, 0.1399, 0.1576, 0.1950, 0.0508, 0.2577]",0.2577480673789978,2024-07-23-13-08-12/SITE215_ORNT235_VIS8mi.png
4,4,"[0.0164, 0.0674, 0.1279, 0.1553, 0.1664, 0.1359, 0.1417, 0.1259, 0.0482, 0.0150]",0.16636399924755096,2024-08-02-13-37-25/SITE115_ORNT287_VIS5mi.png
0,5,"[0.1507, 0.1262, 0.1418, 0.1344, 0.1080, 0.0865, 0.1042, 0.0791, 0.0165, 0.0526]",0.15070107579231262,2025-01-22-12-38-15/SITE807_ORNT190_VIS6mi.png
6,1,"[0.0277, 0.0487, 0.0640, 0.0835, 0.1007, 0.1146, 0.1866, 0.1814, 0.0211, 0.1719]",0.18663206696510315,2024-09-19-14-23-02/SITE13_ORNT10_VIS2mi.png
2,6,"[0.0864, 0.1610, 0.2053, 0.1542, 0.1508, 0.0843, 0.0910, 0.0526, 0.0062, 0.0083]",0.20532448589801788,2024-09-20-16-20-08/SITE58_ORNT245_VIS7mi.png
4,8,"[0.0305, 0.0802, 0.1628, 0.1368, 0.1690, 0.1182, 0.1608, 0.1086, 0.0191, 0.0140]",0.1689910739660263,2024-08-11-13-07-09/SITE435_ORNT170_VIS9mi.png
2,1,"[0.1004, 0.1614, 0.2433, 0.1246, 0.1375, 0.0725, 0.0911, 0.0528, 0.0057, 0.0107]",0.2433377057313919,2024-06-10-18-34-10/SITE104_ORNT325_VIS2mi.png
8,8,"[0.0010, 0.0069, 0.0135, 0.0254, 0.0382, 0.0583, 0.0459, 0.1117, 0.6113, 0.0878]",0.6112951040267944,2024-06-09-10-51-06/SITE304_ORNT290_VIS9mi.png
6,5,"[0.0172, 0.0488, 0.0581, 0.0725, 0.1215, 0.2396, 0.2798, 0.1176, 0.0149, 0.0299]",0.27984878420829773,2024-07-25-18-03-52/SITE557_ORNT291_VIS6mi.png
6,1,"[0.0354, 0.0892, 0.1345, 0.1483, 0.1367, 0.1320, 0.1591, 0.1170, 0.0194, 0.0284]",0.15908406674861908,2024-09-07-11-42-21/SITE208_ORNT18_VIS2-5mi.png
0,0,"[0.1816, 0.1447, 0.1643, 0.0912, 0.1190, 0.0973, 0.0551, 0.0720, 0.0530, 0.0220]",0.1815575808286667,2025-02-04-15-47-48/SITE377_ORNT110_VIS1mi.png
2,5,"[0.1403, 0.1394, 0.1674, 0.1059, 0.1234, 0.1061, 0.0661, 0.0789, 0.0431, 0.0294]",0.16735857725143433,2025-03-02-11-48-27/SITE528_ORNT310_VIS6mi.png
7,8,"[0.0051, 0.0146, 0.0268, 0.0600, 0.0515, 0.0664, 0.0770, 0.3077, 0.1696, 0.2213]",0.30774039030075073,2024-09-22-16-46-10/SITE203_ORNT220_VIS9mi.png
0,7,"[0.2482, 0.1663, 0.1255, 0.1224, 0.1261, 0.0714, 0.0497, 0.0561, 0.0120, 0.0224]",0.24819988012313843,2025-03-05-12-08-53/SITE610_ORNT260_VIS8mi.png
9,7,"[0.0429, 0.0503, 0.0863, 0.0612, 0.0847, 0.0977, 0.1759, 0.1391, 0.0258, 0.2360]",0.236039936542511,2024-06-06-17-01-51/SITE258_ORNT170_VIS8mi.png
8,8,"[0.0014, 0.0062, 0.0132, 0.0104, 0.0231, 0.0245, 0.0171, 0.0239, 0.8105, 0.0698]",0.810519278049469,2024-10-13-12-27-42/SITE295_ORNT315_VIS9mi.png
9,2,"[0.0467, 0.0380, 0.0987, 0.0789, 0.0708, 0.0733, 0.1291, 0.1328, 0.0357, 0.2960]",0.2959534525871277,2025-02-04-15-47-48/SITE18_ORNT210_VIS3mi.png
2,2,"[0.0913, 0.0937, 0.1448, 0.0795, 0.1105, 0.1436, 0.1330, 0.1027, 0.0452, 0.0557]",0.14480705559253693,2025-02-12-14-37-35/SITE837_ORNT310_VIS3mi.png
2,0,"[0.1655, 0.1602, 0.1669, 0.1537, 0.1165, 0.0688, 0.0823, 0.0616, 0.0072, 0.0175]",0.16687019169330597,2024-07-28-11-17-19/SITE13_ORNT240_VIS1-25mi.png
8,8,"[0.0040, 0.0178, 0.0205, 0.0339, 0.0344, 0.0616, 0.0307, 0.0390, 0.6599, 0.0982]",0.659930944442749,2024-10-13-12-27-42/SITE510_ORNT0_VIS9mi.png
2,6,"[0.1467, 0.1333, 0.1516, 0.0874, 0.1115, 0.1372, 0.0325, 0.0767, 0.1023, 0.0207]",0.15162432193756104,2025-02-12-14-37-35/SITE324_ORNT225_VIS7mi.png
3,7,"[0.0985, 0.1733, 0.1585, 0.1870, 0.1271, 0.0875, 0.0949, 0.0586, 0.0047, 0.0098]",0.1869628131389618,2024-05-23-15-19-49/SITE15_ORNT170_VIS8mi.png
9,7,"[0.0068, 0.0159, 0.0262, 0.0300, 0.0553, 0.0738, 0.1921, 0.2412, 0.0152, 0.3436]",0.34355422854423523,2025-04-13-19-09-12/SITE215_ORNT40_VIS8mi.png
6,7,"[0.0432, 0.0816, 0.1051, 0.1303, 0.1490, 0.1427, 0.1645, 0.1078, 0.0251, 0.0509]",0.16447687149047852,2024-06-30-10-21-08/SITE587_ORNT280_VIS8mi.png
8,4,"[0.0133, 0.0375, 0.1360, 0.0416, 0.0755, 0.1629, 0.0895, 0.0991, 0.3157, 0.0289]",0.31570449471473694,2025-01-15-15-33-17/SITE474_ORNT90_VIS5mi.png
4,7,"[0.0334, 0.0952, 0.0873, 0.1580, 0.1799, 0.1590, 0.1670, 0.0844, 0.0111, 0.0248]",0.17987562716007233,2024-07-24-16-43-44/SITE583_ORNT285_VIS8mi.png
7,6,"[0.0136, 0.0344, 0.0511, 0.0843, 0.1014, 0.1578, 0.1925, 0.2190, 0.0360, 0.1098]",0.2190195471048355,2024-07-22-20-17-56/SITE437_ORNT340_VIS7mi.png
6,9,"[0.0053, 0.0171, 0.0270, 0.0437, 0.0698, 0.1564, 0.2614, 0.2463, 0.0390, 0.1341]",0.261417031288147,2025-04-22-15-39-35/SITE229_ORNT202_VIS10+mi.png
2,4,"[0.1162, 0.0948, 0.2160, 0.0526, 0.0931, 0.1203, 0.0509, 0.0704, 0.1570, 0.0285]",0.2159954458475113,2025-02-15-15-20-00/SITE380_ORNT55_VIS5mi.png
2,0,"[0.1253, 0.1496, 0.2033, 0.1392, 0.1400, 0.0774, 0.0803, 0.0629, 0.0098, 0.0123]",0.20328828692436218,2024-07-05-10-36-13/SITE41_ORNT25_VIS1-5mi.png
1,7,"[0.1421, 0.1917, 0.1635, 0.1748, 0.0913, 0.0806, 0.0966, 0.0445, 0.0026, 0.0123]",0.19170555472373962,2024-06-10-14-33-22/SITE40_ORNT180_VIS8mi.png
2,6,"[0.0558, 0.1159, 0.1594, 0.1445, 0.1494, 0.1207, 0.1414, 0.0808, 0.0156, 0.0166]",0.15935684740543365,2024-06-01-11-15-19/SITE98_ORNT135_VIS7mi.png
6,6,"[0.0193, 0.0719, 0.0989, 0.1588, 0.1619, 0.1259, 0.1848, 0.1390, 0.0219, 0.0176]",0.18478675186634064,2024-07-14-16-38-50/SITE30_ORNT345_VIS7mi.png
2,5,"[0.0930, 0.1498, 0.1709, 0.1618, 0.1427, 0.0940, 0.0970, 0.0661, 0.0098, 0.0150]",0.1709142029285431,2024-09-12-12-03-32/SITE639_ORNT100_VIS6mi.png
6,2,"[0.0184, 0.0282, 0.0341, 0.0460, 0.0990, 0.2838, 0.3737, 0.0479, 0.0138, 0.0551]",0.3736659288406372,2024-08-18-13-20-24/SITE446_ORNT165_VIS3mi.png
3,2,"[0.0593, 0.1387, 0.1359, 0.1916, 0.1488, 0.1042, 0.1236, 0.0733, 0.0104, 0.0141]",0.19158178567886353,2024-07-05-10-36-13/SITE420_ORNT170_VIS3mi.png
6,6,"[0.0273, 0.0606, 0.1086, 0.0658, 0.1057, 0.1486, 0.2841, 0.1453, 0.0171, 0.0370]",0.2840997874736786,2024-08-19-19-34-52/SITE58_ORNT90_VIS7mi.png
9,4,"[0.0266, 0.0443, 0.0642, 0.0694, 0.1121, 0.1109, 0.1233, 0.1577, 0.0867, 0.2049]",0.20489691197872162,2024-08-15-16-44-48/SITE522_ORNT0_VIS5mi.png
8,1,"[0.0327, 0.0645, 0.1077, 0.0697, 0.0993, 0.1502, 0.0856, 0.1220, 0.2055, 0.0628]",0.2055116593837738,2024-07-22-11-13-59/SITE330_ORNT20_VIS2-5mi.png
7,4,"[0.0475, 0.0687, 0.1097, 0.1240, 0.1167, 0.1131, 0.1289, 0.1313, 0.0401, 0.1199]",0.1313033550977707,2025-01-17-15-10-02/SITE842_ORNT230_VIS5mi.png
2,4,"[0.0333, 0.0709, 0.1656, 0.0960, 0.1635, 0.1517, 0.0741, 0.1025, 0.1290, 0.0134]",0.16560561954975128,2025-04-11-14-52-32/SITE276_ORNT45_VIS5mi.png
9,9,"[0.0365, 0.0415, 0.0807, 0.0783, 0.0793, 0.0687, 0.0976, 0.1282, 0.0521, 0.3372]",0.3371780216693878,2025-03-05-12-08-53/SITE20_ORNT285_VIS10+mi.png
2,1,"[0.0899, 0.1333, 0.1601, 0.1581, 0.1445, 0.1059, 0.0988, 0.0759, 0.0145, 0.0191]",0.16007834672927856,2024-10-11-15-41-13/SITE40_ORNT295_VIS2-5mi.png
2,2,"[0.1036, 0.1550, 0.1632, 0.1509, 0.1021, 0.1084, 0.0765, 0.0867, 0.0273, 0.0262]",0.16319219768047333,2024-12-27-14-55-32/SITE483_ORNT5_VIS3mi.png
5,3,"[0.0077, 0.0061, 0.0030, 0.0822, 0.1440, 0.5933, 0.0408, 0.0458, 0.0474, 0.0296]",0.593318521976471,2024-06-10-18-34-10/SITE617_ORNT125_VIS4mi.png
1,5,"[0.1463, 0.2002, 0.1959, 0.1663, 0.1257, 0.0582, 0.0561, 0.0421, 0.0031, 0.0060]",0.200248122215271,2024-08-24-13-47-04/SITE58_ORNT175_VIS6mi.png
9,9,"[0.0271, 0.0369, 0.0593, 0.0586, 0.0790, 0.0818, 0.1403, 0.1686, 0.0267, 0.3217]",0.3217337727546692,2025-02-11-14-30-47/SITE583_ORNT40_VIS10+mi.png
0,2,"[0.4601, 0.0856, 0.1687, 0.0671, 0.1086, 0.0428, 0.0194, 0.0324, 0.0093, 0.0060]",0.4600816071033478,2024-10-13-15-24-41/SITE65_ORNT290_VIS3mi.png
8,7,"[0.0233, 0.0371, 0.0632, 0.0459, 0.1004, 0.1174, 0.0970, 0.1371, 0.2393, 0.1392]",0.2393455058336258,2025-04-01-16-59-16/SITE469_ORNT80_VIS8mi.png
9,5,"[0.0181, 0.0339, 0.0835, 0.1019, 0.0812, 0.0974, 0.1028, 0.1792, 0.0794, 0.2226]",0.22255556285381317,2025-03-26-12-24-08/SITE11_ORNT308_VIS6mi.png
0,0,"[0.2618, 0.1749, 0.1395, 0.1081, 0.1077, 0.0678, 0.0416, 0.0610, 0.0178, 0.0197]",0.26176631450653076,2025-02-01-17-30-02/SITE309_ORNT30_VIS1mi.png
6,7,"[0.0249, 0.0704, 0.0810, 0.1451, 0.1641, 0.1414, 0.1697, 0.1427, 0.0260, 0.0348]",0.1697370409965515,2024-07-14-16-38-50/SITE239_ORNT110_VIS8mi.png
0,1,"[0.2526, 0.1648, 0.1337, 0.1110, 0.1117, 0.0671, 0.0595, 0.0572, 0.0134, 0.0289]",0.2526423931121826,2025-01-22-12-38-15/SITE801_ORNT155_VIS2mi.png
3,3,"[0.1211, 0.1796, 0.1732, 0.1867, 0.1216, 0.0799, 0.0747, 0.0497, 0.0047, 0.0088]",0.18667198717594147,2024-07-28-19-40-21/SITE417_ORNT220_VIS4mi.png
2,0,"[0.1186, 0.1457, 0.1619, 0.1578, 0.1260, 0.0885, 0.1009, 0.0695, 0.0097, 0.0214]",0.16189606487751007,2024-07-05-14-33-31/SITE241_ORNT120_VIS1-5mi.png
8,8,"[0.0090, 0.0249, 0.0536, 0.0409, 0.0732, 0.1248, 0.1458, 0.1602, 0.2492, 0.1185]",0.24924533069133759,2025-03-26-12-24-08/SITE365_ORNT100_VIS9mi.png
2,6,"[0.1551, 0.1899, 0.2084, 0.1620, 0.1172, 0.0540, 0.0629, 0.0422, 0.0025, 0.0058]",0.20840948820114136,2024-07-23-13-08-12/SITE234_ORNT117_VIS7mi.png
9,3,"[0.0345, 0.0306, 0.0763, 0.0558, 0.0614, 0.0572, 0.1233, 0.1401, 0.0196, 0.4014]",0.4013702869415283,2025-03-05-12-08-53/SITE719_ORNT20_VIS4mi.png
2,2,"[0.1521, 0.1677, 0.1784, 0.1688, 0.1222, 0.0642, 0.0793, 0.0543, 0.0035, 0.0095]",0.17842452228069305,2024-05-07-15-42-07/SITE561_ORNT350_VIS3mi.png
7,6,"[0.0035, 0.0123, 0.0101, 0.0267, 0.0851, 0.1794, 0.1950, 0.3199, 0.0203, 0.1477]",0.3198973834514618,2024-07-25-10-00-39/SITE569_ORNT276_VIS7mi.png
9,4,"[0.0020, 0.0081, 0.0106, 0.0169, 0.0432, 0.0821, 0.2045, 0.0967, 0.0083, 0.5278]",0.527763307094574,2025-04-16-13-54-24/SITE96_ORNT45_VIS5mi.png
8,8,"[0.0001, 0.0012, 0.0031, 0.0035, 0.0134, 0.0331, 0.0327, 0.0741, 0.8129, 0.0258]",0.8128783702850342,2024-06-27-10-23-10/SITE380_ORNT220_VIS9mi.png
0,0,"[0.2226, 0.1961, 0.1608, 0.1620, 0.0971, 0.0635, 0.0566, 0.0340, 0.0014, 0.0059]",0.22259381413459778,2024-05-31-11-53-14/SITE66_ORNT95_VIS1mi.png
6,6,"[0.0610, 0.0943, 0.1308, 0.1440, 0.1174, 0.1096, 0.1538, 0.1073, 0.0173, 0.0645]",0.1538415551185608,2025-04-07-16-10-10/SITE658_ORNT120_VIS7mi.png
0,3,"[0.1812, 0.1609, 0.1719, 0.1464, 0.1144, 0.0667, 0.0817, 0.0554, 0.0057, 0.0157]",0.1812475621700287,2025-04-01-16-59-16/SITE26_ORNT180_VIS4mi.png
1,3,"[0.1188, 0.2335, 0.1805, 0.1883, 0.1361, 0.0553, 0.0492, 0.0330, 0.0021, 0.0032]",0.23348362743854523,2024-10-13-15-24-41/SITE75_ORNT15_VIS4mi.png
8,8,"[0.0011, 0.0032, 0.0072, 0.0096, 0.0196, 0.0217, 0.0121, 0.0723, 0.4313, 0.4219]",0.43131202459335327,2024-06-14-14-13-33/SITE508_ORNT225_VIS9mi.png
3,1,"[0.0971, 0.1590, 0.1467, 0.1762, 0.1369, 0.0942, 0.0972, 0.0674, 0.0122, 0.0132]",0.1761908382177353,2025-01-28-16-10-28/SITE229_ORNT202_VIS2mi.png
