predicted,truth,output,top,path
3,6,"[0.0919, 0.1221, 0.1321, 0.1610, 0.1259, 0.1263, 0.0916, 0.0933, 0.0272, 0.0288]",0.16096773743629456,2024-06-09-10-51-06/SITE253_ORNT195_VIS7mi.png
9,2,"[0.0242, 0.0200, 0.0449, 0.0585, 0.0878, 0.1316, 0.1404, 0.2072, 0.0567, 0.2288]",0.2288064956665039,2025-02-12-14-37-35/SITE837_ORNT90_VIS3mi.png
9,7,"[0.0271, 0.0365, 0.0940, 0.0682, 0.0806, 0.1386, 0.1269, 0.1364, 0.0402, 0.2515]",0.2514592707157135,2024-12-29-16-00-12/SITE808_ORNT135_VIS8mi.png
5,7,"[0.0889, 0.1199, 0.1196, 0.0975, 0.1141, 0.1416, 0.1228, 0.1188, 0.0388, 0.0381]",0.1416465789079666,2024-06-07-15-28-05/SITE98_ORNT245_VIS8mi.png
9,9,"[0.0124, 0.0174, 0.0432, 0.0272, 0.0264, 0.0531, 0.0369, 0.0950, 0.2775, 0.4109]",0.4109008014202118,2025-04-10-17-56-44/SITE852_ORNT315_VIS10+mi.png
0,0,"[0.2762, 0.2465, 0.1696, 0.1049, 0.0680, 0.0333, 0.0470, 0.0478, 0.0041, 0.0026]",0.2761537730693817,2024-07-05-10-36-13/SITE217_ORNT250_VIS1-5mi.png
5,2,"[0.0997, 0.1554, 0.1552, 0.0630, 0.1000, 0.1774, 0.0350, 0.0799, 0.1196, 0.0148]",0.17736199498176575,2025-03-02-13-12-40/SITE397_ORNT270_VIS3mi.png
3,2,"[0.1848, 0.1762, 0.1342, 0.1874, 0.1223, 0.0649, 0.0635, 0.0485, 0.0080, 0.0101]",0.18741999566555023,2024-08-24-13-47-04/SITE179_ORNT108_VIS3mi.png
8,8,"[0.0021, 0.0052, 0.0067, 0.0077, 0.0221, 0.0616, 0.0297, 0.0469, 0.7802, 0.0379]",0.7802334427833557,2024-07-07-20-11-04/SITE455_ORNT90_VIS9mi.png
9,7,"[0.0004, 0.0027, 0.0033, 0.0310, 0.0412, 0.0140, 0.0511, 0.1671, 0.0244, 0.6646]",0.6646277904510498,2024-06-27-10-23-10/SITE734_ORNT160_VIS8mi.png
1,3,"[0.0221, 0.3203, 0.1549, 0.2011, 0.0880, 0.1007, 0.0729, 0.0347, 0.0020, 0.0034]",0.3203047215938568,2024-05-08-14-34-39/SITE616_ORNT270_VIS4mi.png
3,8,"[0.1197, 0.1091, 0.1311, 0.1422, 0.1248, 0.1047, 0.1031, 0.0909, 0.0322, 0.0423]",0.14215408265590668,2024-07-26-10-22-16/SITE435_ORNT170_VIS9mi.png
0,1,"[0.2980, 0.1834, 0.2243, 0.0631, 0.0619, 0.0471, 0.0391, 0.0725, 0.0053, 0.0054]",0.29798784852027893,2025-03-02-13-12-40/SITE171_ORNT315_VIS2mi.png
5,5,"[0.0323, 0.0415, 0.0258, 0.1213, 0.2180, 0.3456, 0.1092, 0.0572, 0.0224, 0.0267]",0.3455696403980255,2024-06-16-15-28-51/SITE19_ORNT170_VIS6mi.png
1,1,"[0.1565, 0.2368, 0.1466, 0.1654, 0.0989, 0.0678, 0.0637, 0.0476, 0.0079, 0.0088]",0.23677736520767212,2024-05-30-17-47-26/SITE94_ORNT280_VIS2-5mi.png
1,6,"[0.1458, 0.2772, 0.1214, 0.2060, 0.0987, 0.0654, 0.0408, 0.0353, 0.0059, 0.0035]",0.2772408425807953,2024-09-08-16-00-24/SITE15_ORNT90_VIS7mi.png
1,7,"[0.2050, 0.2859, 0.1298, 0.1788, 0.0939, 0.0432, 0.0345, 0.0227, 0.0034, 0.0028]",0.2859109342098236,2024-07-25-18-03-52/SITE437_ORNT260_VIS8mi.png
9,6,"[0.0377, 0.0746, 0.1071, 0.0938, 0.1039, 0.1196, 0.0926, 0.1319, 0.0974, 0.1414]",0.1413702815771103,2024-09-08-16-00-24/SITE96_ORNT135_VIS7mi.png
8,8,"[0.0243, 0.0417, 0.0579, 0.0612, 0.0941, 0.1433, 0.0954, 0.1145, 0.2852, 0.0823]",0.28520846366882324,2024-07-28-13-48-26/SITE386_ORNT290_VIS9mi.png
1,2,"[0.1873, 0.2055, 0.1157, 0.1901, 0.0951, 0.0626, 0.0705, 0.0550, 0.0117, 0.0064]",0.20549942553043365,2024-07-07-20-11-04/SITE66_ORNT323_VIS3mi.png
8,8,"[0.0022, 0.0029, 0.0029, 0.0025, 0.0057, 0.0226, 0.0081, 0.0170, 0.7408, 0.1953]",0.7407982349395752,2024-08-01-13-32-05/SITE330_ORNT215_VIS9mi.png
3,2,"[0.1284, 0.1998, 0.1043, 0.2067, 0.1364, 0.0789, 0.0579, 0.0646, 0.0129, 0.0102]",0.20667043328285217,2024-12-17-16-15-56/SITE442_ORNT210_VIS3mi.png
9,9,"[0.0320, 0.0563, 0.0674, 0.0810, 0.0999, 0.1445, 0.1124, 0.1167, 0.0294, 0.2605]",0.26045212149620056,2025-02-19-12-18-05/SITE871_ORNT90_VIS10+mi.png
1,7,"[0.1591, 0.1774, 0.1534, 0.1417, 0.1171, 0.0958, 0.0668, 0.0564, 0.0198, 0.0127]",0.17737306654453278,2025-02-01-12-44-07/SITE332_ORNT155_VIS8mi.png
1,3,"[0.1819, 0.2365, 0.1298, 0.1763, 0.1057, 0.0678, 0.0462, 0.0400, 0.0092, 0.0066]",0.23652046918869019,2024-05-31-11-53-14/SITE84_ORNT147_VIS4mi.png
9,3,"[0.0140, 0.0177, 0.0859, 0.0521, 0.0604, 0.1126, 0.1493, 0.1129, 0.0221, 0.3728]",0.3728164732456207,2025-03-20-11-55-50/SITE7_ORNT221_VIS4mi.png
5,5,"[0.0557, 0.0797, 0.1475, 0.0616, 0.1024, 0.2224, 0.0724, 0.0744, 0.1720, 0.0119]",0.22242602705955505,2024-05-22-13-05-54/SITE471_ORNT255_VIS6mi.png
0,0,"[0.2975, 0.2515, 0.1709, 0.1197, 0.0598, 0.0388, 0.0214, 0.0356, 0.0037, 0.0009]",0.2975456118583679,2025-03-05-12-08-53/SITE601_ORNT90_VIS1-75mi.png
3,3,"[0.0519, 0.0833, 0.1070, 0.2163, 0.1524, 0.1078, 0.1044, 0.1185, 0.0224, 0.0358]",0.21634739637374878,2024-12-24-15-14-57/SITE719_ORNT180_VIS4mi.png
8,6,"[0.0022, 0.0052, 0.0122, 0.0081, 0.0413, 0.0505, 0.0372, 0.0519, 0.7125, 0.0788]",0.7125256061553955,2025-02-12-14-37-35/SITE362_ORNT305_VIS7mi.png
9,6,"[0.0018, 0.0060, 0.0085, 0.0845, 0.0879, 0.0544, 0.1188, 0.2436, 0.0153, 0.3792]",0.3792210817337036,2024-06-28-13-30-05/SITE19_ORNT260_VIS7mi.png
8,7,"[0.0204, 0.0391, 0.0658, 0.0370, 0.0842, 0.1479, 0.0905, 0.1188, 0.2576, 0.1386]",0.25759002566337585,2024-08-30-10-00-55/SITE457_ORNT225_VIS8mi.png
6,2,"[0.0380, 0.0424, 0.0541, 0.0888, 0.1129, 0.1307, 0.2671, 0.1457, 0.0261, 0.0942]",0.2670583426952362,2025-04-02-15-05-32/SITE86_ORNT239_VIS3mi.png
9,6,"[0.0202, 0.0425, 0.0733, 0.0784, 0.0854, 0.0952, 0.1035, 0.1749, 0.0748, 0.2518]",0.2518416941165924,2025-01-26-15-53-06/SITE734_ORNT225_VIS7mi.png
1,1,"[0.2143, 0.2313, 0.1294, 0.1541, 0.0992, 0.0578, 0.0561, 0.0406, 0.0103, 0.0069]",0.2312668114900589,2024-07-22-11-13-59/SITE179_ORNT185_VIS2mi.png
7,2,"[0.0845, 0.0958, 0.1407, 0.1038, 0.1113, 0.1381, 0.0898, 0.1416, 0.0232, 0.0711]",0.14162185788154602,2025-02-10-14-47-56/SITE53_ORNT115_VIS3mi.png
8,8,"[0.0008, 0.0018, 0.0046, 0.0025, 0.0103, 0.0364, 0.0232, 0.0318, 0.6287, 0.2598]",0.628699541091919,2024-07-23-13-08-12/SITE380_ORNT220_VIS9mi.png
1,1,"[0.1961, 0.2337, 0.1323, 0.1562, 0.1026, 0.0677, 0.0488, 0.0439, 0.0113, 0.0073]",0.2336885631084442,2024-07-18-11-32-15/SITE73_ORNT65_VIS2-5mi.png
3,7,"[0.0842, 0.1295, 0.1039, 0.1773, 0.1418, 0.1032, 0.0998, 0.1080, 0.0326, 0.0195]",0.17730996012687683,2024-10-06-17-04-59/SITE442_ORNT120_VIS8mi.png
7,7,"[0.0392, 0.0457, 0.0540, 0.1216, 0.1813, 0.1306, 0.1165, 0.2154, 0.0144, 0.0812]",0.21539773046970367,2024-07-23-16-31-18/SITE545_ORNT95_VIS8mi.png
0,1,"[0.1846, 0.1814, 0.1536, 0.0811, 0.1108, 0.1209, 0.0362, 0.0691, 0.0569, 0.0054]",0.18455348908901215,2025-02-01-17-30-02/SITE328_ORNT0_VIS2mi.png
1,1,"[0.2174, 0.2342, 0.1303, 0.1733, 0.1020, 0.0500, 0.0493, 0.0326, 0.0058, 0.0052]",0.23417046666145325,2025-01-22-12-38-15/SITE801_ORNT255_VIS2mi.png
9,1,"[0.0341, 0.0413, 0.0908, 0.0695, 0.0974, 0.1439, 0.1408, 0.1364, 0.0743, 0.1715]",0.17152225971221924,2025-02-05-13-59-56/SITE59_ORNT10_VIS2mi.png
5,1,"[0.1453, 0.1478, 0.1488, 0.0746, 0.1381, 0.1524, 0.0368, 0.0645, 0.0866, 0.0052]",0.15238824486732483,2025-01-26-13-23-03/SITE471_ORNT90_VIS2-5mi.png
1,2,"[0.1066, 0.2440, 0.1447, 0.2053, 0.1052, 0.0688, 0.0714, 0.0405, 0.0047, 0.0087]",0.24396708607673645,2025-01-23-15-05-27/SITE602_ORNT60_VIS3mi.png
0,4,"[0.3127, 0.2678, 0.1508, 0.0650, 0.0812, 0.0551, 0.0256, 0.0305, 0.0104, 0.0008]",0.312656044960022,2025-01-15-12-14-16/SITE358_ORNT290_VIS5mi.png
9,9,"[0.0072, 0.0175, 0.0387, 0.0532, 0.0785, 0.1544, 0.1855, 0.1528, 0.1206, 0.1915]",0.19146078824996948,2024-10-13-15-24-41/SITE721_ORNT320_VIS10+mi.png
9,6,"[0.0064, 0.0142, 0.0371, 0.0446, 0.0550, 0.0908, 0.2526, 0.1337, 0.0266, 0.3389]",0.33888617157936096,2024-07-28-11-17-19/SITE557_ORNT8_VIS7mi.png
0,1,"[0.2781, 0.2524, 0.1188, 0.1451, 0.0905, 0.0410, 0.0399, 0.0251, 0.0055, 0.0036]",0.27810603380203247,2024-08-15-16-44-48/SITE437_ORNT340_VIS2-5mi.png
5,1,"[0.0592, 0.1083, 0.1232, 0.1356, 0.1299, 0.1581, 0.1089, 0.1004, 0.0222, 0.0541]",0.15813082456588745,2024-07-14-16-38-50/SITE178_ORNT300_VIS2mi.png
7,6,"[0.0116, 0.0242, 0.0285, 0.1132, 0.1223, 0.1291, 0.2007, 0.2025, 0.0463, 0.1215]",0.20247900485992432,2024-08-26-16-02-03/SITE411_ORNT75_VIS7mi.png
9,9,"[0.0271, 0.0244, 0.0310, 0.0674, 0.1318, 0.1046, 0.1046, 0.2209, 0.0342, 0.2541]",0.25407129526138306,2025-04-07-16-10-10/SITE587_ORNT280_VIS10+mi.png
5,5,"[0.0636, 0.0801, 0.1523, 0.0988, 0.0949, 0.2338, 0.1248, 0.0857, 0.0507, 0.0153]",0.23376533389091492,2024-07-24-16-43-44/SITE111_ORNT246_VIS6mi.png
0,1,"[0.2370, 0.2261, 0.1280, 0.1411, 0.0963, 0.0578, 0.0545, 0.0410, 0.0122, 0.0061]",0.23702827095985413,2024-07-27-10-27-08/SITE132_ORNT141_VIS2mi.png
8,8,"[0.0257, 0.0347, 0.0622, 0.0282, 0.0918, 0.1286, 0.0440, 0.0874, 0.3972, 0.1002]",0.3972228169441223,2024-07-26-10-22-16/SITE534_ORNT225_VIS9mi.png
9,4,"[0.0193, 0.0161, 0.0516, 0.0474, 0.0738, 0.1026, 0.1290, 0.1662, 0.0616, 0.3324]",0.33241552114486694,2025-02-01-17-30-02/SITE546_ORNT40_VIS5mi.png
0,3,"[0.3881, 0.2533, 0.0989, 0.1117, 0.0608, 0.0292, 0.0291, 0.0220, 0.0050, 0.0019]",0.3880555033683777,2025-03-29-15-28-57/SITE15_ORNT90_VIS4mi.png
5,2,"[0.0496, 0.0710, 0.1006, 0.1393, 0.1416, 0.1680, 0.0819, 0.1040, 0.1327, 0.0112]",0.16799397766590118,2024-10-08-11-05-48/SITE360_ORNT115_VIS3mi.png
5,7,"[0.0646, 0.0956, 0.1161, 0.0947, 0.1132, 0.2048, 0.0665, 0.0964, 0.1269, 0.0212]",0.20477834343910217,2024-06-07-11-09-12/SITE397_ORNT270_VIS8mi.png
9,5,"[0.0226, 0.0157, 0.0387, 0.0480, 0.0852, 0.0926, 0.1324, 0.1503, 0.0435, 0.3709]",0.37093204259872437,2024-10-06-17-04-59/SITE593_ORNT110_VIS6mi.png
8,2,"[0.0018, 0.0041, 0.0084, 0.0030, 0.0168, 0.0481, 0.0203, 0.0284, 0.6378, 0.2313]",0.6377519369125366,2025-04-16-13-54-24/SITE366_ORNT200_VIS3mi.png
8,8,"[0.0056, 0.0200, 0.0425, 0.0695, 0.0923, 0.1256, 0.1046, 0.1539, 0.3696, 0.0165]",0.3695935010910034,2024-10-15-10-59-57/SITE407_ORNT215_VIS9mi.png
3,6,"[0.0194, 0.0413, 0.0677, 0.1818, 0.1508, 0.1473, 0.1483, 0.1628, 0.0608, 0.0199]",0.1817598044872284,2024-07-14-16-38-50/SITE30_ORNT345_VIS7mi.png
3,6,"[0.1187, 0.1832, 0.1186, 0.1956, 0.1281, 0.0950, 0.0672, 0.0667, 0.0156, 0.0114]",0.19561760127544403,2024-07-28-13-48-26/SITE25_ORNT150_VIS7mi.png
1,1,"[0.1260, 0.2941, 0.1510, 0.2054, 0.0906, 0.0491, 0.0452, 0.0318, 0.0023, 0.0045]",0.2940680682659149,2024-06-07-15-28-05/SITE620_ORNT225_VIS2mi.png
1,6,"[0.1526, 0.2101, 0.1403, 0.1867, 0.1133, 0.0723, 0.0602, 0.0473, 0.0085, 0.0085]",0.21014221012592316,2025-04-01-16-59-16/SITE561_ORNT145_VIS7mi.png
2,3,"[0.0975, 0.1579, 0.1590, 0.1510, 0.1243, 0.0865, 0.0976, 0.0991, 0.0132, 0.0139]",0.1589723527431488,2024-07-26-10-22-16/SITE203_ORNT70_VIS4mi.png
1,0,"[0.2406, 0.2614, 0.1235, 0.1616, 0.0932, 0.0438, 0.0408, 0.0268, 0.0050, 0.0033]",0.26139339804649353,2025-02-16-12-49-10/SITE593_ORNT10_VIS1-5mi.png
5,3,"[0.0583, 0.1015, 0.1206, 0.1376, 0.1213, 0.1515, 0.1235, 0.1145, 0.0385, 0.0326]",0.1515493243932724,2024-05-09-16-15-37/SITE125_ORNT190_VIS4mi.png
7,6,"[0.0326, 0.0586, 0.0773, 0.1128, 0.1459, 0.1585, 0.1361, 0.1699, 0.0310, 0.0772]",0.1699276715517044,2024-07-29-17-46-25/SITE692_ORNT205_VIS7mi.png
1,5,"[0.2048, 0.2355, 0.1319, 0.1569, 0.1019, 0.0648, 0.0412, 0.0455, 0.0120, 0.0055]",0.2354598343372345,2024-05-08-14-34-39/SITE388_ORNT115_VIS6mi.png
1,3,"[0.1946, 0.2417, 0.1298, 0.1807, 0.1055, 0.0574, 0.0442, 0.0345, 0.0064, 0.0052]",0.24168570339679718,2024-08-02-13-37-25/SITE45_ORNT290_VIS4mi.png
1,3,"[0.2385, 0.2504, 0.1855, 0.1037, 0.0763, 0.0474, 0.0373, 0.0507, 0.0050, 0.0052]",0.25037041306495667,2025-01-23-15-05-27/SITE156_ORNT294_VIS4mi.png
1,4,"[0.1816, 0.2136, 0.1336, 0.1887, 0.1109, 0.0634, 0.0540, 0.0391, 0.0076, 0.0073]",0.21362563967704773,2024-07-05-14-33-31/SITE86_ORNT239_VIS5mi.png
0,2,"[0.1888, 0.1801, 0.1832, 0.1171, 0.0939, 0.0776, 0.0547, 0.0814, 0.0117, 0.0115]",0.1888243556022644,2025-02-04-15-47-48/SITE20_ORNT226_VIS3mi.png
6,6,"[0.0059, 0.0111, 0.0127, 0.0450, 0.0542, 0.2166, 0.2836, 0.0809, 0.1219, 0.1680]",0.28364813327789307,2024-06-16-19-09-40/SITE22_ORNT0_VIS7mi.png
9,5,"[0.0151, 0.0104, 0.0210, 0.0354, 0.0804, 0.0800, 0.0927, 0.1698, 0.0541, 0.4412]",0.4412272870540619,2024-08-02-13-37-25/SITE581_ORNT350_VIS6mi.png
3,3,"[0.0408, 0.0791, 0.1002, 0.1814, 0.1402, 0.1193, 0.1211, 0.1366, 0.0353, 0.0461]",0.18142235279083252,2024-10-11-15-41-13/SITE75_ORNT170_VIS4mi.png
9,9,"[0.0310, 0.0427, 0.0487, 0.0750, 0.1095, 0.1358, 0.1303, 0.1483, 0.0444, 0.2342]",0.23419922590255737,2025-02-05-13-59-56/SITE834_ORNT220_VIS10+mi.png
8,9,"[0.0055, 0.0179, 0.0589, 0.0364, 0.0766, 0.1779, 0.0972, 0.0892, 0.4318, 0.0086]",0.43180686235427856,2024-04-30-13-21-52/SITE533_ORNT120_VIS15mi.png
4,9,"[0.0677, 0.1215, 0.0972, 0.1351, 0.1559, 0.1447, 0.0950, 0.1049, 0.0494, 0.0287]",0.15586639940738678,2025-01-28-16-10-28/SITE639_ORNT270_VIS10+mi.png
1,2,"[0.1520, 0.2583, 0.1360, 0.2000, 0.1010, 0.0642, 0.0485, 0.0307, 0.0051, 0.0043]",0.25828880071640015,2024-05-23-15-19-49/SITE117_ORNT165_VIS3mi.png
0,0,"[0.4039, 0.1817, 0.0866, 0.1304, 0.0553, 0.0378, 0.0431, 0.0410, 0.0147, 0.0055]",0.40388205647468567,2025-03-31-15-41-11/SITE5_ORNT230_VIS1-25mi.png
0,3,"[0.2248, 0.2015, 0.1297, 0.1503, 0.1093, 0.0605, 0.0560, 0.0458, 0.0119, 0.0102]",0.22479912638664246,2025-02-16-12-49-10/SITE801_ORNT155_VIS4mi.png
9,7,"[0.0078, 0.0110, 0.0415, 0.0250, 0.0475, 0.0821, 0.0877, 0.1284, 0.1348, 0.4341]",0.4341139495372772,2024-07-22-20-17-56/SITE241_ORNT311_VIS8mi.png
5,7,"[0.1257, 0.1398, 0.1439, 0.0724, 0.1302, 0.1574, 0.0366, 0.0775, 0.1088, 0.0076]",0.15739746391773224,2025-02-01-17-30-02/SITE528_ORNT35_VIS8mi.png
0,2,"[0.1880, 0.1615, 0.1179, 0.1497, 0.1275, 0.0782, 0.0666, 0.0709, 0.0238, 0.0161]",0.18798837065696716,2025-01-17-15-10-02/SITE844_ORNT15_VIS3mi.png
1,2,"[0.1868, 0.2574, 0.1711, 0.1423, 0.0839, 0.0557, 0.0476, 0.0450, 0.0041, 0.0060]",0.25739768147468567,2025-02-11-14-30-47/SITE59_ORNT10_VIS3mi.png
3,3,"[0.0339, 0.1076, 0.1318, 0.2006, 0.1257, 0.0902, 0.1304, 0.1105, 0.0112, 0.0580]",0.20064987242221832,2024-08-18-13-20-24/SITE261_ORNT270_VIS4mi.png
5,7,"[0.0183, 0.0383, 0.0715, 0.0778, 0.1116, 0.1727, 0.1390, 0.1606, 0.1204, 0.0898]",0.17268040776252747,2024-06-10-14-33-22/SITE411_ORNT280_VIS8mi.png
9,2,"[0.0202, 0.0299, 0.0879, 0.0742, 0.0847, 0.1236, 0.1338, 0.1274, 0.0473, 0.2710]",0.27097102999687195,2024-12-29-16-00-12/SITE59_ORNT333_VIS3mi.png
0,1,"[0.2160, 0.2018, 0.1349, 0.1750, 0.1109, 0.0563, 0.0549, 0.0367, 0.0063, 0.0072]",0.2159814089536667,2025-01-22-12-38-15/SITE801_ORNT155_VIS2mi.png
0,4,"[0.2872, 0.2537, 0.1204, 0.1388, 0.0882, 0.0414, 0.0342, 0.0269, 0.0067, 0.0025]",0.28722283244132996,2024-12-03-11-18-04/SITE721_ORNT90_VIS5mi.png
1,1,"[0.2216, 0.2817, 0.1339, 0.1577, 0.0853, 0.0450, 0.0404, 0.0273, 0.0043, 0.0026]",0.28171506524086,2025-02-27-11-22-46/SITE626_ORNT110_VIS2mi.png
3,7,"[0.1033, 0.1910, 0.1127, 0.2117, 0.1285, 0.1027, 0.0672, 0.0608, 0.0129, 0.0092]",0.2117425501346588,2024-07-28-13-48-26/SITE15_ORNT170_VIS8mi.png
7,3,"[0.0332, 0.0367, 0.0547, 0.1088, 0.1528, 0.1669, 0.1254, 0.2032, 0.0292, 0.0891]",0.2032158523797989,2024-07-20-11-08-20/SITE722_ORNT255_VIS4mi.png
0,0,"[0.2850, 0.2318, 0.1170, 0.1393, 0.0930, 0.0456, 0.0426, 0.0314, 0.0095, 0.0046]",0.28497815132141113,2025-02-17-14-46-26/SITE78_ORNT189_VIS1-25mi.png
1,0,"[0.2025, 0.2292, 0.1272, 0.1677, 0.1102, 0.0656, 0.0431, 0.0381, 0.0110, 0.0053]",0.22921176254749298,2024-05-28-11-05-32/SITE17_ORNT340_VIS1mi.png
5,4,"[0.0911, 0.1089, 0.1372, 0.0689, 0.1340, 0.1775, 0.0399, 0.0835, 0.1481, 0.0108]",0.17748712003231049,2025-01-17-15-10-02/SITE380_ORNT220_VIS5mi.png
3,1,"[0.0854, 0.0987, 0.0857, 0.1832, 0.1738, 0.1811, 0.1142, 0.0507, 0.0145, 0.0126]",0.18321630358695984,2024-07-05-10-36-13/SITE219_ORNT344_VIS2-5mi.png
1,1,"[0.1738, 0.3011, 0.1483, 0.1654, 0.0871, 0.0461, 0.0409, 0.0296, 0.0035, 0.0041]",0.30114874243736267,2024-07-05-10-36-13/SITE229_ORNT80_VIS2-5mi.png
1,2,"[0.1780, 0.2184, 0.1352, 0.1578, 0.1071, 0.0762, 0.0475, 0.0558, 0.0145, 0.0095]",0.21841399371623993,2025-03-31-13-29-12/SITE128_ORNT303_VIS3mi.png
1,7,"[0.1368, 0.2153, 0.1272, 0.2024, 0.1177, 0.0742, 0.0575, 0.0506, 0.0099, 0.0083]",0.21534565091133118,2024-12-10-14-08-09/SITE442_ORNT300_VIS8mi.png
0,4,"[0.1946, 0.1859, 0.1296, 0.1914, 0.1204, 0.0600, 0.0576, 0.0449, 0.0073, 0.0084]",0.1945745348930359,2025-02-11-14-30-47/SITE569_ORNT54_VIS5mi.png
3,7,"[0.0173, 0.0727, 0.1322, 0.1765, 0.1320, 0.0846, 0.1068, 0.1653, 0.0304, 0.0821]",0.17653512954711914,2024-04-25-17-48-06/SITE241_ORNT214_VIS8mi.png
0,3,"[0.1876, 0.1334, 0.1193, 0.1275, 0.1104, 0.0848, 0.0808, 0.0867, 0.0332, 0.0363]",0.18761327862739563,2025-03-26-12-24-08/SITE169_ORNT228_VIS4mi.png
6,6,"[0.0149, 0.0092, 0.0181, 0.0159, 0.0244, 0.0673, 0.7286, 0.0414, 0.0114, 0.0687]",0.728618323802948,2024-04-30-13-21-52/SITE760_ORNT310_VIS7mi.png
1,2,"[0.1382, 0.2346, 0.1505, 0.1453, 0.0971, 0.0867, 0.0589, 0.0689, 0.0142, 0.0056]",0.23462170362472534,2025-01-31-13-49-43/SITE106_ORNT12_VIS3mi.png
6,9,"[0.0440, 0.0360, 0.0955, 0.0716, 0.0847, 0.1644, 0.1904, 0.1087, 0.0202, 0.1845]",0.1904079169034958,2024-12-23-15-38-40/SITE617_ORNT40_VIS10+mi.png
3,1,"[0.0959, 0.1753, 0.1123, 0.2248, 0.1308, 0.0946, 0.0771, 0.0656, 0.0126, 0.0110]",0.22480490803718567,2024-08-01-10-54-34/SITE239_ORNT110_VIS2mi.png
9,9,"[0.0357, 0.0383, 0.0753, 0.0766, 0.0946, 0.1158, 0.1224, 0.1394, 0.0454, 0.2564]",0.2564394176006317,2025-02-01-12-44-07/SITE586_ORNT180_VIS10+mi.png
1,4,"[0.1409, 0.3663, 0.1472, 0.1864, 0.0678, 0.0420, 0.0264, 0.0206, 0.0014, 0.0009]",0.36627084016799927,2024-07-26-10-22-16/SITE13_ORNT10_VIS5mi.png
5,9,"[0.0307, 0.0489, 0.0931, 0.1011, 0.1124, 0.1528, 0.1450, 0.1455, 0.0430, 0.1275]",0.15283355116844177,2025-03-06-17-34-12/SITE10_ORNT255_VIS10+mi.png
1,2,"[0.1720, 0.2501, 0.1326, 0.1708, 0.0994, 0.0788, 0.0440, 0.0389, 0.0095, 0.0040]",0.2501349151134491,2024-06-13-13-46-47/SITE115_ORNT36_VIS3mi.png
1,4,"[0.1474, 0.2317, 0.1755, 0.1405, 0.0997, 0.0744, 0.0533, 0.0588, 0.0082, 0.0104]",0.2317304015159607,2025-03-31-13-29-12/SITE261_ORNT270_VIS5mi.png
3,2,"[0.0897, 0.1608, 0.1347, 0.2036, 0.1263, 0.1034, 0.0716, 0.0756, 0.0155, 0.0187]",0.20355398952960968,2024-10-05-11-04-16/SITE595_ORNT180_VIS3mi.png
8,9,"[0.0020, 0.0068, 0.0153, 0.0266, 0.0461, 0.0759, 0.0453, 0.0908, 0.6771, 0.0141]",0.6771277785301208,2025-04-11-14-52-32/SITE467_ORNT55_VIS15mi.png
1,5,"[0.1436, 0.1917, 0.1455, 0.1535, 0.1051, 0.0975, 0.0702, 0.0633, 0.0158, 0.0138]",0.1916951835155487,2025-03-06-15-10-58/SITE541_ORNT350_VIS6mi.png
1,4,"[0.1555, 0.3069, 0.1466, 0.1831, 0.0828, 0.0527, 0.0375, 0.0291, 0.0034, 0.0024]",0.3069312274456024,2024-08-30-10-00-55/SITE25_ORNT30_VIS5mi.png
5,4,"[0.0884, 0.1119, 0.1135, 0.0862, 0.1033, 0.1524, 0.0592, 0.1062, 0.1351, 0.0438]",0.15236443281173706,2024-09-30-11-56-46/SITE460_ORNT165_VIS5mi.png
1,3,"[0.0850, 0.2214, 0.1218, 0.1818, 0.1169, 0.1055, 0.0790, 0.0676, 0.0132, 0.0079]",0.2214178442955017,2024-07-23-10-10-08/SITE53_ORNT170_VIS4mi.png
8,8,"[0.0111, 0.0254, 0.0352, 0.0667, 0.0854, 0.1568, 0.0789, 0.1306, 0.3899, 0.0200]",0.3899350166320801,2024-06-15-14-23-40/SITE407_ORNT215_VIS9mi.png
9,9,"[0.0062, 0.0037, 0.0163, 0.0125, 0.0272, 0.0426, 0.0464, 0.1059, 0.0799, 0.6594]",0.6593937873840332,2025-02-05-13-59-56/SITE584_ORNT325_VIS10+mi.png
5,4,"[0.0428, 0.0726, 0.1113, 0.1063, 0.1128, 0.1826, 0.1125, 0.1213, 0.1106, 0.0272]",0.18262730538845062,2025-02-27-11-22-46/SITE25_ORNT30_VIS5mi.png
1,4,"[0.1646, 0.1998, 0.1294, 0.1664, 0.1142, 0.0810, 0.0559, 0.0600, 0.0172, 0.0116]",0.19976326823234558,2024-05-09-16-15-37/SITE418_ORNT260_VIS5mi.png
0,5,"[0.4561, 0.0988, 0.1459, 0.0942, 0.0417, 0.0278, 0.0232, 0.0939, 0.0103, 0.0081]",0.45607537031173706,2025-01-28-16-10-28/SITE171_ORNT126_VIS6mi.png
5,6,"[0.0197, 0.0440, 0.1249, 0.0462, 0.0949, 0.2628, 0.1715, 0.1350, 0.0629, 0.0381]",0.26283586025238037,2024-08-02-10-36-13/SITE241_ORNT34_VIS7mi.png
8,8,"[0.0094, 0.0144, 0.0266, 0.0100, 0.0539, 0.0752, 0.0241, 0.0465, 0.6496, 0.0904]",0.6495740413665771,2024-04-25-17-48-06/SITE377_ORNT110_VIS9mi.png
8,8,"[0.0145, 0.0236, 0.0340, 0.0399, 0.0902, 0.1110, 0.1060, 0.0774, 0.3342, 0.1691]",0.3341861665248871,2024-06-03-13-44-33/SITE522_ORNT270_VIS9mi.png
0,2,"[0.3537, 0.2506, 0.1085, 0.1165, 0.0738, 0.0318, 0.0338, 0.0234, 0.0052, 0.0028]",0.3537197709083557,2024-10-13-15-24-41/SITE65_ORNT290_VIS3mi.png
5,4,"[0.1146, 0.1363, 0.1398, 0.0691, 0.1213, 0.1773, 0.0422, 0.0755, 0.1120, 0.0120]",0.1772657036781311,2025-01-15-15-33-17/SITE474_ORNT90_VIS5mi.png
5,9,"[0.0459, 0.0545, 0.0976, 0.0791, 0.0999, 0.1665, 0.1007, 0.1366, 0.1428, 0.0765]",0.16648845374584198,2025-02-02-12-13-03/SITE521_ORNT240_VIS30mi.png
9,9,"[0.0301, 0.0375, 0.1034, 0.0773, 0.0857, 0.1249, 0.1533, 0.1222, 0.0239, 0.2417]",0.2417069524526596,2024-12-29-16-00-12/SITE76_ORNT60_VIS10+mi.png
9,7,"[0.0056, 0.0077, 0.0201, 0.0249, 0.0550, 0.0966, 0.1802, 0.1870, 0.0408, 0.3821]",0.3821409344673157,2024-07-24-16-43-44/SITE579_ORNT210_VIS8mi.png
0,2,"[0.2817, 0.2518, 0.1242, 0.1331, 0.0882, 0.0451, 0.0337, 0.0300, 0.0089, 0.0032]",0.28173893690109253,2024-12-24-15-14-57/SITE438_ORNT290_VIS3mi.png
5,5,"[0.0820, 0.0749, 0.1322, 0.0774, 0.1456, 0.1857, 0.0558, 0.0816, 0.1539, 0.0110]",0.18570716679096222,2024-12-29-16-00-12/SITE520_ORNT270_VIS6mi.png
5,5,"[0.0775, 0.0862, 0.1747, 0.0587, 0.1135, 0.2423, 0.1056, 0.1016, 0.0292, 0.0107]",0.24227634072303772,2024-05-28-11-05-32/SITE747_ORNT315_VIS6mi.png
8,8,"[0.0075, 0.0181, 0.0193, 0.0324, 0.0480, 0.0776, 0.0889, 0.0646, 0.4752, 0.1684]",0.4752133786678314,2024-07-07-11-04-33/SITE299_ORNT260_VIS9mi.png
9,9,"[0.0021, 0.0024, 0.0084, 0.0084, 0.0198, 0.0845, 0.0933, 0.0421, 0.2989, 0.4400]",0.43996378779411316,2025-03-26-14-35-40/SITE571_ORNT224_VIS10+mi.png
8,8,"[0.0036, 0.0054, 0.0076, 0.0042, 0.0162, 0.0286, 0.0142, 0.0238, 0.7826, 0.1139]",0.7825636267662048,2025-03-29-15-28-57/SITE399_ORNT45_VIS9mi.png
1,2,"[0.1088, 0.2063, 0.1549, 0.1801, 0.1064, 0.0970, 0.0583, 0.0642, 0.0099, 0.0142]",0.20627953112125397,2024-09-07-13-37-18/SITE167_ORNT60_VIS3mi.png
6,7,"[0.0120, 0.0357, 0.0704, 0.1347, 0.1120, 0.1504, 0.2072, 0.1583, 0.0636, 0.0558]",0.2072082757949829,2024-08-26-16-02-03/SITE215_ORNT235_VIS8mi.png
1,2,"[0.1204, 0.2126, 0.1211, 0.1801, 0.1289, 0.0881, 0.0667, 0.0596, 0.0159, 0.0064]",0.21259531378746033,2024-10-11-15-41-13/SITE442_ORNT40_VIS3mi.png
3,9,"[0.1238, 0.1101, 0.1251, 0.1706, 0.1372, 0.0906, 0.1102, 0.0802, 0.0160, 0.0361]",0.17056317627429962,2025-03-20-11-55-50/SITE69_ORNT315_VIS10+mi.png
8,8,"[0.0501, 0.0632, 0.1285, 0.0441, 0.1324, 0.1587, 0.0601, 0.1102, 0.1972, 0.0555]",0.19723007082939148,2025-03-02-13-12-40/SITE377_ORNT110_VIS9mi.png
5,8,"[0.0138, 0.0231, 0.0364, 0.1115, 0.1189, 0.2396, 0.2057, 0.0985, 0.0524, 0.1000]",0.23959343135356903,2024-07-22-11-13-59/SITE301_ORNT275_VIS9mi.png
1,6,"[0.1591, 0.2483, 0.1266, 0.1769, 0.1014, 0.0791, 0.0499, 0.0403, 0.0112, 0.0073]",0.24829761683940887,2024-07-28-13-48-26/SITE422_ORNT85_VIS7mi.png
5,9,"[0.0369, 0.0605, 0.0685, 0.1060, 0.1359, 0.1558, 0.1213, 0.1302, 0.0342, 0.1508]",0.1557741016149521,2025-03-01-18-07-41/SITE897_ORNT205_VIS10+mi.png
0,0,"[0.2809, 0.2744, 0.1280, 0.1352, 0.0845, 0.0384, 0.0288, 0.0223, 0.0048, 0.0028]",0.2808859050273895,2024-08-29-17-58-30/SITE5_ORNT320_VIS1mi.png
8,2,"[0.0077, 0.0204, 0.0292, 0.0481, 0.0950, 0.2094, 0.1014, 0.0832, 0.3299, 0.0757]",0.32989105582237244,2024-08-19-10-27-18/SITE334_ORNT95_VIS3mi.png
1,1,"[0.2242, 0.3060, 0.1218, 0.1644, 0.0834, 0.0422, 0.0285, 0.0230, 0.0042, 0.0022]",0.3060430884361267,2025-03-01-18-07-41/SITE106_ORNT12_VIS2-5mi.png
2,4,"[0.0812, 0.0985, 0.1861, 0.0510, 0.1587, 0.1726, 0.0428, 0.0838, 0.1143, 0.0111]",0.18612633645534515,2024-12-10-14-08-09/SITE376_ORNT70_VIS5mi.png
1,5,"[0.2017, 0.2790, 0.1529, 0.1550, 0.0847, 0.0578, 0.0271, 0.0362, 0.0040, 0.0015]",0.27898743748664856,2024-09-15-16-06-51/SITE262_ORNT124_VIS6mi.png
6,5,"[0.0456, 0.0664, 0.0661, 0.1042, 0.1151, 0.1393, 0.2290, 0.1247, 0.0291, 0.0806]",0.22903303802013397,2024-12-29-16-00-12/SITE17_ORNT280_VIS6mi.png
6,5,"[0.0388, 0.0919, 0.0578, 0.0888, 0.1029, 0.1169, 0.3004, 0.1110, 0.0240, 0.0675]",0.30039164423942566,2024-07-07-11-04-33/SITE49_ORNT315_VIS6mi.png
8,5,"[0.0092, 0.0129, 0.0289, 0.0104, 0.0619, 0.0728, 0.0246, 0.0390, 0.6686, 0.0717]",0.6685981154441833,2025-01-26-15-53-06/SITE338_ORNT345_VIS6mi.png
1,4,"[0.1574, 0.2361, 0.1431, 0.1695, 0.1021, 0.0764, 0.0520, 0.0467, 0.0091, 0.0077]",0.23610849678516388,2024-05-23-15-19-49/SITE13_ORNT185_VIS5mi.png
1,0,"[0.1401, 0.2302, 0.1484, 0.1827, 0.1058, 0.0618, 0.0729, 0.0408, 0.0060, 0.0113]",0.2301819622516632,2025-02-15-16-53-20/SITE547_ORNT260_VIS1mi.png
5,6,"[0.0267, 0.0591, 0.0979, 0.1294, 0.1346, 0.1658, 0.1648, 0.1444, 0.0578, 0.0195]",0.16576005518436432,2024-05-22-13-05-54/SITE41_ORNT235_VIS7mi.png
8,8,"[0.0013, 0.0027, 0.0023, 0.0040, 0.0122, 0.0379, 0.0192, 0.0262, 0.7264, 0.1678]",0.7264225482940674,2024-07-01-19-28-49/SITE506_ORNT180_VIS9mi.png
1,4,"[0.1041, 0.2906, 0.1436, 0.2081, 0.0923, 0.0618, 0.0555, 0.0331, 0.0037, 0.0073]",0.2906053066253662,2024-08-02-20-27-22/SITE178_ORNT110_VIS5mi.png
5,2,"[0.0400, 0.0533, 0.0935, 0.0792, 0.1080, 0.1541, 0.0937, 0.1328, 0.1519, 0.0934]",0.15410135686397552,2025-01-15-12-14-16/SITE471_ORNT255_VIS3mi.png
8,8,"[0.0154, 0.0191, 0.0422, 0.0205, 0.0792, 0.1125, 0.0399, 0.0608, 0.5076, 0.1028]",0.5075886249542236,2025-03-31-13-29-12/SITE366_ORNT95_VIS9mi.png
9,6,"[0.0102, 0.0135, 0.0469, 0.0411, 0.0567, 0.0865, 0.1839, 0.1725, 0.0375, 0.3511]",0.35105156898498535,2024-05-30-17-47-26/SITE22_ORNT190_VIS7mi.png
1,1,"[0.1743, 0.2535, 0.1266, 0.1853, 0.1038, 0.0648, 0.0398, 0.0397, 0.0079, 0.0045]",0.2534576654434204,2025-02-17-14-46-26/SITE84_ORNT43_VIS2mi.png
9,7,"[0.0111, 0.0094, 0.0302, 0.0349, 0.0626, 0.0844, 0.1201, 0.1737, 0.0524, 0.4214]",0.4214285910129547,2024-07-24-16-43-44/SITE583_ORNT285_VIS8mi.png
3,6,"[0.0617, 0.1298, 0.1130, 0.2331, 0.1472, 0.0994, 0.0907, 0.0896, 0.0132, 0.0222]",0.23308591544628143,2024-06-30-10-21-08/SITE417_ORNT315_VIS7mi.png
3,2,"[0.1351, 0.1745, 0.1254, 0.1802, 0.1289, 0.0863, 0.0653, 0.0702, 0.0170, 0.0172]",0.1802407205104828,2024-08-29-14-11-27/SITE29_ORNT200_VIS3mi.png
6,3,"[0.0247, 0.0585, 0.0848, 0.1093, 0.1074, 0.1699, 0.1910, 0.1353, 0.0619, 0.0571]",0.19095902144908905,2024-07-28-19-40-21/SITE215_ORNT235_VIS4mi.png
1,5,"[0.2451, 0.2513, 0.1697, 0.1136, 0.0771, 0.0445, 0.0391, 0.0492, 0.0064, 0.0040]",0.25129616260528564,2025-03-31-15-41-11/SITE193_ORNT295_VIS6mi.png
6,6,"[0.0276, 0.0212, 0.0382, 0.0696, 0.1067, 0.1307, 0.2497, 0.1872, 0.0228, 0.1463]",0.24965232610702515,2024-08-15-16-44-48/SITE683_ORNT325_VIS7mi.png
3,2,"[0.0415, 0.1160, 0.1329, 0.1895, 0.1310, 0.1312, 0.1097, 0.0990, 0.0125, 0.0367]",0.18948312103748322,2024-07-18-11-32-15/SITE125_ORNT35_VIS3mi.png
9,8,"[0.0035, 0.0042, 0.0167, 0.0098, 0.0353, 0.1249, 0.1393, 0.1059, 0.2187, 0.3419]",0.3419143855571747,2024-06-28-13-30-05/SITE486_ORNT220_VIS9mi.png
0,2,"[0.2479, 0.2378, 0.1411, 0.1338, 0.0931, 0.0524, 0.0470, 0.0328, 0.0067, 0.0074]",0.24785172939300537,2024-06-17-10-37-40/SITE568_ORNT67_VIS3mi.png
3,1,"[0.1455, 0.1781, 0.1290, 0.1946, 0.1267, 0.0750, 0.0614, 0.0620, 0.0137, 0.0140]",0.1945638507604599,2024-12-10-14-08-09/SITE719_ORNT300_VIS2-5mi.png
9,9,"[0.0094, 0.0072, 0.0289, 0.0203, 0.0302, 0.0797, 0.1198, 0.1486, 0.1986, 0.3572]",0.35718780755996704,2024-10-20-11-35-46/SITE542_ORNT305_VIS10+mi.png
2,2,"[0.1179, 0.1526, 0.1764, 0.1621, 0.1002, 0.0689, 0.0619, 0.1131, 0.0204, 0.0264]",0.1763886958360672,2024-07-26-10-22-16/SITE198_ORNT80_VIS3mi.png
6,5,"[0.0126, 0.0246, 0.0468, 0.1225, 0.1297, 0.1572, 0.1963, 0.1750, 0.0684, 0.0669]",0.1963074803352356,2024-06-29-15-18-41/SITE19_ORNT325_VIS6mi.png
1,1,"[0.1524, 0.2066, 0.1602, 0.1389, 0.0996, 0.0885, 0.0576, 0.0712, 0.0121, 0.0129]",0.2065625637769699,2025-01-15-12-14-16/SITE117_ORNT43_VIS2mi.png
3,4,"[0.1165, 0.1513, 0.1369, 0.1614, 0.1165, 0.1007, 0.0824, 0.0818, 0.0243, 0.0282]",0.16144521534442902,2025-03-29-15-28-57/SITE598_ORNT285_VIS5mi.png
2,4,"[0.0346, 0.0997, 0.2852, 0.0817, 0.2597, 0.0951, 0.0291, 0.0635, 0.0439, 0.0075]",0.2852168679237366,2025-03-28-10-38-15/SITE385_ORNT230_VIS5mi.png
6,6,"[0.0368, 0.0473, 0.0121, 0.0706, 0.0110, 0.0228, 0.5307, 0.0723, 0.0308, 0.1656]",0.5306616425514221,2025-02-04-15-47-48/SITE598_ORNT180_VIS7mi.png
5,5,"[0.0239, 0.0298, 0.0264, 0.0815, 0.1631, 0.3785, 0.1309, 0.0554, 0.0430, 0.0675]",0.378506064414978,2024-07-22-20-17-56/SITE22_ORNT0_VIS6mi.png
9,0,"[0.0290, 0.0338, 0.1010, 0.0874, 0.0571, 0.0937, 0.0598, 0.1310, 0.0873, 0.3200]",0.31996700167655945,2025-02-14-15-24-27/SITE179_ORNT230_VIS1-25mi.png
5,9,"[0.0194, 0.0353, 0.0598, 0.0501, 0.0860, 0.2368, 0.1198, 0.1012, 0.2161, 0.0756]",0.23675541579723358,2025-03-02-11-48-27/SITE831_ORNT125_VIS10+mi.png
9,3,"[0.0166, 0.0140, 0.0516, 0.0532, 0.0621, 0.1149, 0.2209, 0.1702, 0.0507, 0.2458]",0.2458203285932541,2025-03-01-18-07-41/SITE437_ORNT260_VIS4mi.png
3,2,"[0.1391, 0.1591, 0.1295, 0.2078, 0.1335, 0.0761, 0.0675, 0.0613, 0.0106, 0.0155]",0.20779792964458466,2025-04-16-13-54-24/SITE45_ORNT290_VIS3mi.png
8,8,"[0.0331, 0.0439, 0.0979, 0.0392, 0.1359, 0.1817, 0.0412, 0.0818, 0.3230, 0.0223]",0.32296785712242126,2025-02-16-12-49-10/SITE401_ORNT350_VIS9mi.png
8,4,"[0.0730, 0.0976, 0.1177, 0.0604, 0.1309, 0.1862, 0.0365, 0.0808, 0.2044, 0.0126]",0.20435360074043274,2024-11-19-11-24-38/SITE385_ORNT230_VIS5mi.png
9,7,"[0.0180, 0.0227, 0.0823, 0.0326, 0.0407, 0.0883, 0.0468, 0.1044, 0.1867, 0.3776]",0.3775564432144165,2025-03-23-13-51-54/SITE10_ORNT255_VIS8mi.png
8,6,"[0.0146, 0.0337, 0.0449, 0.0461, 0.1034, 0.1199, 0.1169, 0.1101, 0.2397, 0.1708]",0.2397076040506363,2024-07-23-16-31-18/SITE739_ORNT135_VIS7mi.png
8,7,"[0.0346, 0.0482, 0.0861, 0.0787, 0.1258, 0.1943, 0.0574, 0.0910, 0.2652, 0.0187]",0.2651994526386261,2024-06-01-16-58-02/SITE455_ORNT0_VIS8mi.png
7,5,"[0.0355, 0.0673, 0.0714, 0.0913, 0.1100, 0.1499, 0.1436, 0.1520, 0.0834, 0.0957]",0.1520105004310608,2024-10-10-15-17-15/SITE161_ORNT192_VIS6mi.png
3,2,"[0.0773, 0.0988, 0.0931, 0.1290, 0.1279, 0.1260, 0.1205, 0.1243, 0.0351, 0.0682]",0.12896792590618134,2025-03-02-13-12-40/SITE48_ORNT20_VIS3mi.png
8,8,"[0.0012, 0.0042, 0.0096, 0.0109, 0.0235, 0.0656, 0.0321, 0.0604, 0.7573, 0.0352]",0.7573056221008301,2024-06-03-13-44-33/SITE477_ORNT340_VIS9mi.png
6,5,"[0.0280, 0.0974, 0.0803, 0.1528, 0.1145, 0.1684, 0.1930, 0.1154, 0.0288, 0.0215]",0.19298310577869415,2024-09-07-13-37-18/SITE209_ORNT335_VIS6mi.png
6,6,"[0.0131, 0.0284, 0.0195, 0.0252, 0.0489, 0.0936, 0.6150, 0.0704, 0.0140, 0.0719]",0.6150333881378174,2024-06-21-15-35-27/SITE760_ORNT190_VIS7mi.png
6,6,"[0.0194, 0.0998, 0.0358, 0.0708, 0.0933, 0.1518, 0.3828, 0.0926, 0.0248, 0.0289]",0.38282355666160583,2024-07-02-16-22-41/SITE760_ORNT190_VIS7mi.png
1,0,"[0.1098, 0.2374, 0.1413, 0.2235, 0.1077, 0.0647, 0.0622, 0.0419, 0.0042, 0.0073]",0.23737305402755737,2025-03-15-15-41-34/SITE626_ORNT195_VIS1mi.png
2,4,"[0.0799, 0.0942, 0.2525, 0.0541, 0.0807, 0.2147, 0.0929, 0.0668, 0.0531, 0.0110]",0.2525169253349304,2024-06-10-18-34-10/SITE540_ORNT178_VIS5mi.png
7,5,"[0.0107, 0.0167, 0.0394, 0.0729, 0.0885, 0.1029, 0.1822, 0.2230, 0.0477, 0.2160]",0.22301211953163147,2024-07-23-10-10-08/SITE719_ORNT300_VIS6mi.png
0,2,"[0.3503, 0.2218, 0.1980, 0.0618, 0.0512, 0.0314, 0.0274, 0.0508, 0.0049, 0.0024]",0.350269079208374,2025-02-14-15-24-27/SITE100_ORNT280_VIS3mi.png
8,8,"[0.0039, 0.0082, 0.0218, 0.0071, 0.0410, 0.1163, 0.0177, 0.0366, 0.7058, 0.0416]",0.7058152556419373,2024-06-20-11-19-17/SITE377_ORNT110_VIS9mi.png
1,1,"[0.1246, 0.2587, 0.1585, 0.1707, 0.0959, 0.0752, 0.0524, 0.0497, 0.0062, 0.0081]",0.2587049603462219,2024-07-28-11-17-19/SITE244_ORNT240_VIS2mi.png
9,3,"[0.0117, 0.0157, 0.0494, 0.0484, 0.0648, 0.0964, 0.1653, 0.1408, 0.0352, 0.3723]",0.3722638189792633,2024-06-16-19-09-40/SITE722_ORNT315_VIS4mi.png
9,7,"[0.0102, 0.0149, 0.0476, 0.0646, 0.0823, 0.0976, 0.1874, 0.1900, 0.0372, 0.2681]",0.2680758237838745,2025-01-26-13-23-03/SITE578_ORNT185_VIS8mi.png
5,6,"[0.0488, 0.1192, 0.1241, 0.1752, 0.1231, 0.1890, 0.1015, 0.0787, 0.0284, 0.0121]",0.18896982073783875,2024-12-03-11-18-04/SITE338_ORNT200_VIS7mi.png
2,7,"[0.1758, 0.1435, 0.2454, 0.0924, 0.0819, 0.1246, 0.0618, 0.0472, 0.0243, 0.0031]",0.24543914198875427,2024-10-10-15-17-15/SITE17_ORNT340_VIS8mi.png
3,4,"[0.0308, 0.1530, 0.1753, 0.1981, 0.1105, 0.1101, 0.0868, 0.1070, 0.0048, 0.0235]",0.1981220692396164,2024-08-26-16-02-03/SITE417_ORNT140_VIS5mi.png
1,1,"[0.1085, 0.2970, 0.1421, 0.2189, 0.0901, 0.0643, 0.0436, 0.0291, 0.0030, 0.0034]",0.29703783988952637,2025-01-17-15-10-02/SITE852_ORNT135_VIS2mi.png
9,9,"[0.0019, 0.0050, 0.0148, 0.0334, 0.0435, 0.0398, 0.0960, 0.1758, 0.0589, 0.5308]",0.5308364033699036,2025-03-29-15-28-57/SITE582_ORNT345_VIS10+mi.png
1,6,"[0.1691, 0.1999, 0.1315, 0.1842, 0.1200, 0.0672, 0.0592, 0.0489, 0.0100, 0.0102]",0.19991029798984528,2024-09-20-16-20-08/SITE58_ORNT245_VIS7mi.png
7,5,"[0.0522, 0.0661, 0.1087, 0.1172, 0.1175, 0.1400, 0.1204, 0.1408, 0.0498, 0.0873]",0.14076142013072968,2025-03-18-13-52-55/SITE161_ORNT192_VIS6mi.png
8,8,"[0.0018, 0.0035, 0.0066, 0.0026, 0.0143, 0.0315, 0.0109, 0.0275, 0.7398, 0.1615]",0.739784300327301,2024-09-21-11-24-11/SITE371_ORNT315_VIS9mi.png
0,2,"[0.2244, 0.2196, 0.1341, 0.1491, 0.1061, 0.0602, 0.0484, 0.0396, 0.0108, 0.0077]",0.2243897020816803,2024-08-29-14-11-27/SITE29_ORNT270_VIS3mi.png
3,0,"[0.1086, 0.1517, 0.1179, 0.2030, 0.1325, 0.0923, 0.0812, 0.0787, 0.0180, 0.0162]",0.2030404508113861,2024-08-11-13-07-09/SITE447_ORNT295_VIS1mi.png
0,8,"[0.2046, 0.1920, 0.1694, 0.0746, 0.1175, 0.1079, 0.0337, 0.0575, 0.0398, 0.0031]",0.2045639455318451,2025-04-13-19-09-12/SITE477_ORNT240_VIS9mi.png
7,2,"[0.0269, 0.0655, 0.0635, 0.1623, 0.0957, 0.0610, 0.0998, 0.2897, 0.0178, 0.1179]",0.28969842195510864,2024-12-24-15-14-57/SITE45_ORNT180_VIS3mi.png
6,3,"[0.0607, 0.1300, 0.0804, 0.1245, 0.1417, 0.1422, 0.1485, 0.1051, 0.0350, 0.0318]",0.14853663742542267,2024-07-29-17-46-25/SITE411_ORNT220_VIS4mi.png
9,7,"[0.0206, 0.0247, 0.0798, 0.0714, 0.0911, 0.1215, 0.1546, 0.1396, 0.0300, 0.2666]",0.26663386821746826,2024-07-24-16-43-44/SITE584_ORNT225_VIS8mi.png
1,0,"[0.1667, 0.2725, 0.1338, 0.1835, 0.0969, 0.0584, 0.0453, 0.0326, 0.0054, 0.0049]",0.27250105142593384,2024-06-30-10-21-08/SITE7_ORNT221_VIS1-25mi.png
1,1,"[0.1954, 0.2590, 0.1274, 0.1801, 0.1015, 0.0540, 0.0385, 0.0328, 0.0066, 0.0048]",0.25897595286369324,2024-08-15-16-44-48/SITE435_ORNT15_VIS2mi.png
3,5,"[0.0643, 0.1087, 0.0944, 0.1375, 0.1362, 0.1270, 0.1211, 0.1219, 0.0310, 0.0579]",0.137468621134758,2024-08-30-17-21-54/SITE22_ORNT100_VIS6mi.png
1,4,"[0.1854, 0.2072, 0.1383, 0.1649, 0.1077, 0.0681, 0.0614, 0.0460, 0.0109, 0.0103]",0.20717623829841614,2024-07-14-10-21-23/SITE127_ORNT272_VIS5mi.png
0,2,"[0.3869, 0.2205, 0.1673, 0.0769, 0.0500, 0.0230, 0.0277, 0.0422, 0.0038, 0.0018]",0.38689038157463074,2025-03-02-11-48-27/SITE117_ORNT128_VIS3mi.png
9,1,"[0.0137, 0.0274, 0.0950, 0.0529, 0.0415, 0.0582, 0.0517, 0.1230, 0.0569, 0.4799]",0.4799272418022156,2025-02-05-13-59-56/SITE59_ORNT100_VIS2mi.png
1,3,"[0.1618, 0.2651, 0.1351, 0.1876, 0.1003, 0.0609, 0.0443, 0.0344, 0.0054, 0.0051]",0.26511555910110474,2024-07-28-19-40-21/SITE417_ORNT220_VIS4mi.png
8,8,"[0.0032, 0.0075, 0.0096, 0.0111, 0.0377, 0.0671, 0.0411, 0.0353, 0.6675, 0.1199]",0.6675431728363037,2024-08-02-20-27-22/SITE336_ORNT180_VIS9mi.png
1,5,"[0.1703, 0.3062, 0.1357, 0.1916, 0.0860, 0.0454, 0.0363, 0.0233, 0.0026, 0.0027]",0.30621370673179626,2024-08-30-17-21-54/SITE256_ORNT175_VIS6mi.png
0,3,"[0.3383, 0.2170, 0.1068, 0.1411, 0.0701, 0.0388, 0.0430, 0.0323, 0.0084, 0.0042]",0.3383343815803528,2025-04-13-19-09-12/SITE602_ORNT0_VIS4mi.png
0,2,"[0.3081, 0.2123, 0.1138, 0.1345, 0.0851, 0.0463, 0.0488, 0.0350, 0.0105, 0.0056]",0.3080584406852722,2024-07-14-10-21-23/SITE179_ORNT230_VIS3mi.png
8,8,"[0.0029, 0.0154, 0.0394, 0.0111, 0.0391, 0.1428, 0.0634, 0.0496, 0.6038, 0.0326]",0.6038459539413452,2024-10-13-15-24-41/SITE469_ORNT330_VIS9mi.png
2,1,"[0.1492, 0.1564, 0.1589, 0.0653, 0.1370, 0.1538, 0.0324, 0.0618, 0.0811, 0.0041]",0.15891823172569275,2025-02-10-14-47-56/SITE471_ORNT90_VIS2-25mi.png
3,5,"[0.0634, 0.1024, 0.1250, 0.1623, 0.1219, 0.1095, 0.1093, 0.1304, 0.0350, 0.0407]",0.16233699023723602,2024-07-28-13-48-26/SITE205_ORNT230_VIS6mi.png
3,3,"[0.0996, 0.1959, 0.1441, 0.1988, 0.1180, 0.0967, 0.0629, 0.0615, 0.0095, 0.0131]",0.1988234966993332,2024-07-04-10-22-12/SITE13_ORNT10_VIS4mi.png
3,6,"[0.0304, 0.0861, 0.1144, 0.1823, 0.1396, 0.1631, 0.1057, 0.1078, 0.0414, 0.0292]",0.18230953812599182,2024-07-23-13-08-12/SITE595_ORNT270_VIS7mi.png
1,0,"[0.2250, 0.2528, 0.1326, 0.1584, 0.0948, 0.0505, 0.0468, 0.0294, 0.0056, 0.0039]",0.252839595079422,2024-05-08-14-34-39/SITE7_ORNT312_VIS1-75mi.png
9,9,"[0.0135, 0.0297, 0.0777, 0.1098, 0.0891, 0.0988, 0.1519, 0.1567, 0.0424, 0.2305]",0.23052920401096344,2024-12-24-15-14-57/SITE259_ORNT314_VIS10+mi.png
2,5,"[0.0645, 0.0660, 0.1425, 0.1099, 0.1087, 0.1301, 0.1086, 0.1264, 0.0144, 0.1289]",0.14248882234096527,2024-07-20-15-11-13/SITE198_ORNT248_VIS6mi.png
6,5,"[0.0137, 0.0265, 0.0361, 0.0545, 0.0923, 0.1562, 0.2540, 0.1715, 0.0463, 0.1488]",0.2540234625339508,2025-01-15-15-33-17/SITE629_ORNT125_VIS6mi.png
8,8,"[0.0386, 0.0578, 0.0978, 0.0628, 0.1080, 0.2067, 0.0689, 0.0922, 0.2427, 0.0246]",0.2426537424325943,2025-03-28-10-38-15/SITE363_ORNT345_VIS9mi.png
1,4,"[0.1902, 0.2758, 0.1155, 0.1796, 0.1045, 0.0573, 0.0349, 0.0317, 0.0067, 0.0038]",0.275797575712204,2024-05-01-16-21-18/SITE41_ORNT335_VIS5mi.png
0,0,"[0.2879, 0.2453, 0.1186, 0.1364, 0.0882, 0.0417, 0.0413, 0.0301, 0.0070, 0.0036]",0.2878868281841278,2025-04-02-15-05-32/SITE15_ORNT350_VIS1-25mi.png
9,5,"[0.0084, 0.0086, 0.0297, 0.0304, 0.0502, 0.0961, 0.1943, 0.1699, 0.0520, 0.3603]",0.36028623580932617,2024-07-23-10-10-08/SITE719_ORNT20_VIS6mi.png
9,9,"[0.0006, 0.0026, 0.0056, 0.0028, 0.0078, 0.0334, 0.0133, 0.0133, 0.1664, 0.7541]",0.7540927529335022,2024-10-11-15-41-13/SITE405_ORNT250_VIS15mi.png
1,0,"[0.1947, 0.2442, 0.1389, 0.1550, 0.0968, 0.0627, 0.0525, 0.0407, 0.0095, 0.0051]",0.24421103298664093,2024-07-14-13-28-24/SITE156_ORNT294_VIS1-75mi.png
1,0,"[0.2088, 0.2322, 0.1389, 0.1321, 0.0944, 0.0757, 0.0482, 0.0463, 0.0172, 0.0062]",0.2322055846452713,2024-12-10-14-08-09/SITE606_ORNT90_VIS1-75mi.png
3,6,"[0.0890, 0.1708, 0.1380, 0.1856, 0.1166, 0.0970, 0.0826, 0.0792, 0.0171, 0.0239]",0.1855640709400177,2024-08-18-19-28-16/SITE259_ORNT314_VIS7mi.png
1,0,"[0.2186, 0.3143, 0.1336, 0.1566, 0.0769, 0.0412, 0.0322, 0.0219, 0.0031, 0.0017]",0.3142837584018707,2025-02-17-14-46-26/SITE241_ORNT214_VIS1-5mi.png
1,4,"[0.1522, 0.2175, 0.1337, 0.1936, 0.1173, 0.0708, 0.0526, 0.0457, 0.0080, 0.0087]",0.21745629608631134,2025-03-04-14-20-15/SITE417_ORNT315_VIS5mi.png
5,4,"[0.0343, 0.0413, 0.1045, 0.0396, 0.1002, 0.1951, 0.1783, 0.1295, 0.0584, 0.1188]",0.1951325535774231,2025-05-10-19-27-56/SITE13_ORNT85_VIS5mi.png
9,0,"[0.0257, 0.0179, 0.0477, 0.0209, 0.0351, 0.0681, 0.0215, 0.0961, 0.1797, 0.4872]",0.4872331917285919,2024-09-20-16-20-08/SITE76_ORNT205_VIS1-5mi.png
6,4,"[0.0577, 0.0929, 0.0826, 0.1381, 0.1052, 0.1424, 0.1733, 0.1296, 0.0589, 0.0193]",0.17331644892692566,2025-02-01-17-30-02/SITE722_ORNT255_VIS5mi.png
5,5,"[0.1118, 0.0944, 0.2175, 0.0395, 0.0924, 0.2425, 0.0975, 0.0664, 0.0291, 0.0089]",0.24247166514396667,2024-10-13-12-27-42/SITE747_ORNT0_VIS6mi.png
1,3,"[0.2572, 0.2940, 0.1212, 0.1539, 0.0828, 0.0354, 0.0315, 0.0190, 0.0031, 0.0018]",0.294037789106369,2024-08-10-09-44-28/SITE117_ORNT43_VIS4mi.png
9,9,"[0.0061, 0.0045, 0.0276, 0.0084, 0.0223, 0.0587, 0.0348, 0.0778, 0.2723, 0.4874]",0.4874325096607208,2025-01-17-15-10-02/SITE547_ORNT350_VIS10+mi.png
5,8,"[0.0714, 0.1048, 0.1278, 0.0673, 0.1191, 0.1989, 0.0474, 0.0853, 0.1650, 0.0130]",0.19894559681415558,2024-05-28-11-05-32/SITE309_ORNT130_VIS9mi.png
9,2,"[0.0282, 0.0301, 0.1202, 0.0823, 0.0760, 0.1318, 0.1724, 0.1188, 0.0230, 0.2171]",0.2170807272195816,2025-03-18-13-52-55/SITE59_ORNT10_VIS3mi.png
8,5,"[0.0326, 0.0556, 0.0870, 0.0512, 0.1082, 0.2400, 0.0388, 0.0688, 0.3063, 0.0114]",0.3062795400619507,2024-06-16-15-28-51/SITE483_ORNT95_VIS6mi.png
8,8,"[0.0279, 0.0450, 0.0775, 0.0408, 0.1024, 0.1910, 0.0509, 0.0801, 0.3615, 0.0229]",0.3614700138568878,2024-07-04-13-27-11/SITE367_ORNT165_VIS9mi.png
8,9,"[0.0098, 0.0313, 0.0299, 0.0903, 0.0875, 0.0865, 0.1222, 0.1881, 0.2347, 0.1198]",0.23471865057945251,2024-10-11-15-41-13/SITE595_ORNT270_VIS10+mi.png
8,4,"[0.0187, 0.0296, 0.0633, 0.0930, 0.1187, 0.1586, 0.0675, 0.1155, 0.3177, 0.0175]",0.31766635179519653,2025-04-11-14-52-32/SITE276_ORNT45_VIS5mi.png
8,8,"[0.0146, 0.0238, 0.0432, 0.0276, 0.1180, 0.1248, 0.0593, 0.0643, 0.4067, 0.1176]",0.40669113397598267,2025-02-10-14-47-56/SITE454_ORNT90_VIS9mi.png
3,3,"[0.0730, 0.1903, 0.1473, 0.2024, 0.1135, 0.0735, 0.0831, 0.0793, 0.0072, 0.0304]",0.20241829752922058,2024-08-18-13-20-24/SITE11_ORNT253_VIS4mi.png
9,7,"[0.0563, 0.0522, 0.1194, 0.0901, 0.0891, 0.1426, 0.1353, 0.1048, 0.0211, 0.1892]",0.1891665756702423,2025-02-11-14-30-47/SITE268_ORNT355_VIS8mi.png
8,9,"[0.0028, 0.0072, 0.0154, 0.0043, 0.0275, 0.0579, 0.0321, 0.0491, 0.6268, 0.1769]",0.6267701387405396,2024-05-31-15-13-16/SITE327_ORNT45_VIS15mi.png
7,0,"[0.1120, 0.0613, 0.1103, 0.1283, 0.1100, 0.1162, 0.0924, 0.1694, 0.0242, 0.0760]",0.16935177147388458,2025-01-28-16-10-28/SITE132_ORNT305_VIS1mi.png
8,8,"[0.0069, 0.0127, 0.0172, 0.0114, 0.0428, 0.0559, 0.0392, 0.0514, 0.5137, 0.2489]",0.513653576374054,2024-10-13-12-27-42/SITE295_ORNT315_VIS9mi.png
1,3,"[0.1156, 0.1902, 0.1372, 0.1299, 0.1084, 0.0961, 0.0889, 0.0964, 0.0145, 0.0227]",0.19024595618247986,2025-03-06-15-10-58/SITE207_ORNT75_VIS4mi.png
1,6,"[0.1680, 0.2327, 0.1172, 0.1624, 0.1239, 0.0750, 0.0499, 0.0510, 0.0110, 0.0088]",0.23271043598651886,2024-06-17-10-37-40/SITE17_ORNT95_VIS7mi.png
3,1,"[0.0906, 0.1000, 0.1130, 0.1934, 0.1477, 0.0918, 0.0904, 0.1124, 0.0241, 0.0366]",0.1934305876493454,2024-05-08-14-34-39/SITE11_ORNT308_VIS2mi.png
1,7,"[0.1496, 0.2613, 0.1400, 0.2060, 0.0990, 0.0586, 0.0470, 0.0296, 0.0042, 0.0047]",0.26125210523605347,2025-04-14-19-44-02/SITE41_ORNT335_VIS8mi.png
3,3,"[0.0948, 0.1327, 0.1323, 0.2024, 0.1336, 0.0917, 0.0820, 0.0800, 0.0221, 0.0283]",0.2023591846227646,2025-03-31-13-29-12/SITE602_ORNT270_VIS4mi.png
0,1,"[0.1754, 0.1688, 0.1544, 0.0713, 0.1049, 0.1408, 0.0499, 0.0722, 0.0523, 0.0100]",0.1753893792629242,2025-02-19-12-18-05/SITE424_ORNT0_VIS2mi.png
5,7,"[0.0757, 0.0985, 0.1338, 0.1162, 0.1134, 0.1359, 0.0940, 0.1287, 0.0438, 0.0599]",0.13590826094150543,2025-03-31-13-29-12/SITE14_ORNT240_VIS8mi.png
7,6,"[0.0133, 0.0336, 0.0741, 0.1106, 0.1063, 0.1026, 0.1453, 0.2008, 0.0569, 0.1566]",0.20075158774852753,2025-01-29-12-01-12/SITE25_ORNT320_VIS7mi.png
9,4,"[0.0019, 0.0024, 0.0118, 0.0092, 0.0244, 0.0659, 0.2183, 0.1291, 0.0824, 0.4546]",0.4546049237251282,2024-09-08-16-00-24/SITE545_ORNT320_VIS5mi.png
9,4,"[0.0067, 0.0084, 0.0177, 0.0277, 0.0583, 0.0622, 0.1094, 0.1441, 0.0819, 0.4835]",0.48351800441741943,2024-06-14-11-11-00/SITE18_ORNT210_VIS5mi.png
6,6,"[0.0165, 0.0630, 0.0366, 0.0584, 0.0918, 0.1226, 0.3990, 0.1079, 0.0182, 0.0858]",0.39904558658599854,2024-06-07-11-09-12/SITE760_ORNT190_VIS7mi.png
2,2,"[0.0644, 0.0737, 0.3780, 0.0564, 0.0680, 0.2377, 0.0680, 0.0323, 0.0201, 0.0015]",0.3779909610748291,2024-07-18-11-32-15/SITE105_ORNT28_VIS3mi.png
8,8,"[0.0087, 0.0266, 0.0460, 0.0625, 0.1340, 0.1285, 0.0555, 0.0934, 0.4119, 0.0329]",0.41189858317375183,2024-08-01-13-32-05/SITE353_ORNT135_VIS9mi.png
9,9,"[0.0025, 0.0054, 0.0107, 0.0236, 0.0518, 0.0554, 0.1200, 0.1674, 0.0446, 0.5186]",0.5186253190040588,2025-02-02-12-13-03/SITE581_ORNT250_VIS10+mi.png
6,7,"[0.0231, 0.0210, 0.0500, 0.0743, 0.0915, 0.1462, 0.2212, 0.1784, 0.0353, 0.1590]",0.22124896943569183,2024-07-28-11-17-19/SITE692_ORNT60_VIS8mi.png
9,7,"[0.0176, 0.0337, 0.0717, 0.1006, 0.1033, 0.1349, 0.1644, 0.1443, 0.0593, 0.1703]",0.17029495537281036,2025-03-04-14-20-15/SITE78_ORNT322_VIS8mi.png
9,9,"[0.0046, 0.0078, 0.0274, 0.0357, 0.0557, 0.0703, 0.1618, 0.1649, 0.0521, 0.4197]",0.41972389817237854,2025-04-22-15-39-35/SITE4_ORNT303_VIS10+mi.png
7,6,"[0.0256, 0.0215, 0.0298, 0.0814, 0.1560, 0.1178, 0.1026, 0.2656, 0.0224, 0.1774]",0.26556140184402466,2024-07-25-18-03-52/SITE569_ORNT138_VIS7mi.png
1,1,"[0.1543, 0.1896, 0.1338, 0.1598, 0.1189, 0.0903, 0.0598, 0.0628, 0.0207, 0.0101]",0.1895652711391449,2024-07-14-16-38-50/SITE420_ORNT275_VIS2-5mi.png
8,8,"[0.0021, 0.0085, 0.0115, 0.0271, 0.0306, 0.0695, 0.0586, 0.0715, 0.6586, 0.0620]",0.6585578918457031,2025-03-31-13-29-12/SITE309_ORNT130_VIS9mi.png
5,7,"[0.0207, 0.0429, 0.0840, 0.0861, 0.1151, 0.1620, 0.1547, 0.1579, 0.0234, 0.1532]",0.16204454004764557,2024-07-18-11-32-15/SITE94_ORNT280_VIS8mi.png
3,5,"[0.0795, 0.1851, 0.1774, 0.1953, 0.1158, 0.0806, 0.0661, 0.0830, 0.0071, 0.0101]",0.19531510770320892,2024-09-08-13-07-06/SITE198_ORNT80_VIS6mi.png
1,4,"[0.1954, 0.2884, 0.1117, 0.1775, 0.1017, 0.0515, 0.0342, 0.0308, 0.0060, 0.0029]",0.2883910536766052,2024-08-01-10-54-34/SITE5_ORNT155_VIS5mi.png
1,7,"[0.1696, 0.1714, 0.1623, 0.0782, 0.1237, 0.1300, 0.0393, 0.0644, 0.0552, 0.0058]",0.1713961809873581,2024-11-19-11-24-38/SITE463_ORNT230_VIS8mi.png
3,7,"[0.0541, 0.0845, 0.1129, 0.1904, 0.1338, 0.1045, 0.1029, 0.1215, 0.0346, 0.0607]",0.19044393301010132,2024-07-02-10-19-43/SITE25_ORNT320_VIS8mi.png
1,2,"[0.1376, 0.2454, 0.1122, 0.2162, 0.1136, 0.0770, 0.0464, 0.0396, 0.0078, 0.0043]",0.2453782558441162,2024-07-28-13-48-26/SITE116_ORNT277_VIS3mi.png
8,8,"[0.0159, 0.0243, 0.0578, 0.0762, 0.1120, 0.1776, 0.0522, 0.0959, 0.3697, 0.0185]",0.3696920871734619,2025-04-16-13-54-24/SITE358_ORNT120_VIS9mi.png
7,8,"[0.0580, 0.0807, 0.1282, 0.1383, 0.1148, 0.1040, 0.1153, 0.1597, 0.0227, 0.0784]",0.15973199903964996,2025-04-22-15-39-35/SITE18_ORNT290_VIS9mi.png
9,1,"[0.0210, 0.0509, 0.1096, 0.1161, 0.1112, 0.1325, 0.1295, 0.1421, 0.0266, 0.1605]",0.16049812734127045,2025-03-05-12-08-53/SITE658_ORNT120_VIS2mi.png
9,1,"[0.0197, 0.0134, 0.0416, 0.0530, 0.0738, 0.0984, 0.0869, 0.2076, 0.0639, 0.3418]",0.3417823016643524,2024-06-14-14-13-33/SITE240_ORNT286_VIS2mi.png
8,8,"[0.0011, 0.0039, 0.0078, 0.0180, 0.0401, 0.0910, 0.0260, 0.0592, 0.7502, 0.0027]",0.7501811385154724,2025-03-31-15-41-11/SITE367_ORNT110_VIS9mi.png
9,4,"[0.0180, 0.0259, 0.0511, 0.0417, 0.0743, 0.1391, 0.1250, 0.1399, 0.1563, 0.2287]",0.2286740392446518,2024-08-12-20-17-35/SITE612_ORNT30_VIS5mi.png
3,3,"[0.0725, 0.1316, 0.1313, 0.1875, 0.1365, 0.1067, 0.0904, 0.0927, 0.0163, 0.0346]",0.1874527782201767,2024-12-20-15-16-09/SITE417_ORNT220_VIS4mi.png
1,1,"[0.1317, 0.2390, 0.1328, 0.1835, 0.1047, 0.0839, 0.0581, 0.0458, 0.0116, 0.0091]",0.23900842666625977,2024-05-27-19-19-47/SITE610_ORNT90_VIS2-5mi.png
1,9,"[0.2076, 0.2272, 0.1655, 0.0868, 0.1086, 0.0943, 0.0340, 0.0464, 0.0265, 0.0029]",0.22721141576766968,2025-02-14-15-24-27/SITE327_ORNT45_VIS10+mi.png
9,5,"[0.0055, 0.0108, 0.0198, 0.0429, 0.0568, 0.1867, 0.1956, 0.1588, 0.0854, 0.2377]",0.237672358751297,2024-06-14-14-13-33/SITE239_ORNT202_VIS6mi.png
8,8,"[0.0079, 0.0194, 0.0224, 0.0139, 0.0499, 0.0873, 0.0369, 0.0800, 0.5078, 0.1744]",0.507849395275116,2024-05-22-13-05-54/SITE281_ORNT20_VIS9mi.png
3,4,"[0.0774, 0.1410, 0.1233, 0.1919, 0.1296, 0.1121, 0.0811, 0.0904, 0.0316, 0.0215]",0.19189146161079407,2024-05-07-15-42-07/SITE577_ORNT10_VIS5mi.png
9,6,"[0.0128, 0.0120, 0.0372, 0.0349, 0.0597, 0.0786, 0.1256, 0.1369, 0.0789, 0.4234]",0.42341348528862,2024-08-02-10-36-13/SITE569_ORNT276_VIS7mi.png
9,2,"[0.0192, 0.0394, 0.0789, 0.0932, 0.1220, 0.1066, 0.1476, 0.1364, 0.0304, 0.2263]",0.22628559172153473,2024-07-02-10-19-43/SITE542_ORNT350_VIS3mi.png
0,1,"[0.3224, 0.2318, 0.1138, 0.1188, 0.0860, 0.0427, 0.0402, 0.0297, 0.0106, 0.0042]",0.32241445779800415,2024-07-05-10-36-13/SITE48_ORNT275_VIS2mi.png
9,0,"[0.0248, 0.0287, 0.0621, 0.0555, 0.0786, 0.1067, 0.1219, 0.1391, 0.0653, 0.3174]",0.31735342741012573,2024-07-22-20-17-56/SITE20_ORNT226_VIS1-5mi.png
1,6,"[0.1727, 0.1924, 0.1387, 0.1518, 0.1000, 0.0633, 0.0941, 0.0616, 0.0145, 0.0110]",0.19235216081142426,2024-12-16-12-39-30/SITE834_ORNT280_VIS7mi.png
8,5,"[0.0103, 0.0149, 0.0292, 0.0132, 0.0395, 0.0944, 0.0357, 0.0774, 0.4727, 0.2126]",0.4726799726486206,2025-02-12-14-37-35/SITE397_ORNT270_VIS6mi.png
8,8,"[0.0024, 0.0030, 0.0032, 0.0027, 0.0065, 0.0239, 0.0089, 0.0176, 0.7452, 0.1866]",0.745151698589325,2024-06-29-10-50-12/SITE330_ORNT215_VIS9mi.png
3,1,"[0.1175, 0.1278, 0.1297, 0.1825, 0.1387, 0.0886, 0.0840, 0.0894, 0.0157, 0.0262]",0.18250061571598053,2024-04-30-13-21-52/SITE10_ORNT90_VIS2-5mi.png
3,1,"[0.1074, 0.1246, 0.1289, 0.1309, 0.1130, 0.1107, 0.0952, 0.1035, 0.0386, 0.0472]",0.13094398379325867,2024-05-30-17-47-26/SITE94_ORNT180_VIS2-5mi.png
8,6,"[0.0067, 0.0141, 0.0320, 0.0105, 0.0569, 0.0927, 0.0308, 0.0784, 0.5164, 0.1616]",0.5164061784744263,2025-02-05-13-59-56/SITE490_ORNT280_VIS7mi.png
1,4,"[0.1095, 0.3096, 0.1392, 0.1879, 0.0908, 0.0474, 0.0623, 0.0384, 0.0031, 0.0117]",0.309647798538208,2024-09-08-13-07-06/SITE178_ORNT110_VIS5mi.png
1,7,"[0.1303, 0.3127, 0.1672, 0.1758, 0.0833, 0.0504, 0.0416, 0.0322, 0.0026, 0.0040]",0.31272652745246887,2025-03-29-15-28-57/SITE802_ORNT235_VIS8mi.png
1,6,"[0.1660, 0.2362, 0.1432, 0.1811, 0.0979, 0.0596, 0.0591, 0.0446, 0.0059, 0.0063]",0.23618188500404358,2024-07-30-14-06-06/SITE43_ORNT270_VIS7mi.png
3,7,"[0.0598, 0.0805, 0.1057, 0.1564, 0.1366, 0.1124, 0.1163, 0.1250, 0.0356, 0.0717]",0.1564445197582245,2024-08-30-17-21-54/SITE40_ORNT295_VIS8mi.png
9,9,"[0.0041, 0.0033, 0.0366, 0.0186, 0.0254, 0.0846, 0.1447, 0.1657, 0.0846, 0.4324]",0.4324337840080261,2025-01-15-12-14-16/SITE601_ORNT180_VIS10+mi.png
1,1,"[0.1397, 0.2006, 0.1149, 0.1930, 0.1268, 0.0743, 0.0639, 0.0639, 0.0142, 0.0087]",0.20059099793434143,2024-08-02-13-37-25/SITE26_ORNT85_VIS2mi.png
5,3,"[0.0463, 0.0702, 0.1056, 0.0797, 0.1208, 0.2348, 0.0611, 0.0773, 0.1877, 0.0164]",0.23482346534729004,2024-06-06-17-01-51/SITE339_ORNT90_VIS4mi.png
5,1,"[0.0680, 0.0834, 0.1051, 0.1084, 0.1333, 0.1715, 0.0721, 0.0983, 0.1372, 0.0226]",0.17154157161712646,2024-06-29-10-50-12/SITE380_ORNT55_VIS2mi.png
1,7,"[0.2049, 0.2150, 0.1575, 0.0768, 0.1052, 0.1087, 0.0321, 0.0570, 0.0393, 0.0035]",0.21501676738262177,2025-01-22-12-38-15/SITE324_ORNT225_VIS8mi.png
8,7,"[0.0082, 0.0184, 0.0293, 0.0425, 0.0510, 0.1016, 0.1308, 0.0733, 0.3252, 0.2197]",0.32520821690559387,2024-06-17-10-37-40/SITE405_ORNT250_VIS8mi.png
7,2,"[0.0464, 0.0915, 0.1147, 0.1417, 0.1282, 0.1287, 0.1186, 0.1438, 0.0393, 0.0471]",0.14380043745040894,2024-07-05-10-36-13/SITE193_ORNT80_VIS3mi.png
6,9,"[0.0013, 0.0021, 0.0082, 0.0109, 0.0270, 0.1702, 0.3923, 0.0867, 0.0586, 0.2428]",0.3922748863697052,2024-08-31-14-30-34/SITE81_ORNT326_VIS25mi.png
0,0,"[0.2411, 0.2266, 0.1306, 0.1590, 0.0830, 0.0474, 0.0563, 0.0417, 0.0083, 0.0061]",0.24112653732299805,2025-04-07-16-10-10/SITE437_ORNT195_VIS1-25mi.png
0,0,"[0.3113, 0.2144, 0.1102, 0.1413, 0.0765, 0.0440, 0.0491, 0.0379, 0.0105, 0.0048]",0.31132933497428894,2025-02-11-14-30-47/SITE545_ORNT240_VIS1-5mi.png
9,9,"[0.0184, 0.0241, 0.0997, 0.0475, 0.0530, 0.1080, 0.0851, 0.1090, 0.0385, 0.4167]",0.41666239500045776,2024-10-13-12-27-42/SITE543_ORNT81_VIS10+mi.png
3,3,"[0.0835, 0.1255, 0.1321, 0.1469, 0.1175, 0.1283, 0.0989, 0.1059, 0.0422, 0.0190]",0.14693892002105713,2024-06-06-10-38-22/SITE203_ORNT220_VIS4mi.png
9,9,"[0.0065, 0.0032, 0.0161, 0.0103, 0.0228, 0.0332, 0.0265, 0.0882, 0.0665, 0.7267]",0.7266941666603088,2025-03-26-14-35-40/SITE584_ORNT325_VIS10+mi.png
1,5,"[0.1770, 0.1974, 0.1699, 0.0724, 0.1085, 0.1321, 0.0329, 0.0596, 0.0462, 0.0040]",0.1973748505115509,2024-12-23-15-38-40/SITE355_ORNT70_VIS6mi.png
7,7,"[0.0152, 0.0211, 0.0512, 0.0642, 0.0873, 0.1301, 0.1675, 0.1734, 0.1207, 0.1693]",0.17342551052570343,2024-08-01-10-54-34/SITE25_ORNT225_VIS8mi.png
1,2,"[0.2486, 0.2585, 0.1311, 0.1305, 0.0862, 0.0544, 0.0426, 0.0350, 0.0098, 0.0033]",0.2584913671016693,2025-02-10-14-47-56/SITE786_ORNT130_VIS3mi.png
1,2,"[0.2011, 0.2052, 0.1310, 0.1709, 0.1164, 0.0614, 0.0517, 0.0445, 0.0091, 0.0087]",0.20521803200244904,2025-04-02-15-05-32/SITE22_ORNT100_VIS3mi.png
8,7,"[0.0003, 0.0016, 0.0092, 0.0582, 0.0110, 0.1309, 0.0665, 0.0143, 0.6669, 0.0412]",0.666942834854126,2025-03-15-15-41-34/SITE540_ORNT178_VIS8mi.png
3,4,"[0.1375, 0.1680, 0.1298, 0.2040, 0.1283, 0.0763, 0.0647, 0.0626, 0.0131, 0.0158]",0.20395909249782562,2025-02-01-12-44-07/SITE446_ORNT165_VIS5mi.png
9,0,"[0.0594, 0.0515, 0.0967, 0.0696, 0.0963, 0.1314, 0.0724, 0.1177, 0.1392, 0.1659]",0.16585659980773926,2025-03-31-13-29-12/SITE205_ORNT305_VIS1-75mi.png
8,8,"[0.0237, 0.0333, 0.0764, 0.0564, 0.1178, 0.1291, 0.0712, 0.1213, 0.2658, 0.1051]",0.2657715380191803,2025-03-20-11-55-50/SITE360_ORNT45_VIS9mi.png
5,1,"[0.0508, 0.0916, 0.1041, 0.0367, 0.0817, 0.2266, 0.1140, 0.1627, 0.0865, 0.0453]",0.2265501618385315,2024-06-07-11-09-12/SITE508_ORNT135_VIS2-5mi.png
9,9,"[0.0087, 0.0206, 0.0476, 0.0587, 0.0704, 0.1060, 0.2074, 0.1552, 0.0495, 0.2759]",0.27587518095970154,2025-04-02-15-05-32/SITE610_ORNT260_VIS10+mi.png
8,8,"[0.0155, 0.0212, 0.0447, 0.0458, 0.1464, 0.0999, 0.1057, 0.0519, 0.3395, 0.1294]",0.3394867181777954,2024-08-01-13-32-05/SITE295_ORNT315_VIS9mi.png
7,7,"[0.0210, 0.0237, 0.0828, 0.1011, 0.0721, 0.1177, 0.1071, 0.1932, 0.1150, 0.1662]",0.19322915375232697,2025-02-14-15-24-27/SITE595_ORNT180_VIS8mi.png
8,7,"[0.0346, 0.0566, 0.0883, 0.0838, 0.1247, 0.1750, 0.0812, 0.1166, 0.2082, 0.0309]",0.2082369327545166,2024-09-08-16-00-24/SITE203_ORNT335_VIS8mi.png
1,0,"[0.2482, 0.2647, 0.1264, 0.1540, 0.0935, 0.0435, 0.0344, 0.0265, 0.0055, 0.0033]",0.2647029757499695,2025-01-31-13-49-43/SITE86_ORNT75_VIS1-75mi.png
3,6,"[0.0215, 0.0544, 0.0933, 0.1725, 0.1311, 0.1341, 0.1421, 0.1624, 0.0703, 0.0184]",0.17251023650169373,2025-04-22-15-39-35/SITE156_ORNT135_VIS7mi.png
9,6,"[0.0013, 0.0077, 0.0200, 0.0386, 0.0472, 0.0453, 0.1172, 0.1367, 0.0363, 0.5496]",0.5496485829353333,2024-05-13-18-48-49/SITE129_ORNT109_VIS7mi.png
7,3,"[0.0312, 0.0486, 0.0625, 0.1309, 0.1266, 0.1221, 0.1568, 0.1706, 0.0617, 0.0889]",0.17063355445861816,2024-08-18-13-20-24/SITE261_ORNT90_VIS4mi.png
0,5,"[0.1789, 0.1459, 0.1289, 0.1757, 0.1305, 0.0733, 0.0771, 0.0616, 0.0114, 0.0166]",0.1789468675851822,2024-08-24-13-47-04/SITE58_ORNT175_VIS6mi.png
5,8,"[0.0746, 0.0924, 0.1642, 0.0716, 0.1184, 0.2172, 0.0924, 0.0834, 0.0703, 0.0157]",0.21723702549934387,2025-03-26-12-24-08/SITE522_ORNT270_VIS9mi.png
1,4,"[0.1757, 0.2219, 0.1341, 0.1590, 0.1039, 0.0777, 0.0545, 0.0507, 0.0136, 0.0088]",0.22194693982601166,2024-05-09-16-15-37/SITE129_ORNT266_VIS5mi.png
9,9,"[0.0175, 0.0221, 0.0889, 0.0514, 0.0510, 0.0847, 0.0631, 0.1257, 0.0671, 0.4283]",0.4283088147640228,2025-03-02-11-48-27/SITE692_ORNT335_VIS10+mi.png
9,6,"[0.0347, 0.0336, 0.0483, 0.0589, 0.1015, 0.1209, 0.1243, 0.1319, 0.0775, 0.2685]",0.26846209168434143,2024-07-22-20-17-56/SITE437_ORNT340_VIS7mi.png
8,9,"[0.0062, 0.0149, 0.0213, 0.0152, 0.0492, 0.0738, 0.0492, 0.0847, 0.4992, 0.1865]",0.4991682469844818,2024-06-20-11-19-17/SITE455_ORNT270_VIS15mi.png
9,5,"[0.0353, 0.0302, 0.0930, 0.0657, 0.0703, 0.0976, 0.0743, 0.1315, 0.1038, 0.2983]",0.2983350157737732,2024-10-14-13-08-27/SITE692_ORNT335_VIS6mi.png
3,5,"[0.0878, 0.1744, 0.1390, 0.2422, 0.1233, 0.0794, 0.0661, 0.0701, 0.0073, 0.0104]",0.24222233891487122,2024-07-29-17-46-25/SITE127_ORNT30_VIS6mi.png
0,0,"[0.4365, 0.1634, 0.1356, 0.0900, 0.0437, 0.0279, 0.0303, 0.0603, 0.0088, 0.0037]",0.4364561140537262,2025-03-29-15-28-57/SITE217_ORNT100_VIS1mi.png
0,0,"[0.4138, 0.1780, 0.0841, 0.1223, 0.0548, 0.0371, 0.0460, 0.0424, 0.0163, 0.0052]",0.41382265090942383,2024-12-09-12-13-38/SITE542_ORNT350_VIS1-5mi.png
6,5,"[0.0348, 0.0393, 0.0757, 0.0805, 0.0911, 0.1714, 0.2202, 0.1355, 0.0436, 0.1078]",0.2202327847480774,2024-07-23-10-10-08/SITE739_ORNT340_VIS6mi.png
6,2,"[0.0423, 0.1082, 0.0776, 0.1191, 0.1193, 0.1273, 0.2380, 0.1127, 0.0267, 0.0288]",0.23795898258686066,2024-06-10-10-43-57/SITE411_ORNT135_VIS3mi.png
6,2,"[0.0196, 0.0298, 0.0344, 0.0352, 0.0605, 0.1288, 0.4478, 0.0919, 0.0537, 0.0984]",0.44782763719558716,2025-02-14-15-24-27/SITE100_ORNT210_VIS3mi.png
8,8,"[0.0012, 0.0030, 0.0088, 0.0035, 0.0214, 0.0773, 0.0076, 0.0239, 0.8259, 0.0275]",0.8259392380714417,2025-04-11-14-52-32/SITE340_ORNT230_VIS9mi.png
9,0,"[0.0900, 0.0727, 0.1293, 0.1061, 0.0824, 0.1386, 0.0783, 0.1182, 0.0432, 0.1413]",0.14129100739955902,2025-02-05-13-59-56/SITE179_ORNT36_VIS1mi.png
9,1,"[0.0634, 0.0475, 0.1097, 0.1131, 0.0839, 0.1070, 0.0927, 0.1509, 0.0718, 0.1600]",0.1599792093038559,2024-06-14-14-13-33/SITE179_ORNT230_VIS2mi.png
1,3,"[0.1888, 0.2130, 0.1455, 0.1099, 0.0975, 0.1032, 0.0450, 0.0579, 0.0319, 0.0074]",0.2129504233598709,2025-04-07-16-10-10/SITE314_ORNT35_VIS4mi.png
0,1,"[0.6195, 0.1092, 0.1099, 0.0566, 0.0249, 0.0096, 0.0155, 0.0495, 0.0044, 0.0009]",0.6195198893547058,2025-01-31-13-49-43/SITE230_ORNT280_VIS2mi.png
8,5,"[0.0028, 0.0051, 0.0060, 0.0071, 0.0209, 0.0593, 0.0261, 0.0404, 0.6500, 0.1823]",0.6500362753868103,2024-06-23-11-02-14/SITE345_ORNT225_VIS6mi.png
1,5,"[0.1225, 0.1963, 0.1348, 0.1561, 0.1078, 0.0887, 0.0867, 0.0788, 0.0205, 0.0078]",0.19627781212329865,2025-04-13-19-09-12/SITE161_ORNT141_VIS6mi.png
9,9,"[0.0081, 0.0171, 0.0750, 0.0266, 0.0576, 0.0738, 0.0810, 0.0884, 0.0240, 0.5485]",0.5484774112701416,2025-02-15-15-20-00/SITE239_ORNT30_VIS10+mi.png
5,5,"[0.0287, 0.0404, 0.1390, 0.0456, 0.0934, 0.2656, 0.1967, 0.1064, 0.0527, 0.0315]",0.2655632197856903,2024-08-10-09-44-28/SITE747_ORNT315_VIS6mi.png
0,0,"[0.2983, 0.2529, 0.1158, 0.1372, 0.0870, 0.0382, 0.0355, 0.0256, 0.0061, 0.0034]",0.29829075932502747,2025-03-31-15-41-11/SITE5_ORNT155_VIS1-25mi.png
8,4,"[0.0075, 0.0142, 0.0210, 0.0170, 0.0403, 0.0773, 0.0581, 0.0802, 0.4790, 0.2054]",0.4790082573890686,2024-06-09-10-51-06/SITE333_ORNT280_VIS5mi.png
1,4,"[0.1191, 0.1663, 0.1577, 0.1355, 0.1056, 0.0917, 0.0716, 0.0837, 0.0193, 0.0496]",0.16627085208892822,2024-06-06-17-01-51/SITE12_ORNT200_VIS5mi.png
8,8,"[0.0023, 0.0073, 0.0069, 0.0249, 0.0242, 0.0422, 0.0434, 0.0773, 0.7179, 0.0538]",0.7178916335105896,2024-09-22-16-46-10/SITE454_ORNT90_VIS9mi.png
1,2,"[0.0886, 0.2263, 0.1387, 0.1886, 0.1038, 0.1246, 0.0570, 0.0542, 0.0102, 0.0078]",0.22634267807006836,2024-07-04-10-22-12/SITE438_ORNT110_VIS3mi.png
1,7,"[0.1837, 0.2889, 0.1290, 0.1817, 0.0918, 0.0528, 0.0345, 0.0292, 0.0050, 0.0033]",0.2889208495616913,2024-07-02-16-22-41/SITE129_ORNT109_VIS8mi.png
6,6,"[0.0291, 0.0874, 0.0395, 0.1118, 0.1623, 0.1531, 0.1840, 0.1581, 0.0228, 0.0520]",0.18395091593265533,2024-07-23-13-08-12/SITE574_ORNT70_VIS7mi.png
0,1,"[0.2712, 0.2412, 0.1213, 0.1427, 0.0926, 0.0458, 0.0399, 0.0323, 0.0085, 0.0044]",0.27120593190193176,2025-02-04-15-47-48/SITE33_ORNT215_VIS2mi.png
3,6,"[0.0228, 0.0531, 0.0728, 0.1987, 0.1560, 0.1302, 0.1565, 0.1573, 0.0316, 0.0211]",0.19869086146354675,2024-06-27-10-23-10/SITE19_ORNT260_VIS7mi.png
6,3,"[0.0095, 0.0177, 0.0570, 0.0441, 0.0746, 0.2082, 0.2324, 0.0930, 0.1582, 0.1052]",0.23239487409591675,2024-07-27-10-27-08/SITE747_ORNT0_VIS4mi.png
3,2,"[0.0636, 0.0862, 0.1025, 0.1392, 0.1221, 0.1258, 0.1097, 0.1329, 0.0683, 0.0498]",0.1391577273607254,2024-06-01-11-15-19/SITE161_ORNT192_VIS3mi.png
1,0,"[0.2566, 0.2723, 0.1218, 0.1545, 0.0905, 0.0401, 0.0329, 0.0239, 0.0046, 0.0027]",0.27225491404533386,2025-02-01-12-44-07/SITE721_ORNT320_VIS1-25mi.png
1,3,"[0.1368, 0.1896, 0.1102, 0.1546, 0.1288, 0.0910, 0.0652, 0.0818, 0.0239, 0.0180]",0.18955080211162567,2024-09-07-13-37-18/SITE161_ORNT316_VIS4mi.png
2,4,"[0.1183, 0.0958, 0.2237, 0.0972, 0.1051, 0.1724, 0.0941, 0.0576, 0.0262, 0.0096]",0.22369597852230072,2024-09-07-11-42-21/SITE262_ORNT240_VIS5mi.png
1,3,"[0.2063, 0.2082, 0.1710, 0.0833, 0.1101, 0.0990, 0.0334, 0.0525, 0.0334, 0.0028]",0.20821218192577362,2025-01-31-13-49-43/SITE324_ORNT45_VIS4mi.png
1,1,"[0.1862, 0.2155, 0.1322, 0.1660, 0.1130, 0.0668, 0.0514, 0.0477, 0.0112, 0.0100]",0.2154691070318222,2024-06-06-10-38-22/SITE58_ORNT245_VIS2-5mi.png
6,3,"[0.0403, 0.0345, 0.1198, 0.0895, 0.0822, 0.1317, 0.2316, 0.0944, 0.0159, 0.1602]",0.23163539171218872,2025-02-10-14-47-56/SITE75_ORNT270_VIS4mi.png
8,2,"[0.0644, 0.0937, 0.1169, 0.0656, 0.1282, 0.1889, 0.0372, 0.0866, 0.2052, 0.0133]",0.2051827758550644,2024-12-29-16-00-12/SITE361_ORNT170_VIS3mi.png
0,1,"[0.2208, 0.1913, 0.1784, 0.1048, 0.0851, 0.0708, 0.0521, 0.0742, 0.0138, 0.0087]",0.22077259421348572,2024-07-05-14-33-31/SITE217_ORNT150_VIS2mi.png
5,2,"[0.0624, 0.0802, 0.0950, 0.1368, 0.1361, 0.1463, 0.1390, 0.1375, 0.0387, 0.0278]",0.1463303118944168,2024-07-26-10-22-16/SITE747_ORNT255_VIS3mi.png
1,3,"[0.1681, 0.1785, 0.1422, 0.1725, 0.1177, 0.0758, 0.0699, 0.0503, 0.0115, 0.0133]",0.17850422859191895,2024-12-17-16-15-56/SITE692_ORNT60_VIS4mi.png
0,4,"[0.1810, 0.1753, 0.1575, 0.0319, 0.0939, 0.1537, 0.0369, 0.0836, 0.0766, 0.0095]",0.18098217248916626,2025-01-23-15-05-27/SITE508_ORNT135_VIS5mi.png
9,1,"[0.0082, 0.0069, 0.0261, 0.0259, 0.0460, 0.0928, 0.1709, 0.1437, 0.0655, 0.4140]",0.41400521993637085,2024-08-01-13-32-05/SITE575_ORNT85_VIS2-5mi.png
8,8,"[0.0015, 0.0049, 0.0057, 0.0085, 0.0240, 0.0495, 0.0339, 0.0375, 0.7621, 0.0724]",0.7620681524276733,2024-07-02-10-19-43/SITE385_ORNT50_VIS9mi.png
1,0,"[0.1851, 0.2336, 0.1344, 0.1679, 0.0981, 0.0615, 0.0634, 0.0404, 0.0081, 0.0075]",0.23359394073486328,2024-07-25-10-00-39/SITE434_ORNT325_VIS1-25mi.png
9,7,"[0.0054, 0.0213, 0.0460, 0.0378, 0.0598, 0.0593, 0.2102, 0.1818, 0.0410, 0.3376]",0.33755356073379517,2025-01-17-15-10-02/SITE569_ORNT276_VIS8mi.png
9,9,"[0.0047, 0.0101, 0.0358, 0.0403, 0.0585, 0.0646, 0.1277, 0.1026, 0.0209, 0.5348]",0.5347604155540466,2025-02-11-14-30-47/SITE544_ORNT58_VIS10+mi.png
9,9,"[0.0123, 0.0205, 0.0464, 0.0406, 0.0563, 0.0825, 0.0871, 0.1159, 0.0383, 0.4999]",0.499947726726532,2025-04-02-15-05-32/SITE629_ORNT125_VIS10+mi.png
0,0,"[0.4972, 0.1386, 0.1387, 0.0798, 0.0377, 0.0199, 0.0231, 0.0573, 0.0059, 0.0018]",0.49723535776138306,2025-03-06-15-10-58/SITE217_ORNT100_VIS1-25mi.png
3,7,"[0.0913, 0.1333, 0.1187, 0.1446, 0.1232, 0.1335, 0.1084, 0.0908, 0.0335, 0.0227]",0.14462018013000488,2024-08-15-16-44-48/SITE40_ORNT180_VIS8mi.png
0,4,"[0.2961, 0.2619, 0.1286, 0.1285, 0.0721, 0.0344, 0.0421, 0.0296, 0.0042, 0.0025]",0.29613053798675537,2025-02-17-14-46-26/SITE119_ORNT275_VIS5mi.png
3,3,"[0.0734, 0.1459, 0.1310, 0.2239, 0.1333, 0.1026, 0.0846, 0.0717, 0.0144, 0.0193]",0.22386130690574646,2024-12-10-14-08-09/SITE117_ORNT165_VIS4mi.png
8,6,"[0.0015, 0.0033, 0.0036, 0.0040, 0.0100, 0.0310, 0.0153, 0.0258, 0.7303, 0.1752]",0.7303175926208496,2024-10-11-15-41-13/SITE494_ORNT270_VIS7mi.png
1,9,"[0.1535, 0.2133, 0.1299, 0.1849, 0.1159, 0.0764, 0.0540, 0.0511, 0.0122, 0.0088]",0.2132847160100937,2024-12-17-16-15-56/SITE69_ORNT39_VIS10+mi.png
0,0,"[0.3784, 0.2151, 0.1020, 0.1142, 0.0751, 0.0364, 0.0386, 0.0268, 0.0095, 0.0039]",0.37843605875968933,2025-01-26-15-53-06/SITE40_ORNT120_VIS1mi.png
3,4,"[0.0848, 0.0859, 0.1328, 0.1371, 0.1244, 0.1176, 0.1159, 0.1256, 0.0214, 0.0544]",0.13708950579166412,2025-02-15-16-53-20/SITE719_ORNT180_VIS5mi.png
9,5,"[0.0199, 0.0365, 0.0754, 0.0723, 0.0797, 0.1299, 0.1544, 0.1582, 0.0466, 0.2271]",0.22707410156726837,2025-01-31-13-49-43/SITE557_ORNT8_VIS6mi.png
3,4,"[0.1261, 0.1490, 0.1246, 0.2023, 0.1390, 0.0789, 0.0680, 0.0790, 0.0145, 0.0187]",0.20230108499526978,2024-05-21-12-02-34/SITE439_ORNT200_VIS5mi.png
9,6,"[0.0266, 0.0176, 0.0864, 0.0386, 0.0547, 0.1336, 0.0628, 0.1500, 0.1014, 0.3283]",0.32834693789482117,2025-03-23-13-51-54/SITE59_ORNT10_VIS7mi.png
1,1,"[0.1905, 0.2227, 0.1347, 0.1836, 0.1058, 0.0594, 0.0541, 0.0353, 0.0068, 0.0070]",0.22272415459156036,2025-01-23-15-05-27/SITE422_ORNT300_VIS2-5mi.png
5,8,"[0.0200, 0.0395, 0.0657, 0.0900, 0.0940, 0.1668, 0.1549, 0.1550, 0.1057, 0.1084]",0.16681279242038727,2025-02-11-14-30-47/SITE98_ORNT80_VIS9mi.png
1,0,"[0.2104, 0.2570, 0.1416, 0.1491, 0.0926, 0.0565, 0.0394, 0.0394, 0.0086, 0.0054]",0.25704100728034973,2025-02-14-15-24-27/SITE30_ORNT170_VIS1-75mi.png
1,5,"[0.1325, 0.2990, 0.1430, 0.1979, 0.0900, 0.0628, 0.0411, 0.0274, 0.0029, 0.0034]",0.299040824174881,2024-12-17-16-15-56/SITE561_ORNT145_VIS6mi.png
5,2,"[0.0610, 0.0737, 0.1621, 0.0527, 0.1554, 0.1843, 0.0485, 0.0975, 0.1487, 0.0162]",0.1843048483133316,2025-02-04-15-47-48/SITE522_ORNT90_VIS3mi.png
1,2,"[0.1068, 0.2057, 0.1466, 0.1972, 0.1166, 0.0810, 0.0660, 0.0566, 0.0079, 0.0155]",0.20572972297668457,2024-07-25-10-00-39/SITE620_ORNT150_VIS3mi.png
2,3,"[0.1517, 0.1195, 0.2664, 0.0995, 0.0868, 0.1350, 0.0725, 0.0442, 0.0205, 0.0039]",0.2663503885269165,2024-08-29-14-11-27/SITE17_ORNT340_VIS4mi.png
5,6,"[0.0400, 0.0354, 0.0795, 0.0696, 0.1017, 0.2019, 0.1679, 0.1308, 0.0841, 0.0891]",0.20190668106079102,2024-05-07-15-42-07/SITE253_ORNT195_VIS7mi.png
1,1,"[0.1850, 0.2081, 0.1321, 0.1809, 0.1114, 0.0686, 0.0578, 0.0395, 0.0096, 0.0071]",0.208075150847435,2024-06-10-18-34-10/SITE104_ORNT325_VIS2mi.png
1,0,"[0.1781, 0.2667, 0.1330, 0.1967, 0.0961, 0.0499, 0.0446, 0.0269, 0.0040, 0.0040]",0.26668140292167664,2025-03-31-13-29-12/SITE626_ORNT110_VIS1mi.png
1,9,"[0.1710, 0.2009, 0.1426, 0.1348, 0.1064, 0.0742, 0.0595, 0.0800, 0.0137, 0.0169]",0.2009272575378418,2025-03-04-14-20-15/SITE219_ORNT264_VIS10+mi.png
3,6,"[0.0962, 0.1385, 0.1436, 0.1594, 0.1178, 0.1108, 0.0900, 0.0893, 0.0237, 0.0308]",0.15942493081092834,2025-02-05-13-59-56/SITE132_ORNT305_VIS7mi.png
1,7,"[0.1093, 0.1664, 0.1408, 0.1530, 0.1172, 0.1111, 0.0729, 0.0852, 0.0212, 0.0230]",0.1664096564054489,2024-06-06-17-01-51/SITE215_ORNT130_VIS8mi.png
1,7,"[0.1117, 0.2417, 0.1481, 0.2031, 0.1067, 0.0700, 0.0632, 0.0409, 0.0049, 0.0097]",0.24168016016483307,2025-02-17-14-46-26/SITE53_ORNT223_VIS8mi.png
0,6,"[0.3253, 0.2113, 0.1023, 0.1551, 0.0689, 0.0402, 0.0453, 0.0374, 0.0092, 0.0051]",0.3253192901611328,2025-04-13-19-09-12/SITE43_ORNT190_VIS7mi.png
3,5,"[0.0348, 0.0790, 0.1087, 0.1582, 0.1392, 0.1581, 0.1237, 0.1207, 0.0338, 0.0438]",0.15821723639965057,2024-07-28-13-48-26/SITE411_ORNT280_VIS6mi.png
5,7,"[0.0396, 0.0828, 0.0991, 0.1641, 0.1240, 0.1751, 0.1511, 0.1063, 0.0514, 0.0064]",0.175115704536438,2024-07-29-16-41-43/SITE261_ORNT350_VIS8mi.png
0,0,"[0.3244, 0.1995, 0.1059, 0.1390, 0.0764, 0.0464, 0.0484, 0.0408, 0.0125, 0.0067]",0.3243868947029114,2024-10-13-12-27-42/SITE13_ORNT240_VIS1mi.png
8,3,"[0.0304, 0.0473, 0.0792, 0.0649, 0.1155, 0.1606, 0.0496, 0.0935, 0.3407, 0.0183]",0.3406757116317749,2024-07-20-15-11-13/SITE528_ORNT35_VIS4mi.png
3,6,"[0.1051, 0.1718, 0.1265, 0.2099, 0.1311, 0.0884, 0.0684, 0.0694, 0.0134, 0.0161]",0.20992986857891083,2024-07-07-15-01-32/SITE45_ORNT290_VIS7mi.png
7,2,"[0.0702, 0.0560, 0.1030, 0.1342, 0.1488, 0.1253, 0.0915, 0.1810, 0.0219, 0.0680]",0.18104152381420135,2024-04-30-13-21-52/SITE13_ORNT10_VIS3mi.png
1,2,"[0.1239, 0.2485, 0.1215, 0.2147, 0.1106, 0.0817, 0.0467, 0.0409, 0.0067, 0.0048]",0.2485283464193344,2024-06-06-10-38-22/SITE65_ORNT234_VIS3mi.png
1,4,"[0.2213, 0.2790, 0.1095, 0.1692, 0.1017, 0.0481, 0.0308, 0.0303, 0.0069, 0.0032]",0.27899983525276184,2024-07-25-18-03-52/SITE21_ORNT125_VIS5mi.png
1,4,"[0.0785, 0.1777, 0.1570, 0.1776, 0.1218, 0.0902, 0.0908, 0.0789, 0.0122, 0.0154]",0.17765213549137115,2025-03-04-14-20-15/SITE203_ORNT70_VIS5mi.png
9,8,"[0.0206, 0.0376, 0.0458, 0.0810, 0.1245, 0.1562, 0.1472, 0.1624, 0.0431, 0.1816]",0.1815788745880127,2024-06-15-10-59-58/SITE310_ORNT314_VIS9mi.png
8,4,"[0.0146, 0.0257, 0.0774, 0.0299, 0.1443, 0.1570, 0.0538, 0.0749, 0.3710, 0.0514]",0.371046781539917,2025-02-10-14-47-56/SITE388_ORNT325_VIS5mi.png
8,8,"[0.0733, 0.0872, 0.1415, 0.0497, 0.1182, 0.1535, 0.0461, 0.1019, 0.1899, 0.0388]",0.18994925916194916,2025-03-01-18-07-41/SITE343_ORNT180_VIS9mi.png
8,8,"[0.0042, 0.0083, 0.0112, 0.0066, 0.0281, 0.0475, 0.0180, 0.0331, 0.7183, 0.1246]",0.7183481454849243,2025-03-18-13-52-55/SITE331_ORNT315_VIS9mi.png
7,2,"[0.1200, 0.0918, 0.1228, 0.1277, 0.1068, 0.1082, 0.0883, 0.1293, 0.0509, 0.0541]",0.1293231099843979,2025-01-31-13-49-43/SITE438_ORNT30_VIS3mi.png
3,2,"[0.0310, 0.1278, 0.1159, 0.2353, 0.1334, 0.1374, 0.1012, 0.0911, 0.0079, 0.0190]",0.23529063165187836,2025-02-14-15-24-27/SITE12_ORNT270_VIS3mi.png
8,8,"[0.0057, 0.0095, 0.0104, 0.0066, 0.0219, 0.0493, 0.0228, 0.0382, 0.5889, 0.2467]",0.588887095451355,2024-08-29-14-11-27/SITE386_ORNT290_VIS9mi.png
1,1,"[0.2532, 0.2558, 0.1660, 0.0802, 0.0788, 0.0743, 0.0280, 0.0449, 0.0169, 0.0019]",0.2558021545410156,2025-03-31-13-29-12/SITE383_ORNT215_VIS2-25mi.png
3,7,"[0.1412, 0.1588, 0.1388, 0.1650, 0.1156, 0.0918, 0.0733, 0.0785, 0.0200, 0.0170]",0.1650114506483078,2025-03-05-12-08-53/SITE610_ORNT260_VIS8mi.png
5,6,"[0.0954, 0.1029, 0.1429, 0.1099, 0.0809, 0.1797, 0.1049, 0.1022, 0.0654, 0.0158]",0.17965321242809296,2024-08-16-20-03-50/SITE111_ORNT246_VIS7mi.png
1,0,"[0.2598, 0.3020, 0.1183, 0.1501, 0.0808, 0.0375, 0.0236, 0.0218, 0.0045, 0.0017]",0.30197158455848694,2025-03-06-15-10-58/SITE45_ORNT290_VIS1mi.png
0,2,"[0.2517, 0.2212, 0.1277, 0.1499, 0.1035, 0.0536, 0.0466, 0.0320, 0.0081, 0.0058]",0.2516821026802063,2025-04-01-16-59-16/SITE82_ORNT135_VIS3mi.png
3,3,"[0.0495, 0.0829, 0.0975, 0.1768, 0.1416, 0.1293, 0.1298, 0.1246, 0.0394, 0.0286]",0.17682766914367676,2024-07-25-18-03-52/SITE411_ORNT75_VIS4mi.png
0,1,"[0.3860, 0.1867, 0.2353, 0.0486, 0.0431, 0.0219, 0.0187, 0.0553, 0.0025, 0.0017]",0.38602694869041443,2025-02-04-15-47-48/SITE219_ORNT160_VIS2-5mi.png
5,3,"[0.0265, 0.0639, 0.2234, 0.0855, 0.1120, 0.2756, 0.1157, 0.0571, 0.0383, 0.0021]",0.27559104561805725,2024-09-08-16-00-24/SITE19_ORNT170_VIS4mi.png
8,1,"[0.0389, 0.0541, 0.0874, 0.0959, 0.1214, 0.1576, 0.0713, 0.1117, 0.2329, 0.0288]",0.23288339376449585,2025-04-16-13-54-24/SITE508_ORNT225_VIS2mi.png
5,1,"[0.1371, 0.1452, 0.1487, 0.0693, 0.1312, 0.1520, 0.0351, 0.0746, 0.1008, 0.0061]",0.15198813378810883,2025-03-20-11-55-50/SITE477_ORNT50_VIS2-25mi.png
2,5,"[0.1469, 0.1397, 0.1892, 0.0805, 0.1415, 0.1192, 0.0456, 0.0751, 0.0560, 0.0064]",0.18916775286197662,2025-02-02-12-13-03/SITE325_ORNT60_VIS6mi.png
1,3,"[0.1619, 0.2915, 0.1435, 0.1831, 0.0859, 0.0514, 0.0482, 0.0278, 0.0032, 0.0034]",0.2914697825908661,2024-05-08-14-34-39/SITE684_ORNT179_VIS4mi.png
0,1,"[0.3296, 0.3024, 0.1452, 0.0902, 0.0533, 0.0254, 0.0195, 0.0287, 0.0043, 0.0014]",0.32962241768836975,2025-03-01-18-07-41/SITE207_ORNT120_VIS2mi.png
1,3,"[0.1950, 0.2208, 0.1265, 0.1744, 0.1115, 0.0639, 0.0458, 0.0434, 0.0113, 0.0074]",0.22077210247516632,2024-10-13-15-24-41/SITE75_ORNT15_VIS4mi.png
6,9,"[0.0505, 0.0317, 0.0635, 0.0706, 0.0801, 0.1803, 0.2656, 0.1076, 0.0303, 0.1196]",0.2655948996543884,2025-02-11-14-30-47/SITE733_ORNT230_VIS10+mi.png
1,5,"[0.1438, 0.2241, 0.1186, 0.2022, 0.1177, 0.0744, 0.0520, 0.0495, 0.0104, 0.0073]",0.22406511008739471,2024-08-02-10-36-13/SITE22_ORNT100_VIS6mi.png
0,2,"[0.2043, 0.1791, 0.1593, 0.0925, 0.1037, 0.1078, 0.0544, 0.0589, 0.0319, 0.0079]",0.2043484002351761,2025-02-01-12-44-07/SITE405_ORNT35_VIS3mi.png
3,1,"[0.0991, 0.1311, 0.1200, 0.1506, 0.1164, 0.1055, 0.0966, 0.1133, 0.0345, 0.0328]",0.15060031414031982,2024-08-11-09-28-59/SITE411_ORNT75_VIS2-5mi.png
5,0,"[0.0857, 0.1146, 0.1307, 0.0613, 0.1345, 0.1873, 0.0372, 0.0863, 0.1514, 0.0111]",0.187257781624794,2025-03-31-15-41-11/SITE506_ORNT0_VIS1-75mi.png
7,2,"[0.0473, 0.1060, 0.1195, 0.1381, 0.1033, 0.1027, 0.1062, 0.1483, 0.0551, 0.0735]",0.14829185605049133,2024-05-31-15-13-16/SITE203_ORNT70_VIS3mi.png
6,6,"[0.0581, 0.0561, 0.1301, 0.0909, 0.0938, 0.1452, 0.1702, 0.1041, 0.0152, 0.1364]",0.17020262777805328,2025-03-26-14-35-40/SITE5_ORNT155_VIS7mi.png
1,6,"[0.2048, 0.2302, 0.1342, 0.1594, 0.1012, 0.0590, 0.0577, 0.0389, 0.0080, 0.0068]",0.23018555343151093,2025-03-02-13-12-40/SITE125_ORNT35_VIS7mi.png
8,9,"[0.0237, 0.0710, 0.1261, 0.0761, 0.1692, 0.1535, 0.0617, 0.0961, 0.2013, 0.0212]",0.20131973922252655,2024-07-23-16-31-18/SITE463_ORNT230_VIS15mi.png
1,1,"[0.2342, 0.2656, 0.1142, 0.1591, 0.0935, 0.0473, 0.0347, 0.0387, 0.0091, 0.0036]",0.26560065150260925,2025-02-16-12-49-10/SITE411_ORNT220_VIS2mi.png
1,0,"[0.1486, 0.2328, 0.1165, 0.2045, 0.1163, 0.0739, 0.0473, 0.0448, 0.0091, 0.0063]",0.23284058272838593,2025-03-31-13-29-12/SITE272_ORNT130_VIS1-75mi.png
3,6,"[0.0972, 0.1016, 0.1413, 0.1786, 0.1170, 0.0991, 0.1045, 0.0953, 0.0166, 0.0488]",0.17856499552726746,2025-04-07-16-10-10/SITE658_ORNT120_VIS7mi.png
0,4,"[0.2721, 0.2320, 0.1215, 0.1389, 0.0882, 0.0498, 0.0405, 0.0404, 0.0120, 0.0044]",0.27214470505714417,2025-02-14-15-24-27/SITE807_ORNT190_VIS5mi.png
5,4,"[0.0839, 0.0963, 0.1087, 0.0879, 0.1257, 0.1548, 0.0567, 0.1052, 0.1547, 0.0261]",0.15482641756534576,2025-02-19-12-18-05/SITE404_ORNT100_VIS5mi.png
0,2,"[0.3460, 0.2476, 0.1121, 0.1150, 0.0688, 0.0339, 0.0352, 0.0316, 0.0070, 0.0028]",0.346022367477417,2025-01-28-16-10-28/SITE98_ORNT245_VIS3mi.png
1,1,"[0.1720, 0.1964, 0.1356, 0.1539, 0.1084, 0.0772, 0.0698, 0.0573, 0.0159, 0.0134]",0.1964493989944458,2025-01-17-15-10-02/SITE852_ORNT225_VIS2mi.png
1,5,"[0.1516, 0.2073, 0.1202, 0.1787, 0.1216, 0.0827, 0.0601, 0.0537, 0.0141, 0.0100]",0.20733119547367096,2024-07-25-18-03-52/SITE22_ORNT190_VIS6mi.png
0,0,"[0.2716, 0.2185, 0.1178, 0.1512, 0.0833, 0.0469, 0.0533, 0.0414, 0.0095, 0.0066]",0.27162736654281616,2024-07-04-13-27-11/SITE43_ORNT190_VIS1-25mi.png
5,5,"[0.0846, 0.1138, 0.1568, 0.1532, 0.1407, 0.1671, 0.1013, 0.0513, 0.0248, 0.0065]",0.16705264151096344,2024-09-15-16-06-51/SITE19_ORNT170_VIS6mi.png
0,1,"[0.3739, 0.2135, 0.1653, 0.0746, 0.0557, 0.0282, 0.0349, 0.0444, 0.0077, 0.0017]",0.3739410638809204,4-9-24-5-23-PM/SITE100_ORNT210_VIS2mi.png
8,7,"[0.0645, 0.0852, 0.1066, 0.0859, 0.1284, 0.1650, 0.0490, 0.0953, 0.2082, 0.0118]",0.20821265876293182,2024-07-25-10-00-39/SITE477_ORNT50_VIS8mi.png
3,6,"[0.1263, 0.1772, 0.1241, 0.2035, 0.1261, 0.0816, 0.0663, 0.0683, 0.0149, 0.0116]",0.20347046852111816,2024-06-16-11-08-10/SITE442_ORNT300_VIS7mi.png
3,7,"[0.0280, 0.0650, 0.0984, 0.1787, 0.1292, 0.1435, 0.1071, 0.1327, 0.0571, 0.0604]",0.17872539162635803,2025-03-17-19-09-03/SITE25_ORNT150_VIS8mi.png
0,2,"[0.6152, 0.1167, 0.0968, 0.0683, 0.0251, 0.0105, 0.0165, 0.0452, 0.0047, 0.0010]",0.6152312755584717,2025-03-02-13-12-40/SITE217_ORNT25_VIS3mi.png
6,6,"[0.0116, 0.0185, 0.0117, 0.0153, 0.0284, 0.0731, 0.7639, 0.0384, 0.0125, 0.0266]",0.7639473676681519,2024-05-03-12-14-06/SITE760_ORNT140_VIS7mi.png
2,2,"[0.0829, 0.1037, 0.1549, 0.1186, 0.1222, 0.1443, 0.1084, 0.0983, 0.0433, 0.0234]",0.15487824380397797,2025-04-11-14-52-32/SITE94_ORNT280_VIS3mi.png
9,9,"[0.0097, 0.0170, 0.0488, 0.0436, 0.0576, 0.1066, 0.1749, 0.1386, 0.0435, 0.3598]",0.3598376214504242,2025-03-05-12-08-53/SITE50_ORNT149_VIS10+mi.png
9,9,"[0.0310, 0.0337, 0.0943, 0.0861, 0.0884, 0.1271, 0.1228, 0.1552, 0.0522, 0.2091]",0.2091163694858551,2025-02-12-14-37-35/SITE14_ORNT195_VIS10+mi.png
0,3,"[0.1874, 0.1847, 0.1583, 0.1569, 0.1122, 0.0825, 0.0569, 0.0427, 0.0140, 0.0044]",0.18738575279712677,2025-04-01-16-59-16/SITE111_ORNT246_VIS4mi.png
3,4,"[0.0729, 0.1299, 0.1189, 0.2191, 0.1458, 0.0959, 0.0879, 0.0880, 0.0136, 0.0279]",0.21909166872501373,2024-07-02-16-22-41/SITE417_ORNT315_VIS5mi.png
6,6,"[0.0136, 0.0289, 0.0236, 0.0389, 0.0604, 0.0951, 0.3615, 0.1886, 0.0547, 0.1347]",0.3614550530910492,2024-05-14-16-18-20/SITE760_ORNT190_VIS7mi.png
8,4,"[0.0284, 0.0446, 0.0864, 0.0781, 0.1277, 0.2100, 0.0551, 0.0799, 0.2800, 0.0099]",0.2800009548664093,2024-08-19-10-27-18/SITE401_ORNT350_VIS5mi.png
3,0,"[0.0273, 0.0851, 0.1043, 0.1909, 0.1363, 0.1747, 0.1264, 0.1136, 0.0208, 0.0206]",0.1909320205450058,2024-07-14-16-38-50/SITE81_ORNT326_VIS1mi.png
1,0,"[0.1324, 0.2063, 0.1269, 0.1834, 0.1184, 0.0918, 0.0583, 0.0588, 0.0140, 0.0098]",0.20627032220363617,2024-07-05-14-33-31/SITE239_ORNT30_VIS1mi.png
1,4,"[0.1526, 0.1758, 0.1597, 0.1489, 0.1084, 0.0780, 0.0763, 0.0695, 0.0103, 0.0203]",0.17578274011611938,2025-02-17-14-46-26/SITE119_ORNT13_VIS5mi.png
0,1,"[0.2854, 0.2422, 0.1189, 0.1406, 0.0907, 0.0439, 0.0419, 0.0262, 0.0064, 0.0039]",0.28543999791145325,2025-04-01-16-59-16/SITE69_ORNT315_VIS2mi.png
1,0,"[0.1237, 0.2208, 0.1309, 0.1744, 0.1127, 0.0912, 0.0653, 0.0565, 0.0133, 0.0112]",0.22082704305648804,2024-05-31-11-53-14/SITE66_ORNT95_VIS1mi.png
9,9,"[0.0534, 0.0529, 0.1115, 0.1008, 0.1052, 0.1189, 0.1563, 0.1289, 0.0134, 0.1586]",0.15864701569080353,2025-02-12-14-37-35/SITE193_ORNT295_VIS10+mi.png
0,5,"[0.5494, 0.1289, 0.1425, 0.0578, 0.0320, 0.0143, 0.0182, 0.0498, 0.0059, 0.0012]",0.5494459271430969,2025-02-15-16-53-20/SITE165_ORNT290_VIS6mi.png
9,9,"[0.0218, 0.0280, 0.0557, 0.0556, 0.0810, 0.1141, 0.1370, 0.1413, 0.0733, 0.2921]",0.2921377718448639,2025-02-11-14-30-47/SITE561_ORNT350_VIS10+mi.png
9,8,"[0.0062, 0.0044, 0.0242, 0.0140, 0.0255, 0.0614, 0.0500, 0.0834, 0.2054, 0.5254]",0.5254313945770264,2024-10-13-12-27-42/SITE510_ORNT0_VIS9mi.png
1,0,"[0.2313, 0.2646, 0.1550, 0.1283, 0.0824, 0.0461, 0.0494, 0.0345, 0.0049, 0.0035]",0.2646375894546509,2024-07-04-10-22-12/SITE171_ORNT126_VIS1-5mi.png
3,2,"[0.1414, 0.1530, 0.1262, 0.1636, 0.1329, 0.0854, 0.0744, 0.0785, 0.0191, 0.0255]",0.16357602179050446,2024-08-01-10-54-34/SITE58_ORNT245_VIS3mi.png
9,9,"[0.0324, 0.0497, 0.0441, 0.0707, 0.0865, 0.0965, 0.0792, 0.1353, 0.1177, 0.2879]",0.28788086771965027,2025-01-26-15-53-06/SITE574_ORNT70_VIS10+mi.png
8,9,"[0.0205, 0.0263, 0.0449, 0.0357, 0.0582, 0.1002, 0.0840, 0.1097, 0.2607, 0.2598]",0.2606871426105499,2025-03-26-14-35-40/SITE119_ORNT96_VIS10+mi.png
1,2,"[0.1742, 0.2508, 0.1076, 0.1973, 0.1193, 0.0609, 0.0425, 0.0364, 0.0077, 0.0035]",0.2507561445236206,2025-04-01-16-59-16/SITE18_ORNT135_VIS3mi.png
5,3,"[0.0579, 0.0849, 0.1842, 0.0383, 0.0889, 0.2211, 0.0616, 0.0840, 0.1635, 0.0156]",0.22110146284103394,2024-07-22-11-13-59/SITE332_ORNT155_VIS4mi.png
6,8,"[0.0207, 0.0340, 0.0384, 0.0924, 0.1255, 0.2055, 0.2128, 0.1039, 0.0450, 0.1219]",0.2128392904996872,2024-12-03-11-18-04/SITE301_ORNT275_VIS9mi.png
8,8,"[0.0150, 0.0253, 0.0524, 0.0282, 0.0966, 0.1152, 0.0377, 0.0946, 0.4025, 0.1325]",0.40250447392463684,2025-03-01-18-07-41/SITE520_ORNT90_VIS9mi.png
9,2,"[0.0113, 0.0251, 0.0374, 0.0636, 0.0822, 0.0896, 0.1101, 0.1788, 0.1503, 0.2515]",0.2514784038066864,2025-04-14-19-44-02/SITE407_ORNT215_VIS3mi.png
8,8,"[0.0003, 0.0018, 0.0006, 0.0048, 0.0072, 0.0167, 0.0121, 0.0151, 0.9041, 0.0372]",0.9041244983673096,2024-07-05-10-36-13/SITE375_ORNT330_VIS9mi.png
1,1,"[0.1750, 0.2089, 0.1345, 0.1665, 0.1129, 0.0758, 0.0537, 0.0508, 0.0125, 0.0094]",0.20886389911174774,2025-04-01-16-59-16/SITE6_ORNT355_VIS2mi.png
1,7,"[0.1779, 0.1999, 0.1324, 0.1879, 0.1150, 0.0655, 0.0583, 0.0447, 0.0093, 0.0090]",0.1999342143535614,2024-08-02-10-36-13/SITE45_ORNT5_VIS8mi.png
7,2,"[0.0270, 0.0550, 0.0786, 0.1118, 0.1331, 0.1403, 0.1450, 0.1674, 0.0704, 0.0714]",0.16735850274562836,2024-06-10-14-33-22/SITE595_ORNT100_VIS3mi.png
8,8,"[0.0224, 0.0661, 0.1284, 0.0970, 0.1381, 0.1671, 0.0882, 0.0899, 0.1831, 0.0196]",0.1831125020980835,2024-07-28-11-17-19/SITE386_ORNT125_VIS9mi.png
0,1,"[0.2993, 0.2529, 0.1201, 0.1264, 0.0837, 0.0427, 0.0351, 0.0288, 0.0082, 0.0027]",0.29930758476257324,2025-03-06-15-10-58/SITE216_ORNT55_VIS2mi.png
9,9,"[0.0245, 0.0544, 0.0593, 0.0675, 0.0703, 0.0678, 0.1249, 0.1578, 0.0147, 0.3589]",0.3588992953300476,2025-02-11-14-30-47/SITE208_ORNT270_VIS10+mi.png
3,4,"[0.0342, 0.0681, 0.0846, 0.1922, 0.1468, 0.1382, 0.1479, 0.1354, 0.0352, 0.0172]",0.1922464221715927,2024-08-02-10-36-13/SITE19_ORNT325_VIS5mi.png
8,4,"[0.0133, 0.0342, 0.0952, 0.0377, 0.2022, 0.1217, 0.0562, 0.0841, 0.2701, 0.0854]",0.2701096832752228,2025-01-31-13-49-43/SITE477_ORNT50_VIS5mi.png
8,7,"[0.0083, 0.0150, 0.0267, 0.0090, 0.0505, 0.1015, 0.0382, 0.0705, 0.4743, 0.2062]",0.47433823347091675,2025-01-31-13-49-43/SITE389_ORNT120_VIS8mi.png
8,8,"[0.0041, 0.0085, 0.0163, 0.0144, 0.0306, 0.0623, 0.0684, 0.0952, 0.4523, 0.2479]",0.45228272676467896,2024-07-25-10-00-39/SITE383_ORNT35_VIS9mi.png
6,2,"[0.0394, 0.0554, 0.0602, 0.0867, 0.1144, 0.1478, 0.1920, 0.1399, 0.0332, 0.1311]",0.19199027121067047,2025-01-17-15-10-02/SITE268_ORNT355_VIS3mi.png
2,3,"[0.2046, 0.1676, 0.2069, 0.0935, 0.0848, 0.0765, 0.0559, 0.0891, 0.0087, 0.0124]",0.20694449543952942,2025-03-06-15-10-58/SITE193_ORNT80_VIS4mi.png
9,9,"[0.0440, 0.0464, 0.1221, 0.0931, 0.0771, 0.1158, 0.1154, 0.1449, 0.0540, 0.1872]",0.187204509973526,2025-03-26-12-24-08/SITE217_ORNT150_VIS10+mi.png
9,4,"[0.0054, 0.0180, 0.0313, 0.0251, 0.0527, 0.1152, 0.1306, 0.1035, 0.1579, 0.3603]",0.3602798283100128,2024-08-29-14-11-27/SITE476_ORNT30_VIS5mi.png
3,3,"[0.1150, 0.1394, 0.1336, 0.1978, 0.1365, 0.0866, 0.0836, 0.0710, 0.0139, 0.0226]",0.1978427916765213,2024-08-15-16-44-48/SITE439_ORNT200_VIS4mi.png
8,8,"[0.0132, 0.0181, 0.0513, 0.0171, 0.0850, 0.1124, 0.0322, 0.0649, 0.5145, 0.0912]",0.5145296454429626,2025-02-15-16-53-20/SITE362_ORNT25_VIS9mi.png
1,6,"[0.1250, 0.2339, 0.1615, 0.1883, 0.1024, 0.0566, 0.0752, 0.0442, 0.0041, 0.0088]",0.23385968804359436,2024-06-21-15-35-27/SITE417_ORNT50_VIS7mi.png
8,8,"[0.0040, 0.0064, 0.0087, 0.0073, 0.0271, 0.0672, 0.0274, 0.0366, 0.6870, 0.1282]",0.686980664730072,2025-04-02-15-05-32/SITE401_ORNT350_VIS9mi.png
9,7,"[0.0133, 0.0116, 0.0434, 0.0353, 0.0621, 0.1152, 0.1596, 0.1604, 0.0535, 0.3457]",0.34569403529167175,2024-06-16-15-28-51/SITE215_ORNT235_VIS8mi.png
1,7,"[0.1580, 0.2241, 0.1119, 0.1736, 0.1256, 0.0799, 0.0560, 0.0493, 0.0119, 0.0098]",0.22406743466854095,2024-07-30-14-06-06/SITE435_ORNT15_VIS8mi.png
9,7,"[0.0179, 0.0335, 0.0742, 0.0745, 0.0448, 0.0568, 0.0478, 0.1723, 0.0602, 0.4180]",0.4180435538291931,2024-04-30-13-21-52/SITE734_ORNT75_VIS8mi.png
0,7,"[0.3232, 0.2108, 0.1071, 0.1546, 0.0697, 0.0398, 0.0452, 0.0374, 0.0083, 0.0038]",0.3232160806655884,2024-08-26-16-02-03/SITE43_ORNT270_VIS8mi.png
1,2,"[0.1460, 0.2419, 0.1396, 0.1884, 0.1060, 0.0697, 0.0515, 0.0424, 0.0073, 0.0072]",0.24188785254955292,2024-05-30-17-47-26/SITE417_ORNT220_VIS3mi.png
9,9,"[0.0078, 0.0063, 0.0437, 0.0220, 0.0297, 0.0875, 0.0766, 0.0793, 0.1317, 0.5155]",0.5154712200164795,2025-03-26-14-35-40/SITE570_ORNT52_VIS10+mi.png
7,0,"[0.0022, 0.0109, 0.0116, 0.0507, 0.0379, 0.0561, 0.2124, 0.2229, 0.1866, 0.2087]",0.22290945053100586,2024-07-01-19-28-49/SITE239_ORNT245_VIS1-5mi.png
1,1,"[0.1782, 0.2546, 0.1137, 0.1919, 0.1105, 0.0597, 0.0396, 0.0388, 0.0081, 0.0050]",0.25461527705192566,2024-09-08-16-00-24/SITE26_ORNT310_VIS2mi.png
1,1,"[0.1572, 0.2155, 0.1314, 0.1824, 0.1140, 0.0768, 0.0503, 0.0525, 0.0111, 0.0088]",0.21545469760894775,2025-03-31-15-41-11/SITE12_ORNT5_VIS2mi.png
9,5,"[0.0158, 0.0307, 0.0579, 0.0559, 0.0937, 0.1380, 0.1595, 0.1560, 0.0845, 0.2080]",0.2080203890800476,2025-03-28-10-38-15/SITE606_ORNT180_VIS6mi.png
8,8,"[0.0056, 0.0123, 0.0145, 0.0110, 0.0400, 0.0792, 0.0353, 0.0538, 0.5767, 0.1714]",0.5767123699188232,2025-02-02-12-13-03/SITE281_ORNT20_VIS9mi.png
9,3,"[0.0049, 0.0136, 0.0232, 0.0831, 0.0860, 0.0666, 0.1333, 0.2161, 0.0482, 0.3249]",0.32493704557418823,2024-08-02-20-27-22/SITE19_ORNT260_VIS4mi.png
8,1,"[0.0340, 0.0473, 0.0615, 0.0373, 0.0777, 0.1410, 0.0540, 0.1271, 0.3189, 0.1010]",0.31894832849502563,2024-08-16-20-03-50/SITE522_ORNT90_VIS2mi.png
1,4,"[0.2318, 0.2498, 0.1298, 0.1561, 0.0940, 0.0489, 0.0492, 0.0296, 0.0062, 0.0046]",0.24981845915317535,2024-07-02-16-22-41/SITE169_ORNT57_VIS5mi.png
5,8,"[0.0402, 0.0433, 0.1307, 0.0350, 0.0997, 0.2160, 0.0802, 0.1061, 0.1760, 0.0728]",0.21601995825767517,2025-04-13-19-09-12/SITE343_ORNT90_VIS9mi.png
0,1,"[0.3329, 0.3056, 0.1120, 0.1197, 0.0630, 0.0234, 0.0232, 0.0169, 0.0024, 0.0010]",0.3328852951526642,4-9-24-5-23-PM/SITE245_ORNT11_VIS2mi.png
6,3,"[0.0452, 0.0585, 0.0991, 0.1483, 0.1146, 0.1269, 0.1857, 0.1295, 0.0291, 0.0631]",0.18566599488258362,2025-04-07-16-10-10/SITE160_ORNT176_VIS4mi.png
8,8,"[0.0035, 0.0075, 0.0084, 0.0052, 0.0199, 0.0423, 0.0224, 0.0326, 0.6612, 0.1970]",0.6612244248390198,2024-10-06-12-31-10/SITE324_ORNT225_VIS9mi.png
9,0,"[0.0062, 0.0145, 0.0299, 0.0375, 0.0758, 0.0978, 0.1548, 0.1682, 0.0230, 0.3923]",0.3923434019088745,2024-06-21-15-35-27/SITE87_ORNT329_VIS1-75mi.png
1,5,"[0.1714, 0.1880, 0.1538, 0.0724, 0.1140, 0.1368, 0.0365, 0.0653, 0.0569, 0.0049]",0.18796269595623016,2025-02-27-11-22-46/SITE360_ORNT310_VIS6mi.png
3,4,"[0.0575, 0.1038, 0.1254, 0.1992, 0.1348, 0.1020, 0.1028, 0.1119, 0.0180, 0.0447]",0.1991763412952423,2024-10-06-17-04-59/SITE251_ORNT140_VIS5mi.png
9,7,"[0.0118, 0.0178, 0.0228, 0.0358, 0.0475, 0.1265, 0.1466, 0.1322, 0.1602, 0.2989]",0.2988959550857544,2025-04-13-19-09-12/SITE203_ORNT155_VIS8mi.png
1,1,"[0.1190, 0.2462, 0.1569, 0.1969, 0.1013, 0.0541, 0.0727, 0.0395, 0.0040, 0.0094]",0.24622991681098938,2024-08-15-16-44-48/SITE53_ORNT223_VIS2mi.png
9,7,"[0.0139, 0.0279, 0.0843, 0.0757, 0.0692, 0.0922, 0.0972, 0.1381, 0.0848, 0.3166]",0.3166216313838959,2025-04-22-15-39-35/SITE203_ORNT70_VIS8mi.png
8,7,"[0.0122, 0.0220, 0.0355, 0.0430, 0.0621, 0.1000, 0.1105, 0.0893, 0.3094, 0.2159]",0.30943429470062256,2024-07-25-10-00-39/SITE405_ORNT250_VIS8mi.png
5,5,"[0.0814, 0.0833, 0.1071, 0.1016, 0.1218, 0.1372, 0.1021, 0.1162, 0.0905, 0.0589]",0.1372307687997818,2025-02-11-14-30-47/SITE340_ORNT55_VIS6mi.png
1,5,"[0.1234, 0.1700, 0.1193, 0.1658, 0.1274, 0.0969, 0.0802, 0.0824, 0.0177, 0.0170]",0.1699671596288681,2024-06-05-18-49-24/SITE33_ORNT215_VIS6mi.png
7,9,"[0.0012, 0.0067, 0.0049, 0.2459, 0.1344, 0.0470, 0.1225, 0.3240, 0.0756, 0.0378]",0.3239811360836029,2024-12-09-12-13-38/SITE581_ORNT250_VIS10+mi.png
0,0,"[0.6754, 0.1170, 0.0791, 0.0577, 0.0183, 0.0063, 0.0126, 0.0303, 0.0029, 0.0005]",0.6753668785095215,2025-03-29-15-28-57/SITE198_ORNT80_VIS1-25mi.png
3,6,"[0.0637, 0.1317, 0.1417, 0.2055, 0.1243, 0.1095, 0.0979, 0.0757, 0.0138, 0.0364]",0.20548394322395325,2024-07-23-13-08-12/SITE584_ORNT225_VIS7mi.png
8,8,"[0.0102, 0.0195, 0.0400, 0.0146, 0.0873, 0.1083, 0.0380, 0.0630, 0.5041, 0.1150]",0.5040907859802246,2025-02-02-12-13-03/SITE343_ORNT360_VIS9mi.png
8,5,"[0.0142, 0.0230, 0.0495, 0.0139, 0.0882, 0.1218, 0.0477, 0.0668, 0.4696, 0.1053]",0.4695758521556854,2025-02-11-14-30-47/SITE340_ORNT330_VIS6mi.png
0,0,"[0.5252, 0.1705, 0.1109, 0.0748, 0.0335, 0.0136, 0.0232, 0.0415, 0.0056, 0.0012]",0.525160014629364,2025-01-31-13-49-43/SITE239_ORNT110_VIS1-75mi.png
5,8,"[0.0193, 0.0364, 0.1443, 0.0411, 0.0862, 0.3384, 0.1400, 0.0723, 0.0990, 0.0229]",0.3384188115596771,2024-08-16-20-03-50/SITE301_ORNT343_VIS9mi.png
8,6,"[0.0179, 0.0241, 0.0400, 0.0380, 0.0815, 0.1156, 0.0809, 0.0979, 0.3687, 0.1354]",0.3687252104282379,2025-03-31-15-41-11/SITE310_ORNT314_VIS7mi.png
0,2,"[0.3039, 0.2311, 0.1158, 0.1275, 0.0837, 0.0439, 0.0461, 0.0340, 0.0101, 0.0040]",0.30390816926956177,2024-05-07-15-42-07/SITE561_ORNT350_VIS3mi.png
3,5,"[0.1086, 0.1594, 0.1272, 0.1728, 0.1250, 0.1061, 0.0803, 0.0816, 0.0245, 0.0144]",0.17280656099319458,2024-09-07-13-37-18/SITE607_ORNT180_VIS6mi.png
1,2,"[0.2620, 0.2793, 0.1218, 0.1508, 0.0884, 0.0386, 0.0285, 0.0238, 0.0044, 0.0024]",0.2792535126209259,2025-03-15-15-41-34/SITE78_ORNT268_VIS3mi.png
8,8,"[0.0026, 0.0043, 0.0071, 0.0046, 0.0141, 0.0412, 0.0177, 0.0310, 0.6102, 0.2672]",0.6101557612419128,2024-07-01-19-28-49/SITE358_ORNT120_VIS9mi.png
8,8,"[0.0051, 0.0078, 0.0060, 0.0098, 0.0246, 0.0554, 0.0243, 0.0458, 0.6158, 0.2053]",0.6158257126808167,2024-07-28-11-17-19/SITE375_ORNT330_VIS9mi.png
3,6,"[0.0947, 0.1654, 0.1373, 0.1827, 0.1181, 0.1079, 0.0810, 0.0753, 0.0193, 0.0183]",0.18269555270671844,2024-07-23-13-08-12/SITE486_ORNT220_VIS7mi.png
9,6,"[0.0013, 0.0021, 0.0107, 0.0123, 0.0176, 0.0633, 0.2207, 0.0955, 0.1820, 0.3944]",0.3943992257118225,2024-07-20-15-11-13/SITE543_ORNT126_VIS7mi.png
6,7,"[0.0057, 0.0097, 0.0216, 0.0587, 0.0540, 0.2251, 0.2921, 0.0531, 0.1501, 0.1299]",0.29207324981689453,2024-08-02-10-36-13/SITE747_ORNT315_VIS8mi.png
3,7,"[0.0900, 0.1556, 0.1099, 0.1626, 0.1295, 0.1150, 0.1094, 0.0788, 0.0225, 0.0267]",0.1626276820898056,2025-03-06-15-10-58/SITE73_ORNT110_VIS8mi.png
8,8,"[0.0135, 0.0173, 0.0346, 0.0197, 0.0501, 0.1112, 0.0813, 0.0931, 0.3735, 0.2056]",0.3735195994377136,2024-09-29-15-43-38/SITE480_ORNT140_VIS9mi.png
1,4,"[0.1160, 0.2121, 0.1435, 0.1784, 0.1038, 0.1038, 0.0619, 0.0600, 0.0139, 0.0065]",0.21207615733146667,2024-06-20-11-19-17/SITE253_ORNT195_VIS5mi.png
0,2,"[0.2346, 0.2178, 0.1703, 0.0633, 0.1056, 0.0950, 0.0310, 0.0501, 0.0302, 0.0021]",0.2345956712961197,2025-03-06-15-10-58/SITE397_ORNT30_VIS3mi.png
1,3,"[0.2130, 0.2934, 0.1320, 0.1637, 0.0858, 0.0421, 0.0398, 0.0242, 0.0035, 0.0025]",0.29340478777885437,2024-07-14-10-21-23/SITE134_ORNT294_VIS4mi.png
1,0,"[0.1687, 0.1992, 0.1559, 0.0797, 0.1179, 0.1384, 0.0342, 0.0543, 0.0476, 0.0040]",0.19918644428253174,2025-03-15-15-41-34/SITE352_ORNT175_VIS1mi.png
1,2,"[0.1257, 0.1728, 0.1451, 0.1503, 0.1066, 0.1298, 0.0579, 0.0721, 0.0321, 0.0076]",0.17276449501514435,2024-07-28-19-40-21/SITE205_ORNT305_VIS3mi.png
0,2,"[0.1799, 0.0643, 0.1203, 0.0980, 0.0849, 0.1014, 0.0443, 0.1519, 0.0464, 0.1087]",0.17993178963661194,2025-02-12-14-37-35/SITE837_ORNT310_VIS3mi.png
0,5,"[0.4168, 0.1886, 0.0897, 0.1207, 0.0559, 0.0356, 0.0403, 0.0349, 0.0130, 0.0044]",0.4168192744255066,2025-03-02-13-12-40/SITE5_ORNT230_VIS6mi.png
8,5,"[0.0123, 0.0362, 0.0980, 0.0231, 0.1540, 0.1362, 0.0451, 0.0901, 0.3038, 0.1013]",0.30384573340415955,2025-02-27-11-22-46/SITE471_ORNT255_VIS6mi.png
1,3,"[0.1841, 0.1864, 0.1313, 0.1851, 0.1229, 0.0651, 0.0582, 0.0477, 0.0092, 0.0100]",0.18635369837284088,2024-08-01-10-54-34/SITE86_ORNT239_VIS4mi.png
1,5,"[0.2230, 0.2640, 0.1304, 0.1623, 0.0966, 0.0493, 0.0375, 0.0274, 0.0057, 0.0039]",0.26401546597480774,2024-07-04-10-22-12/SITE421_ORNT170_VIS6mi.png
1,5,"[0.1278, 0.2203, 0.1346, 0.1915, 0.1116, 0.0878, 0.0557, 0.0493, 0.0104, 0.0110]",0.2202712893486023,2025-03-04-14-20-15/SITE542_ORNT305_VIS6mi.png
1,1,"[0.2098, 0.2362, 0.1285, 0.1646, 0.1043, 0.0601, 0.0416, 0.0398, 0.0095, 0.0057]",0.2361537516117096,2024-08-02-10-36-13/SITE29_ORNT200_VIS2-5mi.png
5,9,"[0.1238, 0.1299, 0.1401, 0.0427, 0.0996, 0.1565, 0.0548, 0.1080, 0.1167, 0.0280]",0.15648412704467773,2025-02-15-15-20-00/SITE583_ORNT40_VIS10+mi.png
5,7,"[0.0728, 0.1126, 0.1243, 0.0880, 0.1080, 0.2107, 0.0608, 0.0874, 0.1117, 0.0238]",0.2106819599866867,2024-10-15-10-59-57/SITE397_ORNT270_VIS8mi.png
8,7,"[0.0145, 0.0340, 0.0710, 0.0518, 0.1241, 0.2028, 0.0443, 0.0830, 0.3719, 0.0026]",0.3719215393066406,2024-04-30-13-21-52/SITE457_ORNT110_VIS8mi.png
1,1,"[0.1754, 0.2078, 0.1390, 0.1541, 0.1006, 0.0834, 0.0546, 0.0567, 0.0192, 0.0093]",0.20784825086593628,2024-05-03-12-14-06/SITE205_ORNT305_VIS2mi.png
6,5,"[0.0716, 0.0520, 0.1017, 0.0968, 0.1039, 0.1383, 0.1498, 0.1449, 0.0219, 0.1191]",0.14984779059886932,2024-10-06-17-04-59/SITE593_ORNT10_VIS6mi.png
3,4,"[0.0370, 0.2493, 0.1637, 0.2698, 0.0935, 0.0802, 0.0551, 0.0449, 0.0015, 0.0050]",0.26981526613235474,2024-07-02-16-22-41/SITE417_ORNT140_VIS5mi.png
9,5,"[0.0317, 0.0458, 0.0913, 0.0728, 0.0810, 0.1003, 0.0861, 0.1353, 0.0545, 0.3012]",0.3012048900127411,2024-07-24-16-43-44/SITE45_ORNT5_VIS6mi.png
1,0,"[0.2205, 0.2766, 0.1457, 0.1427, 0.0834, 0.0430, 0.0461, 0.0349, 0.0040, 0.0030]",0.2766183614730835,2025-01-17-15-10-02/SITE438_ORNT110_VIS1-5mi.png
3,3,"[0.1231, 0.1521, 0.1469, 0.1680, 0.1192, 0.0943, 0.0809, 0.0849, 0.0161, 0.0146]",0.1680041402578354,2025-03-06-15-10-58/SITE193_ORNT295_VIS4mi.png
3,7,"[0.1199, 0.1292, 0.1319, 0.2006, 0.1348, 0.0836, 0.0891, 0.0734, 0.0133, 0.0242]",0.20057092607021332,2025-01-28-16-10-28/SITE117_ORNT320_VIS8mi.png
1,4,"[0.1819, 0.2364, 0.1351, 0.1682, 0.1042, 0.0660, 0.0499, 0.0418, 0.0093, 0.0072]",0.2364087700843811,2024-05-21-12-02-34/SITE439_ORNT350_VIS5mi.png
8,7,"[0.0209, 0.0238, 0.0709, 0.0356, 0.1173, 0.1821, 0.0473, 0.0762, 0.3999, 0.0260]",0.39992985129356384,2025-02-17-14-46-26/SITE389_ORNT300_VIS8mi.png
1,0,"[0.1515, 0.1705, 0.1503, 0.1386, 0.1045, 0.0843, 0.0693, 0.0860, 0.0181, 0.0268]",0.1704895943403244,2024-07-04-10-22-12/SITE76_ORNT60_VIS1-75mi.png
5,5,"[0.0348, 0.0859, 0.0887, 0.1479, 0.1396, 0.1980, 0.1369, 0.1076, 0.0393, 0.0213]",0.19803646206855774,2025-03-04-14-20-15/SITE22_ORNT285_VIS6mi.png
3,2,"[0.0978, 0.1535, 0.1225, 0.2203, 0.1377, 0.0893, 0.0727, 0.0745, 0.0143, 0.0174]",0.22032591700553894,2024-12-24-15-14-57/SITE45_ORNT290_VIS3mi.png
9,9,"[0.0040, 0.0067, 0.0231, 0.0256, 0.0452, 0.0868, 0.2051, 0.1824, 0.0506, 0.3705]",0.37048038840293884,2025-02-10-14-47-56/SITE569_ORNT138_VIS10+mi.png
8,8,"[0.0187, 0.0308, 0.0825, 0.0246, 0.0967, 0.1963, 0.0587, 0.0794, 0.2763, 0.1360]",0.2763330042362213,2025-03-01-18-07-41/SITE360_ORNT310_VIS9mi.png
1,3,"[0.2232, 0.2243, 0.1659, 0.0710, 0.1022, 0.0982, 0.0306, 0.0493, 0.0328, 0.0025]",0.22433440387248993,2025-03-05-12-08-53/SITE386_ORNT30_VIS4mi.png
8,6,"[0.0254, 0.0427, 0.0786, 0.0711, 0.1078, 0.1929, 0.0965, 0.1103, 0.2381, 0.0366]",0.23806510865688324,2025-03-23-13-51-54/SITE426_ORNT250_VIS7mi.png
0,1,"[0.2085, 0.1795, 0.1634, 0.1141, 0.0960, 0.0756, 0.0593, 0.0757, 0.0157, 0.0120]",0.2085113376379013,2025-03-23-13-51-54/SITE229_ORNT18_VIS2-5mi.png
4,8,"[0.0185, 0.0614, 0.1255, 0.1258, 0.1654, 0.1343, 0.1335, 0.1413, 0.0161, 0.0781]",0.16542822122573853,2025-03-26-12-24-08/SITE76_ORNT60_VIS9mi.png
1,1,"[0.1325, 0.1958, 0.1279, 0.1939, 0.1215, 0.0846, 0.0582, 0.0599, 0.0135, 0.0122]",0.1958169788122177,2024-10-11-15-41-13/SITE40_ORNT295_VIS2-5mi.png
1,4,"[0.2182, 0.2796, 0.1124, 0.1765, 0.0977, 0.0480, 0.0298, 0.0287, 0.0062, 0.0029]",0.2796010971069336,2024-08-18-13-20-24/SITE435_ORNT235_VIS5mi.png
5,4,"[0.0353, 0.0558, 0.1682, 0.0791, 0.0985, 0.2000, 0.1545, 0.1332, 0.0387, 0.0367]",0.19997136294841766,2024-08-02-13-37-25/SITE241_ORNT34_VIS5mi.png
0,4,"[0.2094, 0.1744, 0.1714, 0.1238, 0.1056, 0.0905, 0.0652, 0.0417, 0.0115, 0.0064]",0.20941701531410217,2025-04-16-13-54-24/SITE96_ORNT135_VIS5mi.png
7,9,"[0.0149, 0.0216, 0.0457, 0.0674, 0.0806, 0.1027, 0.1566, 0.2006, 0.1146, 0.1953]",0.20058393478393555,2024-10-13-15-24-41/SITE583_ORNT165_VIS10+mi.png
7,9,"[0.0201, 0.0349, 0.0623, 0.1174, 0.1088, 0.1218, 0.1528, 0.1750, 0.1002, 0.1068]",0.17495238780975342,2025-04-22-15-39-35/SITE229_ORNT202_VIS10+mi.png
3,6,"[0.0963, 0.1820, 0.1174, 0.2304, 0.1370, 0.0884, 0.0673, 0.0605, 0.0097, 0.0109]",0.23039820790290833,2024-09-08-13-07-06/SITE241_ORNT120_VIS7mi.png
3,2,"[0.1132, 0.1779, 0.1218, 0.1941, 0.1251, 0.1072, 0.0672, 0.0651, 0.0173, 0.0110]",0.19410380721092224,2024-08-11-13-07-09/SITE81_ORNT326_VIS3mi.png
5,3,"[0.0780, 0.0721, 0.1278, 0.0956, 0.1316, 0.1482, 0.0921, 0.1196, 0.0808, 0.0541]",0.1481570303440094,2025-03-02-11-48-27/SITE377_ORNT235_VIS4mi.png
3,4,"[0.0730, 0.1633, 0.1647, 0.1737, 0.1159, 0.0904, 0.1015, 0.0770, 0.0075, 0.0330]",0.17365425825119019,2024-06-20-11-19-17/SITE253_ORNT325_VIS5mi.png
0,3,"[0.1429, 0.1086, 0.1338, 0.0981, 0.1268, 0.1086, 0.0645, 0.1020, 0.0715, 0.0431]",0.14293815195560455,2025-01-29-12-01-12/SITE461_ORNT20_VIS4mi.png
0,5,"[0.3287, 0.2255, 0.1367, 0.1035, 0.0706, 0.0413, 0.0395, 0.0427, 0.0077, 0.0038]",0.3286582827568054,2025-03-15-15-41-34/SITE230_ORNT45_VIS6mi.png
8,9,"[0.0162, 0.0171, 0.0510, 0.0195, 0.0894, 0.0977, 0.0457, 0.0637, 0.4975, 0.1024]",0.49746033549308777,2025-03-02-11-48-27/SITE521_ORNT325_VIS30mi.png
1,0,"[0.1865, 0.2443, 0.1355, 0.1738, 0.1044, 0.0628, 0.0423, 0.0369, 0.0076, 0.0059]",0.2442840039730072,2024-07-05-10-36-13/SITE41_ORNT25_VIS1-5mi.png
8,6,"[0.0338, 0.0785, 0.0998, 0.0919, 0.0937, 0.1340, 0.0726, 0.1260, 0.1589, 0.1108]",0.15893854200839996,2024-07-18-11-32-15/SITE519_ORNT5_VIS7mi.png
2,1,"[0.0588, 0.0868, 0.2141, 0.0874, 0.1203, 0.2016, 0.0862, 0.0624, 0.0770, 0.0055]",0.2141048014163971,2024-07-23-13-08-12/SITE327_ORNT45_VIS2mi.png
7,4,"[0.0656, 0.0854, 0.1218, 0.1080, 0.1170, 0.1356, 0.1084, 0.1511, 0.0364, 0.0707]",0.15109382569789886,2025-01-29-12-01-12/SITE253_ORNT65_VIS5mi.png
8,8,"[0.0042, 0.0061, 0.0167, 0.0064, 0.0314, 0.0890, 0.0298, 0.0260, 0.6657, 0.1246]",0.6656504273414612,2025-04-10-17-56-44/SITE471_ORNT90_VIS9mi.png
8,8,"[0.0148, 0.0248, 0.0571, 0.0329, 0.0833, 0.1878, 0.0427, 0.0658, 0.4716, 0.0192]",0.4716024696826935,2024-10-07-14-17-08/SITE407_ORNT50_VIS9mi.png
9,9,"[0.0252, 0.0302, 0.1044, 0.0783, 0.0476, 0.0857, 0.0532, 0.1236, 0.0938, 0.3581]",0.35806241631507874,2024-10-10-15-17-15/SITE648_ORNT65_VIS10+mi.png
5,3,"[0.0651, 0.0921, 0.1288, 0.1377, 0.1139, 0.1726, 0.1496, 0.0921, 0.0340, 0.0141]",0.17259040474891663,2025-02-04-15-47-48/SITE24_ORNT330_VIS4mi.png
8,7,"[0.0447, 0.0606, 0.0962, 0.1035, 0.1314, 0.1707, 0.0670, 0.1038, 0.2038, 0.0184]",0.20384463667869568,2024-07-23-10-10-08/SITE404_ORNT350_VIS8mi.png
3,2,"[0.1171, 0.1872, 0.0960, 0.2000, 0.1452, 0.0880, 0.0711, 0.0678, 0.0152, 0.0123]",0.2000284194946289,2024-06-16-11-08-10/SITE721_ORNT0_VIS3mi.png
3,6,"[0.1020, 0.1575, 0.1407, 0.1751, 0.1225, 0.0930, 0.0868, 0.0830, 0.0146, 0.0249]",0.1750665009021759,2025-01-15-15-33-17/SITE253_ORNT325_VIS7mi.png
0,0,"[0.3686, 0.2519, 0.1170, 0.1023, 0.0631, 0.0289, 0.0317, 0.0290, 0.0057, 0.0018]",0.36859339475631714,2025-02-14-15-24-27/SITE230_ORNT214_VIS1-75mi.png
3,3,"[0.0954, 0.1598, 0.1148, 0.1809, 0.1335, 0.1104, 0.0903, 0.0735, 0.0211, 0.0205]",0.18089622259140015,2024-08-31-14-30-34/SITE194_ORNT237_VIS4mi.png
8,6,"[0.0072, 0.0086, 0.0142, 0.0087, 0.0182, 0.0323, 0.0172, 0.0392, 0.6689, 0.1854]",0.6689049005508423,2024-09-19-16-37-08/SITE365_ORNT100_VIS7mi.png
9,9,"[0.0165, 0.0206, 0.0539, 0.0520, 0.0729, 0.1267, 0.1429, 0.1280, 0.0470, 0.3395]",0.33950522541999817,2024-12-29-16-00-12/SITE818_ORNT95_VIS10+mi.png
9,6,"[0.0029, 0.0079, 0.0465, 0.0369, 0.0431, 0.0751, 0.1264, 0.1454, 0.0548, 0.4611]",0.461061954498291,2025-03-31-15-41-11/SITE818_ORNT40_VIS7mi.png
9,7,"[0.0154, 0.0212, 0.0445, 0.0328, 0.0640, 0.1022, 0.0846, 0.1185, 0.2283, 0.2886]",0.288594514131546,2024-05-27-19-19-47/SITE168_ORNT285_VIS8mi.png
8,8,"[0.0043, 0.0089, 0.0180, 0.0145, 0.0530, 0.0834, 0.0515, 0.0599, 0.5377, 0.1688]",0.5376999378204346,2024-06-22-15-38-49/SITE477_ORNT160_VIS9mi.png
1,0,"[0.2010, 0.2120, 0.1325, 0.1614, 0.0969, 0.0583, 0.0710, 0.0488, 0.0105, 0.0076]",0.21200428903102875,2024-05-07-15-42-07/SITE132_ORNT141_VIS1-75mi.png
3,5,"[0.0835, 0.1310, 0.1199, 0.1650, 0.1325, 0.1305, 0.0832, 0.0980, 0.0414, 0.0150]",0.16503819823265076,2024-06-29-10-50-12/SITE276_ORNT225_VIS6mi.png
3,6,"[0.0958, 0.1744, 0.1484, 0.1793, 0.1115, 0.1156, 0.0725, 0.0727, 0.0222, 0.0076]",0.1792546659708023,2024-07-29-16-41-43/SITE205_ORNT305_VIS7mi.png
1,0,"[0.2072, 0.2700, 0.1292, 0.1757, 0.0948, 0.0464, 0.0424, 0.0268, 0.0040, 0.0035]",0.26996731758117676,2025-02-10-14-47-56/SITE719_ORNT20_VIS1mi.png
7,7,"[0.0108, 0.0158, 0.0232, 0.0609, 0.0941, 0.1488, 0.1930, 0.2930, 0.0269, 0.1334]",0.2929711937904358,2025-04-11-14-52-32/SITE821_ORNT50_VIS8mi.png
4,6,"[0.0683, 0.0814, 0.0753, 0.1508, 0.1904, 0.1129, 0.0777, 0.1807, 0.0146, 0.0479]",0.19038556516170502,2024-07-20-15-11-13/SITE332_ORNT15_VIS7mi.png
6,9,"[0.0198, 0.0190, 0.0579, 0.0556, 0.0633, 0.1407, 0.3044, 0.1235, 0.0588, 0.1571]",0.30435746908187866,2024-12-27-14-55-32/SITE15_ORNT350_VIS10+mi.png
9,9,"[0.0258, 0.0188, 0.0702, 0.0345, 0.0387, 0.0805, 0.0342, 0.1118, 0.1385, 0.4470]",0.44695475697517395,2025-03-11-17-13-52/SITE813_ORNT15_VIS10+mi.png
1,3,"[0.1773, 0.2447, 0.1120, 0.1562, 0.1187, 0.0686, 0.0484, 0.0526, 0.0121, 0.0095]",0.2446947544813156,2024-07-14-13-28-24/SITE58_ORNT245_VIS4mi.png
9,8,"[0.0169, 0.0365, 0.0799, 0.0648, 0.0563, 0.0982, 0.0599, 0.0977, 0.0873, 0.4025]",0.40248778462409973,2024-07-30-14-06-06/SITE203_ORNT70_VIS9mi.png
8,8,"[0.0197, 0.0293, 0.0660, 0.0276, 0.1284, 0.1415, 0.0604, 0.0913, 0.3574, 0.0784]",0.3573954999446869,2025-03-15-15-41-34/SITE508_ORNT315_VIS9mi.png
0,7,"[0.2940, 0.1600, 0.1383, 0.1068, 0.0758, 0.0545, 0.0523, 0.0806, 0.0252, 0.0125]",0.29395994544029236,2025-03-28-10-38-15/SITE205_ORNT230_VIS8mi.png
7,9,"[0.0615, 0.0773, 0.0567, 0.0990, 0.0894, 0.1431, 0.1100, 0.1462, 0.1223, 0.0945]",0.1461789309978485,2025-05-09-16-29-32/SITE694_ORNT240_VIS10+mi.png
3,1,"[0.0952, 0.1672, 0.1192, 0.2038, 0.1312, 0.1016, 0.0799, 0.0734, 0.0160, 0.0123]",0.20382028818130493,2025-01-31-13-49-43/SITE19_ORNT325_VIS2-5mi.png
8,9,"[0.0141, 0.0212, 0.0497, 0.0259, 0.0670, 0.1375, 0.0709, 0.1060, 0.3037, 0.2041]",0.30365368723869324,2025-04-10-17-56-44/SITE453_ORNT135_VIS15mi.png
6,6,"[0.0576, 0.0572, 0.0831, 0.1373, 0.1329, 0.1291, 0.1819, 0.1376, 0.0158, 0.0677]",0.181894913315773,2024-07-22-20-17-56/SITE561_ORNT145_VIS7mi.png
1,4,"[0.1374, 0.2353, 0.1313, 0.1894, 0.1050, 0.0803, 0.0594, 0.0418, 0.0103, 0.0099]",0.2352890819311142,2024-07-04-13-27-11/SITE422_ORNT85_VIS5mi.png
2,4,"[0.0734, 0.0992, 0.2827, 0.0263, 0.0753, 0.2780, 0.0823, 0.0591, 0.0200, 0.0037]",0.2827233374118805,2024-08-01-10-54-34/SITE5_ORNT50_VIS5mi.png
3,2,"[0.0935, 0.2036, 0.1346, 0.2140, 0.1151, 0.1019, 0.0589, 0.0570, 0.0099, 0.0115]",0.2139928787946701,2024-09-08-13-07-06/SITE129_ORNT266_VIS3mi.png
0,0,"[0.3390, 0.2432, 0.1618, 0.0451, 0.0852, 0.0571, 0.0231, 0.0316, 0.0132, 0.0006]",0.33901864290237427,2025-02-16-12-49-10/SITE355_ORNT130_VIS1-25mi.png
1,5,"[0.1719, 0.1826, 0.1307, 0.1460, 0.1123, 0.0863, 0.0664, 0.0642, 0.0233, 0.0162]",0.1826024055480957,2024-08-31-14-30-34/SITE10_ORNT255_VIS6mi.png
3,3,"[0.0669, 0.1277, 0.1149, 0.2120, 0.1389, 0.1170, 0.0868, 0.0914, 0.0244, 0.0200]",0.21200384199619293,2025-03-02-13-12-40/SITE40_ORNT295_VIS4mi.png
3,1,"[0.1049, 0.1356, 0.1290, 0.1640, 0.1258, 0.1132, 0.0737, 0.0890, 0.0358, 0.0289]",0.16404619812965393,2024-05-30-17-47-26/SITE94_ORNT10_VIS2-5mi.png
1,3,"[0.1292, 0.2788, 0.1444, 0.2103, 0.0951, 0.0502, 0.0531, 0.0312, 0.0034, 0.0043]",0.27880746126174927,2024-10-14-13-08-27/SITE598_ORNT90_VIS4mi.png
2,7,"[0.0868, 0.1192, 0.2164, 0.0646, 0.1794, 0.1310, 0.0434, 0.0822, 0.0676, 0.0094]",0.21637406945228577,2025-03-05-12-08-53/SITE468_ORNT80_VIS8mi.png
9,5,"[0.0071, 0.0108, 0.0282, 0.0251, 0.0527, 0.0764, 0.1276, 0.1008, 0.0392, 0.5320]",0.5320249795913696,2024-08-24-10-27-52/SITE253_ORNT65_VIS6mi.png
1,0,"[0.1578, 0.2504, 0.1355, 0.1952, 0.1029, 0.0661, 0.0458, 0.0356, 0.0057, 0.0050]",0.2504430413246155,2024-09-18-18-13-42/SITE561_ORNT145_VIS1-75mi.png
1,3,"[0.1368, 0.2276, 0.1570, 0.1798, 0.0999, 0.0689, 0.0582, 0.0544, 0.0079, 0.0096]",0.22758333384990692,2024-07-26-10-22-16/SITE258_ORNT125_VIS4mi.png
3,1,"[0.0658, 0.0977, 0.1002, 0.1899, 0.1470, 0.0969, 0.1067, 0.1273, 0.0259, 0.0427]",0.18985530734062195,2024-05-07-15-42-07/SITE75_ORNT170_VIS2-5mi.png
6,4,"[0.0530, 0.0780, 0.0815, 0.1013, 0.1139, 0.1551, 0.1872, 0.1219, 0.0499, 0.0582]",0.18720364570617676,2025-03-17-19-09-03/SITE73_ORNT335_VIS5mi.png
9,7,"[0.0192, 0.0345, 0.0564, 0.0960, 0.0899, 0.0955, 0.1141, 0.1643, 0.1220, 0.2081]",0.20814968645572662,2024-06-10-18-34-10/SITE26_ORNT250_VIS8mi.png
1,4,"[0.1239, 0.1901, 0.1292, 0.1837, 0.1201, 0.0921, 0.0636, 0.0642, 0.0174, 0.0158]",0.19005513191223145,2024-07-18-14-04-18/SITE40_ORNT295_VIS5mi.png
1,0,"[0.1490, 0.1629, 0.1471, 0.1031, 0.1115, 0.1452, 0.0421, 0.0679, 0.0652, 0.0062]",0.16285660862922668,2024-08-19-10-27-18/SITE521_ORNT240_VIS1mi.png
1,0,"[0.1428, 0.2507, 0.1286, 0.1926, 0.1070, 0.0699, 0.0520, 0.0425, 0.0069, 0.0070]",0.25067436695098877,2025-01-17-15-10-02/SITE12_ORNT270_VIS1-25mi.png
6,4,"[0.0258, 0.0232, 0.0450, 0.0628, 0.0902, 0.2252, 0.2702, 0.1533, 0.0267, 0.0776]",0.27016481757164,2025-03-15-15-41-34/SITE538_ORNT139_VIS5mi.png
8,8,"[0.0039, 0.0095, 0.0124, 0.0170, 0.0364, 0.0796, 0.0556, 0.0677, 0.6274, 0.0904]",0.6273711919784546,2024-07-28-13-48-26/SITE360_ORNT115_VIS9mi.png
8,8,"[0.0093, 0.0287, 0.0577, 0.0247, 0.0968, 0.1767, 0.0820, 0.0901, 0.3631, 0.0710]",0.36309805512428284,2025-01-29-12-01-12/SITE324_ORNT310_VIS9mi.png
2,4,"[0.0496, 0.0500, 0.2798, 0.0615, 0.0827, 0.2794, 0.1261, 0.0430, 0.0226, 0.0053]",0.27979594469070435,2024-07-01-19-28-49/SITE234_ORNT350_VIS5mi.png
5,8,"[0.0877, 0.1161, 0.1223, 0.0826, 0.1158, 0.1841, 0.0447, 0.0863, 0.1430, 0.0173]",0.1841418445110321,2025-03-18-13-52-55/SITE397_ORNT345_VIS9mi.png
1,2,"[0.2249, 0.3081, 0.1265, 0.1589, 0.0807, 0.0409, 0.0335, 0.0214, 0.0034, 0.0017]",0.3080999255180359,2024-07-05-14-33-31/SITE169_ORNT14_VIS3mi.png
0,6,"[0.2607, 0.2051, 0.1267, 0.1554, 0.1052, 0.0502, 0.0503, 0.0331, 0.0067, 0.0065]",0.26072365045547485,2025-02-04-15-47-48/SITE446_ORNT10_VIS7mi.png
1,3,"[0.1408, 0.2396, 0.1366, 0.1955, 0.1075, 0.0712, 0.0531, 0.0405, 0.0072, 0.0080]",0.23957933485507965,2024-05-21-12-02-34/SITE719_ORNT120_VIS4mi.png
3,0,"[0.0805, 0.1779, 0.1405, 0.2059, 0.1230, 0.1034, 0.0728, 0.0679, 0.0102, 0.0178]",0.20587722957134247,2024-06-09-10-51-06/SITE13_ORNT10_VIS1-5mi.png
2,1,"[0.0976, 0.1813, 0.1860, 0.1646, 0.1049, 0.0803, 0.0748, 0.0825, 0.0086, 0.0194]",0.18603847920894623,2025-02-11-14-30-47/SITE417_ORNT140_VIS2-5mi.png
8,9,"[0.0158, 0.0349, 0.0729, 0.1035, 0.1186, 0.1561, 0.1133, 0.1570, 0.1971, 0.0308]",0.19712160527706146,2024-05-03-12-14-06/SITE485_ORNT20_VIS15mi.png
3,7,"[0.0441, 0.2147, 0.1760, 0.2385, 0.1117, 0.0522, 0.0922, 0.0526, 0.0041, 0.0139]",0.23850952088832855,2025-01-15-15-33-17/SITE602_ORNT175_VIS8mi.png
1,5,"[0.1484, 0.2006, 0.1310, 0.1848, 0.1234, 0.0754, 0.0558, 0.0569, 0.0114, 0.0122]",0.20064499974250793,2025-02-17-14-46-26/SITE33_ORNT350_VIS6mi.png
9,6,"[0.0175, 0.0256, 0.0590, 0.0550, 0.0704, 0.1534, 0.1481, 0.1074, 0.1313, 0.2322]",0.2322051227092743,2024-10-11-15-41-13/SITE13_ORNT10_VIS7mi.png
1,2,"[0.1684, 0.1864, 0.1488, 0.0931, 0.0954, 0.1075, 0.0477, 0.0812, 0.0594, 0.0122]",0.18643659353256226,2025-04-01-16-59-16/SITE485_ORNT290_VIS3mi.png
3,0,"[0.0772, 0.1792, 0.1442, 0.2306, 0.1218, 0.0821, 0.0757, 0.0633, 0.0074, 0.0184]",0.23062941431999207,2024-05-28-11-05-32/SITE620_ORNT150_VIS1-25mi.png
8,9,"[0.0046, 0.0097, 0.0129, 0.0060, 0.0247, 0.0524, 0.0233, 0.0503, 0.4566, 0.3596]",0.4565797746181488,2025-02-10-14-47-56/SITE426_ORNT130_VIS30mi.png
3,2,"[0.0282, 0.0649, 0.0898, 0.1878, 0.1380, 0.1188, 0.1191, 0.1522, 0.0425, 0.0586]",0.18781118094921112,2024-09-29-15-43-38/SITE272_ORNT325_VIS3mi.png
9,7,"[0.0312, 0.0318, 0.1150, 0.0797, 0.0850, 0.1454, 0.1474, 0.1369, 0.0155, 0.2121]",0.21212676167488098,2024-06-16-19-09-40/SITE422_ORNT30_VIS8mi.png
9,9,"[0.0043, 0.0073, 0.0159, 0.0233, 0.0387, 0.0452, 0.0781, 0.1478, 0.0423, 0.5972]",0.5971624255180359,2025-03-29-15-28-57/SITE813_ORNT135_VIS10+mi.png
1,5,"[0.0657, 0.1712, 0.1089, 0.1588, 0.1356, 0.1642, 0.0790, 0.0756, 0.0289, 0.0121]",0.171172633767128,2024-08-30-17-21-54/SITE22_ORNT285_VIS6mi.png
6,3,"[0.0906, 0.1162, 0.1030, 0.1228, 0.1294, 0.1101, 0.1532, 0.1286, 0.0071, 0.0388]",0.15318840742111206,2025-02-15-16-53-20/SITE802_ORNT315_VIS4mi.png
8,1,"[0.0285, 0.0361, 0.0685, 0.0319, 0.1117, 0.1411, 0.0585, 0.0854, 0.3373, 0.1009]",0.3373086452484131,2024-07-18-11-32-15/SITE508_ORNT225_VIS2-5mi.png
3,9,"[0.0850, 0.1644, 0.1236, 0.1826, 0.1266, 0.1004, 0.1072, 0.0735, 0.0134, 0.0232]",0.18256713449954987,2025-02-11-14-30-47/SITE50_ORNT265_VIS10+mi.png
5,5,"[0.0095, 0.0160, 0.0056, 0.0629, 0.1983, 0.5404, 0.0794, 0.0454, 0.0108, 0.0315]",0.5404467582702637,2024-09-20-16-20-08/SITE22_ORNT0_VIS6mi.png
9,9,"[0.0172, 0.0258, 0.0882, 0.0603, 0.0484, 0.0855, 0.0602, 0.1183, 0.0713, 0.4248]",0.42479002475738525,2025-02-10-14-47-56/SITE871_ORNT260_VIS10+mi.png
7,7,"[0.0250, 0.0374, 0.0674, 0.0979, 0.1670, 0.1647, 0.1011, 0.1991, 0.0491, 0.0913]",0.19907934963703156,2024-07-24-16-43-44/SITE583_ORNT165_VIS8mi.png
5,5,"[0.0534, 0.0806, 0.1249, 0.1461, 0.1296, 0.1486, 0.1265, 0.1199, 0.0232, 0.0472]",0.14862394332885742,2024-08-02-20-27-22/SITE171_ORNT315_VIS6mi.png
9,2,"[0.0316, 0.0345, 0.0952, 0.0461, 0.0744, 0.1607, 0.1387, 0.1233, 0.0997, 0.1959]",0.19589662551879883,2025-02-01-12-44-07/SITE460_ORNT165_VIS3mi.png
0,2,"[0.3608, 0.2050, 0.1058, 0.1153, 0.0733, 0.0423, 0.0453, 0.0344, 0.0137, 0.0041]",0.3608339726924896,2025-03-18-13-52-55/SITE542_ORNT80_VIS3mi.png
8,9,"[0.0013, 0.0036, 0.0111, 0.0033, 0.0338, 0.0590, 0.0204, 0.0241, 0.6828, 0.1607]",0.6828050017356873,2024-06-10-18-34-10/SITE426_ORNT70_VIS30mi.png
1,5,"[0.1940, 0.2168, 0.1618, 0.0852, 0.1002, 0.1104, 0.0333, 0.0582, 0.0360, 0.0041]",0.21681560575962067,2025-02-15-15-20-00/SITE397_ORNT345_VIS6mi.png
8,5,"[0.0434, 0.0638, 0.0940, 0.0853, 0.1035, 0.1619, 0.0669, 0.1171, 0.1949, 0.0693]",0.19490796327590942,2025-03-02-11-48-27/SITE203_ORNT70_VIS6mi.png
0,1,"[0.2594, 0.2252, 0.1459, 0.1216, 0.0941, 0.0609, 0.0452, 0.0339, 0.0105, 0.0032]",0.2593974471092224,2025-04-11-14-52-32/SITE96_ORNT45_VIS2mi.png
5,3,"[0.0614, 0.1018, 0.1443, 0.0889, 0.1385, 0.2220, 0.0649, 0.0715, 0.1018, 0.0049]",0.22198718786239624,2025-04-07-16-10-10/SITE276_ORNT225_VIS4mi.png
6,0,"[0.0403, 0.0598, 0.0789, 0.1082, 0.1124, 0.1422, 0.1952, 0.1266, 0.0412, 0.0953]",0.19522908329963684,2025-02-02-12-13-03/SITE831_ORNT0_VIS1mi.png
9,5,"[0.0394, 0.0558, 0.1037, 0.1157, 0.1102, 0.1055, 0.1157, 0.1460, 0.0329, 0.1751]",0.17509233951568604,2024-07-14-10-21-23/SITE12_ORNT200_VIS6mi.png
3,2,"[0.0671, 0.1066, 0.1222, 0.2260, 0.1495, 0.1052, 0.0885, 0.0970, 0.0145, 0.0235]",0.22596299648284912,2024-05-08-14-34-39/SITE566_ORNT75_VIS3mi.png
6,5,"[0.0112, 0.0143, 0.0266, 0.0416, 0.0675, 0.1779, 0.2265, 0.1104, 0.1252, 0.1986]",0.22654390335083008,2024-09-20-16-20-08/SITE22_ORNT285_VIS6mi.png
1,1,"[0.1721, 0.2203, 0.1394, 0.1558, 0.1009, 0.0844, 0.0555, 0.0500, 0.0152, 0.0063]",0.22029554843902588,2025-04-22-15-39-35/SITE606_ORNT90_VIS2-5mi.png
3,4,"[0.0659, 0.1441, 0.1195, 0.1960, 0.1375, 0.1256, 0.0835, 0.0841, 0.0291, 0.0147]",0.19595839083194733,2024-10-07-14-17-08/SITE490_ORNT280_VIS5mi.png
5,5,"[0.0469, 0.0969, 0.1075, 0.1414, 0.1298, 0.1537, 0.1364, 0.1079, 0.0248, 0.0545]",0.15373434126377106,2024-06-28-13-30-05/SITE312_ORNT240_VIS6mi.png
1,4,"[0.1668, 0.2307, 0.1307, 0.1867, 0.1074, 0.0675, 0.0481, 0.0457, 0.0095, 0.0068]",0.23071758449077606,2025-02-04-15-47-48/SITE807_ORNT295_VIS5mi.png
3,9,"[0.0192, 0.0471, 0.1057, 0.1478, 0.1128, 0.1216, 0.1212, 0.1413, 0.0583, 0.1251]",0.14776386320590973,2025-02-27-11-22-46/SITE684_ORNT267_VIS10+mi.png
1,2,"[0.1801, 0.2516, 0.1097, 0.1838, 0.1181, 0.0614, 0.0431, 0.0388, 0.0091, 0.0042]",0.2516106367111206,2024-09-07-13-37-18/SITE58_ORNT175_VIS3mi.png
0,0,"[0.3126, 0.3031, 0.1551, 0.0871, 0.0539, 0.0301, 0.0208, 0.0314, 0.0043, 0.0016]",0.3126467764377594,2025-03-31-13-29-12/SITE106_ORNT12_VIS1-5mi.png
6,9,"[0.0075, 0.0128, 0.0290, 0.0384, 0.0582, 0.0783, 0.2758, 0.1886, 0.0380, 0.2734]",0.2758215367794037,2024-12-20-15-16-09/SITE802_ORNT315_VIS10+mi.png
1,4,"[0.1290, 0.2219, 0.1291, 0.1753, 0.1154, 0.0888, 0.0618, 0.0549, 0.0136, 0.0103]",0.22186985611915588,2025-03-03-11-33-30/SITE411_ORNT280_VIS5mi.png
7,2,"[0.0293, 0.0760, 0.0843, 0.1559, 0.0848, 0.0540, 0.0979, 0.3022, 0.0160, 0.0997]",0.302203893661499,2024-08-24-13-47-04/SITE45_ORNT180_VIS3mi.png
3,5,"[0.0641, 0.1130, 0.1216, 0.1659, 0.1305, 0.1398, 0.1197, 0.0985, 0.0297, 0.0173]",0.16585096716880798,2024-08-16-20-03-50/SITE194_ORNT194_VIS6mi.png
1,4,"[0.1473, 0.2061, 0.1436, 0.1599, 0.1058, 0.0895, 0.0588, 0.0616, 0.0152, 0.0122]",0.20611916482448578,2024-09-07-11-42-21/SITE10_ORNT10_VIS5mi.png
1,5,"[0.1776, 0.1973, 0.1408, 0.1694, 0.1136, 0.0712, 0.0634, 0.0464, 0.0097, 0.0105]",0.19730930030345917,2024-08-18-13-20-24/SITE45_ORNT5_VIS6mi.png
7,6,"[0.0220, 0.0475, 0.0638, 0.1138, 0.1300, 0.1844, 0.1644, 0.1911, 0.0245, 0.0585]",0.1910783350467682,2024-04-25-17-48-06/SITE676_ORNT70_VIS7mi.png
9,4,"[0.0127, 0.0167, 0.0155, 0.0602, 0.1393, 0.1881, 0.1486, 0.1078, 0.0502, 0.2609]",0.260938435792923,2024-06-17-10-37-40/SITE19_ORNT260_VIS5mi.png
3,6,"[0.0393, 0.0670, 0.0926, 0.1651, 0.1293, 0.1128, 0.1308, 0.1588, 0.0441, 0.0602]",0.16511009633541107,2024-12-29-16-00-12/SITE892_ORNT205_VIS7mi.png
8,8,"[0.0559, 0.0879, 0.1129, 0.0669, 0.1286, 0.1911, 0.0433, 0.0904, 0.2046, 0.0184]",0.20456337928771973,2025-03-31-15-41-11/SITE377_ORNT200_VIS9mi.png
1,0,"[0.1967, 0.2743, 0.1345, 0.1713, 0.0927, 0.0497, 0.0448, 0.0280, 0.0042, 0.0037]",0.2743223309516907,2025-01-23-15-05-27/SITE7_ORNT312_VIS1mi.png
1,7,"[0.1088, 0.3313, 0.1559, 0.2083, 0.0810, 0.0500, 0.0373, 0.0232, 0.0016, 0.0026]",0.3312864899635315,2025-02-04-15-47-48/SITE802_ORNT235_VIS8mi.png
9,7,"[0.0296, 0.0638, 0.0846, 0.0977, 0.0887, 0.0909, 0.0786, 0.1784, 0.1032, 0.1844]",0.18442592024803162,2025-04-13-19-09-12/SITE203_ORNT70_VIS8mi.png
6,3,"[0.0322, 0.0853, 0.0590, 0.0782, 0.0984, 0.1593, 0.3108, 0.0972, 0.0377, 0.0418]",0.310820072889328,2024-10-07-12-00-07/SITE8_ORNT123_VIS4mi.png
1,3,"[0.1319, 0.2352, 0.1393, 0.1808, 0.1056, 0.0875, 0.0495, 0.0531, 0.0103, 0.0069]",0.2351537048816681,2024-07-26-10-22-16/SITE240_ORNT48_VIS4mi.png
5,0,"[0.0786, 0.0941, 0.1035, 0.1209, 0.1182, 0.1237, 0.1204, 0.1230, 0.0528, 0.0648]",0.12366420775651932,2024-10-05-11-04-16/SITE161_ORNT141_VIS1-5mi.png
1,0,"[0.2133, 0.2566, 0.1291, 0.1673, 0.0882, 0.0508, 0.0517, 0.0330, 0.0058, 0.0042]",0.25663331151008606,2025-04-02-15-05-32/SITE167_ORNT105_VIS1-5mi.png
0,0,"[0.4221, 0.2318, 0.1761, 0.0545, 0.0390, 0.0173, 0.0174, 0.0379, 0.0029, 0.0011]",0.42214471101760864,2025-03-06-15-10-58/SITE194_ORNT194_VIS1-5mi.png
6,3,"[0.0153, 0.0396, 0.0364, 0.0850, 0.1006, 0.1187, 0.2577, 0.1952, 0.0208, 0.1308]",0.25769850611686707,2024-07-26-10-22-16/SITE692_ORNT150_VIS4mi.png
0,0,"[0.3860, 0.2720, 0.1641, 0.0605, 0.0453, 0.0212, 0.0203, 0.0269, 0.0023, 0.0013]",0.3860214650630951,2024-07-02-16-22-41/SITE198_ORNT20_VIS1-75mi.png
3,4,"[0.0715, 0.0934, 0.1098, 0.1564, 0.1343, 0.1188, 0.1237, 0.1102, 0.0291, 0.0528]",0.15641772747039795,2024-08-11-09-28-59/SITE569_ORNT276_VIS5mi.png
0,3,"[0.1771, 0.1570, 0.1090, 0.1598, 0.0969, 0.0871, 0.0859, 0.0854, 0.0291, 0.0129]",0.17706528306007385,2024-10-07-14-17-08/SITE598_ORNT285_VIS4mi.png
0,0,"[0.2950, 0.1348, 0.1508, 0.1140, 0.0711, 0.0668, 0.0487, 0.0881, 0.0179, 0.0128]",0.29495224356651306,2025-01-31-13-49-43/SITE178_ORNT300_VIS1-25mi.png
5,6,"[0.0976, 0.1165, 0.1193, 0.0680, 0.1065, 0.1617, 0.0917, 0.1177, 0.0793, 0.0416]",0.16165852546691895,2024-06-01-11-15-19/SITE694_ORNT315_VIS7mi.png
1,7,"[0.1250, 0.2530, 0.1235, 0.2135, 0.1080, 0.0824, 0.0445, 0.0390, 0.0067, 0.0044]",0.25297045707702637,2024-09-21-11-24-11/SITE117_ORNT43_VIS8mi.png
1,3,"[0.1467, 0.2084, 0.1408, 0.1745, 0.1089, 0.0832, 0.0590, 0.0551, 0.0125, 0.0108]",0.20843958854675293,2024-10-07-12-00-07/SITE595_ORNT100_VIS4mi.png
4,2,"[0.0318, 0.0865, 0.1416, 0.1397, 0.1800, 0.1371, 0.0721, 0.0903, 0.1018, 0.0191]",0.18004310131072998,2024-07-24-16-43-44/SITE528_ORNT35_VIS3mi.png
1,1,"[0.1982, 0.2814, 0.1220, 0.1814, 0.0946, 0.0528, 0.0311, 0.0301, 0.0055, 0.0029]",0.28141188621520996,2025-01-31-13-49-43/SITE30_ORNT345_VIS2mi.png
1,3,"[0.1742, 0.2010, 0.1314, 0.1665, 0.1162, 0.0786, 0.0600, 0.0477, 0.0140, 0.0104]",0.20098121464252472,2025-01-15-15-33-17/SITE262_ORNT10_VIS4mi.png
0,8,"[0.2680, 0.1976, 0.1833, 0.0953, 0.0800, 0.0572, 0.0455, 0.0600, 0.0070, 0.0060]",0.26799601316452026,2024-07-23-16-31-18/SITE251_ORNT25_VIS9mi.png
8,8,"[0.0326, 0.0421, 0.0651, 0.0578, 0.0853, 0.1386, 0.1072, 0.1317, 0.1898, 0.1499]",0.18980860710144043,2024-09-19-14-23-02/SITE612_ORNT30_VIS9mi.png
8,8,"[0.0122, 0.0182, 0.0301, 0.0186, 0.0504, 0.0826, 0.0374, 0.0812, 0.4642, 0.2052]",0.4642275273799896,2024-07-27-10-27-08/SITE486_ORNT0_VIS9mi.png
5,2,"[0.0395, 0.0309, 0.0753, 0.0657, 0.0842, 0.1990, 0.1704, 0.1162, 0.0721, 0.1469]",0.19897915422916412,2025-04-10-17-56-44/SITE443_ORNT67_VIS3mi.png
1,0,"[0.1501, 0.2309, 0.1430, 0.1500, 0.1010, 0.0858, 0.0516, 0.0639, 0.0147, 0.0090]",0.2308921217918396,2024-08-02-10-36-13/SITE215_ORNT40_VIS1-75mi.png
1,1,"[0.1239, 0.2219, 0.1314, 0.2095, 0.1143, 0.0766, 0.0547, 0.0496, 0.0090, 0.0090]",0.2219492644071579,2024-05-07-15-42-07/SITE40_ORNT295_VIS2mi.png
1,1,"[0.1442, 0.2359, 0.1464, 0.1842, 0.1046, 0.0697, 0.0588, 0.0432, 0.0060, 0.0070]",0.23590093851089478,2024-08-19-19-34-52/SITE253_ORNT195_VIS2mi.png
9,6,"[0.0106, 0.0160, 0.0514, 0.0692, 0.0817, 0.1298, 0.1591, 0.2047, 0.0529, 0.2247]",0.22471754252910614,2025-02-27-11-22-46/SITE253_ORNT195_VIS7mi.png
2,0,"[0.1517, 0.1638, 0.1871, 0.0672, 0.1331, 0.1290, 0.0371, 0.0691, 0.0571, 0.0049]",0.18714416027069092,2025-02-04-15-47-48/SITE377_ORNT110_VIS1mi.png
9,7,"[0.0205, 0.0231, 0.1026, 0.0491, 0.0538, 0.0919, 0.0600, 0.1077, 0.0795, 0.4119]",0.4118882417678833,2025-02-10-14-47-56/SITE684_ORNT27_VIS8mi.png
1,2,"[0.1191, 0.1967, 0.1514, 0.1763, 0.1114, 0.0841, 0.0694, 0.0667, 0.0127, 0.0122]",0.19667424261569977,2024-07-26-10-22-16/SITE160_ORNT332_VIS3mi.png
9,9,"[0.0222, 0.0176, 0.1013, 0.0545, 0.0451, 0.0969, 0.1333, 0.0543, 0.0318, 0.4431]",0.4430656433105469,2025-02-15-15-20-00/SITE579_ORNT75_VIS10+mi.png
8,8,"[0.0091, 0.0357, 0.0206, 0.0179, 0.0474, 0.0713, 0.0645, 0.1095, 0.3949, 0.2290]",0.39493656158447266,2024-08-02-20-27-22/SITE333_ORNT280_VIS9mi.png
9,6,"[0.0171, 0.0282, 0.0208, 0.0933, 0.0981, 0.1240, 0.1333, 0.1294, 0.0430, 0.3129]",0.31289225816726685,2024-10-20-11-35-46/SITE574_ORNT170_VIS7mi.png
1,3,"[0.1012, 0.2815, 0.1380, 0.2292, 0.0952, 0.0666, 0.0488, 0.0313, 0.0033, 0.0049]",0.2815267741680145,2024-06-23-11-02-14/SITE620_ORNT225_VIS4mi.png
3,4,"[0.0457, 0.1795, 0.1575, 0.2275, 0.1276, 0.0751, 0.0923, 0.0693, 0.0054, 0.0201]",0.22750353813171387,2025-04-13-19-09-12/SITE104_ORNT150_VIS5mi.png
8,8,"[0.0003, 0.0012, 0.0011, 0.0029, 0.0095, 0.0260, 0.0115, 0.0194, 0.9092, 0.0189]",0.9091644883155823,2024-07-24-16-43-44/SITE464_ORNT90_VIS9mi.png
0,1,"[0.2173, 0.2010, 0.1293, 0.1685, 0.0891, 0.0605, 0.0611, 0.0509, 0.0127, 0.0096]",0.217283234000206,2025-04-02-15-05-32/SITE169_ORNT57_VIS2mi.png
9,4,"[0.0129, 0.0237, 0.0306, 0.0607, 0.0817, 0.0908, 0.1148, 0.1618, 0.0469, 0.3760]",0.37600475549697876,2025-02-01-12-44-07/SITE734_ORNT160_VIS5mi.png
1,2,"[0.1121, 0.2932, 0.1225, 0.2208, 0.0983, 0.0682, 0.0437, 0.0340, 0.0048, 0.0023]",0.29316890239715576,2024-07-27-10-27-08/SITE5_ORNT155_VIS3mi.png
7,7,"[0.0290, 0.0226, 0.0330, 0.0798, 0.1518, 0.1090, 0.0996, 0.2550, 0.0183, 0.2019]",0.25502392649650574,2024-07-23-13-08-12/SITE580_ORNT270_VIS8mi.png
3,6,"[0.0312, 0.0529, 0.0540, 0.1792, 0.1676, 0.1333, 0.1437, 0.1493, 0.0300, 0.0587]",0.17919892072677612,2024-06-06-17-01-51/SITE411_ORNT75_VIS7mi.png
3,6,"[0.0577, 0.1343, 0.1409, 0.1902, 0.1214, 0.0851, 0.1140, 0.0988, 0.0143, 0.0433]",0.1901582032442093,2024-05-23-15-19-49/SITE610_ORNT0_VIS7mi.png
9,7,"[0.0086, 0.0100, 0.0182, 0.0257, 0.0658, 0.0796, 0.0946, 0.1658, 0.0959, 0.4358]",0.43575549125671387,2025-01-26-15-53-06/SITE18_ORNT5_VIS8mi.png
9,1,"[0.0836, 0.0979, 0.0783, 0.0933, 0.1035, 0.1250, 0.0973, 0.1371, 0.0364, 0.1476]",0.14760832488536835,2025-02-10-14-47-56/SITE813_ORNT15_VIS2mi.png
5,2,"[0.0601, 0.1068, 0.1124, 0.1330, 0.1266, 0.1474, 0.1091, 0.1108, 0.0396, 0.0544]",0.1474224328994751,2024-08-31-14-30-34/SITE253_ORNT65_VIS3mi.png
5,0,"[0.0469, 0.0456, 0.0843, 0.0678, 0.0873, 0.1665, 0.1452, 0.1394, 0.1323, 0.0846]",0.16647310554981232,2024-12-09-12-13-38/SITE36_ORNT80_VIS1-25mi.png
8,2,"[0.0364, 0.0517, 0.0821, 0.0750, 0.1142, 0.1808, 0.0671, 0.1068, 0.2503, 0.0356]",0.2502617835998535,2024-05-30-17-47-26/SITE394_ORNT180_VIS3mi.png
5,4,"[0.0093, 0.0234, 0.0297, 0.1049, 0.1163, 0.2106, 0.1851, 0.1472, 0.0620, 0.1114]",0.21063561737537384,2024-08-11-09-28-59/SITE581_ORNT350_VIS5mi.png
3,9,"[0.0637, 0.1173, 0.1367, 0.1463, 0.1318, 0.1378, 0.1038, 0.1044, 0.0167, 0.0415]",0.1463092565536499,2024-12-10-14-08-09/SITE786_ORNT255_VIS10+mi.png
1,5,"[0.1902, 0.2294, 0.1513, 0.1517, 0.0951, 0.0610, 0.0611, 0.0439, 0.0072, 0.0090]",0.22937655448913574,2024-06-06-17-01-51/SITE40_ORNT120_VIS6mi.png
6,2,"[0.0201, 0.0556, 0.0942, 0.1381, 0.1238, 0.1502, 0.1588, 0.1409, 0.0269, 0.0915]",0.15879712998867035,2024-05-03-19-33-18/SITE244_ORNT240_VIS3mi.png
0,1,"[0.2915, 0.2591, 0.1588, 0.0659, 0.0845, 0.0626, 0.0268, 0.0361, 0.0136, 0.0011]",0.2914521098136902,2024-12-16-12-39-30/SITE521_ORNT150_VIS2mi.png
5,4,"[0.0682, 0.0861, 0.1538, 0.0588, 0.1452, 0.1670, 0.0393, 0.0970, 0.1635, 0.0210]",0.16702251136302948,2025-02-04-15-47-48/SITE490_ORNT280_VIS5mi.png
5,3,"[0.0829, 0.1346, 0.1253, 0.1413, 0.1257, 0.1687, 0.0782, 0.0823, 0.0437, 0.0173]",0.1687438189983368,2024-09-18-18-13-42/SITE20_ORNT226_VIS4mi.png
2,9,"[0.1542, 0.1015, 0.1925, 0.1005, 0.0813, 0.1310, 0.0687, 0.0977, 0.0104, 0.0622]",0.19247806072235107,2025-01-26-15-53-06/SITE602_ORNT60_VIS10+mi.png
8,8,"[0.0345, 0.0501, 0.0897, 0.0431, 0.1056, 0.2148, 0.0449, 0.0852, 0.3192, 0.0129]",0.31922298669815063,2024-06-06-17-01-51/SITE520_ORNT180_VIS9mi.png
5,8,"[0.0736, 0.0915, 0.1276, 0.0572, 0.0843, 0.1941, 0.0565, 0.1099, 0.1685, 0.0367]",0.1940813660621643,2025-04-14-19-44-02/SITE362_ORNT25_VIS9mi.png
8,8,"[0.0037, 0.0079, 0.0264, 0.0365, 0.0607, 0.1150, 0.0526, 0.0861, 0.5891, 0.0221]",0.589082658290863,2024-06-27-10-23-10/SITE380_ORNT220_VIS9mi.png
6,6,"[0.0304, 0.0912, 0.0388, 0.0706, 0.1019, 0.1276, 0.3534, 0.0940, 0.0280, 0.0642]",0.3533719778060913,2025-01-28-16-10-28/SITE760_ORNT140_VIS7mi.png
0,0,"[0.4540, 0.2206, 0.1339, 0.0709, 0.0410, 0.0177, 0.0238, 0.0333, 0.0037, 0.0012]",0.45397716760635376,2024-07-22-20-17-56/SITE217_ORNT250_VIS1-5mi.png
8,8,"[0.0048, 0.0079, 0.0181, 0.0105, 0.0259, 0.0760, 0.0270, 0.0369, 0.5375, 0.2554]",0.5374971628189087,2024-08-30-17-21-54/SITE522_ORNT270_VIS9mi.png
8,8,"[0.0018, 0.0072, 0.0094, 0.0130, 0.0211, 0.0582, 0.0347, 0.0495, 0.7606, 0.0447]",0.760570764541626,2024-08-16-20-03-50/SITE328_ORNT0_VIS9mi.png
8,8,"[0.0030, 0.0046, 0.0141, 0.0054, 0.0245, 0.0784, 0.0553, 0.0658, 0.4006, 0.3482]",0.40059909224510193,2024-09-02-17-43-28/SITE362_ORNT25_VIS9mi.png
9,9,"[0.0094, 0.0250, 0.0471, 0.0744, 0.0734, 0.0673, 0.1214, 0.1932, 0.0972, 0.2916]",0.2915593981742859,2025-04-11-14-52-32/SITE831_ORNT260_VIS10+mi.png
1,2,"[0.2042, 0.2853, 0.1548, 0.1421, 0.0819, 0.0435, 0.0507, 0.0306, 0.0038, 0.0031]",0.2853207290172577,2024-07-28-11-17-19/SITE119_ORNT275_VIS3mi.png
3,4,"[0.0760, 0.1123, 0.1232, 0.1887, 0.1324, 0.0959, 0.1041, 0.1122, 0.0213, 0.0338]",0.18869222700595856,2025-02-15-15-20-00/SITE215_ORNT330_VIS5mi.png
9,9,"[0.0107, 0.0133, 0.0266, 0.0437, 0.0567, 0.0819, 0.1152, 0.0808, 0.0843, 0.4868]",0.4868133068084717,2025-01-26-13-23-03/SITE725_ORNT180_VIS10+mi.png
7,7,"[0.0306, 0.0488, 0.0555, 0.0948, 0.1269, 0.1394, 0.1392, 0.1907, 0.0304, 0.1437]",0.19067376852035522,2024-07-24-16-43-44/SITE241_ORNT120_VIS8mi.png
3,3,"[0.0460, 0.1152, 0.1249, 0.1949, 0.1280, 0.1485, 0.0938, 0.0984, 0.0294, 0.0210]",0.1949213147163391,2024-09-20-16-20-08/SITE25_ORNT30_VIS4mi.png
3,1,"[0.0539, 0.1724, 0.1082, 0.2886, 0.1320, 0.0869, 0.0802, 0.0610, 0.0090, 0.0077]",0.2886327803134918,2024-05-08-14-34-39/SITE735_ORNT75_VIS2mi.png
5,3,"[0.0900, 0.1210, 0.1297, 0.0296, 0.1141, 0.2413, 0.0348, 0.0782, 0.1546, 0.0066]",0.241290882229805,2025-02-05-13-59-56/SITE747_ORNT0_VIS4mi.png
0,5,"[0.2702, 0.2293, 0.1569, 0.0693, 0.1002, 0.0741, 0.0331, 0.0437, 0.0212, 0.0020]",0.2701646387577057,2025-03-02-11-48-27/SITE528_ORNT235_VIS6mi.png
2,1,"[0.0967, 0.1269, 0.1518, 0.1443, 0.1150, 0.1039, 0.0879, 0.1076, 0.0190, 0.0469]",0.15177828073501587,2025-01-31-13-49-43/SITE18_ORNT290_VIS2-5mi.png
0,1,"[0.3002, 0.2416, 0.1201, 0.1445, 0.0884, 0.0379, 0.0378, 0.0219, 0.0042, 0.0034]",0.30021896958351135,2025-02-11-14-30-47/SITE568_ORNT349_VIS2mi.png
0,0,"[0.4125, 0.1973, 0.0939, 0.1133, 0.0645, 0.0356, 0.0386, 0.0295, 0.0107, 0.0042]",0.41249173879623413,2025-03-31-15-41-11/SITE48_ORNT115_VIS1mi.png
8,8,"[0.0035, 0.0028, 0.0212, 0.0044, 0.0135, 0.0350, 0.0212, 0.0327, 0.4705, 0.3952]",0.47048071026802063,2024-07-07-15-01-32/SITE376_ORNT70_VIS9mi.png
8,8,"[0.0064, 0.0134, 0.0388, 0.0149, 0.0595, 0.2054, 0.0663, 0.0736, 0.4321, 0.0895]",0.43212100863456726,2024-06-06-10-38-22/SITE520_ORNT180_VIS9mi.png
9,4,"[0.0015, 0.0045, 0.0132, 0.0289, 0.0152, 0.0130, 0.0392, 0.1451, 0.0234, 0.7160]",0.7160207033157349,2024-07-01-19-28-49/SITE557_ORNT291_VIS5mi.png
9,7,"[0.0256, 0.0329, 0.0932, 0.1071, 0.0951, 0.1134, 0.1702, 0.1625, 0.0280, 0.1719]",0.17192555963993073,2024-12-24-15-14-57/SITE18_ORNT210_VIS8mi.png
9,5,"[0.0167, 0.0206, 0.0501, 0.0436, 0.0665, 0.1433, 0.2200, 0.1485, 0.0604, 0.2304]",0.23035207390785217,2024-07-04-13-27-11/SITE446_ORNT101_VIS6mi.png
6,8,"[0.0201, 0.0598, 0.0408, 0.0534, 0.0898, 0.1904, 0.3570, 0.0999, 0.0405, 0.0483]",0.3570084571838379,2024-08-02-10-36-13/SITE332_ORNT315_VIS9mi.png
3,4,"[0.0726, 0.1301, 0.1224, 0.1994, 0.1373, 0.1030, 0.0873, 0.1079, 0.0192, 0.0209]",0.19939999282360077,2024-05-23-15-19-49/SITE58_ORNT245_VIS5mi.png
6,9,"[0.0039, 0.0138, 0.0271, 0.0530, 0.0824, 0.0986, 0.3643, 0.1233, 0.0434, 0.1902]",0.36429330706596375,2025-03-26-14-35-40/SITE629_ORNT125_VIS10+mi.png
8,8,"[0.0248, 0.0314, 0.0588, 0.0544, 0.0847, 0.1819, 0.1322, 0.1191, 0.2051, 0.1075]",0.2051265984773636,2025-03-26-12-24-08/SITE365_ORNT100_VIS9mi.png
6,2,"[0.0243, 0.0295, 0.0335, 0.0502, 0.0815, 0.1486, 0.2508, 0.1235, 0.0396, 0.2185]",0.25077447295188904,2024-08-18-13-20-24/SITE446_ORNT165_VIS3mi.png
0,0,"[0.2583, 0.2281, 0.1356, 0.1393, 0.0928, 0.0509, 0.0484, 0.0358, 0.0061, 0.0046]",0.25832638144493103,2024-05-23-15-19-49/SITE253_ORNT195_VIS1mi.png
1,1,"[0.1640, 0.1647, 0.1493, 0.1558, 0.1166, 0.0930, 0.0794, 0.0518, 0.0132, 0.0121]",0.16472187638282776,2024-10-07-14-17-08/SITE58_ORNT90_VIS2mi.png
1,3,"[0.1514, 0.2944, 0.1288, 0.2066, 0.0956, 0.0516, 0.0386, 0.0260, 0.0037, 0.0034]",0.2943767011165619,2024-07-23-10-10-08/SITE434_ORNT230_VIS4mi.png
9,6,"[0.0122, 0.0234, 0.0540, 0.0721, 0.0892, 0.1233, 0.1904, 0.1645, 0.0537, 0.2171]",0.2171415239572525,2025-03-26-14-35-40/SITE84_ORNT336_VIS7mi.png
8,8,"[0.0122, 0.0299, 0.0507, 0.0284, 0.0616, 0.2178, 0.0914, 0.0922, 0.3633, 0.0527]",0.3632703721523285,2024-10-13-15-24-41/SITE471_ORNT255_VIS9mi.png
0,0,"[0.3363, 0.1596, 0.0803, 0.1361, 0.0647, 0.0559, 0.0611, 0.0700, 0.0294, 0.0067]",0.33628153800964355,2025-03-04-14-20-15/SITE134_ORNT165_VIS1mi.png
1,6,"[0.0935, 0.1573, 0.1545, 0.1426, 0.1154, 0.1204, 0.0844, 0.1004, 0.0229, 0.0086]",0.15729841589927673,2025-04-11-14-52-32/SITE156_ORNT78_VIS7mi.png
1,0,"[0.1329, 0.2614, 0.1370, 0.1730, 0.0985, 0.0766, 0.0525, 0.0515, 0.0111, 0.0054]",0.2614273726940155,2024-08-30-17-21-54/SITE53_ORNT170_VIS1-5mi.png
9,7,"[0.0248, 0.0447, 0.0807, 0.0947, 0.1079, 0.1235, 0.1260, 0.1514, 0.0360, 0.2103]",0.21032048761844635,2024-09-15-16-06-51/SITE446_ORNT101_VIS8mi.png
8,5,"[0.0187, 0.0277, 0.0595, 0.0267, 0.1021, 0.1268, 0.0487, 0.0860, 0.4132, 0.0907]",0.4131646752357483,2024-05-31-15-13-16/SITE343_ORNT360_VIS6mi.png
3,0,"[0.1111, 0.1240, 0.1321, 0.1420, 0.1186, 0.1148, 0.0814, 0.1005, 0.0441, 0.0313]",0.1420479565858841,2024-07-27-10-27-08/SITE215_ORNT235_VIS1mi.png
8,8,"[0.0017, 0.0034, 0.0022, 0.0024, 0.0063, 0.0198, 0.0039, 0.0109, 0.7626, 0.1867]",0.7626467347145081,2024-09-19-16-37-08/SITE508_ORNT135_VIS9mi.png
1,6,"[0.1557, 0.2335, 0.1248, 0.1920, 0.1113, 0.0741, 0.0467, 0.0456, 0.0098, 0.0065]",0.233539417386055,2024-06-30-10-21-08/SITE80_ORNT0_VIS7mi.png
1,2,"[0.0805, 0.2693, 0.1297, 0.2483, 0.1041, 0.0793, 0.0471, 0.0339, 0.0036, 0.0043]",0.2693071961402893,2024-06-23-11-02-14/SITE626_ORNT290_VIS3mi.png
8,6,"[0.0023, 0.0132, 0.0318, 0.0423, 0.0552, 0.2043, 0.2025, 0.1660, 0.2564, 0.0260]",0.25644901394844055,2024-06-05-18-49-24/SITE623_ORNT10_VIS7mi.png
1,3,"[0.1938, 0.2854, 0.1519, 0.1435, 0.0810, 0.0537, 0.0370, 0.0423, 0.0075, 0.0039]",0.2854350805282593,2024-08-16-20-03-50/SITE208_ORNT330_VIS4mi.png
9,9,"[0.0133, 0.0180, 0.0324, 0.0405, 0.0791, 0.0933, 0.1170, 0.1464, 0.0834, 0.3766]",0.37661299109458923,2025-03-01-18-07-41/SITE802_ORNT150_VIS10+mi.png
9,5,"[0.0154, 0.0244, 0.0624, 0.0316, 0.0598, 0.1260, 0.0937, 0.1276, 0.1251, 0.3340]",0.33403947949409485,2025-04-02-15-05-32/SITE215_ORNT130_VIS6mi.png
1,2,"[0.2448, 0.3088, 0.1378, 0.1408, 0.0727, 0.0338, 0.0345, 0.0228, 0.0026, 0.0014]",0.3087823987007141,2024-09-27-16-12-40/SITE438_ORNT110_VIS3mi.png
3,3,"[0.0569, 0.0925, 0.1000, 0.2055, 0.1494, 0.1219, 0.1158, 0.1129, 0.0310, 0.0140]",0.20547105371952057,2024-07-05-14-33-31/SITE19_ORNT325_VIS4mi.png
1,3,"[0.1129, 0.1572, 0.1423, 0.1495, 0.1113, 0.1124, 0.0785, 0.0880, 0.0267, 0.0212]",0.15718145668506622,2025-03-05-12-08-53/SITE40_ORNT295_VIS4mi.png
2,6,"[0.1011, 0.1330, 0.1477, 0.1240, 0.1164, 0.1344, 0.0901, 0.1045, 0.0247, 0.0242]",0.14773210883140564,2025-03-01-18-07-41/SITE26_ORNT180_VIS7mi.png
9,5,"[0.0317, 0.0346, 0.1126, 0.0668, 0.0615, 0.1235, 0.0970, 0.1385, 0.0363, 0.2975]",0.2975037693977356,2025-02-19-12-18-05/SITE564_ORNT18_VIS6mi.png
0,2,"[0.2430, 0.2336, 0.1272, 0.1429, 0.0985, 0.0568, 0.0445, 0.0371, 0.0112, 0.0052]",0.24296407401561737,2024-08-18-13-20-24/SITE48_ORNT275_VIS3mi.png
6,9,"[0.0016, 0.0066, 0.0125, 0.0643, 0.1098, 0.0694, 0.4056, 0.1102, 0.0230, 0.1971]",0.40558886528015137,2025-02-02-12-13-03/SITE629_ORNT125_VIS10+mi.png
8,9,"[0.0059, 0.0100, 0.0200, 0.0108, 0.0432, 0.0751, 0.0461, 0.0583, 0.5362, 0.1945]",0.5362265706062317,2025-02-05-13-59-56/SITE312_ORNT60_VIS25mi.png
8,8,"[0.0183, 0.0286, 0.0407, 0.0162, 0.0470, 0.1088, 0.0420, 0.0789, 0.3129, 0.3064]",0.3129477798938751,2025-03-23-13-51-54/SITE332_ORNT315_VIS9mi.png
7,8,"[0.0662, 0.0862, 0.0969, 0.1021, 0.1352, 0.1180, 0.0892, 0.1490, 0.0800, 0.0772]",0.14902465045452118,2024-07-02-10-19-43/SITE341_ORNT350_VIS9mi.png
9,7,"[0.0187, 0.0220, 0.0645, 0.0428, 0.0585, 0.0817, 0.0817, 0.1209, 0.1307, 0.3784]",0.3784429728984833,2024-07-04-10-22-12/SITE333_ORNT200_VIS8mi.png
3,3,"[0.0842, 0.1331, 0.1285, 0.1925, 0.1315, 0.0984, 0.0901, 0.0924, 0.0187, 0.0306]",0.19251196086406708,2024-06-03-13-44-33/SITE33_ORNT350_VIS4mi.png
7,3,"[0.0253, 0.0489, 0.1084, 0.0934, 0.1036, 0.0980, 0.1621, 0.1760, 0.0204, 0.1640]",0.1759539246559143,2024-08-26-16-02-03/SITE598_ORNT0_VIS4mi.png
2,2,"[0.1156, 0.1330, 0.1529, 0.1376, 0.1287, 0.1225, 0.0916, 0.0719, 0.0305, 0.0157]",0.15285538136959076,2024-07-26-10-22-16/SITE262_ORNT10_VIS3mi.png
1,3,"[0.2300, 0.2792, 0.1225, 0.1614, 0.0896, 0.0493, 0.0321, 0.0270, 0.0064, 0.0026]",0.2791949510574341,2025-04-01-16-59-16/SITE852_ORNT45_VIS4mi.png
0,3,"[0.2544, 0.2295, 0.1234, 0.1654, 0.0829, 0.0470, 0.0487, 0.0374, 0.0072, 0.0042]",0.25443553924560547,2024-05-08-14-34-39/SITE684_ORNT267_VIS4mi.png
3,8,"[0.0559, 0.1024, 0.1338, 0.1546, 0.1271, 0.1357, 0.1218, 0.1044, 0.0126, 0.0517]",0.15455810725688934,2025-03-02-13-12-40/SITE53_ORNT223_VIS9mi.png
3,7,"[0.0863, 0.1349, 0.1428, 0.1719, 0.1227, 0.1053, 0.0921, 0.0861, 0.0152, 0.0428]",0.1719018965959549,2024-07-29-17-46-25/SITE6_ORNT115_VIS8mi.png
1,0,"[0.1992, 0.2413, 0.1364, 0.1563, 0.0987, 0.0635, 0.0443, 0.0428, 0.0103, 0.0072]",0.24127811193466187,2025-03-03-11-33-30/SITE73_ORNT335_VIS1-5mi.png
3,1,"[0.1076, 0.1566, 0.1301, 0.1694, 0.1217, 0.1251, 0.0760, 0.0762, 0.0249, 0.0123]",0.16943326592445374,2024-06-14-14-13-33/SITE215_ORNT235_VIS2mi.png
9,8,"[0.0072, 0.0040, 0.0314, 0.0108, 0.0178, 0.0559, 0.0320, 0.0491, 0.2235, 0.5683]",0.5683128237724304,2024-08-30-10-00-55/SITE336_ORNT180_VIS9mi.png
1,0,"[0.1730, 0.2232, 0.1519, 0.1754, 0.1003, 0.0601, 0.0632, 0.0388, 0.0049, 0.0092]",0.2231854647397995,2025-02-01-12-44-07/SITE59_ORNT10_VIS1mi.png
7,0,"[0.0812, 0.0844, 0.0978, 0.1270, 0.1321, 0.1199, 0.0987, 0.1417, 0.0472, 0.0700]",0.14172235131263733,2024-05-07-15-42-07/SITE95_ORNT67_VIS1-5mi.png
0,0,"[0.2785, 0.2183, 0.1244, 0.1453, 0.0970, 0.0477, 0.0471, 0.0291, 0.0071, 0.0055]",0.27854207158088684,2025-03-31-13-29-12/SITE626_ORNT290_VIS1mi.png
1,4,"[0.1879, 0.2567, 0.1103, 0.1659, 0.1157, 0.0614, 0.0399, 0.0458, 0.0102, 0.0062]",0.2567041516304016,2024-08-01-10-54-34/SITE5_ORNT320_VIS5mi.png
9,9,"[0.0040, 0.0122, 0.0276, 0.0338, 0.0258, 0.0466, 0.0812, 0.1154, 0.1253, 0.5282]",0.528239369392395,2024-10-13-15-24-41/SITE95_ORNT67_VIS10+mi.png
3,3,"[0.0813, 0.1245, 0.1114, 0.1966, 0.1566, 0.1129, 0.1013, 0.0878, 0.0203, 0.0074]",0.1965930163860321,2024-08-01-10-54-34/SITE24_ORNT250_VIS4mi.png
1,5,"[0.2231, 0.2590, 0.1246, 0.1662, 0.0979, 0.0513, 0.0354, 0.0311, 0.0072, 0.0041]",0.2589722275733948,2024-05-21-12-02-34/SITE543_ORNT126_VIS6mi.png
1,9,"[0.2147, 0.2947, 0.1234, 0.1751, 0.0884, 0.0434, 0.0290, 0.0250, 0.0040, 0.0022]",0.2947233319282532,2025-02-04-15-47-48/SITE78_ORNT268_VIS10+mi.png
9,6,"[0.0091, 0.0150, 0.0360, 0.0420, 0.0609, 0.1513, 0.1686, 0.1050, 0.1929, 0.2192]",0.2191510796546936,2024-07-29-16-41-43/SITE82_ORNT135_VIS7mi.png
5,3,"[0.0274, 0.0668, 0.1087, 0.1408, 0.1345, 0.1430, 0.1222, 0.1267, 0.0354, 0.0945]",0.1429819017648697,2024-07-25-18-03-52/SITE411_ORNT280_VIS4mi.png
1,2,"[0.1916, 0.2130, 0.1209, 0.1550, 0.1171, 0.0765, 0.0507, 0.0493, 0.0190, 0.0070]",0.2129553109407425,2024-08-18-13-20-24/SITE33_ORNT90_VIS3mi.png
1,3,"[0.1604, 0.2283, 0.1330, 0.1744, 0.1067, 0.0774, 0.0511, 0.0484, 0.0113, 0.0090]",0.22827592492103577,2024-07-07-11-04-33/SITE411_ORNT280_VIS4mi.png
9,6,"[0.0229, 0.0135, 0.0306, 0.0392, 0.0791, 0.0860, 0.0855, 0.1795, 0.0599, 0.4037]",0.4036905765533447,2024-07-25-10-00-39/SITE569_ORNT276_VIS7mi.png
8,9,"[0.0085, 0.0081, 0.0350, 0.0090, 0.0339, 0.0707, 0.0327, 0.0611, 0.4185, 0.3224]",0.41847044229507446,2024-04-30-13-21-52/SITE512_ORNT340_VIS15mi.png
2,8,"[0.0734, 0.1051, 0.1463, 0.1187, 0.1119, 0.1457, 0.0959, 0.1273, 0.0291, 0.0466]",0.14626948535442352,2025-02-17-14-46-26/SITE76_ORNT60_VIS9mi.png
6,9,"[0.0088, 0.0130, 0.0294, 0.0402, 0.0579, 0.0937, 0.2805, 0.1629, 0.0371, 0.2764]",0.2805017828941345,2024-12-29-16-00-12/SITE545_ORNT95_VIS10+mi.png
3,3,"[0.0720, 0.1461, 0.0814, 0.1659, 0.1346, 0.1059, 0.1249, 0.1130, 0.0256, 0.0305]",0.16593600809574127,2025-02-14-15-24-27/SITE844_ORNT200_VIS4mi.png
8,5,"[0.0141, 0.0225, 0.0525, 0.0756, 0.1027, 0.1616, 0.0660, 0.1141, 0.3578, 0.0330]",0.3578139841556549,2024-06-17-10-37-40/SITE377_ORNT0_VIS6mi.png
3,7,"[0.1227, 0.1878, 0.1236, 0.2211, 0.1347, 0.0739, 0.0557, 0.0611, 0.0074, 0.0120]",0.22110415995121002,2024-08-01-10-54-34/SITE241_ORNT120_VIS8mi.png
8,4,"[0.0666, 0.0895, 0.1125, 0.0778, 0.1374, 0.1865, 0.0441, 0.0831, 0.1921, 0.0104]",0.1921410709619522,2024-06-03-13-44-33/SITE327_ORNT145_VIS5mi.png
5,4,"[0.0528, 0.0664, 0.1522, 0.0562, 0.1561, 0.1763, 0.0506, 0.1024, 0.1571, 0.0300]",0.1762983202934265,2025-02-16-12-49-10/SITE338_ORNT200_VIS5mi.png
1,2,"[0.1278, 0.2189, 0.1263, 0.2000, 0.1204, 0.0854, 0.0531, 0.0508, 0.0102, 0.0070]",0.21888625621795654,2025-01-23-15-05-27/SITE19_ORNT170_VIS3mi.png
1,0,"[0.1593, 0.2559, 0.1572, 0.1627, 0.0912, 0.0729, 0.0434, 0.0457, 0.0064, 0.0052]",0.2558884024620056,2025-04-14-19-44-02/SITE76_ORNT147_VIS1-5mi.png
1,6,"[0.2076, 0.2430, 0.1310, 0.1557, 0.0975, 0.0653, 0.0442, 0.0396, 0.0110, 0.0052]",0.24302929639816284,2024-09-19-14-23-02/SITE94_ORNT180_VIS7mi.png
8,5,"[0.0180, 0.0177, 0.0386, 0.0269, 0.0352, 0.0788, 0.0435, 0.0703, 0.3708, 0.3003]",0.3707977533340454,2025-04-14-19-44-02/SITE165_ORNT205_VIS6mi.png
1,6,"[0.1427, 0.1757, 0.1232, 0.1592, 0.1211, 0.0947, 0.0640, 0.0794, 0.0229, 0.0170]",0.17573025822639465,2025-03-15-15-41-34/SITE69_ORNT108_VIS7mi.png
0,0,"[0.3113, 0.1596, 0.0944, 0.1261, 0.0694, 0.0590, 0.0617, 0.0717, 0.0342, 0.0125]",0.3113023638725281,2025-03-02-13-12-40/SITE134_ORNT70_VIS1-5mi.png
3,2,"[0.0303, 0.0547, 0.0995, 0.1607, 0.1274, 0.1461, 0.1362, 0.1479, 0.0566, 0.0405]",0.16069461405277252,2024-08-11-13-07-09/SITE156_ORNT294_VIS3mi.png
0,3,"[0.3112, 0.2017, 0.1475, 0.1110, 0.0661, 0.0418, 0.0488, 0.0564, 0.0098, 0.0058]",0.3111725449562073,2024-08-01-10-54-34/SITE217_ORNT150_VIS4mi.png
0,1,"[0.3070, 0.2573, 0.1174, 0.1254, 0.0827, 0.0393, 0.0349, 0.0265, 0.0069, 0.0027]",0.3069731295108795,2025-01-28-16-10-28/SITE78_ORNT322_VIS2-5mi.png
0,0,"[0.5593, 0.1880, 0.0751, 0.0835, 0.0315, 0.0130, 0.0221, 0.0228, 0.0040, 0.0008]",0.5593417882919312,2024-12-29-16-00-12/SITE259_ORNT59_VIS1mi.png
1,4,"[0.1546, 0.1952, 0.1434, 0.1619, 0.1119, 0.0859, 0.0628, 0.0585, 0.0134, 0.0124]",0.1951703578233719,2024-08-31-14-30-34/SITE8_ORNT278_VIS5mi.png
0,5,"[0.3017, 0.2032, 0.1103, 0.1434, 0.0825, 0.0492, 0.0501, 0.0406, 0.0120, 0.0070]",0.30172231793403625,2025-03-04-14-20-15/SITE542_ORNT350_VIS6mi.png
9,7,"[0.0202, 0.0222, 0.0526, 0.0620, 0.0766, 0.1185, 0.1680, 0.1668, 0.0592, 0.2540]",0.2540379762649536,2024-08-18-19-28-16/SITE272_ORNT67_VIS8mi.png
0,0,"[0.2791, 0.2339, 0.1186, 0.1397, 0.0962, 0.0460, 0.0423, 0.0309, 0.0084, 0.0049]",0.27906903624534607,2025-02-04-15-47-48/SITE801_ORNT255_VIS1mi.png
2,1,"[0.0401, 0.1044, 0.1524, 0.0869, 0.1329, 0.1446, 0.0831, 0.1088, 0.1173, 0.0294]",0.152443990111351,2024-07-22-11-13-59/SITE330_ORNT20_VIS2-5mi.png
1,7,"[0.1259, 0.1703, 0.1405, 0.1137, 0.1053, 0.1522, 0.0518, 0.0734, 0.0534, 0.0135]",0.17033220827579498,2024-07-20-15-11-13/SITE453_ORNT270_VIS8mi.png
1,1,"[0.1444, 0.1967, 0.1517, 0.1763, 0.1103, 0.0808, 0.0652, 0.0550, 0.0088, 0.0108]",0.19674131274223328,2025-04-11-14-52-32/SITE12_ORNT60_VIS2-5mi.png
0,2,"[0.3466, 0.1992, 0.1180, 0.1274, 0.0613, 0.0436, 0.0412, 0.0468, 0.0109, 0.0050]",0.3466002643108368,2024-07-04-10-22-12/SITE198_ORNT80_VIS3mi.png
0,0,"[0.3361, 0.2506, 0.1092, 0.1282, 0.0806, 0.0332, 0.0344, 0.0204, 0.0046, 0.0027]",0.33609703183174133,2025-02-04-15-47-48/SITE12_ORNT5_VIS1mi.png
6,5,"[0.0043, 0.0099, 0.0169, 0.0418, 0.0646, 0.1818, 0.2478, 0.0717, 0.1840, 0.1773]",0.24778106808662415,2024-07-25-10-00-39/SITE747_ORNT315_VIS6mi.png
8,7,"[0.0084, 0.0166, 0.0236, 0.0305, 0.0524, 0.0901, 0.0694, 0.1081, 0.5080, 0.0931]",0.5079765319824219,2024-07-25-10-00-39/SITE388_ORNT325_VIS8mi.png
3,5,"[0.0371, 0.1050, 0.1346, 0.1534, 0.1182, 0.1512, 0.1150, 0.1307, 0.0224, 0.0325]",0.15340742468833923,2025-03-31-15-41-11/SITE178_ORNT300_VIS6mi.png
0,4,"[0.2822, 0.2767, 0.1183, 0.1387, 0.0835, 0.0381, 0.0332, 0.0219, 0.0050, 0.0024]",0.2821986675262451,2024-07-02-16-22-41/SITE169_ORNT228_VIS5mi.png
0,0,"[0.2296, 0.2151, 0.1386, 0.1557, 0.1024, 0.0561, 0.0545, 0.0346, 0.0070, 0.0066]",0.22956505417823792,2025-03-02-13-12-40/SITE7_ORNT312_VIS1-75mi.png
6,3,"[0.0113, 0.0118, 0.0512, 0.0370, 0.0440, 0.0963, 0.3213, 0.1089, 0.0234, 0.2948]",0.3212582767009735,2025-03-05-12-08-53/SITE719_ORNT180_VIS4mi.png
8,9,"[0.0306, 0.0450, 0.0699, 0.0567, 0.0803, 0.1208, 0.0798, 0.1193, 0.2018, 0.1959]",0.20175406336784363,2025-04-16-13-54-24/SITE100_ORNT65_VIS10+mi.png
1,4,"[0.1467, 0.1843, 0.0992, 0.1737, 0.1203, 0.0890, 0.0607, 0.0813, 0.0297, 0.0153]",0.18427303433418274,2024-10-19-10-55-55/SITE334_ORNT325_VIS5mi.png
3,4,"[0.1175, 0.1353, 0.1292, 0.1835, 0.1170, 0.0978, 0.0773, 0.0866, 0.0314, 0.0245]",0.18349842727184296,2025-02-14-15-24-27/SITE813_ORNT15_VIS5mi.png
8,8,"[0.0075, 0.0134, 0.0231, 0.0107, 0.0548, 0.0721, 0.0234, 0.0417, 0.6709, 0.0825]",0.6708937883377075,2024-04-30-13-21-52/SITE528_ORNT235_VIS9mi.png
0,0,"[0.3310, 0.2751, 0.1125, 0.1196, 0.0762, 0.0324, 0.0267, 0.0194, 0.0050, 0.0021]",0.33098769187927246,2025-01-23-15-05-27/SITE262_ORNT124_VIS1mi.png
5,5,"[0.0743, 0.0802, 0.1478, 0.0560, 0.1113, 0.1893, 0.0648, 0.1002, 0.1376, 0.0383]",0.18933655321598053,2025-02-05-13-59-56/SITE397_ORNT145_VIS6mi.png
3,3,"[0.0279, 0.0593, 0.0748, 0.1683, 0.1474, 0.1188, 0.1500, 0.1666, 0.0297, 0.0572]",0.1683124303817749,2024-07-07-15-01-32/SITE19_ORNT260_VIS4mi.png
1,1,"[0.1747, 0.2800, 0.1423, 0.1765, 0.0882, 0.0537, 0.0450, 0.0313, 0.0044, 0.0039]",0.2799721956253052,2024-07-22-11-13-59/SITE179_ORNT230_VIS2mi.png
5,8,"[0.0185, 0.0428, 0.1104, 0.0809, 0.1353, 0.2209, 0.0839, 0.0853, 0.2178, 0.0042]",0.22087416052818298,2024-05-23-15-19-49/SITE506_ORNT90_VIS9mi.png
9,0,"[0.0555, 0.0536, 0.0896, 0.0740, 0.0983, 0.1361, 0.0930, 0.1243, 0.1050, 0.1705]",0.1705181747674942,2025-03-15-15-41-34/SITE205_ORNT305_VIS1-75mi.png
3,1,"[0.1175, 0.2024, 0.1151, 0.2073, 0.1259, 0.0921, 0.0607, 0.0578, 0.0118, 0.0094]",0.20726703107357025,2024-07-28-19-40-21/SITE15_ORNT170_VIS2-5mi.png
9,5,"[0.0114, 0.0141, 0.0418, 0.0572, 0.0822, 0.1250, 0.1841, 0.2060, 0.0505, 0.2278]",0.22775298357009888,2024-07-14-16-38-50/SITE597_ORNT115_VIS6mi.png
0,2,"[0.5053, 0.1997, 0.1224, 0.0624, 0.0360, 0.0139, 0.0216, 0.0335, 0.0042, 0.0010]",0.5052869915962219,2025-04-14-19-44-02/SITE205_ORNT100_VIS3mi.png
0,3,"[0.3009, 0.2405, 0.1250, 0.1238, 0.0769, 0.0406, 0.0439, 0.0368, 0.0077, 0.0039]",0.3009190261363983,2024-07-23-10-10-08/SITE8_ORNT278_VIS4mi.png
9,6,"[0.0179, 0.0298, 0.0577, 0.0583, 0.0828, 0.1437, 0.2123, 0.1254, 0.0592, 0.2128]",0.21284201741218567,2024-10-10-15-17-15/SITE411_ORNT280_VIS7mi.png
9,9,"[0.0245, 0.0263, 0.1057, 0.0695, 0.0685, 0.1223, 0.1478, 0.1229, 0.0432, 0.2692]",0.2692326307296753,2025-02-01-12-44-07/SITE561_ORNT60_VIS10+mi.png
8,8,"[0.0285, 0.0433, 0.0707, 0.0528, 0.0992, 0.1958, 0.0528, 0.0952, 0.3226, 0.0392]",0.3225635290145874,2024-07-14-16-38-50/SITE481_ORNT310_VIS9mi.png
9,8,"[0.0102, 0.0145, 0.0396, 0.0421, 0.0495, 0.0699, 0.0848, 0.1691, 0.0917, 0.4286]",0.4286404252052307,2024-12-10-14-08-09/SITE802_ORNT45_VIS9mi.png
2,7,"[0.1132, 0.1065, 0.3141, 0.0546, 0.0787, 0.1690, 0.0812, 0.0571, 0.0210, 0.0047]",0.3140638470649719,2024-05-30-17-47-26/SITE747_ORNT255_VIS8mi.png
8,8,"[0.0223, 0.0280, 0.0583, 0.0239, 0.1147, 0.1209, 0.0399, 0.0599, 0.4726, 0.0594]",0.47263795137405396,2024-08-29-14-11-27/SITE343_ORNT360_VIS9mi.png
3,6,"[0.0975, 0.1363, 0.1130, 0.1504, 0.1406, 0.1120, 0.0822, 0.1184, 0.0174, 0.0322]",0.15038947761058807,2024-07-22-11-13-59/SITE639_ORNT10_VIS7mi.png
4,4,"[0.0436, 0.0570, 0.1132, 0.0611, 0.1691, 0.1413, 0.0785, 0.1042, 0.1564, 0.0757]",0.1691049039363861,2024-09-08-13-07-06/SITE327_ORNT330_VIS5mi.png
0,0,"[0.2636, 0.2567, 0.1628, 0.1083, 0.0722, 0.0459, 0.0357, 0.0443, 0.0065, 0.0039]",0.2636193335056305,2025-01-28-16-10-28/SITE161_ORNT316_VIS1-5mi.png
1,1,"[0.1223, 0.2479, 0.1478, 0.2080, 0.0990, 0.0620, 0.0634, 0.0348, 0.0042, 0.0107]",0.247907355427742,2025-04-16-13-54-24/SITE684_ORNT179_VIS2-5mi.png
9,3,"[0.0235, 0.0423, 0.0889, 0.0861, 0.1060, 0.1549, 0.1421, 0.1439, 0.0496, 0.1627]",0.16269420087337494,2025-04-01-16-59-16/SITE539_ORNT40_VIS4mi.png
1,1,"[0.2212, 0.3033, 0.1304, 0.1581, 0.0806, 0.0410, 0.0380, 0.0220, 0.0033, 0.0020]",0.30331870913505554,2024-05-08-14-34-39/SITE48_ORNT115_VIS2-5mi.png
8,4,"[0.0456, 0.0653, 0.1014, 0.0638, 0.1140, 0.1705, 0.0641, 0.1021, 0.2310, 0.0421]",0.23099130392074585,2024-09-21-11-24-11/SITE460_ORNT350_VIS5mi.png
8,8,"[0.0035, 0.0076, 0.0254, 0.0388, 0.0623, 0.1088, 0.0593, 0.1048, 0.5478, 0.0417]",0.5477776527404785,2024-06-07-11-09-12/SITE353_ORNT135_VIS9mi.png
8,8,"[0.0152, 0.0225, 0.0388, 0.0214, 0.0646, 0.1134, 0.0812, 0.1151, 0.3912, 0.1364]",0.3912107050418854,2024-06-14-11-11-00/SITE528_ORNT310_VIS9mi.png
8,8,"[0.0569, 0.0612, 0.1104, 0.0442, 0.1069, 0.1692, 0.0572, 0.1013, 0.2231, 0.0696]",0.22305412590503693,2025-02-10-14-47-56/SITE477_ORNT160_VIS9mi.png
9,5,"[0.0202, 0.0280, 0.0629, 0.0714, 0.0793, 0.0766, 0.1159, 0.1705, 0.0854, 0.2897]",0.2896836996078491,2025-03-06-15-10-58/SITE215_ORNT330_VIS6mi.png
0,1,"[0.1738, 0.0889, 0.1195, 0.0729, 0.0556, 0.1051, 0.0256, 0.1097, 0.1323, 0.1166]",0.17375138401985168,2025-04-10-17-56-44/SITE198_ORNT80_VIS2-5mi.png
8,6,"[0.0091, 0.0154, 0.0473, 0.0328, 0.0681, 0.1742, 0.1731, 0.0881, 0.2426, 0.1493]",0.24255476891994476,2024-07-05-10-36-13/SITE747_ORNT0_VIS7mi.png
9,2,"[0.0054, 0.0114, 0.0355, 0.0171, 0.0476, 0.1293, 0.0796, 0.1313, 0.2112, 0.3315]",0.33148103952407837,2025-03-23-13-51-54/SITE117_ORNT165_VIS3mi.png
1,3,"[0.2095, 0.2718, 0.1154, 0.1667, 0.0994, 0.0528, 0.0364, 0.0364, 0.0083, 0.0033]",0.2717737555503845,2024-07-27-10-27-08/SITE33_ORNT215_VIS4mi.png
6,3,"[0.0142, 0.0411, 0.0866, 0.1177, 0.1366, 0.1313, 0.2034, 0.1031, 0.0482, 0.1178]",0.20342566072940826,2025-02-04-15-47-48/SITE658_ORNT305_VIS4mi.png
6,6,"[0.0123, 0.0251, 0.0266, 0.1257, 0.1457, 0.1819, 0.3023, 0.1109, 0.0249, 0.0446]",0.30229195952415466,2024-07-02-10-19-43/SITE411_ORNT75_VIS7mi.png
9,9,"[0.0124, 0.0155, 0.0517, 0.0384, 0.0486, 0.0927, 0.1990, 0.1220, 0.0265, 0.3931]",0.3931129574775696,2025-02-12-14-37-35/SITE111_ORNT61_VIS10+mi.png
1,2,"[0.1798, 0.2060, 0.1412, 0.1604, 0.1028, 0.0631, 0.0737, 0.0504, 0.0103, 0.0122]",0.20595188438892365,2025-03-28-10-38-15/SITE602_ORNT270_VIS3mi.png
9,7,"[0.0157, 0.0318, 0.0413, 0.0654, 0.0901, 0.1097, 0.1472, 0.1835, 0.0445, 0.2708]",0.2708496153354645,2024-10-06-17-04-59/SITE215_ORNT40_VIS8mi.png
8,8,"[0.0151, 0.0258, 0.0519, 0.0202, 0.0868, 0.1328, 0.0635, 0.1013, 0.3751, 0.1276]",0.3751201033592224,2025-02-14-15-24-27/SITE352_ORNT340_VIS9mi.png
1,7,"[0.1614, 0.2593, 0.1066, 0.1891, 0.1204, 0.0636, 0.0446, 0.0412, 0.0089, 0.0048]",0.25933101773262024,2024-10-10-15-17-15/SITE17_ORNT95_VIS8mi.png
1,0,"[0.1245, 0.2072, 0.1496, 0.1753, 0.1068, 0.0920, 0.0580, 0.0608, 0.0125, 0.0134]",0.20715853571891785,2024-07-02-16-22-41/SITE198_ORNT248_VIS1-75mi.png
9,7,"[0.0154, 0.0190, 0.0417, 0.0519, 0.0738, 0.1088, 0.2367, 0.1487, 0.0408, 0.2632]",0.263160765171051,2025-03-23-13-51-54/SITE203_ORNT220_VIS8mi.png
0,1,"[0.1736, 0.1595, 0.1683, 0.0607, 0.0949, 0.1339, 0.0488, 0.0804, 0.0664, 0.0135]",0.17361128330230713,2025-03-15-15-41-34/SITE471_ORNT0_VIS2-5mi.png
1,3,"[0.1497, 0.2011, 0.1544, 0.1517, 0.1035, 0.0792, 0.0647, 0.0628, 0.0125, 0.0205]",0.2010745108127594,2024-07-04-13-27-11/SITE12_ORNT200_VIS4mi.png
8,8,"[0.0095, 0.0143, 0.0225, 0.0147, 0.0542, 0.0666, 0.0392, 0.0520, 0.6119, 0.1152]",0.611883282661438,2025-03-31-13-29-12/SITE340_ORNT55_VIS9mi.png
8,8,"[0.0134, 0.0282, 0.0372, 0.0250, 0.0841, 0.1054, 0.0625, 0.0775, 0.4322, 0.1346]",0.43215128779411316,2024-07-20-11-08-20/SITE328_ORNT0_VIS9mi.png
1,6,"[0.1703, 0.1885, 0.1432, 0.1747, 0.1126, 0.0719, 0.0714, 0.0466, 0.0088, 0.0121]",0.1884721964597702,2024-07-02-16-22-41/SITE179_ORNT36_VIS7mi.png
5,5,"[0.0840, 0.0905, 0.1095, 0.1071, 0.1116, 0.1392, 0.1066, 0.0995, 0.0266, 0.1254]",0.13922880589962006,2025-02-15-15-20-00/SITE22_ORNT0_VIS6mi.png
6,6,"[0.0093, 0.0305, 0.0551, 0.0780, 0.0922, 0.1752, 0.2395, 0.1648, 0.1023, 0.0530]",0.23953703045845032,2024-10-10-15-17-15/SITE411_ORNT220_VIS7mi.png
5,8,"[0.0225, 0.0324, 0.0715, 0.0813, 0.1108, 0.1903, 0.1168, 0.1292, 0.1882, 0.0570]",0.19033408164978027,2024-07-26-10-22-16/SITE477_ORNT160_VIS9mi.png
0,6,"[0.2213, 0.1802, 0.1583, 0.1017, 0.0950, 0.0734, 0.0458, 0.0879, 0.0206, 0.0159]",0.22129608690738678,2025-03-11-17-13-52/SITE216_ORNT55_VIS7mi.png
1,4,"[0.1661, 0.2465, 0.1276, 0.1854, 0.1096, 0.0653, 0.0451, 0.0408, 0.0074, 0.0063]",0.24650180339813232,2025-03-17-19-09-03/SITE10_ORNT255_VIS5mi.png
8,9,"[0.0221, 0.0179, 0.0765, 0.0301, 0.0377, 0.0516, 0.0337, 0.0884, 0.3367, 0.3053]",0.3366599977016449,2025-04-07-16-10-10/SITE539_ORNT40_VIS10+mi.png
6,6,"[0.0021, 0.0078, 0.0111, 0.0230, 0.0430, 0.1346, 0.4825, 0.1471, 0.0644, 0.0845]",0.4824552834033966,2024-06-18-18-07-05/SITE22_ORNT285_VIS7mi.png
1,3,"[0.1704, 0.2281, 0.1486, 0.1603, 0.1000, 0.0609, 0.0637, 0.0482, 0.0091, 0.0106]",0.22806131839752197,2024-08-01-13-32-05/SITE43_ORNT190_VIS4mi.png
6,7,"[0.0553, 0.0868, 0.0855, 0.1337, 0.1232, 0.1345, 0.1414, 0.1294, 0.0499, 0.0603]",0.14138562977313995,2024-10-14-13-08-27/SITE73_ORNT110_VIS8mi.png
6,4,"[0.0066, 0.0089, 0.0233, 0.0516, 0.0613, 0.2305, 0.2920, 0.0826, 0.0779, 0.1651]",0.29199689626693726,2024-08-30-10-00-55/SITE749_ORNT315_VIS5mi.png
1,7,"[0.1849, 0.2770, 0.1274, 0.1736, 0.0915, 0.0616, 0.0405, 0.0330, 0.0070, 0.0034]",0.27701300382614136,2024-06-10-14-33-22/SITE40_ORNT180_VIS8mi.png
3,7,"[0.0660, 0.1007, 0.1005, 0.1742, 0.1374, 0.1058, 0.1122, 0.1293, 0.0466, 0.0274]",0.1742146611213684,2025-01-28-16-10-28/SITE186_ORNT217_VIS8mi.png
6,9,"[0.0114, 0.0321, 0.0454, 0.0613, 0.0855, 0.1714, 0.3307, 0.1312, 0.0425, 0.0884]",0.3306925594806671,2025-03-28-10-38-15/SITE544_ORNT291_VIS10+mi.png
3,2,"[0.1030, 0.1637, 0.1394, 0.1710, 0.1170, 0.1125, 0.0716, 0.0826, 0.0211, 0.0182]",0.17097653448581696,2025-03-26-14-35-40/SITE76_ORNT250_VIS3mi.png
7,8,"[0.0129, 0.0260, 0.0428, 0.0792, 0.0986, 0.0907, 0.1238, 0.2541, 0.0317, 0.2403]",0.25408169627189636,2024-05-23-15-19-49/SITE33_ORNT215_VIS9mi.png
4,1,"[0.0459, 0.0794, 0.0542, 0.1797, 0.2215, 0.1504, 0.0980, 0.1166, 0.0432, 0.0111]",0.2214757353067398,2024-06-09-10-51-06/SITE581_ORNT70_VIS2-5mi.png
9,2,"[0.0151, 0.0124, 0.0465, 0.0209, 0.0438, 0.0719, 0.0436, 0.0875, 0.2858, 0.3725]",0.37246397137641907,2024-10-11-15-41-13/SITE310_ORNT314_VIS3mi.png
1,4,"[0.1484, 0.1897, 0.1331, 0.1847, 0.1272, 0.0930, 0.0635, 0.0433, 0.0119, 0.0052]",0.18972250819206238,2024-08-18-13-20-24/SITE435_ORNT15_VIS5mi.png
3,7,"[0.1376, 0.1909, 0.1360, 0.1967, 0.1229, 0.0781, 0.0722, 0.0471, 0.0077, 0.0106]",0.19674688577651978,2024-06-15-14-23-40/SITE593_ORNT160_VIS8mi.png
1,3,"[0.1608, 0.2744, 0.1523, 0.1699, 0.0862, 0.0630, 0.0475, 0.0372, 0.0049, 0.0038]",0.27439865469932556,2024-05-14-16-18-20/SITE438_ORNT208_VIS4mi.png
1,1,"[0.1773, 0.2804, 0.1270, 0.1837, 0.0942, 0.0607, 0.0380, 0.0293, 0.0057, 0.0037]",0.28040963411331177,2025-02-01-12-44-07/SITE522_ORNT270_VIS2mi.png
3,2,"[0.1297, 0.1483, 0.1297, 0.1681, 0.1173, 0.0932, 0.1179, 0.0637, 0.0098, 0.0222]",0.16808106005191803,2024-12-29-16-00-12/SITE617_ORNT40_VIS3mi.png
1,8,"[0.1789, 0.1980, 0.1556, 0.0931, 0.1044, 0.1187, 0.0397, 0.0624, 0.0427, 0.0065]",0.19804911315441132,2025-03-03-11-33-30/SITE333_ORNT280_VIS9mi.png
9,6,"[0.0704, 0.0486, 0.1074, 0.0989, 0.0934, 0.1044, 0.0877, 0.1471, 0.0646, 0.1774]",0.1773921400308609,2024-07-22-11-13-59/SITE692_ORNT335_VIS7mi.png
0,1,"[0.6021, 0.1390, 0.0985, 0.0648, 0.0249, 0.0121, 0.0170, 0.0364, 0.0043, 0.0009]",0.6021254062652588,2025-01-31-13-49-43/SITE230_ORNT90_VIS2mi.png
3,4,"[0.0977, 0.1753, 0.1270, 0.2120, 0.1327, 0.0901, 0.0725, 0.0641, 0.0126, 0.0160]",0.21204021573066711,2024-05-23-15-19-49/SITE43_ORNT115_VIS5mi.png
1,5,"[0.1506, 0.2160, 0.1239, 0.1793, 0.1168, 0.0833, 0.0548, 0.0521, 0.0147, 0.0083]",0.21604855358600616,2025-03-05-12-08-53/SITE834_ORNT220_VIS6mi.png
2,2,"[0.1683, 0.1723, 0.1860, 0.0326, 0.1169, 0.1457, 0.0345, 0.0756, 0.0614, 0.0069]",0.186012402176857,2025-03-11-17-13-52/SITE508_ORNT135_VIS3mi.png
1,3,"[0.1555, 0.2794, 0.1499, 0.1870, 0.0896, 0.0519, 0.0452, 0.0339, 0.0035, 0.0040]",0.27942216396331787,2024-04-25-17-48-06/SITE435_ORNT15_VIS4mi.png
5,5,"[0.0494, 0.0964, 0.1281, 0.1218, 0.1507, 0.1999, 0.0954, 0.0858, 0.0668, 0.0057]",0.1998642385005951,2024-10-06-12-31-10/SITE276_ORNT225_VIS6mi.png
1,2,"[0.1787, 0.2661, 0.1143, 0.1925, 0.1058, 0.0576, 0.0383, 0.0353, 0.0076, 0.0040]",0.266059011220932,2024-09-07-13-37-18/SITE262_ORNT290_VIS3mi.png
9,0,"[0.0113, 0.0151, 0.0221, 0.0398, 0.0791, 0.0900, 0.1471, 0.1358, 0.0593, 0.4003]",0.4003466069698334,2024-12-23-15-38-40/SITE128_ORNT242_VIS1-5mi.png
8,8,"[0.0058, 0.0116, 0.0149, 0.0114, 0.0340, 0.0693, 0.0341, 0.0563, 0.5905, 0.1722]",0.5904949903488159,2024-06-29-15-18-41/SITE345_ORNT225_VIS9mi.png
3,3,"[0.0877, 0.1474, 0.1236, 0.2005, 0.1328, 0.1032, 0.0784, 0.0884, 0.0208, 0.0171]",0.20049437880516052,2025-03-04-14-20-15/SITE629_ORNT300_VIS4mi.png
9,9,"[0.0175, 0.0173, 0.0612, 0.0379, 0.0632, 0.1269, 0.1748, 0.1393, 0.0505, 0.3112]",0.3111744821071625,2025-03-15-15-41-34/SITE563_ORNT135_VIS10+mi.png
8,5,"[0.0229, 0.0538, 0.0871, 0.0782, 0.1136, 0.1447, 0.0904, 0.1115, 0.2532, 0.0446]",0.25315558910369873,2025-04-16-13-54-24/SITE404_ORNT180_VIS6mi.png
3,7,"[0.0616, 0.1607, 0.1705, 0.2032, 0.1179, 0.0876, 0.0874, 0.0686, 0.0131, 0.0294]",0.20321360230445862,2024-07-14-16-38-50/SITE239_ORNT202_VIS8mi.png
1,3,"[0.1614, 0.2072, 0.1360, 0.1840, 0.1118, 0.0669, 0.0650, 0.0486, 0.0085, 0.0106]",0.20722128450870514,2024-06-06-17-01-51/SITE7_ORNT312_VIS4mi.png
0,1,"[0.3939, 0.2363, 0.1870, 0.0588, 0.0430, 0.0163, 0.0219, 0.0386, 0.0032, 0.0011]",0.3938811421394348,2025-02-04-15-47-48/SITE219_ORNT264_VIS2-5mi.png
5,6,"[0.0295, 0.0840, 0.1219, 0.1459, 0.1190, 0.1522, 0.1114, 0.1444, 0.0233, 0.0684]",0.15215571224689484,2025-03-31-15-41-11/SITE76_ORNT60_VIS7mi.png
3,7,"[0.0896, 0.1189, 0.1275, 0.2029, 0.1368, 0.0972, 0.0934, 0.0924, 0.0157, 0.0257]",0.20286346971988678,2025-03-23-13-51-54/SITE86_ORNT239_VIS8mi.png
9,4,"[0.0018, 0.0053, 0.0150, 0.0217, 0.0343, 0.0929, 0.1664, 0.2036, 0.0438, 0.4153]",0.41527947783470154,2024-07-29-17-46-25/SITE272_ORNT67_VIS5mi.png
5,9,"[0.0036, 0.0090, 0.0130, 0.0762, 0.1376, 0.2549, 0.2534, 0.1170, 0.0307, 0.1044]",0.25494053959846497,2025-02-04-15-47-48/SITE581_ORNT250_VIS10+mi.png
2,5,"[0.0536, 0.1106, 0.1447, 0.1364, 0.1192, 0.1388, 0.1008, 0.1288, 0.0286, 0.0384]",0.1447417289018631,2025-03-31-13-29-12/SITE76_ORNT60_VIS6mi.png
1,6,"[0.1224, 0.1633, 0.1361, 0.1539, 0.1177, 0.1074, 0.0733, 0.0802, 0.0251, 0.0207]",0.16334249079227448,2024-07-30-16-52-29/SITE73_ORNT65_VIS7mi.png
1,3,"[0.1379, 0.2329, 0.1416, 0.1859, 0.1021, 0.0701, 0.0550, 0.0542, 0.0093, 0.0110]",0.23289959132671356,2024-07-05-14-33-31/SITE439_ORNT265_VIS4mi.png
1,4,"[0.2102, 0.2658, 0.1302, 0.1714, 0.0911, 0.0488, 0.0426, 0.0315, 0.0051, 0.0034]",0.2658233046531677,2025-03-29-15-28-57/SITE178_ORNT40_VIS5mi.png
6,6,"[0.0324, 0.0199, 0.0765, 0.0573, 0.0589, 0.1160, 0.3521, 0.0963, 0.0265, 0.1640]",0.3521224558353424,2025-01-31-13-49-43/SITE760_ORNT310_VIS7mi.png
3,5,"[0.0727, 0.1007, 0.1270, 0.2013, 0.1324, 0.1033, 0.1175, 0.0955, 0.0144, 0.0351]",0.20128507912158966,2025-03-28-10-38-15/SITE658_ORNT305_VIS6mi.png
3,0,"[0.1095, 0.0815, 0.1158, 0.1375, 0.1335, 0.1135, 0.1021, 0.1282, 0.0269, 0.0515]",0.1375361979007721,2024-05-03-12-14-06/SITE41_ORNT170_VIS1-25mi.png
9,4,"[0.0145, 0.0267, 0.0459, 0.0513, 0.0678, 0.1299, 0.1414, 0.1014, 0.2051, 0.2160]",0.2159898728132248,2024-08-26-16-02-03/SITE405_ORNT250_VIS5mi.png
9,6,"[0.0080, 0.0119, 0.0429, 0.0475, 0.0628, 0.1025, 0.1493, 0.1699, 0.0437, 0.3615]",0.36148908734321594,2024-06-15-10-59-58/SITE45_ORNT5_VIS7mi.png
1,0,"[0.1920, 0.2358, 0.1300, 0.1623, 0.1041, 0.0675, 0.0426, 0.0467, 0.0116, 0.0073]",0.23581698536872864,2025-04-13-19-09-12/SITE439_ORNT90_VIS1-75mi.png
3,2,"[0.0587, 0.0928, 0.1069, 0.1483, 0.1284, 0.1232, 0.1195, 0.1326, 0.0565, 0.0332]",0.14826622605323792,2024-06-01-11-15-19/SITE161_ORNT141_VIS3mi.png
8,5,"[0.0373, 0.0449, 0.0922, 0.0419, 0.1052, 0.1893, 0.0561, 0.0979, 0.2699, 0.0653]",0.26990067958831787,2025-01-28-16-10-28/SITE377_ORNT200_VIS6mi.png
8,8,"[0.0078, 0.0156, 0.0425, 0.0170, 0.0607, 0.2141, 0.0289, 0.0427, 0.5569, 0.0137]",0.5569159984588623,2024-06-10-14-33-22/SITE377_ORNT110_VIS9mi.png
7,4,"[0.0497, 0.0613, 0.1120, 0.0950, 0.1059, 0.1413, 0.1133, 0.1714, 0.0442, 0.1059]",0.17138010263442993,2025-04-02-15-05-32/SITE178_ORNT40_VIS5mi.png
0,1,"[0.2439, 0.2277, 0.1265, 0.1644, 0.1039, 0.0480, 0.0443, 0.0307, 0.0055, 0.0051]",0.24388276040554047,2025-04-01-16-59-16/SITE421_ORNT240_VIS2mi.png
1,6,"[0.1839, 0.2240, 0.1295, 0.1666, 0.1045, 0.0752, 0.0474, 0.0486, 0.0145, 0.0059]",0.22401858866214752,2025-02-17-14-46-26/SITE807_ORNT25_VIS7mi.png
1,2,"[0.2782, 0.2832, 0.1179, 0.1457, 0.0839, 0.0350, 0.0311, 0.0193, 0.0036, 0.0020]",0.2832210958003998,2024-10-06-12-31-10/SITE117_ORNT43_VIS3mi.png
2,5,"[0.0471, 0.0951, 0.1917, 0.1224, 0.1377, 0.1898, 0.1121, 0.0641, 0.0361, 0.0039]",0.19167576730251312,2024-07-29-16-41-43/SITE623_ORNT180_VIS6mi.png
9,5,"[0.0208, 0.0434, 0.1001, 0.1097, 0.0870, 0.0860, 0.1076, 0.1447, 0.0574, 0.2431]",0.24307864904403687,2024-07-25-18-03-52/SITE24_ORNT30_VIS6mi.png
8,7,"[0.0191, 0.0371, 0.0667, 0.0599, 0.1140, 0.1542, 0.0531, 0.0977, 0.3869, 0.0114]",0.38685137033462524,2024-07-22-20-17-56/SITE533_ORNT120_VIS8mi.png
0,0,"[0.3036, 0.2062, 0.1098, 0.1443, 0.0773, 0.0486, 0.0505, 0.0411, 0.0122, 0.0063]",0.30363747477531433,2025-03-23-13-51-54/SITE9_ORNT200_VIS1mi.png
3,7,"[0.1167, 0.1256, 0.1275, 0.2061, 0.1388, 0.0836, 0.0867, 0.0775, 0.0138, 0.0237]",0.20607417821884155,2025-02-14-15-24-27/SITE245_ORNT227_VIS8mi.png
8,0,"[0.0658, 0.0815, 0.1008, 0.1014, 0.1353, 0.1692, 0.0509, 0.0953, 0.1885, 0.0113]",0.1885189563035965,2024-06-27-10-23-10/SITE533_ORNT325_VIS1-5mi.png
9,3,"[0.0026, 0.0038, 0.0104, 0.0135, 0.0313, 0.0389, 0.0970, 0.1581, 0.0432, 0.6012]",0.6012405753135681,2024-06-03-13-44-33/SITE21_ORNT225_VIS4mi.png
1,4,"[0.1436, 0.2704, 0.1482, 0.1882, 0.0965, 0.0552, 0.0515, 0.0359, 0.0050, 0.0054]",0.2704004645347595,2024-07-14-10-21-23/SITE186_ORNT275_VIS5mi.png
1,0,"[0.1622, 0.2422, 0.1550, 0.1598, 0.0934, 0.0708, 0.0492, 0.0501, 0.0085, 0.0087]",0.24222683906555176,2024-06-14-11-11-00/SITE205_ORNT230_VIS1mi.png
8,9,"[0.0050, 0.0082, 0.0159, 0.0153, 0.0373, 0.0721, 0.0396, 0.0719, 0.6109, 0.1239]",0.6108876466751099,2024-06-06-17-01-51/SITE463_ORNT340_VIS15mi.png
5,6,"[0.0021, 0.0050, 0.0115, 0.0733, 0.1124, 0.4232, 0.2653, 0.0398, 0.0190, 0.0483]",0.4231794774532318,2024-07-18-14-04-18/SITE22_ORNT0_VIS7mi.png
3,4,"[0.0479, 0.0853, 0.1270, 0.1682, 0.1296, 0.1253, 0.1115, 0.1220, 0.0276, 0.0556]",0.16823138296604156,2024-05-23-15-19-49/SITE13_ORNT10_VIS5mi.png
7,4,"[0.0149, 0.0330, 0.0360, 0.1413, 0.0820, 0.0962, 0.1411, 0.2447, 0.1441, 0.0665]",0.24473875761032104,2024-07-22-20-17-56/SITE19_ORNT60_VIS5mi.png
0,0,"[0.2448, 0.1953, 0.1288, 0.1431, 0.1083, 0.0641, 0.0588, 0.0375, 0.0105, 0.0089]",0.24479958415031433,2025-03-06-15-10-58/SITE896_ORNT210_VIS1mi.png
1,3,"[0.1602, 0.2045, 0.1312, 0.1662, 0.1137, 0.0866, 0.0548, 0.0575, 0.0179, 0.0074]",0.20446369051933289,2024-07-04-13-27-11/SITE420_ORNT275_VIS4mi.png
3,3,"[0.0701, 0.1213, 0.1016, 0.2226, 0.1479, 0.1102, 0.1070, 0.0900, 0.0174, 0.0118]",0.22258853912353516,2024-07-14-16-38-50/SITE194_ORNT145_VIS4mi.png
3,3,"[0.0961, 0.1554, 0.1025, 0.2153, 0.1412, 0.0971, 0.0871, 0.0745, 0.0161, 0.0146]",0.21526269614696503,2024-08-31-14-30-34/SITE194_ORNT145_VIS4mi.png
8,8,"[0.0044, 0.0076, 0.0093, 0.0069, 0.0269, 0.0477, 0.0197, 0.0336, 0.7510, 0.0930]",0.7509894967079163,2024-05-07-15-42-07/SITE401_ORNT350_VIS9mi.png
9,6,"[0.0123, 0.0480, 0.0290, 0.0626, 0.0238, 0.0215, 0.0409, 0.1973, 0.0198, 0.5451]",0.5450642704963684,2025-02-15-16-53-20/SITE115_ORNT36_VIS7mi.png
0,1,"[0.2497, 0.2330, 0.1331, 0.1537, 0.0812, 0.0486, 0.0492, 0.0405, 0.0077, 0.0032]",0.249712735414505,2024-09-20-16-20-08/SITE14_ORNT195_VIS2mi.png
8,9,"[0.0160, 0.0271, 0.0538, 0.0319, 0.0774, 0.1389, 0.0826, 0.1186, 0.3397, 0.1139]",0.3396756052970886,2024-08-10-09-44-28/SITE483_ORNT185_VIS20mi.png
6,4,"[0.0254, 0.0523, 0.0706, 0.1061, 0.1107, 0.1523, 0.2459, 0.1218, 0.0391, 0.0758]",0.2459339052438736,2024-08-26-16-02-03/SITE417_ORNT220_VIS5mi.png
3,6,"[0.0606, 0.0907, 0.1124, 0.1500, 0.1186, 0.1355, 0.1211, 0.0842, 0.0270, 0.0998]",0.15001191198825836,2024-08-02-13-37-25/SITE116_ORNT3_VIS7mi.png
5,1,"[0.0528, 0.1147, 0.1489, 0.0341, 0.0886, 0.1985, 0.0355, 0.0967, 0.1868, 0.0433]",0.19850508868694305,2025-01-15-15-33-17/SITE483_ORNT95_VIS2mi.png
9,9,"[0.0292, 0.0453, 0.1133, 0.0757, 0.0617, 0.0908, 0.0527, 0.1142, 0.0640, 0.3530]",0.3529963493347168,2025-01-28-16-10-28/SITE80_ORNT274_VIS10+mi.png
9,7,"[0.0050, 0.0117, 0.0161, 0.0487, 0.0559, 0.0651, 0.1200, 0.1555, 0.0654, 0.4565]",0.4565415680408478,2024-06-07-15-28-05/SITE18_ORNT210_VIS8mi.png
9,5,"[0.0175, 0.0215, 0.0417, 0.0479, 0.0806, 0.1096, 0.1257, 0.1836, 0.1079, 0.2639]",0.26394808292388916,2024-08-18-19-28-16/SITE203_ORNT335_VIS6mi.png
9,9,"[0.0104, 0.0046, 0.0192, 0.0166, 0.0341, 0.0334, 0.0235, 0.1131, 0.0396, 0.7057]",0.7057005763053894,2025-03-26-12-24-08/SITE82_ORNT302_VIS10+mi.png
9,9,"[0.0037, 0.0066, 0.0337, 0.0414, 0.0512, 0.0745, 0.1864, 0.1676, 0.0594, 0.3755]",0.3755236268043518,2024-10-19-10-55-55/SITE539_ORNT110_VIS10+mi.png
9,8,"[0.0009, 0.0038, 0.0090, 0.0544, 0.0732, 0.0813, 0.2006, 0.1173, 0.0772, 0.3825]",0.3825439214706421,2024-05-08-14-34-39/SITE310_ORNT284_VIS9mi.png
0,1,"[0.3247, 0.2402, 0.1081, 0.1418, 0.0758, 0.0356, 0.0389, 0.0263, 0.0058, 0.0028]",0.32472673058509827,2024-06-17-10-37-40/SITE564_ORNT18_VIS2-5mi.png
8,9,"[0.0122, 0.0211, 0.0456, 0.0241, 0.1039, 0.1066, 0.0499, 0.0567, 0.4971, 0.0827]",0.49708789587020874,2025-03-04-14-20-15/SITE494_ORNT270_VIS30mi.png
3,7,"[0.1046, 0.1814, 0.1379, 0.2164, 0.1251, 0.0851, 0.0725, 0.0546, 0.0104, 0.0120]",0.21638143062591553,2025-01-28-16-10-28/SITE117_ORNT165_VIS8mi.png
9,5,"[0.0107, 0.0134, 0.0532, 0.0360, 0.0652, 0.1560, 0.1684, 0.1528, 0.0273, 0.3172]",0.3171801269054413,2024-07-25-18-03-52/SITE557_ORNT191_VIS6mi.png
9,9,"[0.0036, 0.0045, 0.0168, 0.0174, 0.0356, 0.0629, 0.1935, 0.1407, 0.0696, 0.4554]",0.4553736448287964,2024-12-24-15-14-57/SITE581_ORNT160_VIS10+mi.png
1,2,"[0.1441, 0.2608, 0.1307, 0.2031, 0.1038, 0.0650, 0.0439, 0.0372, 0.0060, 0.0053]",0.2608463168144226,2024-05-27-19-19-47/SITE617_ORNT215_VIS3mi.png
3,2,"[0.1005, 0.1725, 0.0966, 0.1850, 0.1431, 0.0999, 0.0849, 0.0843, 0.0140, 0.0193]",0.1849878430366516,2025-02-11-14-30-47/SITE41_ORNT170_VIS3mi.png
3,4,"[0.1042, 0.1218, 0.1379, 0.1851, 0.1264, 0.0929, 0.0954, 0.0837, 0.0199, 0.0326]",0.18507221341133118,2025-04-07-16-10-10/SITE117_ORNT320_VIS5mi.png
9,9,"[0.0295, 0.0266, 0.0697, 0.0497, 0.0662, 0.0887, 0.0631, 0.1525, 0.1387, 0.3153]",0.31528761982917786,2024-07-23-10-10-08/SITE483_ORNT5_VIS20mi.png
5,4,"[0.0518, 0.0488, 0.0984, 0.0643, 0.0911, 0.2227, 0.1717, 0.1046, 0.0755, 0.0710]",0.22266395390033722,2025-04-16-13-54-24/SITE96_ORNT45_VIS5mi.png
0,0,"[0.4164, 0.1917, 0.0977, 0.1192, 0.0536, 0.0304, 0.0373, 0.0400, 0.0102, 0.0035]",0.41642943024635315,2025-03-31-15-41-11/SITE94_ORNT10_VIS1mi.png
6,2,"[0.0153, 0.0138, 0.0466, 0.0392, 0.0592, 0.1008, 0.2614, 0.1679, 0.0814, 0.2143]",0.2613660395145416,2025-02-12-14-37-35/SITE97_ORNT247_VIS3mi.png
0,0,"[0.2739, 0.2712, 0.1339, 0.1282, 0.0752, 0.0391, 0.0405, 0.0303, 0.0045, 0.0031]",0.27387669682502747,2025-03-31-13-29-12/SITE15_ORNT90_VIS1-25mi.png
8,8,"[0.0006, 0.0016, 0.0050, 0.0020, 0.0087, 0.0527, 0.0181, 0.0281, 0.7391, 0.1441]",0.7391204237937927,2024-08-02-20-27-22/SITE424_ORNT180_VIS9mi.png
9,9,"[0.0088, 0.0178, 0.0215, 0.0554, 0.0513, 0.0653, 0.1241, 0.1630, 0.0435, 0.4493]",0.4493366777896881,2025-01-26-15-53-06/SITE73_ORNT110_VIS10+mi.png
7,4,"[0.0311, 0.0624, 0.0997, 0.1485, 0.1297, 0.1107, 0.1390, 0.1656, 0.0303, 0.0831]",0.16558954119682312,2024-05-21-12-02-34/SITE219_ORNT160_VIS5mi.png
0,1,"[0.2264, 0.2026, 0.1270, 0.1369, 0.0990, 0.0707, 0.0551, 0.0541, 0.0195, 0.0086]",0.2264310121536255,2025-01-29-12-01-12/SITE607_ORNT90_VIS2mi.png
0,3,"[0.2029, 0.2020, 0.1367, 0.1562, 0.1088, 0.0669, 0.0601, 0.0459, 0.0113, 0.0092]",0.20290735363960266,2025-04-13-19-09-12/SITE7_ORNT312_VIS4mi.png
3,9,"[0.0311, 0.0362, 0.1569, 0.1753, 0.1180, 0.0850, 0.1184, 0.1587, 0.0106, 0.1097]",0.17532336711883545,2024-10-13-15-24-41/SITE722_ORNT15_VIS10+mi.png
1,1,"[0.2427, 0.2899, 0.1244, 0.1592, 0.0884, 0.0386, 0.0292, 0.0216, 0.0038, 0.0023]",0.28988975286483765,2025-04-11-14-52-32/SITE96_ORNT233_VIS2mi.png
9,5,"[0.0163, 0.0211, 0.0563, 0.0441, 0.0608, 0.0811, 0.1022, 0.1346, 0.0792, 0.4043]",0.4042525887489319,2025-02-17-14-46-26/SITE129_ORNT266_VIS6mi.png
8,8,"[0.0306, 0.0487, 0.1198, 0.0395, 0.1346, 0.1805, 0.0539, 0.1110, 0.2337, 0.0477]",0.23374690115451813,2025-03-31-15-41-11/SITE343_ORNT90_VIS9mi.png
3,7,"[0.0602, 0.0755, 0.1055, 0.1428, 0.1275, 0.1162, 0.1006, 0.1290, 0.0582, 0.0847]",0.14277172088623047,2025-04-02-15-05-32/SITE439_ORNT350_VIS8mi.png
3,1,"[0.0754, 0.1768, 0.1307, 0.2055, 0.1267, 0.1210, 0.0744, 0.0684, 0.0117, 0.0095]",0.2054738700389862,2024-09-07-11-42-21/SITE607_ORNT90_VIS2-5mi.png
9,9,"[0.0530, 0.0609, 0.1413, 0.0929, 0.0930, 0.1481, 0.1139, 0.1123, 0.0190, 0.1657]",0.16571463644504547,2025-03-05-12-08-53/SITE20_ORNT285_VIS10+mi.png
5,0,"[0.1244, 0.1507, 0.1396, 0.0827, 0.1315, 0.1628, 0.0375, 0.0703, 0.0937, 0.0069]",0.1628163903951645,2025-02-10-14-47-56/SITE467_ORNT135_VIS1-5mi.png
0,3,"[0.2815, 0.2206, 0.1136, 0.1643, 0.0809, 0.0441, 0.0470, 0.0355, 0.0081, 0.0044]",0.2815084457397461,2025-03-17-19-09-03/SITE725_ORNT180_VIS4mi.png
1,0,"[0.1705, 0.3160, 0.1420, 0.1752, 0.0819, 0.0455, 0.0384, 0.0247, 0.0032, 0.0025]",0.3160163462162018,2025-01-15-15-33-17/SITE186_ORNT275_VIS1-75mi.png
0,3,"[0.2750, 0.2715, 0.1173, 0.1415, 0.0848, 0.0403, 0.0305, 0.0293, 0.0068, 0.0029]",0.27501747012138367,2025-03-15-15-41-34/SITE5_ORNT155_VIS4mi.png
5,0,"[0.1102, 0.1118, 0.1454, 0.1206, 0.1050, 0.1497, 0.0871, 0.1087, 0.0331, 0.0284]",0.14969654381275177,2025-03-23-13-51-54/SITE116_ORNT3_VIS1-25mi.png
1,1,"[0.1655, 0.2249, 0.1239, 0.1814, 0.1135, 0.0722, 0.0528, 0.0471, 0.0133, 0.0056]",0.2248520404100418,2024-07-18-14-04-18/SITE73_ORNT335_VIS2mi.png
8,8,"[0.0090, 0.0222, 0.0314, 0.0126, 0.0434, 0.1641, 0.0371, 0.0787, 0.5663, 0.0352]",0.566330075263977,2024-05-23-15-19-49/SITE471_ORNT255_VIS9mi.png
3,0,"[0.0985, 0.1344, 0.1244, 0.2125, 0.1417, 0.0905, 0.0857, 0.0798, 0.0129, 0.0196]",0.21251973509788513,2025-02-17-14-46-26/SITE19_ORNT170_VIS1-75mi.png
1,1,"[0.1133, 0.2796, 0.1450, 0.1891, 0.0929, 0.0890, 0.0413, 0.0401, 0.0047, 0.0048]",0.2796175181865692,2024-09-02-17-43-28/SITE167_ORNT60_VIS2-5mi.png
4,8,"[0.0212, 0.0451, 0.1676, 0.0571, 0.2083, 0.1682, 0.0469, 0.0797, 0.1884, 0.0175]",0.20833124220371246,2025-02-14-15-24-27/SITE355_ORNT130_VIS9mi.png
8,8,"[0.0006, 0.0018, 0.0033, 0.0020, 0.0095, 0.0368, 0.0171, 0.0234, 0.8361, 0.0694]",0.8361430764198303,2024-06-16-19-09-40/SITE424_ORNT180_VIS9mi.png
9,4,"[0.0289, 0.0377, 0.0975, 0.0626, 0.0473, 0.0812, 0.0465, 0.1029, 0.0930, 0.4024]",0.40239158272743225,2025-03-26-14-35-40/SITE22_ORNT190_VIS5mi.png
8,8,"[0.0096, 0.0209, 0.0484, 0.0849, 0.0876, 0.1659, 0.1368, 0.1542, 0.2462, 0.0456]",0.24616782367229462,2024-05-09-16-15-37/SITE528_ORNT35_VIS9mi.png
1,2,"[0.2030, 0.2380, 0.1433, 0.1560, 0.0948, 0.0543, 0.0542, 0.0430, 0.0070, 0.0064]",0.23798850178718567,2024-05-08-14-34-39/SITE563_ORNT5_VIS3mi.png
9,9,"[0.0073, 0.0072, 0.0213, 0.0172, 0.0278, 0.0494, 0.0349, 0.1197, 0.1713, 0.5439]",0.5439206957817078,2025-03-02-13-12-40/SITE802_ORNT45_VIS10+mi.png
3,7,"[0.0840, 0.1284, 0.1222, 0.1996, 0.1369, 0.1052, 0.0798, 0.0906, 0.0250, 0.0282]",0.19961053133010864,2024-05-13-18-48-49/SITE7_ORNT135_VIS8mi.png
9,1,"[0.0042, 0.0029, 0.0100, 0.0130, 0.0311, 0.0376, 0.0606, 0.1112, 0.0496, 0.6797]",0.6796618700027466,2024-09-19-14-23-02/SITE575_ORNT85_VIS2-5mi.png
8,8,"[0.0008, 0.0037, 0.0033, 0.0111, 0.0122, 0.0240, 0.0468, 0.0708, 0.7376, 0.0897]",0.7376334071159363,2024-08-18-19-28-16/SITE323_ORNT315_VIS9mi.png
3,9,"[0.0548, 0.1052, 0.1090, 0.2134, 0.1432, 0.1134, 0.1034, 0.1158, 0.0249, 0.0170]",0.21340908110141754,2025-01-17-15-10-02/SITE721_ORNT0_VIS10+mi.png
1,5,"[0.1399, 0.2028, 0.1294, 0.1941, 0.1194, 0.0799, 0.0552, 0.0565, 0.0119, 0.0108]",0.2028426229953766,2024-12-20-15-16-09/SITE40_ORNT295_VIS6mi.png
1,5,"[0.1969, 0.2297, 0.1286, 0.1766, 0.1104, 0.0578, 0.0430, 0.0421, 0.0081, 0.0066]",0.2296820878982544,2024-07-04-10-22-12/SITE241_ORNT120_VIS6mi.png
0,7,"[0.1950, 0.0807, 0.1755, 0.1252, 0.0668, 0.0842, 0.0630, 0.1507, 0.0190, 0.0398]",0.19496355950832367,2025-02-15-15-20-00/SITE168_ORNT205_VIS8mi.png
9,7,"[0.0161, 0.0236, 0.0375, 0.0464, 0.0772, 0.1370, 0.1645, 0.1431, 0.0843, 0.2703]",0.2702621519565582,2024-10-06-12-31-10/SITE22_ORNT285_VIS8mi.png
0,5,"[0.1929, 0.1806, 0.1272, 0.1836, 0.1232, 0.0624, 0.0602, 0.0500, 0.0095, 0.0104]",0.19290752708911896,2024-08-19-10-27-18/SITE572_ORNT325_VIS6mi.png
5,3,"[0.0560, 0.0635, 0.1310, 0.1477, 0.1456, 0.2179, 0.1515, 0.0581, 0.0180, 0.0109]",0.21785658597946167,2024-06-17-10-37-40/SITE234_ORNT350_VIS4mi.png
6,9,"[0.0217, 0.0179, 0.0405, 0.0379, 0.0583, 0.1501, 0.2801, 0.1258, 0.0919, 0.1759]",0.28010666370391846,2025-04-11-14-52-32/SITE104_ORNT325_VIS10+mi.png
2,2,"[0.1225, 0.1497, 0.2099, 0.0818, 0.1478, 0.1144, 0.0359, 0.0746, 0.0569, 0.0064]",0.20991145074367523,2025-02-01-17-30-02/SITE339_ORNT90_VIS3mi.png
3,3,"[0.1295, 0.1210, 0.1117, 0.1441, 0.1034, 0.1108, 0.0862, 0.1106, 0.0558, 0.0267]",0.14411979913711548,2024-04-25-17-48-06/SITE36_ORNT350_VIS4mi.png
9,9,"[0.0096, 0.0115, 0.0415, 0.0515, 0.0629, 0.0721, 0.1257, 0.1421, 0.0350, 0.4481]",0.4481154680252075,2025-03-17-19-09-03/SITE683_ORNT240_VIS10+mi.png
1,4,"[0.1486, 0.1687, 0.1681, 0.0710, 0.1272, 0.1372, 0.0358, 0.0700, 0.0677, 0.0057]",0.16867581009864807,2025-02-15-15-20-00/SITE380_ORNT55_VIS5mi.png
0,0,"[0.3082, 0.2412, 0.1148, 0.1363, 0.0821, 0.0390, 0.0413, 0.0269, 0.0067, 0.0033]",0.3082423210144043,2024-08-15-16-44-48/SITE43_ORNT270_VIS1-25mi.png
0,0,"[0.2603, 0.2580, 0.1241, 0.1449, 0.0891, 0.0454, 0.0392, 0.0291, 0.0067, 0.0032]",0.2602802813053131,2024-12-23-15-38-40/SITE119_ORNT13_VIS1-5mi.png
1,3,"[0.0716, 0.3155, 0.1624, 0.1894, 0.0817, 0.0812, 0.0569, 0.0354, 0.0028, 0.0032]",0.31545424461364746,2024-05-27-19-19-47/SITE616_ORNT270_VIS4mi.png
0,2,"[0.2903, 0.2285, 0.1689, 0.0549, 0.0995, 0.0719, 0.0273, 0.0390, 0.0186, 0.0011]",0.29028791189193726,2025-02-11-14-30-47/SITE324_ORNT115_VIS3mi.png
4,2,"[0.0451, 0.0673, 0.0881, 0.1438, 0.1468, 0.1430, 0.1378, 0.1312, 0.0547, 0.0423]",0.14677610993385315,2024-06-17-10-37-40/SITE447_ORNT295_VIS3mi.png
5,5,"[0.0504, 0.0888, 0.1282, 0.1223, 0.1243, 0.1799, 0.1070, 0.0885, 0.0967, 0.0138]",0.17988428473472595,2024-07-20-11-08-20/SITE332_ORNT155_VIS6mi.png
3,5,"[0.0973, 0.1036, 0.1441, 0.1477, 0.1235, 0.1138, 0.0992, 0.1051, 0.0201, 0.0456]",0.1476687490940094,2024-10-14-13-08-27/SITE7_ORNT312_VIS6mi.png
8,6,"[0.0066, 0.0098, 0.0342, 0.0109, 0.0536, 0.1312, 0.0656, 0.0732, 0.4049, 0.2099]",0.4048885703086853,2025-02-01-17-30-02/SITE283_ORNT260_VIS7mi.png
8,9,"[0.0197, 0.0235, 0.0558, 0.0321, 0.0669, 0.1415, 0.0922, 0.1078, 0.2657, 0.1949]",0.2656910717487335,2025-03-18-13-52-55/SITE426_ORNT310_VIS25mi.png
1,2,"[0.2232, 0.2558, 0.1316, 0.1589, 0.0955, 0.0508, 0.0428, 0.0318, 0.0057, 0.0039]",0.25578874349594116,2024-08-31-14-30-34/SITE25_ORNT30_VIS3mi.png
0,5,"[0.2196, 0.2103, 0.1306, 0.1510, 0.1134, 0.0614, 0.0529, 0.0415, 0.0094, 0.0099]",0.21961799263954163,2024-09-12-12-03-32/SITE639_ORNT100_VIS6mi.png
8,8,"[0.0043, 0.0092, 0.0154, 0.0126, 0.0383, 0.1004, 0.1014, 0.0697, 0.4846, 0.1640]",0.48462775349617004,2024-07-04-13-27-11/SITE528_ORNT235_VIS9mi.png
0,1,"[0.3011, 0.2241, 0.1167, 0.1358, 0.0909, 0.0441, 0.0448, 0.0299, 0.0079, 0.0049]",0.3010734021663666,2024-07-28-11-17-19/SITE117_ORNT320_VIS2mi.png
6,7,"[0.0235, 0.0253, 0.0456, 0.0615, 0.0866, 0.1569, 0.2104, 0.1518, 0.0716, 0.1666]",0.21042820811271667,2024-08-02-10-36-13/SITE507_ORNT90_VIS8mi.png
1,6,"[0.0791, 0.2226, 0.1325, 0.1975, 0.1149, 0.0892, 0.0799, 0.0571, 0.0065, 0.0207]",0.22264903783798218,2024-07-25-18-03-52/SITE245_ORNT132_VIS7mi.png
9,9,"[0.0101, 0.0130, 0.0568, 0.0315, 0.0441, 0.0905, 0.1040, 0.1442, 0.1311, 0.3746]",0.37460798025131226,2024-12-23-15-38-40/SITE547_ORNT170_VIS10+mi.png
6,4,"[0.0100, 0.0183, 0.0253, 0.0960, 0.1162, 0.2002, 0.2552, 0.1312, 0.0367, 0.1109]",0.2551555633544922,2024-07-18-11-32-15/SITE19_ORNT325_VIS5mi.png
9,1,"[0.0474, 0.0653, 0.1236, 0.0994, 0.1006, 0.1599, 0.1141, 0.1016, 0.0191, 0.1690]",0.1690065860748291,2025-03-28-10-38-15/SITE33_ORNT215_VIS2-5mi.png
3,7,"[0.0864, 0.2056, 0.1339, 0.2122, 0.1214, 0.1039, 0.0626, 0.0558, 0.0097, 0.0084]",0.21223175525665283,2025-02-14-15-24-27/SITE65_ORNT64_VIS8mi.png
3,4,"[0.0877, 0.1216, 0.1206, 0.1576, 0.1276, 0.1269, 0.0889, 0.1023, 0.0450, 0.0217]",0.15758493542671204,2024-06-03-13-44-33/SITE25_ORNT30_VIS5mi.png
4,3,"[0.0345, 0.0945, 0.1691, 0.0919, 0.1867, 0.1139, 0.0712, 0.0969, 0.1028, 0.0384]",0.1866549551486969,2024-05-11-17-39-19/SITE330_ORNT20_VIS4mi.png
7,9,"[0.0320, 0.0576, 0.0597, 0.1307, 0.1340, 0.1383, 0.1332, 0.1649, 0.0905, 0.0590]",0.16489525139331818,2024-12-10-14-08-09/SITE19_ORNT325_VIS10+mi.png
2,6,"[0.0373, 0.1707, 0.1868, 0.1614, 0.1290, 0.1240, 0.0823, 0.0873, 0.0078, 0.0135]",0.18678279221057892,2024-08-18-19-28-16/SITE45_ORNT130_VIS7mi.png
0,2,"[0.2253, 0.2202, 0.1379, 0.1560, 0.1045, 0.0565, 0.0508, 0.0343, 0.0074, 0.0071]",0.22532959282398224,2024-06-13-13-46-47/SITE115_ORNT287_VIS3mi.png
0,0,"[0.2059, 0.2000, 0.1294, 0.1672, 0.1035, 0.0626, 0.0621, 0.0479, 0.0117, 0.0097]",0.20591428875923157,2025-01-31-13-49-43/SITE658_ORNT260_VIS1mi.png
5,5,"[0.1085, 0.1693, 0.1526, 0.0851, 0.0946, 0.1890, 0.0418, 0.0765, 0.0688, 0.0139]",0.18897061049938202,2024-07-05-10-36-13/SITE468_ORNT170_VIS6mi.png
1,3,"[0.1520, 0.1871, 0.1336, 0.1683, 0.1175, 0.0882, 0.0667, 0.0587, 0.0149, 0.0131]",0.18705198168754578,2024-07-14-13-28-24/SITE58_ORNT90_VIS4mi.png
3,2,"[0.0854, 0.1730, 0.1212, 0.2227, 0.1373, 0.0953, 0.0724, 0.0670, 0.0101, 0.0157]",0.22267918288707733,2024-06-20-11-19-17/SITE84_ORNT336_VIS3mi.png
1,1,"[0.1520, 0.2339, 0.1454, 0.1646, 0.0997, 0.0790, 0.0521, 0.0521, 0.0110, 0.0101]",0.23390357196331024,2024-06-20-11-19-17/SITE50_ORNT149_VIS2-5mi.png
9,9,"[0.0065, 0.0054, 0.0331, 0.0190, 0.0297, 0.0589, 0.0755, 0.1118, 0.0839, 0.5762]",0.5762155055999756,2025-04-02-15-05-32/SITE573_ORNT345_VIS10+mi.png
3,5,"[0.0684, 0.1272, 0.1268, 0.1813, 0.1345, 0.1331, 0.0943, 0.0914, 0.0284, 0.0146]",0.18133340775966644,2024-10-14-13-08-27/SITE426_ORNT250_VIS6mi.png
7,6,"[0.0720, 0.0926, 0.1249, 0.1067, 0.1166, 0.1401, 0.1037, 0.1491, 0.0299, 0.0646]",0.14908728003501892,2024-06-09-10-51-06/SITE253_ORNT65_VIS7mi.png
1,3,"[0.2388, 0.2665, 0.1252, 0.1471, 0.0903, 0.0522, 0.0387, 0.0302, 0.0077, 0.0034]",0.2664646506309509,2024-07-05-14-33-31/SITE129_ORNT266_VIS4mi.png
7,5,"[0.0340, 0.0616, 0.1020, 0.1675, 0.1274, 0.1243, 0.1335, 0.1676, 0.0396, 0.0423]",0.16762425005435944,2024-07-28-11-17-19/SITE12_ORNT270_VIS6mi.png
9,9,"[0.0165, 0.0492, 0.0844, 0.1221, 0.0911, 0.0929, 0.1231, 0.1625, 0.0433, 0.2148]",0.21482744812965393,2025-03-04-14-20-15/SITE230_ORNT214_VIS10+mi.png
8,8,"[0.0109, 0.0281, 0.0357, 0.0347, 0.0819, 0.1160, 0.0607, 0.1023, 0.4434, 0.0861]",0.4434441924095154,2024-07-07-11-04-33/SITE471_ORNT90_VIS9mi.png
8,8,"[0.0114, 0.0162, 0.0334, 0.0167, 0.0696, 0.1033, 0.0452, 0.0509, 0.5393, 0.1141]",0.5392675995826721,2025-02-11-14-30-47/SITE355_ORNT130_VIS9mi.png
1,3,"[0.1989, 0.2481, 0.1302, 0.1656, 0.1001, 0.0623, 0.0413, 0.0387, 0.0096, 0.0051]",0.24809277057647705,2025-04-01-16-59-16/SITE26_ORNT180_VIS4mi.png
1,5,"[0.1684, 0.2033, 0.1429, 0.1573, 0.1061, 0.0813, 0.0669, 0.0530, 0.0116, 0.0092]",0.20328420400619507,2024-11-19-11-24-38/SITE542_ORNT80_VIS6mi.png
9,9,"[0.0032, 0.0034, 0.0225, 0.0184, 0.0285, 0.0664, 0.1989, 0.1067, 0.1470, 0.4050]",0.40498632192611694,2025-02-11-14-30-47/SITE583_ORNT40_VIS10+mi.png
1,1,"[0.1574, 0.2389, 0.1118, 0.1841, 0.1234, 0.0700, 0.0507, 0.0468, 0.0116, 0.0054]",0.23885348439216614,2024-06-09-10-51-06/SITE581_ORNT350_VIS2-5mi.png
9,9,"[0.0067, 0.0126, 0.0217, 0.0315, 0.0746, 0.1247, 0.1867, 0.1677, 0.0520, 0.3218]",0.32178744673728943,2025-03-23-13-51-54/SITE442_ORNT210_VIS10+mi.png
9,3,"[0.0152, 0.0158, 0.0421, 0.0400, 0.0601, 0.1630, 0.2314, 0.1317, 0.0623, 0.2384]",0.2383805513381958,2025-03-03-11-33-30/SITE13_ORNT85_VIS4mi.png
2,2,"[0.1188, 0.0951, 0.3020, 0.0408, 0.0799, 0.1993, 0.0847, 0.0580, 0.0151, 0.0062]",0.30200520157814026,2025-04-14-19-44-02/SITE13_ORNT85_VIS3mi.png
1,3,"[0.1681, 0.2894, 0.1426, 0.1872, 0.0896, 0.0499, 0.0383, 0.0285, 0.0031, 0.0032]",0.2894394099712372,2024-08-18-13-20-24/SITE438_ORNT208_VIS4mi.png
1,1,"[0.1597, 0.2176, 0.1596, 0.1192, 0.0983, 0.0812, 0.0542, 0.0770, 0.0135, 0.0196]",0.21764491498470306,2025-01-28-16-10-28/SITE229_ORNT202_VIS2mi.png
9,9,"[0.0272, 0.0305, 0.1128, 0.0778, 0.0845, 0.1195, 0.1200, 0.1172, 0.0228, 0.2878]",0.2877638638019562,2025-01-31-13-49-43/SITE259_ORNT314_VIS10+mi.png
3,3,"[0.0287, 0.1882, 0.2312, 0.2714, 0.1576, 0.0281, 0.0610, 0.0271, 0.0003, 0.0062]",0.2714451849460602,2024-06-06-17-01-51/SITE622_ORNT230_VIS4mi.png
1,2,"[0.2138, 0.2645, 0.1290, 0.1614, 0.0938, 0.0564, 0.0381, 0.0321, 0.0071, 0.0038]",0.26453158259391785,2024-06-17-19-22-23/SITE563_ORNT135_VIS3mi.png
0,0,"[0.2838, 0.2230, 0.1943, 0.0931, 0.0722, 0.0409, 0.0380, 0.0459, 0.0069, 0.0019]",0.28378525376319885,2024-05-08-14-34-39/SITE205_ORNT305_VIS1mi.png
1,2,"[0.1712, 0.2363, 0.1345, 0.1889, 0.1064, 0.0639, 0.0502, 0.0367, 0.0065, 0.0055]",0.23633433878421783,2024-05-09-16-15-37/SITE117_ORNT165_VIS3mi.png
8,0,"[0.0137, 0.0179, 0.0470, 0.0174, 0.0901, 0.1090, 0.0465, 0.0605, 0.4842, 0.1138]",0.4842347502708435,2025-02-27-11-22-46/SITE455_ORNT0_VIS1-25mi.png
1,1,"[0.1332, 0.2420, 0.1350, 0.1914, 0.1057, 0.0832, 0.0485, 0.0460, 0.0092, 0.0059]",0.24196036159992218,2024-07-25-18-03-52/SITE53_ORNT15_VIS2mi.png
3,7,"[0.0668, 0.1372, 0.1355, 0.2153, 0.1312, 0.1056, 0.0922, 0.0789, 0.0134, 0.0241]",0.21529774367809296,2024-06-17-10-37-40/SITE683_ORNT180_VIS8mi.png
9,5,"[0.0114, 0.0225, 0.0797, 0.0619, 0.0894, 0.1036, 0.1534, 0.1410, 0.0239, 0.3134]",0.31335321068763733,2025-01-31-13-49-43/SITE557_ORNT191_VIS6mi.png
1,2,"[0.1242, 0.1756, 0.1260, 0.1731, 0.1225, 0.0987, 0.0698, 0.0716, 0.0225, 0.0160]",0.1756378561258316,2024-07-29-16-41-43/SITE229_ORNT18_VIS3mi.png
1,6,"[0.1969, 0.2917, 0.1352, 0.1778, 0.0895, 0.0455, 0.0319, 0.0244, 0.0038, 0.0033]",0.2916722595691681,2025-01-22-12-38-15/SITE802_ORNT150_VIS7mi.png
9,2,"[0.0141, 0.0265, 0.0335, 0.0550, 0.0840, 0.1168, 0.1768, 0.1895, 0.0741, 0.2299]",0.22988392412662506,2025-01-15-15-33-17/SITE41_ORNT235_VIS3mi.png
1,0,"[0.2064, 0.2308, 0.1329, 0.1824, 0.1046, 0.0512, 0.0477, 0.0332, 0.0051, 0.0055]",0.23082517087459564,2024-07-28-11-17-19/SITE13_ORNT240_VIS1-25mi.png
8,8,"[0.0031, 0.0040, 0.0047, 0.0043, 0.0080, 0.0272, 0.0104, 0.0247, 0.7070, 0.2066]",0.7069896459579468,2024-07-05-10-36-13/SITE366_ORNT200_VIS9mi.png
3,0,"[0.0979, 0.1253, 0.1389, 0.1944, 0.1298, 0.1006, 0.0895, 0.0881, 0.0156, 0.0199]",0.19436457753181458,2025-04-01-16-59-16/SITE97_ORNT200_VIS1-25mi.png
0,9,"[0.1609, 0.1409, 0.1128, 0.1561, 0.1017, 0.0938, 0.0802, 0.0986, 0.0376, 0.0172]",0.16090607643127441,2025-02-15-16-53-20/SITE129_ORNT356_VIS10+mi.png
9,9,"[0.0055, 0.0065, 0.0265, 0.0257, 0.0461, 0.0717, 0.1798, 0.1498, 0.0813, 0.4072]",0.40717756748199463,2025-04-02-15-05-32/SITE575_ORNT85_VIS10+mi.png
1,5,"[0.2190, 0.2757, 0.1271, 0.1772, 0.0903, 0.0425, 0.0393, 0.0227, 0.0034, 0.0028]",0.2756696045398712,2024-05-22-13-05-54/SITE13_ORNT240_VIS6mi.png
5,8,"[0.0570, 0.0829, 0.1175, 0.0549, 0.0763, 0.2319, 0.1320, 0.1266, 0.0906, 0.0303]",0.23194681107997894,2024-07-28-11-17-19/SITE424_ORNT0_VIS9mi.png
0,9,"[0.1462, 0.1197, 0.1440, 0.0985, 0.0929, 0.1299, 0.1373, 0.0868, 0.0207, 0.0240]",0.14622992277145386,2025-02-01-17-30-02/SITE128_ORNT135_VIS10+mi.png
8,4,"[0.0214, 0.0274, 0.0611, 0.0247, 0.1163, 0.1153, 0.0427, 0.0623, 0.4733, 0.0555]",0.47332653403282166,2025-01-29-12-01-12/SITE397_ORNT270_VIS5mi.png
1,8,"[0.2892, 0.2912, 0.1726, 0.0894, 0.0606, 0.0325, 0.0259, 0.0332, 0.0032, 0.0023]",0.2911635637283325,2024-05-08-14-34-39/SITE239_ORNT110_VIS9mi.png
6,9,"[0.0171, 0.0361, 0.0752, 0.0531, 0.1262, 0.1864, 0.1920, 0.1507, 0.0744, 0.0888]",0.19200651347637177,2025-02-15-15-20-00/SITE557_ORNT191_VIS10+mi.png
7,3,"[0.0108, 0.0370, 0.0730, 0.0579, 0.0867, 0.1844, 0.1925, 0.2049, 0.0907, 0.0620]",0.2049141824245453,2024-08-18-13-20-24/SITE241_ORNT34_VIS4mi.png
5,1,"[0.0172, 0.0483, 0.0850, 0.1393, 0.1230, 0.1775, 0.1433, 0.1461, 0.0644, 0.0558]",0.17750127613544464,2025-01-23-15-05-27/SITE98_ORNT80_VIS2mi.png
0,0,"[0.2671, 0.2046, 0.1174, 0.1464, 0.0838, 0.0549, 0.0560, 0.0475, 0.0145, 0.0078]",0.2671106457710266,2025-04-16-13-54-24/SITE9_ORNT200_VIS1-75mi.png
5,2,"[0.0955, 0.1024, 0.1257, 0.0986, 0.1196, 0.1629, 0.0660, 0.0988, 0.1052, 0.0253]",0.162918820977211,2024-12-27-14-55-32/SITE483_ORNT5_VIS3mi.png
0,3,"[0.2263, 0.2085, 0.1721, 0.0596, 0.1106, 0.1033, 0.0312, 0.0529, 0.0331, 0.0023]",0.22629816830158234,2024-12-16-12-39-30/SITE343_ORNT360_VIS4mi.png
1,4,"[0.1515, 0.2110, 0.1266, 0.1781, 0.1288, 0.0878, 0.0573, 0.0433, 0.0114, 0.0044]",0.21100543439388275,2024-06-27-10-23-10/SITE41_ORNT335_VIS5mi.png
5,9,"[0.1105, 0.1700, 0.1464, 0.0767, 0.1017, 0.1704, 0.0450, 0.0821, 0.0795, 0.0176]",0.1704058051109314,2024-10-18-12-30-03/SITE540_ORNT256_VIS10+mi.png
8,1,"[0.0085, 0.0155, 0.0198, 0.0114, 0.0472, 0.0725, 0.0267, 0.0487, 0.6310, 0.1187]",0.630970299243927,2025-02-17-14-46-26/SITE355_ORNT70_VIS2-25mi.png
1,0,"[0.2313, 0.2465, 0.1273, 0.1497, 0.0961, 0.0553, 0.0460, 0.0339, 0.0091, 0.0047]",0.24652431905269623,2025-03-01-18-07-41/SITE49_ORNT15_VIS1-75mi.png
0,3,"[0.2681, 0.2288, 0.1710, 0.0544, 0.1023, 0.0823, 0.0269, 0.0419, 0.0230, 0.0013]",0.2681038975715637,2025-03-05-12-08-53/SITE386_ORNT290_VIS4mi.png
1,5,"[0.1993, 0.2218, 0.1623, 0.0940, 0.0860, 0.0976, 0.0380, 0.0622, 0.0335, 0.0054]",0.22175489366054535,2025-02-15-15-20-00/SITE397_ORNT145_VIS6mi.png
3,6,"[0.0446, 0.0857, 0.1058, 0.1582, 0.1259, 0.1114, 0.1238, 0.1539, 0.0404, 0.0502]",0.15822350978851318,2024-06-01-11-15-19/SITE98_ORNT135_VIS7mi.png
5,4,"[0.0443, 0.0555, 0.0895, 0.0979, 0.1064, 0.1378, 0.1186, 0.1377, 0.1102, 0.1022]",0.13778428733348846,2024-08-18-19-28-16/SITE42_ORNT330_VIS5mi.png
5,6,"[0.0135, 0.0421, 0.0627, 0.0635, 0.1513, 0.2294, 0.1623, 0.1219, 0.0666, 0.0867]",0.22944752871990204,2024-08-19-10-27-18/SITE606_ORNT180_VIS7mi.png
9,0,"[0.0877, 0.0734, 0.0591, 0.0927, 0.0989, 0.1076, 0.0891, 0.1480, 0.0922, 0.1514]",0.15135906636714935,2025-03-06-15-10-58/SITE171_ORNT23_VIS1mi.png
8,5,"[0.0494, 0.0381, 0.0954, 0.0448, 0.0658, 0.1014, 0.0457, 0.1008, 0.2391, 0.2196]",0.23909398913383484,2025-03-31-15-41-11/SITE205_ORNT305_VIS6mi.png
8,8,"[0.0044, 0.0096, 0.0109, 0.0137, 0.0374, 0.0578, 0.0353, 0.0542, 0.6513, 0.1254]",0.6512718200683594,2024-06-28-13-30-05/SITE386_ORNT130_VIS9mi.png
8,8,"[0.0022, 0.0058, 0.0089, 0.0092, 0.0198, 0.0528, 0.0246, 0.0473, 0.7245, 0.1051]",0.724457859992981,2024-06-06-10-38-22/SITE477_ORNT340_VIS9mi.png
8,6,"[0.0003, 0.0025, 0.0022, 0.0098, 0.0076, 0.0081, 0.0396, 0.0485, 0.8424, 0.0389]",0.8424449563026428,2024-07-01-19-28-49/SITE19_ORNT170_VIS7mi.png
5,2,"[0.0847, 0.1040, 0.1258, 0.1001, 0.1200, 0.1555, 0.0801, 0.1010, 0.0995, 0.0292]",0.15545068681240082,2024-07-20-11-08-20/SITE528_ORNT235_VIS3mi.png
3,3,"[0.0755, 0.1206, 0.1093, 0.1538, 0.1386, 0.1291, 0.0978, 0.1065, 0.0287, 0.0402]",0.15379416942596436,2025-01-26-15-53-06/SITE7_ORNT55_VIS4mi.png
1,6,"[0.1257, 0.2160, 0.0987, 0.2108, 0.1453, 0.0836, 0.0596, 0.0447, 0.0086, 0.0070]",0.2160453498363495,2025-03-15-15-41-34/SITE735_ORNT265_VIS7mi.png
2,5,"[0.0977, 0.0912, 0.2528, 0.0547, 0.0916, 0.2219, 0.0831, 0.0596, 0.0411, 0.0064]",0.2528166174888611,2024-08-10-09-44-28/SITE747_ORNT0_VIS6mi.png
7,4,"[0.0313, 0.0432, 0.0451, 0.1110, 0.1736, 0.1458, 0.1053, 0.2332, 0.0201, 0.0915]",0.23316450417041779,2024-08-15-16-44-48/SITE624_ORNT145_VIS5mi.png
1,2,"[0.2046, 0.2062, 0.1355, 0.1695, 0.1088, 0.0610, 0.0573, 0.0407, 0.0085, 0.0079]",0.2061559408903122,2024-08-30-17-21-54/SITE117_ORNT320_VIS3mi.png
8,8,"[0.0318, 0.0725, 0.1105, 0.0664, 0.1477, 0.1305, 0.0766, 0.1045, 0.1913, 0.0682]",0.19134734570980072,2024-07-23-10-10-08/SITE328_ORNT180_VIS9mi.png
9,8,"[0.0123, 0.0240, 0.0350, 0.0626, 0.0592, 0.0588, 0.0782, 0.1987, 0.0374, 0.4338]",0.43375903367996216,2024-07-22-11-13-59/SITE385_ORNT300_VIS9mi.png
9,7,"[0.0049, 0.0085, 0.0294, 0.0215, 0.0429, 0.0836, 0.1103, 0.1394, 0.1224, 0.4371]",0.43713799118995667,2024-07-24-16-43-44/SITE241_ORNT214_VIS8mi.png
3,6,"[0.0562, 0.0875, 0.1031, 0.1748, 0.1400, 0.1045, 0.1103, 0.1263, 0.0307, 0.0665]",0.1748163402080536,2024-08-31-14-30-34/SITE272_ORNT325_VIS7mi.png
3,7,"[0.0820, 0.1863, 0.1201, 0.1928, 0.1327, 0.1043, 0.0802, 0.0766, 0.0173, 0.0077]",0.19279265403747559,2024-05-23-15-19-49/SITE15_ORNT265_VIS8mi.png
0,1,"[0.3124, 0.2233, 0.1163, 0.1383, 0.0726, 0.0392, 0.0453, 0.0402, 0.0080, 0.0045]",0.31243249773979187,2024-08-19-19-34-52/SITE253_ORNT280_VIS2mi.png
9,9,"[0.0422, 0.0534, 0.1543, 0.0922, 0.0630, 0.1409, 0.0718, 0.1058, 0.0281, 0.2484]",0.2483961135149002,2025-03-02-11-48-27/SITE684_ORNT267_VIS10+mi.png
8,6,"[0.0672, 0.0856, 0.1023, 0.0810, 0.1041, 0.1546, 0.0590, 0.1145, 0.1841, 0.0475]",0.1840653419494629,2024-08-16-20-03-50/SITE358_ORNT290_VIS7mi.png
1,1,"[0.1706, 0.2703, 0.1147, 0.2033, 0.1013, 0.0588, 0.0381, 0.0331, 0.0067, 0.0032]",0.2702750861644745,2024-07-28-13-48-26/SITE244_ORNT50_VIS2mi.png
3,2,"[0.0606, 0.0991, 0.1146, 0.2002, 0.1365, 0.1009, 0.1110, 0.1240, 0.0237, 0.0292]",0.20024605095386505,2024-12-17-16-15-56/SITE442_ORNT300_VIS3mi.png
1,5,"[0.1716, 0.1768, 0.1344, 0.1289, 0.1105, 0.0974, 0.0639, 0.0681, 0.0329, 0.0154]",0.17680758237838745,2025-02-14-15-24-27/SITE821_ORNT225_VIS6mi.png
5,4,"[0.0968, 0.1102, 0.1370, 0.0702, 0.1372, 0.1667, 0.0451, 0.0829, 0.1402, 0.0137]",0.16665729880332947,2025-02-14-15-24-27/SITE377_ORNT0_VIS5mi.png
7,6,"[0.0193, 0.0525, 0.0817, 0.1234, 0.1086, 0.1409, 0.1628, 0.1631, 0.0709, 0.0769]",0.16309836506843567,2025-02-17-14-46-26/SITE40_ORNT295_VIS7mi.png
3,2,"[0.1188, 0.1984, 0.1109, 0.2049, 0.1267, 0.0952, 0.0629, 0.0585, 0.0138, 0.0097]",0.2049470692873001,2024-07-14-10-21-23/SITE106_ORNT280_VIS3mi.png
1,2,"[0.1193, 0.2910, 0.1349, 0.2186, 0.0916, 0.0612, 0.0444, 0.0320, 0.0037, 0.0033]",0.29102131724357605,2024-07-14-13-28-24/SITE7_ORNT221_VIS3mi.png
1,6,"[0.1332, 0.2112, 0.1228, 0.1996, 0.1217, 0.0800, 0.0590, 0.0522, 0.0112, 0.0091]",0.2112061083316803,2024-06-03-13-44-33/SITE58_ORNT175_VIS7mi.png
0,5,"[0.2741, 0.2183, 0.1144, 0.1485, 0.0856, 0.0489, 0.0531, 0.0403, 0.0109, 0.0060]",0.2740943431854248,2025-02-15-16-53-20/SITE40_ORNT120_VIS6mi.png
8,6,"[0.0524, 0.0622, 0.1004, 0.0641, 0.1335, 0.1838, 0.0450, 0.0855, 0.2526, 0.0205]",0.25259503722190857,2025-01-15-15-33-17/SITE358_ORNT120_VIS7mi.png
8,8,"[0.0023, 0.0045, 0.0042, 0.0051, 0.0147, 0.0389, 0.0228, 0.0345, 0.6624, 0.2106]",0.6624147295951843,2024-10-07-12-00-07/SITE508_ORNT315_VIS9mi.png
6,7,"[0.0485, 0.0972, 0.0975, 0.1168, 0.1143, 0.1416, 0.2277, 0.1021, 0.0162, 0.0382]",0.2276555299758911,2025-03-20-11-55-50/SITE8_ORNT123_VIS8mi.png
8,4,"[0.0141, 0.0176, 0.0480, 0.0347, 0.0715, 0.1327, 0.1218, 0.1124, 0.2458, 0.2014]",0.24580667912960052,2024-08-15-16-44-48/SITE522_ORNT0_VIS5mi.png
6,7,"[0.0107, 0.0344, 0.0443, 0.1395, 0.1241, 0.1317, 0.2051, 0.1869, 0.0789, 0.0445]",0.20512661337852478,2024-07-18-11-32-15/SITE411_ORNT220_VIS8mi.png
1,1,"[0.1822, 0.2800, 0.1315, 0.1798, 0.0937, 0.0537, 0.0406, 0.0291, 0.0052, 0.0042]",0.2799927294254303,2024-08-31-14-30-34/SITE179_ORNT36_VIS2mi.png
5,4,"[0.1078, 0.1438, 0.1431, 0.0670, 0.1065, 0.1666, 0.0330, 0.0821, 0.1367, 0.0132]",0.16660724580287933,2025-01-17-15-10-02/SITE521_ORNT60_VIS5mi.png
0,0,"[0.3400, 0.2503, 0.1092, 0.1273, 0.0807, 0.0327, 0.0328, 0.0199, 0.0045, 0.0027]",0.34004905819892883,2025-02-01-17-30-02/SITE75_ORNT170_VIS1mi.png
6,9,"[0.0374, 0.0226, 0.0820, 0.0600, 0.0714, 0.1520, 0.2364, 0.1427, 0.0199, 0.1758]",0.2363751232624054,2025-05-16-12-18-46/SITE59_ORNT10_VIS10+mi.png
5,2,"[0.0739, 0.1006, 0.1403, 0.0204, 0.1305, 0.1891, 0.0511, 0.0902, 0.1754, 0.0284]",0.18912455439567566,2024-12-03-11-18-04/SITE508_ORNT135_VIS3mi.png
0,0,"[0.3407, 0.2253, 0.1095, 0.1207, 0.0791, 0.0405, 0.0414, 0.0294, 0.0096, 0.0038]",0.34072595834732056,2024-06-14-11-11-00/SITE209_ORNT150_VIS1-25mi.png
3,1,"[0.1060, 0.2021, 0.1265, 0.2093, 0.1175, 0.1071, 0.0600, 0.0521, 0.0117, 0.0078]",0.20929698646068573,2024-05-31-11-53-14/SITE203_ORNT155_VIS2-5mi.png
9,9,"[0.0245, 0.0232, 0.0464, 0.0614, 0.0861, 0.1234, 0.1938, 0.1575, 0.0440, 0.2397]",0.23973160982131958,2024-10-14-13-08-27/SITE593_ORNT160_VIS10+mi.png
3,4,"[0.0899, 0.1414, 0.0997, 0.1828, 0.1485, 0.1002, 0.0936, 0.0995, 0.0263, 0.0180]",0.18280017375946045,2024-07-14-13-28-24/SITE19_ORNT60_VIS5mi.png
0,2,"[0.2334, 0.2108, 0.1744, 0.0572, 0.1116, 0.1006, 0.0286, 0.0485, 0.0330, 0.0018]",0.23335930705070496,2025-02-17-14-46-26/SITE386_ORNT290_VIS3mi.png
6,1,"[0.0454, 0.0553, 0.0855, 0.1235, 0.1307, 0.1319, 0.1730, 0.1456, 0.0303, 0.0788]",0.1730116754770279,2025-02-15-16-53-20/SITE578_ORNT185_VIS2mi.png
1,0,"[0.1621, 0.1829, 0.1360, 0.1296, 0.1118, 0.1035, 0.0617, 0.0696, 0.0297, 0.0132]",0.18286216259002686,2025-01-31-13-49-43/SITE22_ORNT285_VIS1mi.png
0,0,"[0.2510, 0.2418, 0.1279, 0.1615, 0.0981, 0.0433, 0.0415, 0.0260, 0.0045, 0.0043]",0.2509530782699585,2024-07-14-16-38-50/SITE13_ORNT240_VIS1-5mi.png
0,1,"[0.6026, 0.1608, 0.0869, 0.0614, 0.0257, 0.0088, 0.0173, 0.0324, 0.0035, 0.0007]",0.6025696396827698,2025-02-05-13-59-56/SITE230_ORNT214_VIS2-5mi.png
0,7,"[0.2480, 0.2206, 0.1596, 0.0739, 0.1037, 0.0829, 0.0358, 0.0491, 0.0238, 0.0025]",0.24802742898464203,2024-12-23-15-38-40/SITE332_ORNT315_VIS8mi.png
8,8,"[0.0157, 0.0250, 0.0599, 0.0231, 0.0979, 0.1602, 0.0383, 0.0701, 0.4498, 0.0600]",0.44978243112564087,2025-01-26-13-23-03/SITE339_ORNT90_VIS9mi.png
1,2,"[0.1664, 0.1793, 0.1461, 0.0905, 0.1186, 0.1339, 0.0423, 0.0627, 0.0533, 0.0069]",0.17932187020778656,2025-02-27-11-22-46/SITE463_ORNT340_VIS3mi.png
5,3,"[0.0602, 0.0779, 0.1060, 0.1241, 0.1245, 0.1406, 0.1159, 0.1196, 0.0588, 0.0723]",0.14064964652061462,2024-07-07-20-11-04/SITE547_ORNT170_VIS4mi.png
1,6,"[0.1290, 0.2072, 0.1405, 0.1968, 0.1144, 0.0869, 0.0545, 0.0539, 0.0091, 0.0077]",0.20718665421009064,2025-03-31-15-41-11/SITE256_ORNT290_VIS7mi.png
9,8,"[0.0159, 0.0364, 0.0477, 0.0751, 0.0834, 0.1485, 0.1334, 0.1846, 0.0577, 0.2174]",0.21735608577728271,2024-07-24-16-43-44/SITE203_ORNT220_VIS9mi.png
7,4,"[0.0728, 0.0619, 0.1063, 0.0931, 0.1110, 0.1136, 0.0784, 0.1563, 0.0790, 0.1275]",0.1563078612089157,2025-03-04-14-20-15/SITE205_ORNT230_VIS5mi.png
8,8,"[0.0228, 0.0746, 0.1191, 0.0405, 0.1261, 0.1566, 0.0443, 0.1140, 0.2554, 0.0466]",0.2554202377796173,2024-07-05-14-33-31/SITE324_ORNT115_VIS9mi.png
8,9,"[0.0122, 0.0183, 0.0315, 0.0427, 0.0677, 0.1239, 0.1438, 0.1434, 0.2434, 0.1731]",0.24343399703502655,2025-03-18-13-52-55/SITE66_ORNT95_VIS10+mi.png
1,0,"[0.1736, 0.2225, 0.1129, 0.2056, 0.1172, 0.0674, 0.0477, 0.0381, 0.0092, 0.0060]",0.22245192527770996,2025-02-16-12-49-10/SITE617_ORNT40_VIS1-75mi.png
9,3,"[0.0036, 0.0088, 0.0165, 0.0301, 0.0400, 0.0475, 0.0672, 0.1867, 0.0271, 0.5725]",0.5724566578865051,2025-04-11-14-52-32/SITE215_ORNT330_VIS4mi.png
6,6,"[0.0026, 0.0206, 0.0119, 0.0308, 0.0575, 0.0582, 0.5070, 0.1129, 0.0168, 0.1817]",0.5070149302482605,2024-06-13-13-46-47/SITE760_ORNT140_VIS7mi.png
8,8,"[0.0012, 0.0040, 0.0117, 0.0267, 0.0419, 0.0800, 0.0586, 0.1092, 0.6326, 0.0341]",0.6325618028640747,2024-06-10-14-33-22/SITE508_ORNT225_VIS9mi.png
3,4,"[0.0766, 0.1515, 0.1386, 0.1736, 0.1179, 0.1238, 0.0851, 0.0857, 0.0195, 0.0277]",0.1735648810863495,2024-07-28-13-48-26/SITE119_ORNT96_VIS5mi.png
0,0,"[0.4195, 0.1751, 0.0815, 0.1246, 0.0528, 0.0367, 0.0463, 0.0430, 0.0155, 0.0049]",0.41951775550842285,2025-04-01-16-59-16/SITE59_ORNT10_VIS1-25mi.png
2,2,"[0.1725, 0.1370, 0.2887, 0.0665, 0.0785, 0.1318, 0.0578, 0.0437, 0.0207, 0.0028]",0.2887287437915802,2024-07-14-10-21-23/SITE747_ORNT255_VIS3mi.png
9,6,"[0.0379, 0.0364, 0.0911, 0.0682, 0.0850, 0.1084, 0.0887, 0.1328, 0.1007, 0.2508]",0.250814825296402,2024-07-22-11-13-59/SITE692_ORNT205_VIS7mi.png
9,3,"[0.0061, 0.0093, 0.0350, 0.0297, 0.0509, 0.0983, 0.1347, 0.1122, 0.0279, 0.4958]",0.49578857421875,2024-08-19-19-34-52/SITE577_ORNT210_VIS4mi.png
0,0,"[0.3250, 0.2533, 0.1592, 0.0527, 0.0832, 0.0574, 0.0237, 0.0322, 0.0126, 0.0007]",0.3250274956226349,2025-02-01-17-30-02/SITE309_ORNT30_VIS1mi.png
1,6,"[0.2132, 0.2171, 0.1688, 0.0633, 0.1109, 0.1055, 0.0302, 0.0507, 0.0378, 0.0026]",0.2171153873205185,2025-04-02-15-05-32/SITE331_ORNT315_VIS7mi.png
3,4,"[0.1192, 0.1235, 0.1277, 0.1947, 0.1405, 0.0836, 0.0839, 0.0900, 0.0141, 0.0229]",0.19467248022556305,2025-02-11-14-30-47/SITE578_ORNT185_VIS5mi.png
7,2,"[0.0802, 0.0791, 0.1061, 0.1109, 0.1232, 0.1272, 0.1110, 0.1447, 0.0427, 0.0748]",0.144741952419281,2025-03-01-18-07-41/SITE45_ORNT5_VIS3mi.png
5,7,"[0.0788, 0.1091, 0.1194, 0.0856, 0.1162, 0.2082, 0.0452, 0.0779, 0.1441, 0.0156]",0.2082090526819229,2024-10-15-10-59-57/SITE397_ORNT30_VIS8mi.png
1,0,"[0.1336, 0.2085, 0.1275, 0.1830, 0.1141, 0.0998, 0.0573, 0.0535, 0.0141, 0.0087]",0.20852690935134888,2024-09-08-16-00-24/SITE94_ORNT80_VIS1mi.png
1,2,"[0.1483, 0.2620, 0.0779, 0.1968, 0.1473, 0.0688, 0.0445, 0.0424, 0.0078, 0.0042]",0.26198241114616394,2024-08-31-14-30-34/SITE58_ORNT15_VIS3mi.png
1,5,"[0.1363, 0.1767, 0.1438, 0.1507, 0.1111, 0.1023, 0.0746, 0.0702, 0.0193, 0.0150]",0.17670153081417084,2024-05-09-16-15-37/SITE8_ORNT278_VIS6mi.png
9,9,"[0.0356, 0.0348, 0.1045, 0.0769, 0.0654, 0.1076, 0.0806, 0.1301, 0.0850, 0.2795]",0.27954259514808655,2025-01-15-15-33-17/SITE240_ORNT286_VIS10+mi.png
0,4,"[0.4074, 0.1610, 0.1173, 0.1079, 0.0534, 0.0368, 0.0362, 0.0612, 0.0132, 0.0055]",0.4073821008205414,2024-07-27-10-27-08/SITE134_ORNT70_VIS5mi.png
8,7,"[0.0091, 0.0071, 0.0165, 0.0096, 0.0145, 0.0445, 0.0116, 0.0529, 0.5130, 0.3211]",0.513022780418396,2024-07-24-16-43-44/SITE366_ORNT40_VIS8mi.png
5,5,"[0.0027, 0.0037, 0.0031, 0.0250, 0.0580, 0.6604, 0.0926, 0.0172, 0.0161, 0.1211]",0.6603822112083435,2025-03-17-19-09-03/SITE22_ORNT285_VIS6mi.png
4,4,"[0.0450, 0.1170, 0.0441, 0.1335, 0.2079, 0.1508, 0.0864, 0.1581, 0.0196, 0.0375]",0.20794562995433807,2024-07-23-10-10-08/SITE581_ORNT160_VIS5mi.png
5,9,"[0.0622, 0.0733, 0.1532, 0.0582, 0.1457, 0.1827, 0.0605, 0.0996, 0.1411, 0.0236]",0.18265923857688904,2024-05-13-18-48-49/SITE453_ORNT135_VIS15mi.png
9,2,"[0.0656, 0.0607, 0.1294, 0.0937, 0.0991, 0.1424, 0.1029, 0.1197, 0.0359, 0.1507]",0.15073981881141663,2025-02-04-15-47-48/SITE18_ORNT210_VIS3mi.png
9,7,"[0.0054, 0.0078, 0.0355, 0.0262, 0.0330, 0.0923, 0.1022, 0.0893, 0.1105, 0.4980]",0.49798446893692017,2024-05-14-16-18-20/SITE629_ORNT210_VIS8mi.png
8,8,"[0.0021, 0.0031, 0.0053, 0.0031, 0.0143, 0.0472, 0.0171, 0.0208, 0.7408, 0.1461]",0.7408111691474915,2024-04-30-13-21-52/SITE528_ORNT35_VIS9mi.png
9,8,"[0.0167, 0.0140, 0.0636, 0.0175, 0.0251, 0.0738, 0.0227, 0.0803, 0.2155, 0.4708]",0.4708394408226013,2024-12-24-15-14-57/SITE471_ORNT255_VIS9mi.png
8,8,"[0.0274, 0.0356, 0.0560, 0.0408, 0.0855, 0.1582, 0.0977, 0.1098, 0.2948, 0.0943]",0.2948066294193268,2025-03-02-13-12-40/SITE474_ORNT180_VIS9mi.png
3,5,"[0.0997, 0.1347, 0.1416, 0.1899, 0.1336, 0.0974, 0.0864, 0.0776, 0.0130, 0.0260]",0.18992409110069275,2024-12-24-15-14-57/SITE417_ORNT220_VIS6mi.png
0,4,"[0.3138, 0.2343, 0.1160, 0.1224, 0.0877, 0.0446, 0.0406, 0.0274, 0.0099, 0.0033]",0.31379395723342896,2025-02-15-15-20-00/SITE129_ORNT109_VIS5mi.png
3,3,"[0.0811, 0.1695, 0.1035, 0.2054, 0.1389, 0.0981, 0.0924, 0.0838, 0.0167, 0.0107]",0.20539039373397827,2025-03-23-13-51-54/SITE29_ORNT350_VIS4mi.png
1,2,"[0.1130, 0.1786, 0.1125, 0.1551, 0.1314, 0.0977, 0.0795, 0.0871, 0.0279, 0.0173]",0.17858311533927917,2024-09-07-11-42-21/SITE421_ORNT240_VIS3mi.png
9,4,"[0.0128, 0.0157, 0.0319, 0.0398, 0.0613, 0.0686, 0.1141, 0.0970, 0.0541, 0.5048]",0.5048232674598694,2025-02-01-12-44-07/SITE734_ORNT75_VIS5mi.png
9,4,"[0.0085, 0.0156, 0.0219, 0.0255, 0.0932, 0.1519, 0.1363, 0.1514, 0.0593, 0.3363]",0.33634433150291443,2024-07-28-13-48-26/SITE616_ORNT90_VIS5mi.png
8,9,"[0.0013, 0.0056, 0.0075, 0.0105, 0.0161, 0.0429, 0.0341, 0.0559, 0.7024, 0.1237]",0.702370822429657,2024-07-23-13-08-12/SITE404_ORNT270_VIS14mi.png
3,9,"[0.1123, 0.1654, 0.1276, 0.1849, 0.1261, 0.1045, 0.0703, 0.0723, 0.0207, 0.0160]",0.1849057674407959,2025-03-31-13-29-12/SITE871_ORNT260_VIS10+mi.png
6,6,"[0.0022, 0.0050, 0.0080, 0.0260, 0.0853, 0.1374, 0.2752, 0.1962, 0.0224, 0.2423]",0.27519315481185913,2024-09-08-16-00-24/SITE581_ORNT250_VIS7mi.png
1,6,"[0.1693, 0.2399, 0.1117, 0.1878, 0.1167, 0.0670, 0.0442, 0.0477, 0.0094, 0.0063]",0.239903062582016,2025-02-14-15-24-27/SITE593_ORNT255_VIS7mi.png
2,5,"[0.0980, 0.0801, 0.1432, 0.1080, 0.1060, 0.1251, 0.1025, 0.1385, 0.0314, 0.0672]",0.14317521452903748,2025-03-26-12-24-08/SITE11_ORNT308_VIS6mi.png
9,9,"[0.0129, 0.0195, 0.0257, 0.0436, 0.0758, 0.1048, 0.1423, 0.1285, 0.0438, 0.4033]",0.40327826142311096,2025-03-17-19-09-03/SITE212_ORNT80_VIS10+mi.png
1,1,"[0.1730, 0.2174, 0.1421, 0.1127, 0.0988, 0.1243, 0.0403, 0.0552, 0.0308, 0.0054]",0.21737314760684967,2024-10-07-12-00-07/SITE606_ORNT180_VIS2-5mi.png
9,4,"[0.0079, 0.0079, 0.0267, 0.0269, 0.0511, 0.0809, 0.1537, 0.1503, 0.0485, 0.4461]",0.44606298208236694,2024-05-07-15-42-07/SITE580_ORNT65_VIS5mi.png
3,4,"[0.0853, 0.1077, 0.1028, 0.1391, 0.1041, 0.1364, 0.1078, 0.1277, 0.0545, 0.0347]",0.13908347487449646,2024-06-10-10-43-57/SITE84_ORNT43_VIS5mi.png
0,6,"[0.3290, 0.2892, 0.1180, 0.1135, 0.0674, 0.0285, 0.0284, 0.0206, 0.0039, 0.0014]",0.32901617884635925,2025-02-15-16-53-20/SITE538_ORNT192_VIS7mi.png
1,1,"[0.1993, 0.2194, 0.1386, 0.1670, 0.1052, 0.0611, 0.0552, 0.0373, 0.0090, 0.0080]",0.21939152479171753,2024-07-14-10-21-23/SITE421_ORNT110_VIS2-5mi.png
9,7,"[0.0097, 0.0212, 0.0366, 0.0650, 0.0819, 0.1018, 0.1709, 0.1895, 0.0404, 0.2830]",0.28296738862991333,2025-03-04-14-20-15/SITE78_ORNT268_VIS8mi.png
1,1,"[0.2151, 0.2377, 0.1540, 0.0957, 0.0872, 0.0865, 0.0374, 0.0552, 0.0266, 0.0047]",0.23770080506801605,2025-03-06-15-10-58/SITE485_ORNT290_VIS2mi.png
1,7,"[0.1349, 0.2946, 0.1366, 0.2045, 0.0912, 0.0609, 0.0380, 0.0330, 0.0038, 0.0024]",0.29461613297462463,2024-05-23-15-19-49/SITE15_ORNT170_VIS8mi.png
3,5,"[0.1234, 0.1521, 0.1356, 0.1636, 0.1196, 0.0991, 0.0778, 0.0804, 0.0248, 0.0236]",0.16355159878730774,2025-02-19-12-18-05/SITE25_ORNT225_VIS6mi.png
1,2,"[0.1548, 0.2502, 0.1045, 0.1861, 0.1246, 0.0686, 0.0477, 0.0480, 0.0102, 0.0053]",0.2502361238002777,2024-06-09-10-51-06/SITE442_ORNT210_VIS3mi.png
7,0,"[0.0877, 0.1391, 0.1394, 0.1897, 0.0692, 0.0426, 0.0783, 0.2129, 0.0062, 0.0351]",0.21286247670650482,2024-09-08-13-07-06/SITE45_ORNT180_VIS1-5mi.png
1,4,"[0.0943, 0.2368, 0.1504, 0.2035, 0.1026, 0.0885, 0.0592, 0.0490, 0.0062, 0.0096]",0.2368108034133911,2024-07-05-14-33-31/SITE240_ORNT286_VIS5mi.png
3,4,"[0.0716, 0.2205, 0.1406, 0.2564, 0.1196, 0.0693, 0.0654, 0.0444, 0.0031, 0.0092]",0.25635960698127747,2025-03-06-15-10-58/SITE104_ORNT150_VIS5mi.png
1,0,"[0.1234, 0.2146, 0.1171, 0.2106, 0.1199, 0.0877, 0.0581, 0.0511, 0.0100, 0.0075]",0.21462851762771606,2024-07-05-14-33-31/SITE94_ORNT80_VIS1-75mi.png
0,6,"[0.3111, 0.2564, 0.1587, 0.0561, 0.0861, 0.0599, 0.0243, 0.0334, 0.0131, 0.0008]",0.31107988953590393,2025-02-12-14-37-35/SITE324_ORNT225_VIS7mi.png
0,9,"[0.1613, 0.1589, 0.1612, 0.1218, 0.1033, 0.0995, 0.0641, 0.0943, 0.0183, 0.0172]",0.16133154928684235,2025-02-15-15-20-00/SITE193_ORNT5_VIS10+mi.png
9,9,"[0.0180, 0.0154, 0.0550, 0.0507, 0.0604, 0.0992, 0.1758, 0.1593, 0.0756, 0.2906]",0.29058942198753357,2025-02-19-12-18-05/SITE586_ORNT100_VIS10+mi.png
5,1,"[0.0824, 0.0963, 0.1178, 0.1143, 0.1308, 0.1606, 0.0695, 0.0952, 0.1153, 0.0178]",0.16062745451927185,2024-07-25-10-00-39/SITE533_ORNT325_VIS2mi.png
8,8,"[0.0003, 0.0007, 0.0015, 0.0017, 0.0057, 0.0171, 0.0087, 0.0257, 0.7527, 0.1859]",0.7526500225067139,2024-06-14-14-13-33/SITE508_ORNT225_VIS9mi.png
1,2,"[0.1585, 0.2684, 0.1403, 0.1879, 0.0951, 0.0593, 0.0455, 0.0349, 0.0051, 0.0051]",0.26842883229255676,2025-02-15-15-20-00/SITE802_ORNT235_VIS3mi.png
3,7,"[0.0402, 0.1083, 0.1034, 0.1993, 0.1393, 0.1403, 0.1187, 0.0991, 0.0179, 0.0335]",0.1992713361978531,2024-08-01-10-54-34/SITE6_ORNT355_VIS8mi.png
0,7,"[0.4090, 0.2409, 0.0938, 0.1125, 0.0587, 0.0251, 0.0307, 0.0229, 0.0048, 0.0016]",0.40895748138427734,2025-03-04-14-20-15/SITE15_ORNT90_VIS8mi.png
9,9,"[0.0148, 0.0085, 0.0549, 0.0127, 0.0230, 0.0457, 0.0166, 0.0687, 0.2784, 0.4767]",0.47672387957572937,2025-03-20-11-55-50/SITE483_ORNT275_VIS20mi.png
8,9,"[0.0034, 0.0117, 0.0183, 0.0431, 0.0476, 0.1139, 0.1293, 0.1590, 0.3730, 0.1006]",0.37300917506217957,2025-04-13-19-09-12/SITE111_ORNT61_VIS10+mi.png
2,2,"[0.0988, 0.1172, 0.1531, 0.1116, 0.1137, 0.1259, 0.0845, 0.1317, 0.0154, 0.0480]",0.15310919284820557,2025-04-13-19-09-12/SITE607_ORNT90_VIS3mi.png
3,1,"[0.0544, 0.0995, 0.1134, 0.1648, 0.1296, 0.1122, 0.1183, 0.1334, 0.0330, 0.0414]",0.16482461988925934,2024-07-22-11-13-59/SITE98_ORNT135_VIS2mi.png
0,6,"[0.2237, 0.1469, 0.2109, 0.0973, 0.0887, 0.0701, 0.0520, 0.0903, 0.0137, 0.0064]",0.22365544736385345,2025-02-04-15-47-48/SITE205_ORNT305_VIS7mi.png
8,2,"[0.0254, 0.0421, 0.0858, 0.0756, 0.1170, 0.2364, 0.0575, 0.0741, 0.2740, 0.0120]",0.27403369545936584,2024-07-02-16-22-41/SITE340_ORNT230_VIS3mi.png
1,6,"[0.1462, 0.1681, 0.1238, 0.1652, 0.1273, 0.0938, 0.0715, 0.0678, 0.0212, 0.0151]",0.16813097894191742,2024-08-19-19-34-52/SITE58_ORNT90_VIS7mi.png
6,4,"[0.0463, 0.0460, 0.0486, 0.0917, 0.1101, 0.1275, 0.3254, 0.1235, 0.0189, 0.0619]",0.32535216212272644,2024-07-29-16-41-43/SITE722_ORNT315_VIS5mi.png
3,7,"[0.1044, 0.1818, 0.1180, 0.1970, 0.1298, 0.0998, 0.0741, 0.0674, 0.0162, 0.0115]",0.19700407981872559,2024-05-08-14-34-39/SITE25_ORNT150_VIS8mi.png
1,5,"[0.2410, 0.2886, 0.1820, 0.0956, 0.0673, 0.0402, 0.0255, 0.0503, 0.0055, 0.0040]",0.288600891828537,2025-03-02-13-12-40/SITE207_ORNT75_VIS6mi.png
5,7,"[0.0010, 0.0026, 0.0092, 0.0247, 0.0245, 0.4701, 0.3395, 0.0130, 0.0558, 0.0596]",0.4701172709465027,2025-02-05-13-59-56/SITE105_ORNT28_VIS8mi.png
3,6,"[0.0824, 0.1255, 0.1252, 0.1782, 0.1274, 0.1195, 0.0837, 0.0957, 0.0337, 0.0288]",0.1782042384147644,2024-09-07-11-42-21/SITE595_ORNT270_VIS7mi.png
9,9,"[0.0132, 0.0120, 0.0413, 0.0358, 0.0602, 0.0729, 0.1013, 0.1423, 0.0784, 0.4426]",0.44257214665412903,2025-03-02-13-12-40/SITE82_ORNT65_VIS10+mi.png
7,5,"[0.0310, 0.0766, 0.0997, 0.1485, 0.1294, 0.1075, 0.1296, 0.1511, 0.0374, 0.0891]",0.15112349390983582,2024-09-08-13-07-06/SITE623_ORNT180_VIS6mi.png
3,2,"[0.0643, 0.1038, 0.1233, 0.1369, 0.1202, 0.1292, 0.1171, 0.1101, 0.0257, 0.0693]",0.13694852590560913,2024-07-27-10-27-08/SITE411_ORNT280_VIS3mi.png
0,0,"[0.2141, 0.1945, 0.1631, 0.1198, 0.1017, 0.0874, 0.0472, 0.0488, 0.0195, 0.0038]",0.21412834525108337,2024-06-29-10-50-12/SITE747_ORNT315_VIS1-25mi.png
2,5,"[0.0381, 0.1276, 0.2315, 0.0953, 0.1692, 0.1167, 0.0459, 0.0884, 0.0700, 0.0173]",0.23148159682750702,2024-07-25-18-03-52/SITE327_ORNT145_VIS6mi.png
5,0,"[0.0722, 0.0813, 0.1241, 0.0448, 0.1129, 0.2025, 0.0515, 0.0934, 0.1908, 0.0262]",0.20252546668052673,2025-01-29-12-01-12/SITE389_ORNT120_VIS1mi.png
1,0,"[0.2126, 0.2427, 0.1322, 0.1790, 0.1016, 0.0499, 0.0426, 0.0302, 0.0046, 0.0046]",0.24271345138549805,2024-05-07-15-42-07/SITE545_ORNT20_VIS1-25mi.png
6,6,"[0.0364, 0.0405, 0.0566, 0.1039, 0.1232, 0.1451, 0.2274, 0.1587, 0.0250, 0.0830]",0.2274206280708313,2024-07-23-16-31-18/SITE578_ORNT295_VIS7mi.png
3,3,"[0.0956, 0.2161, 0.1438, 0.2252, 0.1115, 0.0733, 0.0620, 0.0558, 0.0067, 0.0100]",0.22523562610149384,2024-05-08-14-34-39/SITE86_ORNT12_VIS4mi.png
9,9,"[0.0006, 0.0070, 0.0111, 0.0362, 0.0220, 0.0071, 0.0188, 0.1079, 0.0113, 0.7779]",0.7778767943382263,2025-04-13-19-09-12/SITE446_ORNT165_VIS10+mi.png
3,1,"[0.0516, 0.1114, 0.1140, 0.2210, 0.1383, 0.1140, 0.0923, 0.1021, 0.0228, 0.0325]",0.22101624310016632,2024-12-24-15-14-57/SITE40_ORNT295_VIS2mi.png
1,4,"[0.1884, 0.3069, 0.1294, 0.1802, 0.0844, 0.0462, 0.0350, 0.0237, 0.0036, 0.0023]",0.306885302066803,2024-07-29-16-41-43/SITE127_ORNT272_VIS5mi.png
1,1,"[0.2130, 0.2314, 0.1390, 0.1573, 0.1013, 0.0597, 0.0503, 0.0344, 0.0081, 0.0055]",0.2313830703496933,2025-02-04-15-47-48/SITE219_ORNT344_VIS2-5mi.png
8,8,"[0.0054, 0.0106, 0.0159, 0.0077, 0.0304, 0.0676, 0.0258, 0.0562, 0.6282, 0.1522]",0.6281917095184326,2024-08-11-09-28-59/SITE363_ORNT190_VIS9mi.png
0,2,"[0.2220, 0.2166, 0.1261, 0.1747, 0.1109, 0.0531, 0.0473, 0.0360, 0.0068, 0.0065]",0.22203519940376282,2025-02-15-15-20-00/SITE719_ORNT180_VIS3mi.png
8,8,"[0.0069, 0.0123, 0.0173, 0.0092, 0.0400, 0.0784, 0.0298, 0.0462, 0.6350, 0.1250]",0.6350383162498474,2024-08-01-10-54-34/SITE333_ORNT280_VIS9mi.png
0,0,"[0.2322, 0.2187, 0.1452, 0.1379, 0.0865, 0.0519, 0.0544, 0.0563, 0.0097, 0.0071]",0.2322152554988861,2024-09-21-11-24-11/SITE73_ORNT20_VIS1-75mi.png
8,4,"[0.0238, 0.0536, 0.1073, 0.0673, 0.1741, 0.1395, 0.0590, 0.1090, 0.2196, 0.0468]",0.2195504903793335,2024-07-22-20-17-56/SITE522_ORNT90_VIS5mi.png
0,0,"[0.2769, 0.2584, 0.1507, 0.0757, 0.0842, 0.0670, 0.0295, 0.0396, 0.0164, 0.0017]",0.2769055962562561,2025-03-31-13-29-12/SITE485_ORNT290_VIS1mi.png
8,8,"[0.0041, 0.0111, 0.0155, 0.0187, 0.0333, 0.0631, 0.0370, 0.0957, 0.5860, 0.1355]",0.5860161781311035,2024-06-09-10-51-06/SITE304_ORNT290_VIS9mi.png
1,2,"[0.1500, 0.2683, 0.1265, 0.2008, 0.1111, 0.0627, 0.0376, 0.0364, 0.0041, 0.0024]",0.26825404167175293,2024-07-27-10-27-08/SITE262_ORNT124_VIS3mi.png
9,6,"[0.0523, 0.0702, 0.0935, 0.1045, 0.0931, 0.0869, 0.0783, 0.1489, 0.0315, 0.2407]",0.24074946343898773,2025-03-02-13-12-40/SITE268_ORNT255_VIS7mi.png
0,6,"[0.4234, 0.2020, 0.1406, 0.0710, 0.0497, 0.0287, 0.0317, 0.0450, 0.0056, 0.0023]",0.423371821641922,2025-02-05-13-59-56/SITE212_ORNT12_VIS7mi.png
6,7,"[0.0457, 0.0495, 0.1057, 0.0938, 0.1000, 0.1467, 0.1665, 0.1138, 0.0238, 0.1544]",0.166512593626976,2025-01-28-16-10-28/SITE241_ORNT214_VIS8mi.png
4,4,"[0.0931, 0.1160, 0.1043, 0.1355, 0.1363, 0.1258, 0.0846, 0.1054, 0.0675, 0.0316]",0.13629870116710663,2024-09-18-18-13-42/SITE474_ORNT270_VIS5mi.png
6,4,"[0.0220, 0.0345, 0.0549, 0.0612, 0.0832, 0.1627, 0.1824, 0.1499, 0.1196, 0.1296]",0.18242205679416656,2024-08-16-20-03-50/SITE612_ORNT30_VIS5mi.png
0,2,"[0.1971, 0.1496, 0.1359, 0.1241, 0.0998, 0.0743, 0.0631, 0.0892, 0.0307, 0.0362]",0.19713732600212097,2025-01-31-13-49-43/SITE29_ORNT200_VIS3mi.png
8,7,"[0.0158, 0.0288, 0.0407, 0.0397, 0.0809, 0.1117, 0.0559, 0.0950, 0.4861, 0.0454]",0.4861457347869873,2024-10-14-13-08-27/SITE477_ORNT50_VIS8mi.png
0,4,"[0.3166, 0.2160, 0.1311, 0.1124, 0.0720, 0.0448, 0.0412, 0.0503, 0.0105, 0.0051]",0.3165736496448517,2025-04-22-15-39-35/SITE94_ORNT10_VIS5mi.png
0,2,"[0.2973, 0.2455, 0.1666, 0.0534, 0.0926, 0.0667, 0.0249, 0.0364, 0.0158, 0.0009]",0.29729634523391724,2025-02-17-14-46-26/SITE353_ORNT135_VIS3mi.png
3,4,"[0.0878, 0.1738, 0.1273, 0.1942, 0.1216, 0.1120, 0.0813, 0.0701, 0.0194, 0.0124]",0.19415560364723206,2024-05-01-16-21-18/SITE483_ORNT5_VIS5mi.png
0,0,"[0.3408, 0.2229, 0.1125, 0.1143, 0.0810, 0.0420, 0.0429, 0.0291, 0.0110, 0.0035]",0.340791255235672,2025-03-18-13-52-55/SITE541_ORNT255_VIS1-75mi.png
8,8,"[0.0096, 0.0204, 0.0338, 0.0223, 0.0699, 0.1023, 0.0730, 0.0893, 0.3921, 0.1875]",0.39213666319847107,2024-06-14-11-11-00/SITE472_ORNT95_VIS9mi.png
0,0,"[0.3525, 0.2661, 0.1390, 0.0943, 0.0577, 0.0267, 0.0274, 0.0307, 0.0037, 0.0020]",0.35248246788978577,2025-03-26-12-24-08/SITE251_ORNT25_VIS1mi.png
9,9,"[0.0183, 0.0212, 0.0917, 0.0610, 0.0460, 0.0846, 0.0780, 0.1357, 0.0430, 0.4205]",0.42048653960227966,2025-04-02-15-05-32/SITE417_ORNT50_VIS10+mi.png
6,6,"[0.0090, 0.0086, 0.0147, 0.0194, 0.0312, 0.0584, 0.6556, 0.0600, 0.0155, 0.1276]",0.6555752754211426,2024-07-26-10-22-16/SITE584_ORNT225_VIS7mi.png
1,1,"[0.1562, 0.2846, 0.1261, 0.1939, 0.0994, 0.0578, 0.0391, 0.0335, 0.0050, 0.0042]",0.2846432328224182,2024-07-25-10-00-39/SITE616_ORNT0_VIS2mi.png
3,1,"[0.0838, 0.1779, 0.1478, 0.1966, 0.1187, 0.1032, 0.0765, 0.0657, 0.0102, 0.0196]",0.1966283619403839,2024-04-25-17-48-06/SITE115_ORNT287_VIS2mi.png
1,0,"[0.2135, 0.2678, 0.1350, 0.1746, 0.0927, 0.0444, 0.0402, 0.0248, 0.0036, 0.0034]",0.26782315969467163,2025-03-03-11-33-30/SITE251_ORNT140_VIS1mi.png
6,4,"[0.0134, 0.0381, 0.0515, 0.1141, 0.0889, 0.1346, 0.2439, 0.1725, 0.0826, 0.0604]",0.2439216524362564,2024-07-05-10-36-13/SITE203_ORNT220_VIS5mi.png
3,9,"[0.0747, 0.1602, 0.1642, 0.1785, 0.1238, 0.0810, 0.0882, 0.0946, 0.0078, 0.0270]",0.17852608859539032,2025-01-17-15-10-02/SITE786_ORNT315_VIS10+mi.png
8,8,"[0.0035, 0.0069, 0.0095, 0.0077, 0.0190, 0.0601, 0.0329, 0.0489, 0.5636, 0.2479]",0.5635782480239868,2024-09-22-16-46-10/SITE380_ORNT55_VIS9mi.png
5,0,"[0.0857, 0.0723, 0.1311, 0.1001, 0.1390, 0.1408, 0.0869, 0.1325, 0.0607, 0.0508]",0.14080390334129333,2024-06-17-19-22-23/SITE167_ORNT312_VIS1-25mi.png
2,4,"[0.0445, 0.0788, 0.1974, 0.0596, 0.1861, 0.1564, 0.0475, 0.0936, 0.1156, 0.0205]",0.19741228222846985,2025-02-27-11-22-46/SITE385_ORNT230_VIS5mi.png
0,7,"[0.2503, 0.2291, 0.1910, 0.0985, 0.0723, 0.0543, 0.0350, 0.0588, 0.0059, 0.0047]",0.25026965141296387,2025-03-02-13-12-40/SITE117_ORNT128_VIS8mi.png
1,0,"[0.1089, 0.2025, 0.0890, 0.1386, 0.1217, 0.1069, 0.1324, 0.0656, 0.0147, 0.0198]",0.2024635225534439,2024-12-09-12-13-38/SITE186_ORNT217_VIS1-25mi.png
5,6,"[0.0775, 0.0883, 0.1146, 0.0954, 0.1400, 0.1789, 0.0553, 0.0863, 0.1468, 0.0169]",0.1788983792066574,2025-03-02-13-12-40/SITE528_ORNT35_VIS7mi.png
3,4,"[0.0535, 0.0653, 0.0937, 0.1441, 0.1414, 0.1253, 0.1230, 0.1348, 0.0441, 0.0749]",0.1440839022397995,2025-04-22-15-39-35/SITE722_ORNT255_VIS5mi.png
1,1,"[0.2250, 0.2491, 0.1196, 0.1718, 0.1089, 0.0538, 0.0357, 0.0281, 0.0063, 0.0017]",0.24913394451141357,2024-08-15-16-44-48/SITE22_ORNT0_VIS2-5mi.png
8,1,"[0.0524, 0.0666, 0.0951, 0.0593, 0.1211, 0.2079, 0.0389, 0.0761, 0.2630, 0.0197]",0.2629908621311188,2024-07-18-14-04-18/SITE397_ORNT345_VIS2-25mi.png
1,0,"[0.1788, 0.1910, 0.1451, 0.1779, 0.1193, 0.0790, 0.0554, 0.0382, 0.0107, 0.0046]",0.19097097218036652,2025-03-31-15-41-11/SITE111_ORNT246_VIS1-75mi.png
0,0,"[0.2673, 0.2611, 0.1425, 0.0953, 0.0829, 0.0644, 0.0308, 0.0393, 0.0145, 0.0019]",0.26733267307281494,2025-03-31-13-29-12/SITE521_ORNT240_VIS1-5mi.png
1,4,"[0.1396, 0.2393, 0.1505, 0.1701, 0.0962, 0.0860, 0.0541, 0.0489, 0.0079, 0.0076]",0.23925530910491943,2024-07-26-10-22-16/SITE259_ORNT59_VIS5mi.png
0,2,"[0.2968, 0.2591, 0.1445, 0.0768, 0.0876, 0.0576, 0.0302, 0.0337, 0.0123, 0.0014]",0.29683414101600647,2025-01-23-15-05-27/SITE358_ORNT290_VIS3mi.png
0,0,"[0.3839, 0.1966, 0.1692, 0.0769, 0.0554, 0.0235, 0.0333, 0.0520, 0.0069, 0.0022]",0.38388437032699585,2025-03-01-18-07-41/SITE240_ORNT112_VIS1-75mi.png
6,2,"[0.0508, 0.0632, 0.0763, 0.0969, 0.1129, 0.1700, 0.1765, 0.1264, 0.0689, 0.0581]",0.17654438316822052,2025-02-14-15-24-27/SITE50_ORNT103_VIS3mi.png
7,7,"[0.0313, 0.0437, 0.0380, 0.1103, 0.1702, 0.1712, 0.1506, 0.2205, 0.0113, 0.0530]",0.22047990560531616,2024-07-23-16-31-18/SITE545_ORNT20_VIS8mi.png
2,3,"[0.1335, 0.1501, 0.1814, 0.0748, 0.1321, 0.1388, 0.0404, 0.0757, 0.0658, 0.0073]",0.1814161092042923,2025-03-28-10-38-15/SITE371_ORNT315_VIS4mi.png
8,8,"[0.0076, 0.0066, 0.0288, 0.0060, 0.0205, 0.0422, 0.0140, 0.0408, 0.5486, 0.2850]",0.5486264228820801,2025-02-01-12-44-07/SITE363_ORNT285_VIS9mi.png
8,9,"[0.0014, 0.0034, 0.0082, 0.0017, 0.0088, 0.0592, 0.0154, 0.0271, 0.6189, 0.2558]",0.6189174652099609,2024-07-04-13-27-11/SITE457_ORNT225_VIS12mi.png
9,5,"[0.0038, 0.0156, 0.0404, 0.0941, 0.0627, 0.0378, 0.0706, 0.1587, 0.0388, 0.4776]",0.47761842608451843,2024-08-19-19-34-52/SITE251_ORNT140_VIS6mi.png
3,6,"[0.0565, 0.1430, 0.1247, 0.2564, 0.1322, 0.0942, 0.0869, 0.0835, 0.0105, 0.0119]",0.25642988085746765,2025-03-15-15-41-34/SITE735_ORNT75_VIS7mi.png
0,3,"[0.3355, 0.1902, 0.1019, 0.1270, 0.0711, 0.0499, 0.0488, 0.0503, 0.0196, 0.0057]",0.3354603946208954,2025-02-17-14-46-26/SITE812_ORNT335_VIS4mi.png
1,2,"[0.1120, 0.3046, 0.1712, 0.1946, 0.0867, 0.0510, 0.0399, 0.0348, 0.0022, 0.0030]",0.30464911460876465,2024-12-23-15-38-40/SITE258_ORNT125_VIS3mi.png
9,7,"[0.0122, 0.0112, 0.0351, 0.0439, 0.0581, 0.0826, 0.1788, 0.1931, 0.0541, 0.3309]",0.33094409108161926,2025-02-11-14-30-47/SITE683_ORNT240_VIS8mi.png
3,7,"[0.0617, 0.1114, 0.1053, 0.1825, 0.1388, 0.1409, 0.0989, 0.1011, 0.0326, 0.0268]",0.18253661692142487,2024-05-21-12-02-34/SITE545_ORNT95_VIS8mi.png
6,4,"[0.0510, 0.0334, 0.0826, 0.0823, 0.0911, 0.1439, 0.2049, 0.1449, 0.0398, 0.1260]",0.20494444668293,2024-04-30-13-21-52/SITE14_ORNT150_VIS5mi.png
9,7,"[0.0022, 0.0065, 0.0112, 0.0662, 0.0551, 0.0348, 0.0967, 0.2540, 0.0167, 0.4567]",0.4566524624824524,2024-04-30-13-21-52/SITE215_ORNT330_VIS8mi.png
2,5,"[0.1484, 0.1515, 0.1555, 0.0731, 0.1268, 0.1414, 0.0421, 0.0733, 0.0805, 0.0073]",0.155496284365654,2024-12-16-12-39-30/SITE309_ORNT325_VIS6mi.png
6,6,"[0.0269, 0.0575, 0.0334, 0.0365, 0.0636, 0.0959, 0.5256, 0.0833, 0.0214, 0.0559]",0.5256381630897522,2025-04-22-15-39-35/SITE760_ORNT190_VIS7mi.png
1,0,"[0.1855, 0.2464, 0.1266, 0.1697, 0.1098, 0.0651, 0.0434, 0.0389, 0.0082, 0.0063]",0.24640297889709473,2025-02-04-15-47-48/SITE41_ORNT335_VIS1mi.png
9,9,"[0.0221, 0.0190, 0.0860, 0.0341, 0.0326, 0.0684, 0.0308, 0.0961, 0.2281, 0.3828]",0.3827838897705078,2025-01-15-15-33-17/SITE10_ORNT255_VIS10+mi.png
9,9,"[0.0229, 0.0267, 0.0434, 0.0513, 0.0801, 0.1307, 0.1947, 0.1616, 0.0806, 0.2081]",0.20807664096355438,2025-03-31-13-29-12/SITE80_ORNT274_VIS10+mi.png
3,2,"[0.1433, 0.1728, 0.1288, 0.2089, 0.1300, 0.0712, 0.0693, 0.0541, 0.0090, 0.0126]",0.20894856750965118,2025-03-31-13-29-12/SITE446_ORNT230_VIS3mi.png
7,3,"[0.0263, 0.0548, 0.0882, 0.1633, 0.1238, 0.1313, 0.1413, 0.1676, 0.0636, 0.0397]",0.16759872436523438,2024-08-18-13-20-24/SITE241_ORNT311_VIS4mi.png
9,7,"[0.0140, 0.0123, 0.0421, 0.0358, 0.0672, 0.1077, 0.1448, 0.1760, 0.0563, 0.3437]",0.3437289893627167,2024-07-23-13-08-12/SITE215_ORNT235_VIS8mi.png
1,1,"[0.2406, 0.2698, 0.1239, 0.1588, 0.0930, 0.0448, 0.0331, 0.0273, 0.0057, 0.0030]",0.26977741718292236,2025-03-01-18-07-41/SITE86_ORNT75_VIS2-5mi.png
3,2,"[0.1095, 0.1961, 0.1036, 0.2210, 0.1363, 0.0885, 0.0677, 0.0578, 0.0113, 0.0082]",0.22097498178482056,2024-07-05-14-33-31/SITE65_ORNT290_VIS3mi.png
9,3,"[0.0133, 0.0292, 0.0472, 0.0932, 0.0817, 0.1208, 0.2112, 0.0966, 0.0414, 0.2655]",0.26546335220336914,2024-06-15-10-59-58/SITE422_ORNT180_VIS4mi.png
5,5,"[0.0543, 0.0622, 0.0980, 0.0780, 0.1231, 0.1814, 0.0818, 0.1042, 0.1682, 0.0489]",0.18135489523410797,2025-01-15-15-33-17/SITE339_ORNT90_VIS6mi.png
0,2,"[0.2223, 0.2068, 0.1717, 0.0588, 0.1127, 0.1059, 0.0304, 0.0536, 0.0353, 0.0023]",0.22234754264354706,2025-02-17-14-46-26/SITE343_ORNT360_VIS3mi.png
3,5,"[0.0309, 0.1611, 0.1240, 0.2431, 0.1249, 0.0962, 0.1135, 0.0800, 0.0087, 0.0176]",0.2430911511182785,2025-04-13-19-09-12/SITE156_ORNT247_VIS6mi.png
7,7,"[0.1093, 0.0768, 0.1093, 0.1470, 0.1571, 0.1064, 0.0783, 0.1587, 0.0154, 0.0417]",0.15873560309410095,2024-05-21-12-02-34/SITE58_ORNT175_VIS8mi.png
0,0,"[0.4504, 0.2463, 0.0895, 0.0992, 0.0442, 0.0163, 0.0218, 0.0274, 0.0040, 0.0009]",0.45040619373321533,2025-03-04-14-20-15/SITE165_ORNT100_VIS1-25mi.png
8,8,"[0.0133, 0.0187, 0.0277, 0.0288, 0.0772, 0.1181, 0.0933, 0.0636, 0.4055, 0.1539]",0.40554070472717285,2024-08-02-13-37-25/SITE492_ORNT20_VIS9mi.png
3,6,"[0.0942, 0.1631, 0.1359, 0.1773, 0.1203, 0.1024, 0.0846, 0.0752, 0.0177, 0.0293]",0.17732137441635132,2024-07-29-16-41-43/SITE116_ORNT3_VIS7mi.png
5,4,"[0.0998, 0.1226, 0.1421, 0.1306, 0.1198, 0.1461, 0.0683, 0.1004, 0.0541, 0.0163]",0.1460610032081604,2025-01-17-15-10-02/SITE842_ORNT230_VIS5mi.png
7,9,"[0.0192, 0.0323, 0.0596, 0.1030, 0.1055, 0.1029, 0.1754, 0.1862, 0.0435, 0.1724]",0.1862131953239441,2025-03-15-15-41-34/SITE578_ORNT0_VIS10+mi.png
5,4,"[0.0101, 0.0245, 0.0245, 0.0995, 0.1346, 0.2396, 0.2006, 0.1320, 0.0430, 0.0915]",0.2395707666873932,2024-07-23-10-10-08/SITE19_ORNT170_VIS5mi.png
6,2,"[0.0463, 0.0402, 0.0657, 0.0943, 0.1001, 0.1270, 0.2579, 0.1409, 0.0303, 0.0973]",0.25794869661331177,2024-07-02-16-22-41/SITE13_ORNT240_VIS3mi.png
3,0,"[0.0632, 0.1350, 0.1318, 0.2248, 0.1314, 0.1054, 0.0873, 0.0854, 0.0156, 0.0201]",0.22482211887836456,2024-12-24-15-14-57/SITE658_ORNT305_VIS1mi.png
0,0,"[0.3200, 0.2285, 0.1228, 0.1145, 0.0816, 0.0452, 0.0437, 0.0303, 0.0105, 0.0030]",0.3199858069419861,2025-02-02-12-13-03/SITE821_ORNT225_VIS1-5mi.png
8,5,"[0.0036, 0.0089, 0.0248, 0.0219, 0.0370, 0.1302, 0.1159, 0.1008, 0.4685, 0.0885]",0.4684911072254181,2024-08-18-13-20-24/SITE203_ORNT220_VIS6mi.png
9,6,"[0.0057, 0.0079, 0.0271, 0.0435, 0.0572, 0.0725, 0.1909, 0.2035, 0.0455, 0.3462]",0.34619253873825073,2024-05-01-16-21-18/SITE575_ORNT145_VIS7mi.png
9,9,"[0.0193, 0.0608, 0.1323, 0.0655, 0.0571, 0.0994, 0.0475, 0.1050, 0.0302, 0.3829]",0.38286757469177246,2024-12-17-16-15-56/SITE595_ORNT0_VIS10+mi.png
0,6,"[0.2978, 0.2481, 0.1169, 0.1304, 0.0853, 0.0430, 0.0394, 0.0279, 0.0081, 0.0032]",0.29781416058540344,2024-07-23-13-08-12/SITE234_ORNT117_VIS7mi.png
1,1,"[0.0887, 0.2291, 0.1196, 0.1722, 0.1242, 0.1294, 0.0575, 0.0577, 0.0157, 0.0060]",0.2290821522474289,2024-09-08-13-07-06/SITE22_ORNT285_VIS2-5mi.png
1,2,"[0.1168, 0.2461, 0.1484, 0.1912, 0.1065, 0.0697, 0.0647, 0.0428, 0.0052, 0.0086]",0.24607984721660614,2024-07-28-19-40-21/SITE116_ORNT179_VIS3mi.png
8,2,"[0.0008, 0.0030, 0.0032, 0.0036, 0.0179, 0.0457, 0.0217, 0.0145, 0.8349, 0.0548]",0.8348702788352966,2025-04-16-13-54-24/SITE366_ORNT95_VIS3mi.png
9,9,"[0.0105, 0.0149, 0.0308, 0.0395, 0.0729, 0.0818, 0.1680, 0.1594, 0.0481, 0.3741]",0.3740937411785126,2025-02-16-12-49-10/SITE897_ORNT300_VIS10+mi.png
1,3,"[0.1272, 0.2228, 0.1342, 0.1866, 0.1093, 0.0962, 0.0522, 0.0518, 0.0123, 0.0073]",0.22276197373867035,2024-07-29-16-41-43/SITE443_ORNT275_VIS4mi.png
7,8,"[0.0051, 0.0121, 0.0231, 0.0629, 0.0581, 0.1258, 0.1976, 0.2453, 0.1118, 0.1581]",0.2452533096075058,2024-09-22-16-46-10/SITE203_ORNT220_VIS9mi.png
6,4,"[0.0667, 0.0742, 0.0805, 0.1075, 0.1223, 0.1273, 0.1870, 0.1297, 0.0249, 0.0799]",0.186996728181839,2024-10-13-15-24-41/SITE58_ORNT245_VIS5mi.png
6,6,"[0.0131, 0.0369, 0.0759, 0.0844, 0.1104, 0.1814, 0.1869, 0.1671, 0.1033, 0.0406]",0.18691088259220123,2024-05-27-19-19-47/SITE411_ORNT220_VIS7mi.png
9,8,"[0.0424, 0.0523, 0.1190, 0.0683, 0.0726, 0.1326, 0.0837, 0.1176, 0.0463, 0.2654]",0.265369713306427,2024-08-31-14-30-34/SITE314_ORNT35_VIS9mi.png
3,3,"[0.0715, 0.1674, 0.1000, 0.1800, 0.1071, 0.1119, 0.1330, 0.0948, 0.0278, 0.0066]",0.17997628450393677,2024-09-08-16-00-24/SITE53_ORNT170_VIS4mi.png
8,8,"[0.0049, 0.0109, 0.0342, 0.0144, 0.0472, 0.2094, 0.0361, 0.0443, 0.5783, 0.0203]",0.5782511234283447,2024-08-30-10-00-55/SITE424_ORNT180_VIS9mi.png
8,8,"[0.0030, 0.0050, 0.0063, 0.0038, 0.0174, 0.0302, 0.0129, 0.0216, 0.7991, 0.1008]",0.7990767359733582,2025-02-19-12-18-05/SITE528_ORNT35_VIS9mi.png
6,6,"[0.0134, 0.0377, 0.0227, 0.0312, 0.0563, 0.0997, 0.5317, 0.0706, 0.0377, 0.0989]",0.5317181348800659,2024-07-28-13-48-26/SITE760_ORNT190_VIS7mi.png
3,5,"[0.0457, 0.0901, 0.1206, 0.1769, 0.1388, 0.1358, 0.1200, 0.1098, 0.0356, 0.0268]",0.17690740525722504,2024-07-29-17-46-25/SITE623_ORNT180_VIS6mi.png
8,9,"[0.0009, 0.0044, 0.0094, 0.0014, 0.0126, 0.0672, 0.0211, 0.0343, 0.8098, 0.0390]",0.8098239898681641,2024-08-01-13-32-05/SITE512_ORNT90_VIS15mi.png
3,2,"[0.0904, 0.1733, 0.1220, 0.2030, 0.1348, 0.1098, 0.0720, 0.0686, 0.0182, 0.0078]",0.20303292572498322,2024-08-19-10-27-18/SITE411_ORNT220_VIS3mi.png
1,0,"[0.2297, 0.2638, 0.1373, 0.1553, 0.0890, 0.0434, 0.0415, 0.0317, 0.0047, 0.0035]",0.2638144791126251,2025-03-18-13-52-55/SITE439_ORNT265_VIS1-5mi.png
3,2,"[0.0751, 0.1256, 0.1185, 0.1471, 0.1136, 0.1329, 0.1130, 0.1099, 0.0452, 0.0190]",0.14705847203731537,2024-06-29-10-50-12/SITE203_ORNT220_VIS3mi.png
3,1,"[0.0297, 0.0531, 0.0906, 0.1938, 0.1459, 0.1196, 0.1244, 0.1490, 0.0356, 0.0585]",0.1937911957502365,2024-12-23-15-38-40/SITE719_ORNT180_VIS2-5mi.png
3,5,"[0.0822, 0.0936, 0.1120, 0.1324, 0.1317, 0.1182, 0.0928, 0.1285, 0.0495, 0.0592]",0.1324397772550583,2025-04-01-16-59-16/SITE597_ORNT350_VIS6mi.png
8,4,"[0.0352, 0.0552, 0.0954, 0.0370, 0.1334, 0.1900, 0.0371, 0.0797, 0.3141, 0.0230]",0.31405746936798096,2025-02-01-12-44-07/SITE385_ORNT50_VIS5mi.png
1,3,"[0.2018, 0.2963, 0.1231, 0.1766, 0.0887, 0.0491, 0.0316, 0.0256, 0.0047, 0.0026]",0.29628366231918335,2024-07-01-19-28-49/SITE117_ORNT43_VIS4mi.png
9,6,"[0.0495, 0.0652, 0.1014, 0.0786, 0.0897, 0.1254, 0.1006, 0.1281, 0.0440, 0.2174]",0.2174418717622757,2025-03-26-14-35-40/SITE5_ORNT230_VIS7mi.png
3,7,"[0.0508, 0.0825, 0.0995, 0.2104, 0.1432, 0.1023, 0.1451, 0.1109, 0.0166, 0.0386]",0.2103884220123291,2025-04-01-16-59-16/SITE719_ORNT300_VIS8mi.png
4,3,"[0.0380, 0.0844, 0.1203, 0.0843, 0.1494, 0.1192, 0.0838, 0.1177, 0.1359, 0.0671]",0.1493937075138092,2024-09-08-13-07-06/SITE330_ORNT20_VIS4mi.png
3,4,"[0.0869, 0.1355, 0.1247, 0.1579, 0.1140, 0.1377, 0.1029, 0.0903, 0.0396, 0.0106]",0.1578640639781952,2024-08-29-17-58-30/SITE215_ORNT235_VIS5mi.png
3,2,"[0.0682, 0.1963, 0.1374, 0.2369, 0.1055, 0.0853, 0.0667, 0.0782, 0.0084, 0.0170]",0.23690877854824066,2025-03-05-12-08-53/SITE616_ORNT180_VIS3mi.png
2,7,"[0.1429, 0.0916, 0.1719, 0.0819, 0.0954, 0.1399, 0.0782, 0.1378, 0.0208, 0.0396]",0.1719246506690979,2025-04-10-17-56-44/SITE215_ORNT130_VIS8mi.png
8,0,"[0.0178, 0.0274, 0.0506, 0.0359, 0.0917, 0.1241, 0.0706, 0.0723, 0.3357, 0.1739]",0.335728257894516,2024-08-18-13-20-24/SITE522_ORNT270_VIS1-25mi.png
9,7,"[0.0012, 0.0025, 0.0137, 0.0118, 0.0230, 0.0447, 0.1446, 0.1328, 0.0508, 0.5750]",0.5749762654304504,2024-10-06-17-04-59/SITE215_ORNT235_VIS8mi.png
8,8,"[0.0032, 0.0045, 0.0121, 0.0063, 0.0208, 0.0484, 0.0194, 0.0436, 0.6238, 0.2179]",0.6237639784812927,2024-06-20-11-19-17/SITE508_ORNT225_VIS9mi.png
9,7,"[0.0107, 0.0124, 0.0326, 0.0386, 0.0609, 0.1029, 0.1840, 0.1945, 0.0764, 0.2870]",0.2870030105113983,2024-07-26-10-22-16/SITE569_ORNT276_VIS8mi.png
0,1,"[0.3863, 0.1634, 0.0802, 0.1241, 0.0576, 0.0449, 0.0574, 0.0568, 0.0225, 0.0068]",0.3862854838371277,2025-04-22-15-39-35/SITE36_ORNT165_VIS2-5mi.png
6,6,"[0.0332, 0.0673, 0.0608, 0.0635, 0.0905, 0.1808, 0.3173, 0.1192, 0.0351, 0.0324]",0.31731244921684265,2024-09-30-11-56-46/SITE760_ORNT190_VIS7mi.png
6,7,"[0.0357, 0.0341, 0.0843, 0.0929, 0.0949, 0.1394, 0.1871, 0.1357, 0.0229, 0.1729]",0.1870850920677185,2025-02-27-11-22-46/SITE693_ORNT65_VIS8mi.png
3,3,"[0.0769, 0.1264, 0.1274, 0.2151, 0.1385, 0.0995, 0.0866, 0.0894, 0.0160, 0.0241]",0.2151116579771042,2025-03-04-14-20-15/SITE629_ORNT125_VIS4mi.png
9,4,"[0.0111, 0.0142, 0.0496, 0.0423, 0.0657, 0.1187, 0.1608, 0.1504, 0.0585, 0.3287]",0.32870203256607056,2025-02-14-15-24-27/SITE22_ORNT190_VIS5mi.png
9,9,"[0.0102, 0.0109, 0.0229, 0.0337, 0.0790, 0.0817, 0.1046, 0.2009, 0.0368, 0.4194]",0.41942617297172546,2025-04-11-14-52-32/SITE579_ORNT210_VIS10+mi.png
9,9,"[0.0056, 0.0060, 0.0276, 0.0249, 0.0360, 0.0640, 0.1684, 0.1873, 0.0499, 0.4304]",0.43041911721229553,2024-10-13-12-27-42/SITE573_ORNT260_VIS10+mi.png
9,9,"[0.0237, 0.0363, 0.0536, 0.0683, 0.0785, 0.0882, 0.0900, 0.1718, 0.0529, 0.3366]",0.33655375242233276,2025-03-23-13-51-54/SITE11_ORNT253_VIS10+mi.png
1,7,"[0.0948, 0.2433, 0.1353, 0.2206, 0.1111, 0.0787, 0.0589, 0.0462, 0.0054, 0.0059]",0.24326135218143463,2025-03-05-12-08-53/SITE808_ORNT235_VIS8mi.png
8,5,"[0.0369, 0.0574, 0.1189, 0.0293, 0.1378, 0.1727, 0.0457, 0.1188, 0.2225, 0.0599]",0.22248882055282593,2025-02-02-12-13-03/SITE325_ORNT280_VIS6mi.png
3,1,"[0.1417, 0.1563, 0.1347, 0.1869, 0.1255, 0.0879, 0.0798, 0.0576, 0.0142, 0.0153]",0.18690010905265808,2024-05-23-15-19-49/SITE104_ORNT325_VIS2mi.png
0,0,"[0.2796, 0.2411, 0.1206, 0.1401, 0.0918, 0.0440, 0.0428, 0.0290, 0.0070, 0.0039]",0.2795957326889038,2025-01-31-13-49-43/SITE658_ORNT305_VIS1mi.png
9,9,"[0.0001, 0.0006, 0.0003, 0.0058, 0.0098, 0.0055, 0.0073, 0.0843, 0.0018, 0.8846]",0.8845753073692322,2025-04-01-16-59-16/SITE617_ORNT315_VIS10+mi.png
3,3,"[0.0652, 0.1067, 0.1197, 0.1659, 0.1293, 0.1214, 0.0922, 0.1149, 0.0480, 0.0368]",0.16588841378688812,2025-03-15-15-41-34/SITE601_ORNT250_VIS4mi.png
0,0,"[0.4851, 0.1629, 0.1251, 0.0791, 0.0396, 0.0203, 0.0274, 0.0517, 0.0070, 0.0018]",0.48512473702430725,2025-02-04-15-47-48/SITE14_ORNT195_VIS1mi.png
2,0,"[0.1482, 0.1462, 0.1585, 0.1148, 0.1020, 0.1195, 0.0952, 0.0867, 0.0131, 0.0158]",0.1585056036710739,2024-06-10-18-34-10/SITE94_ORNT80_VIS1-25mi.png
6,9,"[0.0069, 0.0131, 0.0280, 0.0345, 0.0529, 0.1150, 0.3064, 0.1501, 0.0485, 0.2446]",0.3063631057739258,2025-04-02-15-05-32/SITE417_ORNT220_VIS10+mi.png
1,1,"[0.1686, 0.2105, 0.1377, 0.1705, 0.1109, 0.0727, 0.0552, 0.0532, 0.0115, 0.0093]",0.21045714616775513,2024-05-30-17-47-26/SITE25_ORNT30_VIS2mi.png
2,7,"[0.1301, 0.0899, 0.1447, 0.1106, 0.0605, 0.1271, 0.0446, 0.1105, 0.0579, 0.1240]",0.14474248886108398,2025-03-11-17-13-52/SITE198_ORNT80_VIS8mi.png
6,6,"[0.0020, 0.0116, 0.0051, 0.0085, 0.0194, 0.0388, 0.7772, 0.0593, 0.0227, 0.0555]",0.7771868705749512,2024-07-18-14-04-18/SITE760_ORNT190_VIS7mi.png
5,3,"[0.0139, 0.0315, 0.0446, 0.1537, 0.1536, 0.2851, 0.1950, 0.0811, 0.0232, 0.0183]",0.28505292534828186,2024-08-02-13-37-25/SITE19_ORNT170_VIS4mi.png
1,3,"[0.1739, 0.2140, 0.1411, 0.1610, 0.1082, 0.0708, 0.0613, 0.0493, 0.0113, 0.0092]",0.2140425443649292,2024-05-22-13-05-54/SITE205_ORNT165_VIS4mi.png
9,9,"[0.0055, 0.0074, 0.0143, 0.0245, 0.0570, 0.0780, 0.1464, 0.1573, 0.0656, 0.4440]",0.4439842700958252,2025-03-15-15-41-34/SITE21_ORNT280_VIS10+mi.png
9,5,"[0.0086, 0.0198, 0.0272, 0.1253, 0.1165, 0.0862, 0.1564, 0.2147, 0.0284, 0.2167]",0.21671871840953827,2024-08-02-10-36-13/SITE262_ORNT290_VIS6mi.png
5,5,"[0.0794, 0.0902, 0.1529, 0.0552, 0.0957, 0.2003, 0.0940, 0.0818, 0.1197, 0.0308]",0.20033249258995056,2025-02-10-14-47-56/SITE17_ORNT340_VIS6mi.png
3,3,"[0.0599, 0.1268, 0.1344, 0.1741, 0.1245, 0.1263, 0.0922, 0.1031, 0.0173, 0.0414]",0.17410267889499664,2024-05-08-14-34-39/SITE43_ORNT270_VIS4mi.png
9,9,"[0.0179, 0.0264, 0.0543, 0.0647, 0.0740, 0.1197, 0.1182, 0.1130, 0.0763, 0.3356]",0.3356442451477051,2025-03-17-19-09-03/SITE24_ORNT120_VIS10+mi.png
1,6,"[0.1558, 0.2086, 0.1202, 0.1897, 0.1188, 0.0800, 0.0541, 0.0510, 0.0130, 0.0088]",0.20862965285778046,2024-12-16-12-39-30/SITE721_ORNT140_VIS7mi.png
3,7,"[0.0848, 0.1615, 0.0979, 0.2290, 0.1439, 0.0984, 0.0867, 0.0738, 0.0138, 0.0102]",0.22903494536876678,2024-07-14-16-38-50/SITE239_ORNT110_VIS8mi.png
2,4,"[0.1088, 0.0999, 0.1443, 0.1209, 0.1150, 0.1142, 0.0903, 0.1321, 0.0290, 0.0456]",0.144310861825943,2024-06-20-14-40-34/SITE253_ORNT280_VIS5mi.png
1,4,"[0.1007, 0.2380, 0.1288, 0.2082, 0.1077, 0.0894, 0.0624, 0.0498, 0.0092, 0.0057]",0.23797796666622162,2024-04-25-17-48-06/SITE244_ORNT177_VIS5mi.png
1,7,"[0.2748, 0.2800, 0.1396, 0.1007, 0.0768, 0.0541, 0.0311, 0.0324, 0.0089, 0.0015]",0.27997252345085144,2025-02-02-12-13-03/SITE534_ORNT315_VIS8mi.png
0,5,"[0.2554, 0.2425, 0.1669, 0.0650, 0.0953, 0.0821, 0.0286, 0.0425, 0.0201, 0.0016]",0.2553860545158386,2025-02-27-11-22-46/SITE358_ORNT285_VIS6mi.png
0,5,"[0.5246, 0.2007, 0.1572, 0.0389, 0.0264, 0.0096, 0.0127, 0.0278, 0.0018, 0.0005]",0.5245723724365234,2025-03-02-13-12-40/SITE207_ORNT235_VIS6mi.png
1,0,"[0.2389, 0.2906, 0.1197, 0.1628, 0.0879, 0.0413, 0.0271, 0.0248, 0.0046, 0.0024]",0.2905765175819397,2025-02-01-17-30-02/SITE30_ORNT345_VIS1mi.png
9,4,"[0.0160, 0.0346, 0.0622, 0.0650, 0.0795, 0.1060, 0.1422, 0.1735, 0.0679, 0.2532]",0.2531968057155609,2024-10-18-12-30-03/SITE539_ORNT310_VIS5mi.png
9,9,"[0.0030, 0.0087, 0.0250, 0.0094, 0.0238, 0.0599, 0.0261, 0.0346, 0.2601, 0.5496]",0.5495659112930298,2025-01-31-13-49-43/SITE564_ORNT315_VIS10+mi.png
0,3,"[0.2112, 0.1962, 0.1440, 0.1401, 0.1015, 0.0642, 0.0553, 0.0616, 0.0196, 0.0063]",0.2112029790878296,2024-12-29-16-00-12/SITE164_ORNT68_VIS4mi.png
1,0,"[0.1076, 0.1696, 0.1410, 0.1326, 0.1100, 0.1550, 0.0639, 0.0724, 0.0304, 0.0176]",0.16963568329811096,2025-03-31-15-41-11/SITE606_ORNT180_VIS1-75mi.png
9,5,"[0.0058, 0.0078, 0.0166, 0.0297, 0.0585, 0.1951, 0.1618, 0.0455, 0.1818, 0.2975]",0.2974732518196106,2024-08-12-20-17-35/SITE22_ORNT0_VIS6mi.png
0,2,"[0.3003, 0.2451, 0.1658, 0.0540, 0.0917, 0.0661, 0.0249, 0.0356, 0.0156, 0.0009]",0.3003433644771576,2024-12-16-12-39-30/SITE339_ORNT290_VIS3mi.png
0,3,"[0.2053, 0.1780, 0.1133, 0.1921, 0.1380, 0.0822, 0.0532, 0.0294, 0.0060, 0.0026]",0.20531052350997925,2025-03-29-15-28-57/SITE240_ORNT227_VIS4mi.png
1,5,"[0.1902, 0.2860, 0.1306, 0.1762, 0.0897, 0.0522, 0.0368, 0.0301, 0.0050, 0.0032]",0.2859817445278168,2024-12-16-12-39-30/SITE520_ORNT0_VIS6mi.png
3,4,"[0.0769, 0.1279, 0.1204, 0.1965, 0.1377, 0.1065, 0.0909, 0.0984, 0.0276, 0.0172]",0.19653280079364777,2024-05-09-16-15-37/SITE418_ORNT138_VIS5mi.png
3,7,"[0.0292, 0.0976, 0.1415, 0.2000, 0.1161, 0.0887, 0.1284, 0.1042, 0.0125, 0.0818]",0.2000134140253067,2024-07-29-16-41-43/SITE261_ORNT270_VIS8mi.png
0,6,"[0.5189, 0.2116, 0.1769, 0.0300, 0.0216, 0.0072, 0.0080, 0.0245, 0.0010, 0.0003]",0.5188541412353516,2025-03-02-13-12-40/SITE98_ORNT80_VIS7mi.png
9,9,"[0.0075, 0.0100, 0.0349, 0.0260, 0.0408, 0.0645, 0.0829, 0.1064, 0.0963, 0.5308]",0.5308489799499512,2025-03-03-11-33-30/SITE616_ORNT0_VIS10+mi.png
6,9,"[0.0617, 0.0261, 0.0863, 0.0733, 0.0739, 0.1907, 0.2636, 0.1342, 0.0283, 0.0619]",0.2636260688304901,2024-10-14-13-08-27/SITE59_ORNT10_VIS10+mi.png
1,8,"[0.1570, 0.1937, 0.1344, 0.1439, 0.1062, 0.1083, 0.0546, 0.0645, 0.0290, 0.0084]",0.1936805546283722,2024-05-28-11-05-32/SITE480_ORNT140_VIS9mi.png
1,1,"[0.1699, 0.1942, 0.1790, 0.1034, 0.1024, 0.1311, 0.0476, 0.0497, 0.0198, 0.0029]",0.1942114531993866,2024-07-02-10-19-43/SITE747_ORNT0_VIS2-5mi.png
1,2,"[0.2186, 0.2419, 0.1321, 0.1576, 0.0970, 0.0544, 0.0489, 0.0369, 0.0075, 0.0051]",0.24189536273479462,2025-04-22-15-39-35/SITE602_ORNT270_VIS3mi.png
6,6,"[0.0275, 0.0361, 0.0650, 0.0540, 0.0742, 0.1566, 0.2466, 0.1689, 0.0463, 0.1246]",0.24663476645946503,2025-02-04-15-47-48/SITE13_ORNT85_VIS7mi.png
5,5,"[0.0779, 0.1025, 0.1395, 0.0457, 0.1459, 0.1945, 0.0388, 0.0698, 0.1748, 0.0106]",0.19448500871658325,2025-03-11-17-13-52/SITE494_ORNT270_VIS6mi.png
8,5,"[0.0029, 0.0103, 0.0188, 0.0562, 0.0650, 0.0794, 0.0587, 0.1340, 0.5648, 0.0099]",0.5648248195648193,2024-08-18-19-28-16/SITE367_ORNT110_VIS6mi.png
9,9,"[0.0085, 0.0111, 0.0272, 0.0310, 0.0550, 0.1028, 0.1936, 0.1283, 0.1343, 0.3081]",0.30810490250587463,2024-12-17-16-15-56/SITE80_ORNT83_VIS10+mi.png
8,8,"[0.0298, 0.0477, 0.0895, 0.0898, 0.1173, 0.1654, 0.0975, 0.1173, 0.2207, 0.0250]",0.22074323892593384,2024-06-28-13-30-05/SITE336_ORNT180_VIS9mi.png
0,2,"[0.2256, 0.2032, 0.1254, 0.1575, 0.0904, 0.0600, 0.0618, 0.0525, 0.0143, 0.0093]",0.2255977839231491,2024-08-18-13-20-24/SITE179_ORNT185_VIS3mi.png
0,1,"[0.3507, 0.2717, 0.1087, 0.1182, 0.0646, 0.0272, 0.0306, 0.0227, 0.0039, 0.0016]",0.3506992757320404,2024-10-11-15-41-13/SITE256_ORNT290_VIS2-5mi.png
1,1,"[0.1888, 0.1890, 0.1695, 0.0655, 0.1191, 0.1231, 0.0317, 0.0586, 0.0514, 0.0034]",0.18898701667785645,2025-02-14-15-24-27/SITE394_ORNT0_VIS2-25mi.png
3,6,"[0.0547, 0.0662, 0.1053, 0.1877, 0.1472, 0.1129, 0.1280, 0.1357, 0.0225, 0.0398]",0.1877293884754181,2024-05-03-19-33-18/SITE49_ORNT315_VIS7mi.png
1,5,"[0.1810, 0.2681, 0.1285, 0.1849, 0.0991, 0.0577, 0.0377, 0.0335, 0.0058, 0.0037]",0.26811841130256653,2024-10-10-15-17-15/SITE160_ORNT237_VIS6mi.png
8,8,"[0.0081, 0.0183, 0.0196, 0.0254, 0.0560, 0.0710, 0.0445, 0.0879, 0.5562, 0.1130]",0.556210458278656,2024-07-07-15-01-32/SITE376_ORNT170_VIS9mi.png
1,3,"[0.1255, 0.1729, 0.1475, 0.1487, 0.1100, 0.1081, 0.0738, 0.0766, 0.0186, 0.0184]",0.17288614809513092,2024-10-18-12-30-03/SITE8_ORNT278_VIS4mi.png
1,7,"[0.1757, 0.2493, 0.1150, 0.1995, 0.1091, 0.0596, 0.0401, 0.0384, 0.0079, 0.0053]",0.2493392676115036,2025-02-05-13-59-56/SITE41_ORNT25_VIS8mi.png
1,4,"[0.1242, 0.2285, 0.1338, 0.2264, 0.1113, 0.0675, 0.0578, 0.0369, 0.0055, 0.0081]",0.22852203249931335,2024-12-29-16-00-12/SITE658_ORNT260_VIS5mi.png
9,9,"[0.0202, 0.0325, 0.0850, 0.0856, 0.0935, 0.1403, 0.1585, 0.1523, 0.0479, 0.1843]",0.18428532779216766,2024-12-09-12-13-38/SITE97_ORNT200_VIS10+mi.png
0,4,"[0.5012, 0.1221, 0.1124, 0.0842, 0.0364, 0.0226, 0.0238, 0.0806, 0.0138, 0.0029]",0.5012365579605103,2025-03-11-17-13-52/SITE205_ORNT165_VIS5mi.png
1,1,"[0.2186, 0.2323, 0.1306, 0.1476, 0.0998, 0.0639, 0.0486, 0.0405, 0.0120, 0.0061]",0.2323058843612671,2025-01-15-15-33-17/SITE129_ORNT356_VIS2mi.png
4,5,"[0.0134, 0.0275, 0.0245, 0.2003, 0.2050, 0.1750, 0.1956, 0.0971, 0.0152, 0.0464]",0.20497789978981018,2024-09-07-13-37-18/SITE209_ORNT260_VIS6mi.png
9,1,"[0.0385, 0.0455, 0.1139, 0.1011, 0.0998, 0.1398, 0.1325, 0.1455, 0.0305, 0.1530]",0.15295709669589996,2024-10-07-12-00-07/SITE629_ORNT125_VIS2-5mi.png
9,9,"[0.0468, 0.0590, 0.1254, 0.1027, 0.0931, 0.1027, 0.0948, 0.1372, 0.0362, 0.2021]",0.20212851464748383,2025-04-22-15-39-35/SITE167_ORNT60_VIS10+mi.png
5,0,"[0.1247, 0.1385, 0.1387, 0.0837, 0.1234, 0.1520, 0.0412, 0.0796, 0.1098, 0.0085]",0.15202394127845764,2024-12-29-16-00-12/SITE345_ORNT225_VIS1-25mi.png
6,6,"[0.0138, 0.0187, 0.0254, 0.0240, 0.0297, 0.0819, 0.6495, 0.0512, 0.0227, 0.0831]",0.6494929194450378,2025-03-31-15-41-11/SITE760_ORNT255_VIS7mi.png
9,5,"[0.0257, 0.0343, 0.0783, 0.0735, 0.0903, 0.1366, 0.1686, 0.1169, 0.0672, 0.2085]",0.20852109789848328,2025-03-06-15-10-58/SITE22_ORNT0_VIS6mi.png
3,8,"[0.0588, 0.1122, 0.1200, 0.1543, 0.1244, 0.1476, 0.1244, 0.1032, 0.0224, 0.0327]",0.15427061915397644,2025-02-15-15-20-00/SITE65_ORNT234_VIS9mi.png
3,2,"[0.0883, 0.1370, 0.1100, 0.1988, 0.1379, 0.1027, 0.0968, 0.0896, 0.0230, 0.0158]",0.19882196187973022,2024-07-14-10-21-23/SITE411_ORNT75_VIS3mi.png
1,1,"[0.1753, 0.2232, 0.1477, 0.1715, 0.1044, 0.0708, 0.0560, 0.0377, 0.0062, 0.0073]",0.2231595665216446,2025-03-01-18-07-41/SITE86_ORNT321_VIS2-5mi.png
9,5,"[0.0053, 0.0110, 0.0192, 0.0654, 0.0657, 0.0655, 0.1335, 0.2309, 0.0546, 0.3489]",0.3489333987236023,2025-02-15-15-20-00/SITE86_ORNT75_VIS6mi.png
8,7,"[0.0215, 0.0319, 0.0668, 0.0252, 0.0991, 0.1823, 0.0331, 0.0633, 0.4448, 0.0319]",0.4448242485523224,2025-02-17-14-46-26/SITE389_ORNT120_VIS8mi.png
0,4,"[0.2451, 0.2208, 0.1754, 0.0544, 0.1068, 0.0961, 0.0271, 0.0436, 0.0291, 0.0015]",0.2450803965330124,2025-02-19-12-18-05/SITE309_ORNT325_VIS5mi.png
5,1,"[0.0630, 0.1321, 0.1231, 0.1377, 0.1152, 0.1437, 0.1154, 0.1188, 0.0356, 0.0154]",0.14368151128292084,2024-08-30-10-00-55/SITE161_ORNT316_VIS2-5mi.png
1,2,"[0.2077, 0.2173, 0.1322, 0.1491, 0.0968, 0.0623, 0.0624, 0.0498, 0.0139, 0.0084]",0.21729598939418793,2024-09-08-13-07-06/SITE98_ORNT245_VIS3mi.png
0,3,"[0.2141, 0.2001, 0.1562, 0.0807, 0.1065, 0.0982, 0.0427, 0.0572, 0.0388, 0.0054]",0.21407414972782135,2025-02-01-12-44-07/SITE331_ORNT315_VIS4mi.png
3,7,"[0.0710, 0.1720, 0.1596, 0.1915, 0.1164, 0.0920, 0.0784, 0.0837, 0.0104, 0.0250]",0.19149531424045563,2024-05-09-16-15-37/SITE132_ORNT30_VIS8mi.png
3,2,"[0.0878, 0.1764, 0.1223, 0.1962, 0.1194, 0.1264, 0.0773, 0.0657, 0.0176, 0.0111]",0.19619721174240112,2025-03-06-15-10-58/SITE186_ORNT110_VIS3mi.png
1,7,"[0.1234, 0.2453, 0.1600, 0.1810, 0.1044, 0.0584, 0.0674, 0.0443, 0.0057, 0.0101]",0.24534721672534943,2024-12-10-14-08-09/SITE186_ORNT275_VIS8mi.png
8,3,"[0.0257, 0.0405, 0.0741, 0.0874, 0.1298, 0.1767, 0.0647, 0.1030, 0.2863, 0.0118]",0.28632161021232605,2024-07-25-18-03-52/SITE375_ORNT330_VIS4mi.png
1,7,"[0.2023, 0.2340, 0.1300, 0.1654, 0.1062, 0.0626, 0.0452, 0.0386, 0.0092, 0.0063]",0.23400869965553284,2025-02-10-14-47-56/SITE128_ORNT303_VIS8mi.png
1,4,"[0.1870, 0.2998, 0.1296, 0.1721, 0.0847, 0.0540, 0.0369, 0.0282, 0.0051, 0.0027]",0.29975801706314087,2024-07-14-16-38-50/SITE40_ORNT180_VIS5mi.png
9,9,"[0.0040, 0.0068, 0.0137, 0.0350, 0.0361, 0.0543, 0.0667, 0.2508, 0.1136, 0.4191]",0.4191233217716217,2024-12-29-16-00-12/SITE582_ORNT270_VIS10+mi.png
2,5,"[0.0799, 0.0909, 0.2050, 0.1081, 0.0986, 0.1517, 0.0740, 0.0768, 0.0061, 0.1089]",0.20497320592403412,2025-04-13-19-09-12/SITE622_ORNT50_VIS6mi.png
1,1,"[0.1976, 0.2328, 0.1334, 0.1527, 0.0986, 0.0661, 0.0578, 0.0416, 0.0120, 0.0074]",0.23284192383289337,2025-04-02-15-05-32/SITE786_ORNT40_VIS2mi.png
3,4,"[0.0617, 0.0940, 0.1116, 0.1430, 0.1223, 0.1238, 0.1128, 0.1340, 0.0632, 0.0335]",0.143036887049675,2024-06-22-10-56-07/SITE234_ORNT304_VIS5mi.png
1,0,"[0.1519, 0.1851, 0.1260, 0.1839, 0.1225, 0.0772, 0.0617, 0.0619, 0.0155, 0.0143]",0.18514865636825562,2024-12-09-12-13-38/SITE508_ORNT315_VIS1-25mi.png
0,0,"[0.3160, 0.1662, 0.1083, 0.0996, 0.0714, 0.0690, 0.0486, 0.0638, 0.0386, 0.0184]",0.31597843766212463,2025-01-17-15-10-02/SITE561_ORNT350_VIS1mi.png
3,6,"[0.1020, 0.1499, 0.1533, 0.1581, 0.1176, 0.1119, 0.0877, 0.0857, 0.0175, 0.0162]",0.1581389307975769,2024-10-06-17-04-59/SITE253_ORNT195_VIS7mi.png
6,9,"[0.0352, 0.0262, 0.0583, 0.0798, 0.0739, 0.2156, 0.2771, 0.0952, 0.0462, 0.0926]",0.2771489918231964,2025-03-26-12-24-08/SITE694_ORNT35_VIS10+mi.png
8,4,"[0.0304, 0.0441, 0.0785, 0.0898, 0.1291, 0.1767, 0.0562, 0.0985, 0.2816, 0.0150]",0.28160881996154785,2024-06-29-15-18-41/SITE380_ORNT220_VIS5mi.png
7,6,"[0.0289, 0.0657, 0.0974, 0.1537, 0.1260, 0.1335, 0.1488, 0.1563, 0.0504, 0.0392]",0.15629258751869202,2024-08-11-13-07-09/SITE446_ORNT165_VIS7mi.png
9,1,"[0.0233, 0.0285, 0.0561, 0.0587, 0.0860, 0.1345, 0.1571, 0.1537, 0.0654, 0.2367]",0.23669329285621643,2024-05-08-14-34-39/SITE629_ORNT60_VIS2-5mi.png
1,1,"[0.1563, 0.2052, 0.1463, 0.1537, 0.1048, 0.0776, 0.0701, 0.0602, 0.0130, 0.0127]",0.20517626404762268,2024-07-05-14-33-31/SITE217_ORNT100_VIS2mi.png
1,5,"[0.1924, 0.2574, 0.1337, 0.1785, 0.0982, 0.0527, 0.0460, 0.0318, 0.0051, 0.0044]",0.25738516449928284,2025-01-22-12-38-15/SITE807_ORNT190_VIS6mi.png
6,0,"[0.1072, 0.0926, 0.0847, 0.1274, 0.1221, 0.1060, 0.2299, 0.0772, 0.0123, 0.0407]",0.22988523542881012,2025-02-02-12-13-03/SITE446_ORNT165_VIS1-75mi.png
1,3,"[0.1357, 0.2502, 0.1299, 0.2084, 0.1052, 0.0711, 0.0488, 0.0373, 0.0069, 0.0065]",0.250211626291275,2024-07-04-13-27-11/SITE421_ORNT170_VIS4mi.png
3,6,"[0.0574, 0.1155, 0.1161, 0.2380, 0.1458, 0.0946, 0.0985, 0.0989, 0.0104, 0.0248]",0.2379925400018692,2025-03-15-15-41-34/SITE735_ORNT0_VIS7mi.png
1,7,"[0.1684, 0.2044, 0.1327, 0.1633, 0.1127, 0.0838, 0.0532, 0.0570, 0.0179, 0.0066]",0.20440898835659027,2024-07-25-18-03-52/SITE420_ORNT275_VIS8mi.png
9,2,"[0.0291, 0.0369, 0.0648, 0.0498, 0.0908, 0.1430, 0.1411, 0.1309, 0.1255, 0.1880]",0.18804392218589783,2025-02-16-12-49-10/SITE66_ORNT162_VIS3mi.png
1,0,"[0.2027, 0.2066, 0.1302, 0.1874, 0.1144, 0.0562, 0.0519, 0.0370, 0.0065, 0.0070]",0.2066052407026291,2024-05-08-14-34-39/SITE17_ORNT95_VIS1mi.png
9,8,"[0.0085, 0.0340, 0.0594, 0.0802, 0.0846, 0.0916, 0.1263, 0.1728, 0.0731, 0.2695]",0.2695019245147705,2024-10-07-14-17-08/SITE480_ORNT310_VIS9mi.png
7,8,"[0.0214, 0.0323, 0.0743, 0.1344, 0.1202, 0.1181, 0.1547, 0.1820, 0.0486, 0.1140]",0.1820068359375,2025-01-26-13-23-03/SITE834_ORNT220_VIS9mi.png
2,3,"[0.1136, 0.1061, 0.3551, 0.0493, 0.0677, 0.1603, 0.0775, 0.0506, 0.0162, 0.0037]",0.3550805151462555,2025-02-05-13-59-56/SITE747_ORNT255_VIS4mi.png
3,7,"[0.0587, 0.1020, 0.1047, 0.1683, 0.1528, 0.1369, 0.1064, 0.1122, 0.0471, 0.0110]",0.16826866567134857,2024-08-31-14-30-34/SITE73_ORNT335_VIS8mi.png
1,0,"[0.1936, 0.2115, 0.1543, 0.0807, 0.1070, 0.1168, 0.0374, 0.0554, 0.0389, 0.0044]",0.2114560753107071,2024-04-25-17-48-06/SITE399_ORNT45_VIS1-25mi.png
8,8,"[0.0024, 0.0068, 0.0220, 0.0322, 0.0573, 0.1175, 0.1122, 0.1275, 0.4687, 0.0536]",0.4686693549156189,2024-08-30-10-00-55/SITE520_ORNT90_VIS9mi.png
0,0,"[0.2337, 0.2240, 0.1262, 0.1516, 0.1043, 0.0564, 0.0474, 0.0399, 0.0101, 0.0064]",0.2337280660867691,2025-01-31-13-49-43/SITE818_ORNT40_VIS1-75mi.png
1,0,"[0.1901, 0.2772, 0.1152, 0.1915, 0.0992, 0.0544, 0.0332, 0.0301, 0.0062, 0.0031]",0.27716636657714844,2024-07-07-11-04-33/SITE65_ORNT290_VIS1-75mi.png
2,1,"[0.1240, 0.1313, 0.1856, 0.1106, 0.1140, 0.1482, 0.0756, 0.0709, 0.0312, 0.0086]",0.1856011152267456,2024-07-02-10-19-43/SITE747_ORNT315_VIS2-5mi.png
9,9,"[0.0222, 0.0317, 0.0387, 0.0684, 0.1041, 0.1347, 0.1565, 0.1405, 0.0419, 0.2614]",0.2613818347454071,2025-03-18-13-52-55/SITE212_ORNT170_VIS10+mi.png
9,5,"[0.0154, 0.0203, 0.0187, 0.0642, 0.1401, 0.1790, 0.1371, 0.1175, 0.0471, 0.2605]",0.26054587960243225,2024-06-16-11-08-10/SITE19_ORNT260_VIS6mi.png
8,4,"[0.0233, 0.0406, 0.0723, 0.0558, 0.1059, 0.2079, 0.0462, 0.0799, 0.3506, 0.0175]",0.35059794783592224,2024-05-27-19-19-47/SITE490_ORNT280_VIS5mi.png
0,4,"[0.4004, 0.1908, 0.1468, 0.0765, 0.0548, 0.0350, 0.0354, 0.0500, 0.0070, 0.0032]",0.4004051089286804,2025-01-31-13-49-43/SITE229_ORNT329_VIS5mi.png
5,6,"[0.0814, 0.0997, 0.1283, 0.0896, 0.1288, 0.1826, 0.0526, 0.0775, 0.1487, 0.0107]",0.18263356387615204,2024-05-13-18-48-49/SITE327_ORNT330_VIS7mi.png
3,7,"[0.0440, 0.0728, 0.0870, 0.1639, 0.1558, 0.1592, 0.1052, 0.1209, 0.0788, 0.0124]",0.16390448808670044,2025-03-31-13-29-12/SITE18_ORNT135_VIS8mi.png
8,3,"[0.0252, 0.0706, 0.1345, 0.0886, 0.1696, 0.1360, 0.0521, 0.0972, 0.2086, 0.0178]",0.20855380594730377,2024-08-15-16-44-48/SITE380_ORNT55_VIS4mi.png
3,7,"[0.0806, 0.1355, 0.1096, 0.2116, 0.1385, 0.1018, 0.0968, 0.0909, 0.0211, 0.0136]",0.21163098514080048,2024-06-30-10-21-08/SITE587_ORNT280_VIS8mi.png
3,0,"[0.0436, 0.1584, 0.1452, 0.1835, 0.1240, 0.0700, 0.1252, 0.0916, 0.0104, 0.0481]",0.1835380494594574,2024-07-20-11-08-20/SITE186_ORNT275_VIS1-75mi.png
5,6,"[0.0598, 0.0816, 0.1099, 0.1197, 0.1116, 0.1295, 0.1090, 0.1278, 0.0664, 0.0847]",0.12950369715690613,2025-02-11-14-30-47/SITE203_ORNT335_VIS7mi.png
9,7,"[0.0278, 0.0368, 0.0830, 0.0757, 0.0807, 0.1090, 0.1119, 0.1277, 0.0506, 0.2969]",0.2969154119491577,2025-03-26-14-35-40/SITE207_ORNT235_VIS8mi.png
1,1,"[0.2476, 0.2957, 0.1191, 0.1582, 0.0849, 0.0393, 0.0256, 0.0231, 0.0044, 0.0022]",0.29568904638290405,2025-02-16-12-49-10/SITE442_ORNT210_VIS2-5mi.png
3,4,"[0.0777, 0.1104, 0.1195, 0.1570, 0.1257, 0.1320, 0.1055, 0.1012, 0.0334, 0.0376]",0.15699802339076996,2025-04-16-13-54-24/SITE807_ORNT90_VIS5mi.png
3,7,"[0.0919, 0.1669, 0.1423, 0.1953, 0.1267, 0.0956, 0.0737, 0.0749, 0.0116, 0.0211]",0.195345938205719,2024-07-28-13-48-26/SITE417_ORNT220_VIS8mi.png
6,5,"[0.0186, 0.0239, 0.0571, 0.1087, 0.1054, 0.1677, 0.2173, 0.2171, 0.0196, 0.0646]",0.21733933687210083,2024-07-25-18-03-52/SITE557_ORNT291_VIS6mi.png
1,0,"[0.1654, 0.2009, 0.1248, 0.1718, 0.1189, 0.0820, 0.0571, 0.0548, 0.0149, 0.0093]",0.20091655850410461,2024-07-23-13-08-12/SITE58_ORNT90_VIS1mi.png
8,1,"[0.0266, 0.0456, 0.0749, 0.0501, 0.0934, 0.1915, 0.0727, 0.0947, 0.3015, 0.0490]",0.3015367388725281,2024-07-29-17-46-25/SITE426_ORNT250_VIS2-25mi.png
9,0,"[0.0875, 0.0815, 0.1111, 0.1048, 0.0818, 0.1174, 0.0657, 0.1263, 0.0561, 0.1676]",0.16764982044696808,2025-03-15-15-41-34/SITE13_ORNT240_VIS1mi.png
0,1,"[0.4005, 0.2205, 0.1744, 0.0598, 0.0466, 0.0254, 0.0230, 0.0432, 0.0046, 0.0020]",0.4005392789840698,2025-03-01-18-07-41/SITE207_ORNT235_VIS2mi.png
9,7,"[0.0017, 0.0023, 0.0133, 0.0095, 0.0231, 0.0516, 0.2185, 0.1592, 0.0429, 0.4780]",0.4780198633670807,2024-05-07-15-42-07/SITE575_ORNT325_VIS8mi.png
1,5,"[0.2243, 0.2307, 0.1624, 0.0754, 0.1009, 0.0936, 0.0333, 0.0491, 0.0276, 0.0028]",0.2306726723909378,2025-03-02-11-48-27/SITE528_ORNT310_VIS6mi.png
9,9,"[0.0044, 0.0062, 0.0134, 0.0292, 0.0553, 0.1046, 0.1947, 0.1653, 0.0334, 0.3935]",0.39354240894317627,2025-03-11-17-13-52/SITE587_ORNT280_VIS10+mi.png
5,3,"[0.0600, 0.0647, 0.1618, 0.0881, 0.0987, 0.1947, 0.1367, 0.0995, 0.0432, 0.0525]",0.19469809532165527,2024-07-04-10-22-12/SITE239_ORNT202_VIS4mi.png
3,5,"[0.0658, 0.1269, 0.1335, 0.1800, 0.1209, 0.1162, 0.1011, 0.1034, 0.0207, 0.0315]",0.17996415495872498,2024-07-07-11-04-33/SITE49_ORNT265_VIS6mi.png
1,4,"[0.1661, 0.2465, 0.1276, 0.1854, 0.1096, 0.0653, 0.0451, 0.0408, 0.0074, 0.0063]",0.24650180339813232,2025-03-17-19-09-03/SITE10_ORNT175_VIS5mi.png
7,6,"[0.0139, 0.0158, 0.0453, 0.0631, 0.0787, 0.1110, 0.1937, 0.2180, 0.0674, 0.1931]",0.2179572582244873,2024-07-28-11-17-19/SITE557_ORNT291_VIS7mi.png
9,4,"[0.0051, 0.0086, 0.0160, 0.0353, 0.0583, 0.1168, 0.1814, 0.1065, 0.1147, 0.3574]",0.3574269711971283,2024-07-02-10-19-43/SITE22_ORNT285_VIS5mi.png
7,4,"[0.0249, 0.0337, 0.0302, 0.0677, 0.1577, 0.1092, 0.0937, 0.2342, 0.0355, 0.2131]",0.23419630527496338,2024-07-30-16-52-29/SITE722_ORNT115_VIS5mi.png
5,6,"[0.0152, 0.0505, 0.0954, 0.0628, 0.1163, 0.1910, 0.1414, 0.1103, 0.1779, 0.0393]",0.19097304344177246,2024-08-11-09-28-59/SITE747_ORNT0_VIS7mi.png
9,2,"[0.0263, 0.0241, 0.0586, 0.0675, 0.0832, 0.1228, 0.1927, 0.1560, 0.0339, 0.2349]",0.2349088490009308,2025-02-04-15-47-48/SITE18_ORNT135_VIS3mi.png
0,0,"[0.4612, 0.2274, 0.1269, 0.0717, 0.0379, 0.0155, 0.0192, 0.0349, 0.0044, 0.0009]",0.4611579477787018,2024-12-24-15-14-57/SITE65_ORNT64_VIS1-5mi.png
1,7,"[0.2794, 0.2802, 0.1188, 0.1433, 0.0819, 0.0358, 0.0332, 0.0210, 0.0042, 0.0022]",0.28018948435783386,2024-07-26-10-22-16/SITE443_ORNT275_VIS8mi.png
1,2,"[0.1429, 0.1637, 0.1360, 0.1464, 0.1096, 0.1045, 0.0806, 0.0748, 0.0333, 0.0083]",0.16368167102336884,2024-08-15-16-44-48/SITE21_ORNT10_VIS3mi.png
1,5,"[0.2111, 0.2728, 0.1228, 0.1750, 0.0956, 0.0502, 0.0331, 0.0299, 0.0059, 0.0036]",0.2727903425693512,2025-02-04-15-47-48/SITE725_ORNT295_VIS6mi.png
0,4,"[0.2989, 0.2339, 0.1178, 0.1385, 0.0935, 0.0411, 0.0394, 0.0266, 0.0060, 0.0043]",0.29889625310897827,2024-12-27-14-55-32/SITE446_ORNT10_VIS5mi.png
0,3,"[0.3822, 0.2333, 0.1625, 0.0722, 0.0478, 0.0229, 0.0261, 0.0457, 0.0053, 0.0021]",0.38217025995254517,2025-02-15-15-20-00/SITE194_ORNT237_VIS4mi.png
5,7,"[0.0249, 0.0472, 0.0696, 0.1530, 0.1500, 0.1806, 0.1078, 0.1382, 0.1063, 0.0224]",0.18064016103744507,2024-08-01-10-54-34/SITE240_ORNT48_VIS8mi.png
8,2,"[0.0172, 0.0418, 0.0972, 0.0371, 0.0894, 0.2188, 0.0784, 0.0889, 0.3216, 0.0096]",0.32162049412727356,2024-08-19-10-27-18/SITE322_ORNT0_VIS3mi.png
1,9,"[0.1774, 0.2178, 0.1057, 0.1435, 0.1301, 0.0801, 0.0533, 0.0624, 0.0159, 0.0138]",0.2178455889225006,2025-03-04-14-20-15/SITE447_ORNT295_VIS10+mi.png
8,8,"[0.0038, 0.0065, 0.0059, 0.0061, 0.0151, 0.0244, 0.0162, 0.0315, 0.7382, 0.1523]",0.7382012009620667,2024-08-19-10-27-18/SITE464_ORNT90_VIS9mi.png
3,6,"[0.1171, 0.1773, 0.1135, 0.2014, 0.1359, 0.0873, 0.0695, 0.0717, 0.0168, 0.0096]",0.2013753056526184,2024-08-19-19-34-52/SITE388_ORNT325_VIS7mi.png
1,7,"[0.1208, 0.1705, 0.1656, 0.1488, 0.1075, 0.0908, 0.0777, 0.0811, 0.0147, 0.0225]",0.17045122385025024,2024-06-06-17-01-51/SITE258_ORNT170_VIS8mi.png
1,5,"[0.1264, 0.2113, 0.1305, 0.1711, 0.1150, 0.0980, 0.0602, 0.0613, 0.0157, 0.0106]",0.21129988133907318,2024-07-05-10-36-13/SITE7_ORNT55_VIS6mi.png
1,0,"[0.2478, 0.2557, 0.1273, 0.1634, 0.0938, 0.0418, 0.0391, 0.0234, 0.0041, 0.0036]",0.2557131052017212,2024-07-29-16-41-43/SITE13_ORNT240_VIS1mi.png
5,7,"[0.0723, 0.1009, 0.0794, 0.1165, 0.1278, 0.1377, 0.1101, 0.1092, 0.0194, 0.1267]",0.13773557543754578,2025-02-04-15-47-48/SITE268_ORNT255_VIS8mi.png
3,3,"[0.0683, 0.1415, 0.1212, 0.2249, 0.1421, 0.1060, 0.0812, 0.0841, 0.0140, 0.0167]",0.22489936649799347,2024-06-06-17-01-51/SITE620_ORNT30_VIS4mi.png
6,6,"[0.0094, 0.0095, 0.0269, 0.0529, 0.0857, 0.1293, 0.2254, 0.2216, 0.0331, 0.2062]",0.22542837262153625,2024-08-15-16-44-48/SITE683_ORNT240_VIS7mi.png
3,1,"[0.0656, 0.2101, 0.1351, 0.2366, 0.1149, 0.1113, 0.0642, 0.0478, 0.0074, 0.0072]",0.23659691214561462,2024-10-11-15-41-13/SITE98_ORNT80_VIS2mi.png
9,9,"[0.0220, 0.0238, 0.0899, 0.0522, 0.0585, 0.1055, 0.0787, 0.1338, 0.1030, 0.3325]",0.3324870765209198,2025-01-15-12-14-16/SITE683_ORNT90_VIS10+mi.png
9,6,"[0.0153, 0.0802, 0.0650, 0.0291, 0.0991, 0.1444, 0.1338, 0.1225, 0.0665, 0.2441]",0.2441125065088272,2024-07-24-16-43-44/SITE234_ORNT350_VIS7mi.png
9,6,"[0.0068, 0.0053, 0.0141, 0.0216, 0.0504, 0.0666, 0.1116, 0.1487, 0.0479, 0.5269]",0.5268555879592896,2024-08-02-10-36-13/SITE569_ORNT211_VIS7mi.png
2,1,"[0.1420, 0.1380, 0.1626, 0.0583, 0.1226, 0.1621, 0.0451, 0.0827, 0.0780, 0.0085]",0.16262397170066833,2025-03-04-14-20-15/SITE606_ORNT270_VIS2mi.png
9,5,"[0.0147, 0.0388, 0.0426, 0.0991, 0.0887, 0.0712, 0.1333, 0.1782, 0.0878, 0.2455]",0.24548470973968506,2024-05-13-18-48-49/SITE26_ORNT250_VIS6mi.png
1,0,"[0.2750, 0.2953, 0.1206, 0.1407, 0.0802, 0.0347, 0.0271, 0.0203, 0.0039, 0.0021]",0.2953436076641083,2025-02-04-15-47-48/SITE12_ORNT270_VIS1mi.png
5,7,"[0.0097, 0.0275, 0.0691, 0.0750, 0.0978, 0.2352, 0.1463, 0.1403, 0.1861, 0.0131]",0.23516888916492462,2024-05-23-15-19-49/SITE623_ORNT10_VIS8mi.png
6,4,"[0.0382, 0.1235, 0.0415, 0.0866, 0.1283, 0.1606, 0.2741, 0.1147, 0.0143, 0.0182]",0.2740776240825653,2024-10-20-11-35-46/SITE82_ORNT235_VIS5mi.png
6,9,"[0.0036, 0.0109, 0.0073, 0.0071, 0.0268, 0.0757, 0.7377, 0.0495, 0.0251, 0.0562]",0.7376611232757568,2025-02-10-14-47-56/SITE100_ORNT210_VIS10+mi.png
9,7,"[0.0055, 0.0051, 0.0130, 0.0191, 0.0473, 0.0524, 0.0934, 0.1437, 0.0494, 0.5712]",0.5711851716041565,2024-09-27-16-12-40/SITE581_ORNT160_VIS8mi.png
8,8,"[0.0002, 0.0020, 0.0014, 0.0026, 0.0049, 0.0159, 0.0140, 0.0228, 0.8921, 0.0440]",0.8920859694480896,2024-10-07-12-00-07/SITE472_ORNT275_VIS9mi.png
9,1,"[0.0160, 0.0122, 0.0354, 0.0359, 0.0625, 0.0627, 0.1014, 0.0797, 0.0954, 0.4989]",0.49891749024391174,2024-06-06-10-38-22/SITE725_ORNT180_VIS2mi.png
9,9,"[0.0408, 0.0235, 0.0708, 0.0453, 0.0824, 0.0778, 0.0423, 0.1758, 0.0733, 0.3681]",0.3681362569332123,2025-02-19-12-18-05/SITE50_ORNT265_VIS10+mi.png
9,9,"[0.0161, 0.0193, 0.0550, 0.0394, 0.0588, 0.0875, 0.1037, 0.1268, 0.1082, 0.3853]",0.3852638602256775,2024-12-16-12-39-30/SITE639_ORNT10_VIS10+mi.png
2,8,"[0.0319, 0.1842, 0.1852, 0.1274, 0.0889, 0.0778, 0.0517, 0.0721, 0.0054, 0.1752]",0.18519942462444305,2025-03-23-13-51-54/SITE45_ORNT5_VIS9mi.png
3,4,"[0.0836, 0.1331, 0.0890, 0.2067, 0.1395, 0.1000, 0.1120, 0.0954, 0.0228, 0.0180]",0.2067108452320099,2024-08-15-16-44-48/SITE215_ORNT330_VIS5mi.png
2,3,"[0.0351, 0.0795, 0.1419, 0.1397, 0.1106, 0.1274, 0.1223, 0.1095, 0.0489, 0.0852]",0.14191000163555145,2024-06-10-18-34-10/SITE629_ORNT210_VIS4mi.png
1,2,"[0.1346, 0.2238, 0.1336, 0.1920, 0.1126, 0.0836, 0.0520, 0.0497, 0.0095, 0.0084]",0.22383049130439758,2024-06-17-19-22-23/SITE84_ORNT336_VIS3mi.png
0,0,"[0.2786, 0.2455, 0.1208, 0.1455, 0.0908, 0.0428, 0.0407, 0.0261, 0.0056, 0.0037]",0.2786385416984558,2024-05-03-12-14-06/SITE41_ORNT25_VIS1-25mi.png
0,0,"[0.2380, 0.2070, 0.1293, 0.1299, 0.1019, 0.0684, 0.0508, 0.0480, 0.0199, 0.0070]",0.23796936869621277,2024-12-27-14-55-32/SITE556_ORNT223_VIS1-75mi.png
9,6,"[0.0007, 0.0028, 0.0060, 0.0246, 0.0255, 0.0234, 0.0677, 0.2858, 0.0141, 0.5495]",0.5494738221168518,2024-08-18-19-28-16/SITE616_ORNT0_VIS7mi.png
5,9,"[0.0459, 0.0637, 0.0836, 0.1045, 0.1248, 0.1438, 0.1260, 0.1325, 0.0871, 0.0881]",0.14379355311393738,2024-10-08-11-05-48/SITE455_ORNT0_VIS15mi.png
2,0,"[0.0845, 0.1391, 0.1586, 0.1538, 0.1054, 0.1115, 0.0868, 0.1091, 0.0205, 0.0307]",0.1585896909236908,2024-06-01-11-15-19/SITE205_ORNT230_VIS1-75mi.png
5,1,"[0.0894, 0.0950, 0.1405, 0.0651, 0.1414, 0.1859, 0.0435, 0.0820, 0.1464, 0.0108]",0.18593549728393555,2025-02-12-14-37-35/SITE322_ORNT180_VIS2-25mi.png
0,4,"[0.2842, 0.2391, 0.1284, 0.1120, 0.0886, 0.0548, 0.0418, 0.0356, 0.0124, 0.0030]",0.28417614102363586,2025-02-02-12-13-03/SITE520_ORNT180_VIS5mi.png
9,6,"[0.0166, 0.0431, 0.0970, 0.1141, 0.1063, 0.1031, 0.1128, 0.1473, 0.0542, 0.2056]",0.2056020349264145,2024-07-14-10-21-23/SITE177_ORNT200_VIS7mi.png
0,9,"[0.2161, 0.1790, 0.1585, 0.1066, 0.0949, 0.0732, 0.0570, 0.0801, 0.0133, 0.0210]",0.21613726019859314,2025-02-05-13-59-56/SITE115_ORNT219_VIS10+mi.png
5,3,"[0.0425, 0.0498, 0.0753, 0.1002, 0.1125, 0.1875, 0.1826, 0.1180, 0.0757, 0.0559]",0.18745921552181244,2024-10-07-14-17-08/SITE747_ORNT255_VIS4mi.png
3,4,"[0.0525, 0.1414, 0.1451, 0.1889, 0.1193, 0.1187, 0.0899, 0.0841, 0.0135, 0.0466]",0.18892806768417358,2025-03-05-12-08-53/SITE620_ORNT30_VIS5mi.png
9,8,"[0.0161, 0.0246, 0.0465, 0.0419, 0.0652, 0.0721, 0.0643, 0.1071, 0.2584, 0.3040]",0.30395686626434326,2024-09-18-18-13-42/SITE462_ORNT80_VIS9mi.png
4,4,"[0.0318, 0.0729, 0.0265, 0.1006, 0.2421, 0.1461, 0.0802, 0.2130, 0.0212, 0.0655]",0.2421264350414276,2024-07-25-10-00-39/SITE581_ORNT160_VIS5mi.png
1,6,"[0.2216, 0.2613, 0.1276, 0.1594, 0.0944, 0.0546, 0.0374, 0.0325, 0.0074, 0.0039]",0.26134729385375977,2024-07-14-13-28-24/SITE48_ORNT275_VIS7mi.png
0,2,"[0.1841, 0.1778, 0.1359, 0.1643, 0.1224, 0.0703, 0.0640, 0.0555, 0.0114, 0.0143]",0.18406933546066284,2024-07-05-10-36-13/SITE420_ORNT170_VIS3mi.png
2,2,"[0.0722, 0.1040, 0.1924, 0.0606, 0.1430, 0.1633, 0.0389, 0.0962, 0.1151, 0.0142]",0.19237954914569855,2025-04-01-16-59-16/SITE394_ORNT0_VIS3mi.png
1,4,"[0.1407, 0.2372, 0.1367, 0.1942, 0.1075, 0.0678, 0.0603, 0.0421, 0.0065, 0.0069]",0.23724272847175598,2025-04-10-17-56-44/SITE831_ORNT125_VIS5mi.png
9,6,"[0.0143, 0.0181, 0.0309, 0.0428, 0.0714, 0.0996, 0.1424, 0.1088, 0.0576, 0.4141]",0.4141083359718323,2024-09-02-17-43-28/SITE106_ORNT12_VIS7mi.png
0,3,"[0.2509, 0.2213, 0.1125, 0.1667, 0.0847, 0.0484, 0.0569, 0.0437, 0.0095, 0.0054]",0.25089484453201294,2025-02-01-17-30-02/SITE66_ORNT323_VIS4mi.png
2,3,"[0.1873, 0.1229, 0.2163, 0.0689, 0.0976, 0.1384, 0.0805, 0.0546, 0.0241, 0.0093]",0.21628743410110474,2025-01-28-16-10-28/SITE19_ORNT60_VIS4mi.png
8,8,"[0.0326, 0.0450, 0.0720, 0.0620, 0.0911, 0.1499, 0.0812, 0.1219, 0.2269, 0.1173]",0.22690674662590027,2024-05-28-11-05-32/SITE361_ORNT170_VIS9mi.png
9,3,"[0.0108, 0.0192, 0.0556, 0.0369, 0.0627, 0.1001, 0.0933, 0.1444, 0.1257, 0.3514]",0.3514151871204376,2024-06-22-15-38-49/SITE117_ORNT165_VIS4mi.png
6,4,"[0.0761, 0.0744, 0.0859, 0.1184, 0.1329, 0.1245, 0.1786, 0.1104, 0.0203, 0.0786]",0.17857471108436584,2024-08-11-09-28-59/SITE569_ORNT211_VIS5mi.png
0,5,"[0.2052, 0.1899, 0.1299, 0.1623, 0.0978, 0.0645, 0.0659, 0.0563, 0.0147, 0.0135]",0.2051548957824707,2025-02-04-15-47-48/SITE725_ORNT75_VIS6mi.png
6,3,"[0.0610, 0.0410, 0.1092, 0.1000, 0.0971, 0.1416, 0.1748, 0.1478, 0.0300, 0.0974]",0.17482775449752808,2025-02-12-14-37-35/SITE179_ORNT36_VIS4mi.png
1,4,"[0.1215, 0.1652, 0.1259, 0.1578, 0.1304, 0.1034, 0.0725, 0.0883, 0.0159, 0.0191]",0.16515223681926727,2025-02-17-14-46-26/SITE607_ORNT180_VIS5mi.png
8,5,"[0.0254, 0.0403, 0.0989, 0.0380, 0.1410, 0.1561, 0.0571, 0.0955, 0.2934, 0.0542]",0.2934185862541199,2025-02-10-14-47-56/SITE472_ORNT95_VIS6mi.png
0,5,"[0.3384, 0.2348, 0.1383, 0.0699, 0.0822, 0.0526, 0.0343, 0.0346, 0.0133, 0.0016]",0.33841750025749207,2025-02-05-13-59-56/SITE852_ORNT45_VIS6mi.png
0,2,"[0.3924, 0.2492, 0.1263, 0.0938, 0.0512, 0.0220, 0.0261, 0.0329, 0.0045, 0.0016]",0.39240917563438416,2025-02-04-15-47-48/SITE194_ORNT237_VIS3mi.png
0,5,"[0.2212, 0.1372, 0.1959, 0.0779, 0.0779, 0.0989, 0.0518, 0.0991, 0.0108, 0.0293]",0.22115874290466309,2025-01-28-16-10-28/SITE5_ORNT155_VIS6mi.png
1,6,"[0.1203, 0.2035, 0.1221, 0.1946, 0.1228, 0.0895, 0.0630, 0.0596, 0.0139, 0.0108]",0.203450545668602,2024-05-28-11-05-32/SITE411_ORNT280_VIS7mi.png
6,6,"[0.0057, 0.0117, 0.0312, 0.0419, 0.0752, 0.2094, 0.2428, 0.1106, 0.1333, 0.1381]",0.24279536306858063,2024-07-24-16-43-44/SITE747_ORNT315_VIS7mi.png
1,1,"[0.1659, 0.2810, 0.1279, 0.1832, 0.0934, 0.0656, 0.0379, 0.0350, 0.0065, 0.0035]",0.280966579914093,2025-03-01-18-07-41/SITE212_ORNT80_VIS2mi.png
9,8,"[0.0089, 0.0087, 0.0293, 0.0294, 0.0558, 0.0705, 0.1281, 0.1340, 0.0658, 0.4694]",0.4694250226020813,2024-10-15-10-59-57/SITE547_ORNT350_VIS9mi.png
1,7,"[0.1141, 0.2121, 0.1629, 0.2029, 0.1001, 0.0617, 0.0680, 0.0556, 0.0080, 0.0147]",0.21206726133823395,2025-03-05-12-08-53/SITE610_ORNT0_VIS8mi.png
1,1,"[0.2182, 0.2589, 0.1285, 0.1699, 0.0981, 0.0472, 0.0410, 0.0293, 0.0051, 0.0037]",0.25888150930404663,2024-08-30-17-21-54/SITE417_ORNT315_VIS2mi.png
2,6,"[0.0695, 0.1206, 0.1582, 0.1220, 0.1176, 0.1121, 0.0973, 0.1233, 0.0109, 0.0685]",0.15821906924247742,2024-10-18-12-30-03/SITE95_ORNT317_VIS7mi.png
8,5,"[0.0074, 0.0144, 0.0373, 0.0603, 0.0919, 0.1376, 0.0512, 0.1061, 0.4764, 0.0176]",0.4763672947883606,2024-06-07-11-09-12/SITE355_ORNT130_VIS6mi.png
8,8,"[0.0230, 0.0215, 0.0515, 0.0269, 0.0427, 0.0680, 0.0361, 0.0828, 0.4119, 0.2357]",0.4118511974811554,2024-08-10-09-44-28/SITE322_ORNT290_VIS9mi.png
2,3,"[0.1074, 0.0823, 0.1453, 0.1092, 0.0902, 0.1261, 0.0875, 0.1131, 0.0311, 0.1077]",0.14532802999019623,2025-03-18-13-52-55/SITE13_ORNT185_VIS4mi.png
0,1,"[0.3405, 0.1955, 0.1092, 0.1301, 0.0750, 0.0429, 0.0472, 0.0424, 0.0112, 0.0061]",0.3404984176158905,2025-02-17-14-46-26/SITE244_ORNT3_VIS2mi.png
9,0,"[0.0286, 0.0304, 0.0658, 0.0546, 0.0774, 0.1081, 0.1152, 0.1405, 0.1095, 0.2698]",0.26978421211242676,2025-03-05-12-08-53/SITE66_ORNT162_VIS1-75mi.png
9,5,"[0.0413, 0.0348, 0.0805, 0.0676, 0.0921, 0.1115, 0.1077, 0.1459, 0.0770, 0.2416]",0.24159863591194153,2024-10-14-13-08-27/SITE692_ORNT205_VIS6mi.png
1,1,"[0.2273, 0.2482, 0.1508, 0.0929, 0.0926, 0.0841, 0.0366, 0.0449, 0.0191, 0.0034]",0.24819380044937134,2025-03-26-12-24-08/SITE366_ORNT300_VIS2mi.png
3,1,"[0.0588, 0.0965, 0.1276, 0.2146, 0.1347, 0.1040, 0.0977, 0.0976, 0.0216, 0.0471]",0.21463848650455475,2024-05-30-17-47-26/SITE25_ORNT320_VIS2mi.png
1,0,"[0.1638, 0.2238, 0.1512, 0.1226, 0.0973, 0.0795, 0.0676, 0.0691, 0.0144, 0.0107]",0.22378046810626984,2025-03-17-19-09-03/SITE186_ORNT12_VIS1-75mi.png
1,6,"[0.1446, 0.2159, 0.1259, 0.2042, 0.1189, 0.0741, 0.0521, 0.0471, 0.0093, 0.0079]",0.21585826575756073,2024-07-25-18-03-52/SITE241_ORNT120_VIS7mi.png
9,4,"[0.0071, 0.0096, 0.0158, 0.0653, 0.0894, 0.1941, 0.1976, 0.0576, 0.1096, 0.2539]",0.2539091110229492,2024-06-16-19-09-40/SITE19_ORNT325_VIS5mi.png
8,8,"[0.0008, 0.0033, 0.0054, 0.0060, 0.0147, 0.0497, 0.0390, 0.0497, 0.7827, 0.0487]",0.7827150821685791,2024-05-22-13-05-54/SITE506_ORNT0_VIS9mi.png
3,4,"[0.0578, 0.1030, 0.1161, 0.1923, 0.1342, 0.1157, 0.1037, 0.1163, 0.0308, 0.0303]",0.19226627051830292,2024-08-31-14-30-34/SITE251_ORNT140_VIS5mi.png
1,0,"[0.1751, 0.2424, 0.1097, 0.1773, 0.1173, 0.0640, 0.0461, 0.0499, 0.0115, 0.0068]",0.24242158234119415,2024-07-29-16-41-43/SITE19_ORNT60_VIS1-75mi.png
5,8,"[0.0906, 0.0971, 0.1144, 0.0994, 0.1393, 0.1690, 0.0564, 0.0835, 0.1346, 0.0156]",0.16903939843177795,2024-04-30-13-21-52/SITE454_ORNT90_VIS9mi.png
3,7,"[0.0469, 0.1316, 0.1328, 0.2018, 0.1272, 0.1194, 0.0916, 0.0906, 0.0216, 0.0364]",0.20175977051258087,2025-01-15-15-33-17/SITE602_ORNT270_VIS8mi.png
0,2,"[0.3772, 0.1339, 0.2352, 0.0509, 0.0497, 0.0403, 0.0286, 0.0758, 0.0035, 0.0048]",0.37724199891090393,2025-02-05-13-59-56/SITE18_ORNT135_VIS3mi.png
0,4,"[0.5915, 0.1783, 0.1271, 0.0361, 0.0227, 0.0076, 0.0111, 0.0238, 0.0016, 0.0004]",0.5914725661277771,2025-01-23-15-05-27/SITE14_ORNT35_VIS5mi.png
1,1,"[0.2255, 0.2782, 0.1278, 0.1631, 0.0911, 0.0456, 0.0346, 0.0259, 0.0051, 0.0032]",0.27817580103874207,2024-10-07-14-17-08/SITE622_ORNT285_VIS2mi.png
9,9,"[0.0212, 0.0246, 0.0615, 0.0424, 0.0636, 0.1138, 0.0896, 0.1196, 0.1695, 0.2942]",0.2942061126232147,2025-04-10-17-56-44/SITE606_ORNT180_VIS10+mi.png
1,0,"[0.2282, 0.2770, 0.1258, 0.1654, 0.0952, 0.0421, 0.0303, 0.0287, 0.0040, 0.0033]",0.27699756622314453,2024-07-05-14-33-31/SITE241_ORNT120_VIS1-5mi.png
5,4,"[0.0088, 0.0313, 0.0709, 0.0973, 0.1169, 0.2245, 0.1646, 0.1237, 0.1148, 0.0471]",0.2244895100593567,2024-06-01-11-15-19/SITE439_ORNT350_VIS5mi.png
1,2,"[0.1793, 0.2237, 0.1186, 0.1629, 0.1186, 0.0736, 0.0520, 0.0503, 0.0152, 0.0058]",0.22372497618198395,2024-09-08-16-00-24/SITE21_ORNT10_VIS3mi.png
3,1,"[0.0894, 0.1323, 0.1351, 0.1474, 0.1159, 0.1265, 0.0934, 0.1031, 0.0370, 0.0198]",0.1474413424730301,2024-05-23-15-19-49/SITE203_ORNT220_VIS2mi.png
3,7,"[0.0297, 0.0785, 0.1182, 0.1731, 0.1336, 0.1223, 0.1417, 0.1094, 0.0140, 0.0795]",0.1730956882238388,2024-06-23-11-02-14/SITE253_ORNT325_VIS8mi.png
8,8,"[0.0032, 0.0071, 0.0209, 0.0225, 0.0530, 0.1178, 0.0318, 0.0560, 0.6816, 0.0060]",0.6816069483757019,2024-10-19-10-55-55/SITE464_ORNT90_VIS9mi.png
1,0,"[0.1595, 0.2798, 0.1390, 0.1893, 0.0920, 0.0560, 0.0444, 0.0312, 0.0048, 0.0040]",0.2797677516937256,2025-02-04-15-47-48/SITE639_ORNT10_VIS1mi.png
5,6,"[0.0129, 0.0316, 0.0571, 0.0731, 0.1037, 0.1776, 0.1648, 0.1710, 0.1582, 0.0500]",0.17756059765815735,2024-07-18-14-04-18/SITE411_ORNT220_VIS7mi.png
3,8,"[0.1022, 0.1124, 0.1298, 0.1750, 0.1335, 0.1123, 0.1076, 0.0795, 0.0197, 0.0280]",0.17496488988399506,2024-08-15-16-44-48/SITE179_ORNT108_VIS9mi.png
2,2,"[0.1019, 0.1216, 0.1669, 0.1151, 0.1086, 0.1638, 0.0887, 0.0687, 0.0587, 0.0061]",0.16689303517341614,2024-07-02-16-22-41/SITE340_ORNT330_VIS3mi.png
1,1,"[0.1470, 0.2338, 0.1246, 0.1939, 0.1084, 0.0750, 0.0528, 0.0440, 0.0130, 0.0075]",0.2337702512741089,2024-05-08-14-34-39/SITE735_ORNT170_VIS2mi.png
3,4,"[0.1099, 0.1534, 0.1258, 0.1643, 0.1232, 0.1217, 0.0775, 0.0787, 0.0297, 0.0159]",0.16430655121803284,2025-01-23-15-05-27/SITE420_ORNT275_VIS5mi.png
5,1,"[0.0813, 0.1084, 0.1265, 0.1243, 0.1272, 0.1750, 0.0858, 0.0867, 0.0675, 0.0172]",0.1750115603208542,2024-06-05-18-49-24/SITE464_ORNT90_VIS2-25mi.png
9,9,"[0.0065, 0.0158, 0.0252, 0.0391, 0.0487, 0.0737, 0.1252, 0.2054, 0.0264, 0.4340]",0.43401092290878296,2025-04-11-14-52-32/SITE693_ORNT315_VIS10+mi.png
3,5,"[0.1712, 0.1664, 0.1385, 0.1820, 0.1218, 0.0722, 0.0682, 0.0544, 0.0108, 0.0145]",0.18200674653053284,2024-09-08-13-07-06/SITE557_ORNT8_VIS6mi.png
8,8,"[0.0041, 0.0100, 0.0179, 0.0079, 0.0356, 0.0953, 0.0327, 0.0494, 0.6774, 0.0698]",0.6773645281791687,2024-08-30-10-00-55/SITE352_ORNT340_VIS9mi.png
6,3,"[0.0088, 0.0235, 0.0109, 0.0216, 0.0461, 0.1004, 0.6430, 0.0658, 0.0350, 0.0449]",0.6430171132087708,2024-12-29-16-00-12/SITE834_ORNT100_VIS4mi.png
8,7,"[0.0221, 0.0275, 0.0695, 0.0290, 0.1265, 0.1661, 0.0774, 0.0854, 0.3033, 0.0932]",0.30326053500175476,2025-04-01-16-59-16/SITE469_ORNT80_VIS8mi.png
0,6,"[0.3556, 0.1939, 0.1377, 0.1326, 0.0557, 0.0241, 0.0359, 0.0568, 0.0054, 0.0021]",0.35564935207366943,2024-07-26-10-22-16/SITE123_ORNT343_VIS7mi.png
8,8,"[0.0119, 0.0299, 0.0188, 0.0112, 0.0338, 0.0945, 0.0329, 0.0744, 0.4456, 0.2471]",0.445620059967041,2024-06-18-18-07-05/SITE508_ORNT135_VIS9mi.png
8,8,"[0.0036, 0.0096, 0.0105, 0.0030, 0.0138, 0.0870, 0.0184, 0.0550, 0.5883, 0.2107]",0.5883305072784424,2024-06-17-10-37-40/SITE324_ORNT115_VIS9mi.png
1,2,"[0.1609, 0.2435, 0.1667, 0.1577, 0.0924, 0.0707, 0.0436, 0.0514, 0.0060, 0.0072]",0.24348080158233643,2024-07-04-10-22-12/SITE198_ORNT248_VIS3mi.png
7,9,"[0.0156, 0.0278, 0.0528, 0.1441, 0.1132, 0.0896, 0.1445, 0.2145, 0.0387, 0.1592]",0.21451778709888458,2025-02-14-15-24-27/SITE725_ORNT295_VIS10+mi.png
8,8,"[0.0100, 0.0138, 0.0306, 0.0137, 0.0669, 0.0771, 0.0283, 0.0485, 0.6415, 0.0696]",0.6414957642555237,2025-03-29-15-28-57/SITE377_ORNT200_VIS9mi.png
1,3,"[0.1475, 0.2447, 0.1109, 0.1866, 0.1217, 0.0760, 0.0519, 0.0438, 0.0094, 0.0074]",0.24474427103996277,2024-05-14-16-18-20/SITE41_ORNT235_VIS4mi.png
6,9,"[0.0304, 0.0409, 0.0618, 0.0870, 0.1046, 0.1159, 0.2025, 0.1856, 0.0317, 0.1396]",0.2025103121995926,2024-10-11-15-41-13/SITE50_ORNT265_VIS10+mi.png
9,9,"[0.0131, 0.0189, 0.0476, 0.0369, 0.0581, 0.0989, 0.1071, 0.1133, 0.2502, 0.2558]",0.25582486391067505,2025-04-01-16-59-16/SITE747_ORNT60_VIS10+mi.png
1,2,"[0.1731, 0.2863, 0.1159, 0.1839, 0.1028, 0.0561, 0.0368, 0.0343, 0.0071, 0.0037]",0.2862936854362488,2025-04-07-16-10-10/SITE115_ORNT115_VIS3mi.png
3,0,"[0.0802, 0.1507, 0.1282, 0.1968, 0.1282, 0.1061, 0.0887, 0.0867, 0.0216, 0.0128]",0.1967674344778061,2024-08-30-17-21-54/SITE98_ORNT135_VIS1mi.png
0,1,"[0.5016, 0.2086, 0.1635, 0.0379, 0.0287, 0.0131, 0.0150, 0.0292, 0.0017, 0.0007]",0.501619815826416,2025-02-04-15-47-48/SITE219_ORNT70_VIS2-5mi.png
1,7,"[0.1578, 0.2095, 0.1455, 0.1111, 0.1047, 0.1339, 0.0403, 0.0551, 0.0372, 0.0050]",0.2094934582710266,2024-05-23-15-19-49/SITE362_ORNT135_VIS8mi.png
7,4,"[0.0246, 0.0191, 0.0311, 0.0721, 0.1266, 0.1371, 0.1325, 0.2638, 0.0280, 0.1651]",0.2638190984725952,2024-07-24-16-43-44/SITE575_ORNT85_VIS5mi.png
0,7,"[0.4663, 0.2209, 0.2156, 0.0268, 0.0230, 0.0098, 0.0070, 0.0290, 0.0012, 0.0004]",0.46630775928497314,2025-02-14-15-24-27/SITE65_ORNT180_VIS8mi.png
7,7,"[0.0011, 0.0041, 0.0044, 0.0161, 0.0690, 0.0788, 0.0738, 0.4116, 0.0176, 0.3235]",0.4115540683269501,2024-07-30-14-06-06/SITE735_ORNT75_VIS8mi.png
3,9,"[0.0620, 0.1094, 0.1262, 0.2017, 0.1315, 0.1114, 0.1000, 0.1022, 0.0229, 0.0327]",0.20170235633850098,2025-03-02-13-12-40/SITE177_ORNT260_VIS10+mi.png
1,4,"[0.2210, 0.2512, 0.1385, 0.1494, 0.0944, 0.0538, 0.0434, 0.0358, 0.0073, 0.0053]",0.25115060806274414,2025-03-31-13-29-12/SITE261_ORNT150_VIS5mi.png
0,7,"[0.3111, 0.1974, 0.1321, 0.1255, 0.0708, 0.0448, 0.0470, 0.0554, 0.0097, 0.0061]",0.3111072778701782,2025-02-19-12-18-05/SITE253_ORNT280_VIS8mi.png
5,5,"[0.0047, 0.0056, 0.0054, 0.0392, 0.0793, 0.6231, 0.0857, 0.0133, 0.0503, 0.0934]",0.6231002807617188,2024-09-27-16-12-40/SITE22_ORNT0_VIS6mi.png
3,3,"[0.1025, 0.1660, 0.1447, 0.1773, 0.1171, 0.0886, 0.0785, 0.0821, 0.0172, 0.0259]",0.1772962510585785,2024-09-08-16-00-24/SITE177_ORNT200_VIS4mi.png
1,1,"[0.1241, 0.1662, 0.1513, 0.1453, 0.1105, 0.0756, 0.0939, 0.0827, 0.0186, 0.0320]",0.16617189347743988,2024-07-22-11-13-59/SITE98_ORNT245_VIS2mi.png
1,1,"[0.1425, 0.2471, 0.1155, 0.2125, 0.1118, 0.0768, 0.0445, 0.0379, 0.0075, 0.0039]",0.24711720645427704,2024-07-05-14-33-31/SITE116_ORNT277_VIS2-5mi.png
1,0,"[0.2262, 0.2696, 0.1257, 0.1613, 0.0931, 0.0508, 0.0334, 0.0297, 0.0074, 0.0028]",0.26962611079216003,2024-05-01-16-21-18/SITE91_ORNT195_VIS1mi.png
9,2,"[0.0058, 0.0130, 0.0243, 0.0357, 0.0447, 0.0589, 0.1263, 0.1930, 0.0748, 0.4235]",0.42346030473709106,2024-08-11-09-28-59/SITE556_ORNT223_VIS3mi.png
1,7,"[0.1469, 0.2319, 0.1322, 0.2006, 0.1140, 0.0683, 0.0477, 0.0449, 0.0068, 0.0067]",0.23185104131698608,2024-07-28-13-48-26/SITE417_ORNT315_VIS8mi.png
3,3,"[0.0307, 0.1070, 0.0933, 0.1948, 0.1553, 0.1478, 0.1652, 0.0718, 0.0092, 0.0248]",0.19483037292957306,2025-02-16-12-49-10/SITE658_ORNT25_VIS4mi.png
0,2,"[0.2247, 0.1665, 0.1114, 0.1546, 0.0905, 0.0710, 0.0674, 0.0690, 0.0278, 0.0171]",0.22471082210540771,2024-06-09-10-51-06/SITE179_ORNT185_VIS3mi.png
1,8,"[0.1495, 0.1909, 0.1293, 0.1645, 0.1174, 0.0919, 0.0600, 0.0644, 0.0209, 0.0113]",0.19088175892829895,2024-06-17-10-37-40/SITE434_ORNT130_VIS9mi.png
5,5,"[0.0159, 0.0613, 0.0592, 0.0858, 0.1491, 0.2067, 0.1467, 0.1712, 0.0559, 0.0482]",0.2066502422094345,2024-08-18-19-28-16/SITE203_ORNT220_VIS6mi.png
9,7,"[0.0073, 0.0125, 0.0300, 0.0331, 0.0364, 0.0626, 0.0964, 0.1329, 0.0689, 0.5199]",0.5198909640312195,2025-04-13-19-09-12/SITE215_ORNT40_VIS8mi.png
7,5,"[0.0588, 0.0890, 0.0648, 0.0908, 0.1355, 0.1701, 0.1296, 0.2159, 0.0115, 0.0340]",0.2159026712179184,2025-03-31-15-41-11/SITE829_ORNT100_VIS6mi.png
7,2,"[0.1041, 0.0832, 0.1287, 0.0997, 0.0943, 0.0987, 0.0971, 0.1397, 0.0361, 0.1185]",0.13969449698925018,2025-01-28-16-10-28/SITE437_ORNT110_VIS3mi.png
0,1,"[0.3375, 0.2488, 0.1601, 0.0471, 0.0842, 0.0558, 0.0226, 0.0309, 0.0124, 0.0006]",0.33751288056373596,2025-02-01-12-44-07/SITE324_ORNT225_VIS2mi.png
6,6,"[0.0333, 0.0412, 0.0761, 0.0748, 0.0924, 0.1246, 0.1958, 0.1293, 0.0459, 0.1867]",0.19576749205589294,2025-03-31-15-41-11/SITE59_ORNT333_VIS7mi.png
3,7,"[0.0309, 0.1047, 0.1369, 0.2203, 0.1405, 0.0770, 0.1063, 0.1452, 0.0160, 0.0220]",0.22034591436386108,2024-07-14-13-28-24/SITE251_ORNT335_VIS8mi.png
0,5,"[0.2395, 0.1785, 0.1256, 0.1239, 0.0911, 0.0667, 0.0626, 0.0717, 0.0307, 0.0097]",0.23951002955436707,2025-02-17-14-46-26/SITE33_ORNT90_VIS6mi.png
1,0,"[0.1873, 0.2386, 0.1358, 0.1738, 0.1002, 0.0556, 0.0583, 0.0380, 0.0064, 0.0060]",0.2385834902524948,2024-08-19-10-27-18/SITE620_ORNT225_VIS1-75mi.png
8,5,"[0.0068, 0.0033, 0.0193, 0.0238, 0.0299, 0.0404, 0.0728, 0.0278, 0.6201, 0.1557]",0.6200667023658752,2024-05-13-18-48-49/SITE203_ORNT335_VIS6mi.png
0,0,"[0.3635, 0.2536, 0.1652, 0.0710, 0.0519, 0.0269, 0.0235, 0.0374, 0.0051, 0.0018]",0.3635256886482239,2025-04-02-15-05-32/SITE208_ORNT18_VIS1-5mi.png
3,3,"[0.0716, 0.0846, 0.1094, 0.1654, 0.1444, 0.1076, 0.1187, 0.1165, 0.0255, 0.0564]",0.16541306674480438,2024-04-30-13-21-52/SITE41_ORNT235_VIS4mi.png
9,9,"[0.0545, 0.0543, 0.1178, 0.0902, 0.0860, 0.1308, 0.0993, 0.1187, 0.0488, 0.1996]",0.199645534157753,2025-01-31-13-49-43/SITE7_ORNT312_VIS10+mi.png
8,8,"[0.0056, 0.0079, 0.0168, 0.0063, 0.0339, 0.0511, 0.0201, 0.0319, 0.7162, 0.1102]",0.7162383198738098,2025-01-31-13-49-43/SITE380_ORNT55_VIS9mi.png
1,0,"[0.1562, 0.2799, 0.1338, 0.1907, 0.0927, 0.0635, 0.0413, 0.0326, 0.0054, 0.0038]",0.27987608313560486,2024-05-07-15-42-07/SITE116_ORNT108_VIS1-25mi.png
3,1,"[0.0892, 0.0905, 0.1098, 0.1277, 0.1241, 0.1264, 0.1146, 0.1115, 0.0533, 0.0529]",0.12768293917179108,2025-02-11-14-30-47/SITE80_ORNT192_VIS2-5mi.png
1,5,"[0.1488, 0.1945, 0.1210, 0.1752, 0.1227, 0.0854, 0.0628, 0.0593, 0.0175, 0.0127]",0.19447240233421326,2024-07-07-15-01-32/SITE22_ORNT190_VIS6mi.png
8,7,"[0.0304, 0.0483, 0.0921, 0.0731, 0.1198, 0.2270, 0.0574, 0.0747, 0.2641, 0.0131]",0.2640892267227173,2024-08-24-13-47-04/SITE340_ORNT230_VIS8mi.png
1,1,"[0.1863, 0.2693, 0.1286, 0.1897, 0.0980, 0.0526, 0.0382, 0.0289, 0.0050, 0.0035]",0.26927128434181213,2024-09-27-16-12-40/SITE42_ORNT205_VIS2-5mi.png
1,5,"[0.1824, 0.2330, 0.1310, 0.1791, 0.1080, 0.0636, 0.0474, 0.0388, 0.0093, 0.0073]",0.23301099240779877,2025-02-01-17-30-02/SITE24_ORNT120_VIS6mi.png
1,0,"[0.1585, 0.2213, 0.0993, 0.1375, 0.1233, 0.0823, 0.0918, 0.0566, 0.0114, 0.0178]",0.22128014266490936,2025-04-01-16-59-16/SITE896_ORNT280_VIS1-75mi.png
8,7,"[0.0207, 0.0548, 0.1164, 0.0337, 0.0875, 0.2286, 0.0620, 0.0821, 0.2989, 0.0153]",0.2988852262496948,2024-07-22-20-17-56/SITE309_ORNT325_VIS8mi.png
8,8,"[0.0006, 0.0019, 0.0027, 0.0030, 0.0157, 0.0395, 0.0204, 0.0150, 0.8187, 0.0824]",0.8187376856803894,2025-04-01-16-59-16/SITE407_ORNT50_VIS9mi.png
0,0,"[0.4793, 0.1364, 0.1438, 0.0738, 0.0441, 0.0227, 0.0265, 0.0639, 0.0070, 0.0024]",0.4793412387371063,2025-03-29-15-28-57/SITE171_ORNT184_VIS1-25mi.png
8,8,"[0.0140, 0.0205, 0.0423, 0.0202, 0.0913, 0.1106, 0.0491, 0.0731, 0.4910, 0.0880]",0.491040974855423,2025-03-05-12-08-53/SITE528_ORNT235_VIS9mi.png
3,7,"[0.0882, 0.1520, 0.1237, 0.2232, 0.1369, 0.0876, 0.0752, 0.0791, 0.0141, 0.0201]",0.22317734360694885,2024-08-02-10-36-13/SITE45_ORNT290_VIS8mi.png
1,2,"[0.2465, 0.2704, 0.1241, 0.1524, 0.0888, 0.0446, 0.0411, 0.0242, 0.0049, 0.0030]",0.27040210366249084,2025-03-05-12-08-53/SITE483_ORNT275_VIS3mi.png
7,3,"[0.0054, 0.0158, 0.0259, 0.1525, 0.1301, 0.0789, 0.1609, 0.2532, 0.0318, 0.1454]",0.253226101398468,2024-07-07-15-01-32/SITE19_ORNT60_VIS4mi.png
1,1,"[0.1411, 0.1649, 0.1291, 0.1594, 0.1194, 0.0885, 0.0745, 0.0753, 0.0252, 0.0225]",0.16491559147834778,2024-05-23-15-19-49/SITE203_ORNT335_VIS2mi.png
0,1,"[0.3273, 0.2602, 0.1170, 0.1179, 0.0749, 0.0341, 0.0363, 0.0247, 0.0054, 0.0022]",0.32733917236328125,2024-07-27-10-27-08/SITE132_ORNT305_VIS2mi.png
9,9,"[0.0183, 0.0156, 0.0469, 0.0519, 0.0681, 0.1668, 0.2010, 0.1145, 0.0549, 0.2620]",0.2619752287864685,2025-02-04-15-47-48/SITE73_ORNT20_VIS10+mi.png
8,5,"[0.0386, 0.0461, 0.1000, 0.0402, 0.1116, 0.1824, 0.0639, 0.1165, 0.2292, 0.0713]",0.2291707694530487,2025-03-03-11-33-30/SITE510_ORNT90_VIS6mi.png
1,7,"[0.1604, 0.2324, 0.1334, 0.1765, 0.1047, 0.0809, 0.0535, 0.0411, 0.0099, 0.0072]",0.2324376255273819,2024-08-01-13-32-05/SITE48_ORNT115_VIS8mi.png
9,7,"[0.0412, 0.0303, 0.1109, 0.0699, 0.0802, 0.1401, 0.1252, 0.1007, 0.0391, 0.2626]",0.26262086629867554,2025-01-28-16-10-28/SITE208_ORNT330_VIS8mi.png
7,6,"[0.0413, 0.0515, 0.0451, 0.1193, 0.1939, 0.1366, 0.0998, 0.2303, 0.0118, 0.0703]",0.23033300042152405,2024-07-23-10-10-08/SITE578_ORNT295_VIS7mi.png
3,4,"[0.0655, 0.1353, 0.1679, 0.1984, 0.1055, 0.1047, 0.0818, 0.0736, 0.0236, 0.0438]",0.19840115308761597,2024-07-04-10-22-12/SITE20_ORNT26_VIS5mi.png
5,2,"[0.0458, 0.0589, 0.0955, 0.0867, 0.0974, 0.1477, 0.1226, 0.1315, 0.0667, 0.1472]",0.1476971060037613,2025-02-27-11-22-46/SITE161_ORNT192_VIS3mi.png
1,3,"[0.1370, 0.1810, 0.1531, 0.0945, 0.0947, 0.1113, 0.0558, 0.0926, 0.0527, 0.0272]",0.181008979678154,2025-04-16-13-54-24/SITE460_ORNT165_VIS4mi.png
1,4,"[0.0856, 0.1695, 0.1015, 0.1546, 0.1391, 0.1052, 0.0959, 0.1000, 0.0218, 0.0268]",0.16952334344387054,2025-02-14-15-24-27/SITE807_ORNT90_VIS5mi.png
9,6,"[0.0104, 0.0156, 0.0362, 0.0445, 0.0709, 0.1444, 0.2069, 0.1430, 0.0865, 0.2416]",0.2415548861026764,2024-05-30-17-47-26/SITE22_ORNT100_VIS7mi.png
8,6,"[0.0109, 0.0150, 0.0348, 0.0338, 0.0514, 0.1412, 0.1243, 0.0930, 0.2891, 0.2064]",0.2891274094581604,2024-08-19-10-27-18/SITE612_ORNT30_VIS7mi.png
9,5,"[0.0150, 0.0189, 0.0581, 0.0747, 0.0813, 0.1067, 0.1545, 0.1869, 0.0466, 0.2574]",0.25735291838645935,2025-02-15-15-20-00/SITE86_ORNT12_VIS6mi.png
1,6,"[0.1588, 0.2934, 0.1402, 0.1880, 0.0892, 0.0497, 0.0447, 0.0286, 0.0038, 0.0035]",0.293448805809021,2024-08-31-14-30-34/SITE186_ORNT275_VIS7mi.png
1,1,"[0.2145, 0.2756, 0.1206, 0.1759, 0.0956, 0.0480, 0.0308, 0.0301, 0.0058, 0.0031]",0.2756452262401581,2024-05-23-15-19-49/SITE41_ORNT170_VIS2-5mi.png
0,1,"[0.3327, 0.2245, 0.1147, 0.1189, 0.0788, 0.0394, 0.0419, 0.0367, 0.0082, 0.0043]",0.33266162872314453,2025-02-01-17-30-02/SITE212_ORNT170_VIS2-5mi.png
8,8,"[0.0013, 0.0037, 0.0066, 0.0096, 0.0180, 0.0470, 0.0399, 0.0468, 0.7054, 0.1216]",0.7054358124732971,2024-07-23-16-31-18/SITE386_ORNT125_VIS9mi.png
1,6,"[0.2443, 0.2837, 0.1235, 0.1526, 0.0865, 0.0439, 0.0318, 0.0256, 0.0055, 0.0027]",0.28365543484687805,2025-04-13-19-09-12/SITE117_ORNT43_VIS7mi.png
6,8,"[0.0457, 0.0384, 0.0623, 0.0899, 0.0947, 0.1379, 0.3404, 0.1123, 0.0108, 0.0676]",0.3404020071029663,2024-09-02-17-43-28/SITE593_ORNT110_VIS9mi.png
0,9,"[0.2323, 0.2290, 0.1502, 0.1300, 0.0910, 0.0587, 0.0430, 0.0508, 0.0095, 0.0056]",0.23226138949394226,2025-04-02-15-05-32/SITE35_ORNT258_VIS10+mi.png
8,9,"[0.0264, 0.0460, 0.0783, 0.0304, 0.0874, 0.1528, 0.0504, 0.1057, 0.3364, 0.0863]",0.3364402949810028,2024-07-29-17-46-25/SITE483_ORNT95_VIS15mi.png
0,0,"[0.2188, 0.2180, 0.1671, 0.0773, 0.1055, 0.0955, 0.0345, 0.0531, 0.0273, 0.0029]",0.21882513165473938,2025-02-17-14-46-26/SITE521_ORNT150_VIS1-5mi.png
5,6,"[0.0109, 0.0092, 0.0167, 0.0685, 0.0929, 0.3356, 0.1498, 0.0333, 0.0307, 0.2524]",0.33561524748802185,2024-07-30-16-52-29/SITE22_ORNT0_VIS7mi.png
0,5,"[0.2741, 0.1905, 0.1189, 0.1446, 0.0853, 0.0520, 0.0562, 0.0548, 0.0153, 0.0083]",0.2741265594959259,2024-06-10-18-34-10/SITE123_ORNT67_VIS6mi.png
0,3,"[0.2888, 0.2457, 0.2064, 0.0692, 0.0592, 0.0405, 0.0269, 0.0555, 0.0044, 0.0035]",0.28875190019607544,2025-03-06-15-10-58/SITE207_ORNT235_VIS4mi.png
1,1,"[0.1821, 0.1903, 0.1686, 0.0639, 0.1162, 0.1310, 0.0316, 0.0592, 0.0536, 0.0035]",0.19032599031925201,2025-02-15-16-53-20/SITE365_ORNT100_VIS2mi.png
3,0,"[0.1124, 0.1625, 0.1733, 0.1926, 0.1064, 0.0709, 0.0798, 0.0724, 0.0067, 0.0229]",0.19263024628162384,2024-05-07-15-42-07/SITE132_ORNT30_VIS1-75mi.png
9,5,"[0.0135, 0.0121, 0.0601, 0.0437, 0.0574, 0.1082, 0.1487, 0.1457, 0.0574, 0.3532]",0.35321667790412903,2025-02-04-15-47-48/SITE104_ORNT270_VIS6mi.png
8,9,"[0.0289, 0.0334, 0.0600, 0.0324, 0.0990, 0.1308, 0.0565, 0.0906, 0.3592, 0.1091]",0.35924071073532104,2025-02-12-14-37-35/SITE485_ORNT120_VIS15mi.png
9,7,"[0.0188, 0.0167, 0.0388, 0.0300, 0.0523, 0.0624, 0.0332, 0.1478, 0.1522, 0.4479]",0.44787904620170593,2024-09-20-16-20-08/SITE203_ORNT335_VIS8mi.png
6,7,"[0.0135, 0.0294, 0.0975, 0.0337, 0.1126, 0.1649, 0.2339, 0.2225, 0.0083, 0.0839]",0.23386545479297638,2024-06-13-13-46-47/SITE747_ORNT60_VIS8mi.png
0,7,"[0.3922, 0.1733, 0.1069, 0.1304, 0.0557, 0.0339, 0.0387, 0.0534, 0.0106, 0.0049]",0.3922102153301239,2025-04-10-17-56-44/SITE217_ORNT100_VIS8mi.png
5,5,"[0.0465, 0.0539, 0.1309, 0.0430, 0.1212, 0.1966, 0.0656, 0.1072, 0.1888, 0.0463]",0.1966194212436676,2025-02-10-14-47-56/SITE461_ORNT110_VIS6mi.png
3,2,"[0.0692, 0.1175, 0.1182, 0.1812, 0.1336, 0.1146, 0.0945, 0.1016, 0.0309, 0.0387]",0.1812138557434082,2024-10-05-11-04-16/SITE595_ORNT270_VIS3mi.png
8,8,"[0.0060, 0.0099, 0.0169, 0.0114, 0.0344, 0.0998, 0.0450, 0.0552, 0.6008, 0.1207]",0.6008395552635193,2024-12-03-11-18-04/SITE401_ORNT250_VIS9mi.png
9,3,"[0.0060, 0.0065, 0.0244, 0.0264, 0.0439, 0.0840, 0.2184, 0.1712, 0.0454, 0.3739]",0.3738606870174408,2025-03-05-12-08-53/SITE719_ORNT20_VIS4mi.png
1,0,"[0.2286, 0.2608, 0.1281, 0.1599, 0.0949, 0.0476, 0.0427, 0.0287, 0.0052, 0.0036]",0.2608083486557007,2025-03-31-13-29-12/SITE272_ORNT325_VIS1-75mi.png
6,6,"[0.0118, 0.0221, 0.0382, 0.0339, 0.0500, 0.0992, 0.3575, 0.1158, 0.0196, 0.2517]",0.35753995180130005,2024-06-10-14-33-22/SITE760_ORNT140_VIS7mi.png
3,3,"[0.0595, 0.0837, 0.1281, 0.1339, 0.1233, 0.1220, 0.1197, 0.1286, 0.0234, 0.0777]",0.13394039869308472,2025-02-14-15-24-27/SITE207_ORNT235_VIS4mi.png
8,9,"[0.0035, 0.0081, 0.0249, 0.0462, 0.0296, 0.1567, 0.1445, 0.0424, 0.4475, 0.0966]",0.44754093885421753,2024-10-13-15-24-41/SITE540_ORNT178_VIS10+mi.png
0,5,"[0.2266, 0.2249, 0.1299, 0.1726, 0.1047, 0.0509, 0.0474, 0.0323, 0.0055, 0.0052]",0.22660675644874573,2025-03-15-15-41-34/SITE437_ORNT260_VIS6mi.png
3,3,"[0.0870, 0.1112, 0.1141, 0.1526, 0.1273, 0.1232, 0.0959, 0.1097, 0.0571, 0.0219]",0.15258270502090454,2024-05-07-15-42-07/SITE127_ORNT114_VIS4mi.png
1,3,"[0.1920, 0.2420, 0.1184, 0.1937, 0.1070, 0.0588, 0.0388, 0.0363, 0.0081, 0.0048]",0.24203483760356903,2024-06-06-10-38-22/SITE84_ORNT147_VIS4mi.png
1,0,"[0.1578, 0.1833, 0.1146, 0.1471, 0.1283, 0.0835, 0.0747, 0.0736, 0.0169, 0.0202]",0.1833009123802185,2024-06-20-11-19-17/SITE58_ORNT245_VIS1-25mi.png
3,3,"[0.0758, 0.1258, 0.1111, 0.1737, 0.1298, 0.1300, 0.0991, 0.0980, 0.0347, 0.0220]",0.17366769909858704,2024-07-04-10-22-12/SITE239_ORNT30_VIS4mi.png
9,3,"[0.0249, 0.0141, 0.0390, 0.0739, 0.0702, 0.0949, 0.1756, 0.0988, 0.1708, 0.2377]",0.2377481311559677,2024-06-10-18-34-10/SITE617_ORNT125_VIS4mi.png
1,3,"[0.1048, 0.2483, 0.1498, 0.2221, 0.1051, 0.0620, 0.0534, 0.0429, 0.0038, 0.0077]",0.24831800162792206,2024-06-06-17-01-51/SITE620_ORNT225_VIS4mi.png
1,1,"[0.1085, 0.2396, 0.1607, 0.1967, 0.1048, 0.0814, 0.0479, 0.0474, 0.0056, 0.0076]",0.23959100246429443,2025-02-16-12-49-10/SITE626_ORNT195_VIS2mi.png
7,9,"[0.0699, 0.0661, 0.1432, 0.1213, 0.1380, 0.1129, 0.0495, 0.1700, 0.0306, 0.0986]",0.17004382610321045,2025-02-15-16-53-20/SITE852_ORNT315_VIS10+mi.png
1,1,"[0.1763, 0.2023, 0.1208, 0.1562, 0.1216, 0.0785, 0.0569, 0.0567, 0.0170, 0.0136]",0.20228777825832367,2024-06-13-13-46-47/SITE435_ORNT15_VIS2mi.png
5,1,"[0.0342, 0.0750, 0.1068, 0.1450, 0.1263, 0.1711, 0.1208, 0.1240, 0.0780, 0.0187]",0.1710718870162964,2024-09-07-11-42-21/SITE208_ORNT18_VIS2-5mi.png
8,5,"[0.0014, 0.0047, 0.0053, 0.0161, 0.0199, 0.0309, 0.0392, 0.1096, 0.6208, 0.1522]",0.6207596063613892,2024-08-10-09-44-28/SITE407_ORNT215_VIS6mi.png
6,9,"[0.0200, 0.0298, 0.0274, 0.0267, 0.0490, 0.0925, 0.5347, 0.0673, 0.0251, 0.1276]",0.5346544981002808,2024-10-13-15-24-41/SITE50_ORNT265_VIS10+mi.png
0,7,"[0.2595, 0.1963, 0.1395, 0.1477, 0.0763, 0.0457, 0.0583, 0.0592, 0.0115, 0.0061]",0.25953924655914307,2024-07-23-10-10-08/SITE258_ORNT325_VIS8mi.png
1,0,"[0.2074, 0.2478, 0.1278, 0.1617, 0.1030, 0.0588, 0.0404, 0.0379, 0.0101, 0.0052]",0.24778053164482117,2024-09-08-13-07-06/SITE111_ORNT336_VIS1-5mi.png
0,3,"[0.3175, 0.2443, 0.2022, 0.0487, 0.0654, 0.0520, 0.0227, 0.0383, 0.0081, 0.0009]",0.317494660615921,2025-02-04-15-47-48/SITE485_ORNT210_VIS4mi.png
7,3,"[0.0466, 0.0718, 0.1028, 0.1377, 0.1283, 0.1186, 0.1208, 0.1647, 0.0490, 0.0597]",0.16472689807415009,2024-06-03-13-44-33/SITE33_ORNT215_VIS4mi.png
3,4,"[0.1193, 0.1860, 0.1427, 0.1894, 0.1195, 0.0894, 0.0713, 0.0551, 0.0132, 0.0141]",0.18939396739006042,2024-08-02-13-37-25/SITE115_ORNT287_VIS5mi.png
8,4,"[0.0427, 0.0567, 0.1210, 0.0488, 0.1052, 0.1545, 0.0713, 0.1219, 0.1724, 0.1055]",0.17242726683616638,2025-03-26-12-24-08/SITE519_ORNT200_VIS5mi.png
1,6,"[0.1603, 0.2047, 0.1311, 0.1823, 0.1166, 0.0732, 0.0574, 0.0515, 0.0120, 0.0109]",0.20469547808170319,2024-07-28-13-48-26/SITE422_ORNT300_VIS7mi.png
9,7,"[0.0022, 0.0047, 0.0084, 0.0367, 0.0270, 0.0191, 0.0334, 0.1996, 0.0179, 0.6510]",0.6510382890701294,2025-03-04-14-20-15/SITE78_ORNT189_VIS8mi.png
1,0,"[0.2587, 0.3019, 0.1045, 0.1471, 0.0911, 0.0383, 0.0249, 0.0256, 0.0054, 0.0024]",0.30193766951560974,2025-04-02-15-05-32/SITE262_ORNT290_VIS1-5mi.png
6,3,"[0.0493, 0.0736, 0.0948, 0.1187, 0.1265, 0.1253, 0.1543, 0.1259, 0.0346, 0.0972]",0.15425437688827515,2025-01-28-16-10-28/SITE19_ORNT325_VIS4mi.png
6,6,"[0.0455, 0.0280, 0.0805, 0.0596, 0.0771, 0.1927, 0.2266, 0.1330, 0.0453, 0.1116]",0.22660228610038757,2024-12-20-15-16-09/SITE760_ORNT310_VIS7mi.png
1,2,"[0.1893, 0.1986, 0.1476, 0.1467, 0.1055, 0.0726, 0.0604, 0.0562, 0.0114, 0.0117]",0.19857573509216309,2024-07-14-10-21-23/SITE8_ORNT278_VIS3mi.png
8,9,"[0.0285, 0.0291, 0.0680, 0.0363, 0.1031, 0.1354, 0.0839, 0.1030, 0.2664, 0.1465]",0.2663732171058655,2025-02-12-14-37-35/SITE597_ORNT170_VIS10+mi.png
5,9,"[0.0542, 0.0870, 0.1099, 0.1095, 0.1306, 0.1774, 0.0765, 0.1044, 0.1292, 0.0214]",0.17737427353858948,2025-03-31-13-29-12/SITE327_ORNT45_VIS15mi.png
3,1,"[0.0747, 0.1324, 0.1251, 0.1949, 0.1353, 0.1038, 0.0869, 0.0924, 0.0203, 0.0343]",0.19493508338928223,2024-06-01-16-58-02/SITE417_ORNT220_VIS2-5mi.png
1,0,"[0.1295, 0.2862, 0.1345, 0.2085, 0.0943, 0.0675, 0.0409, 0.0307, 0.0042, 0.0036]",0.28621524572372437,2024-12-10-14-08-09/SITE871_ORNT90_VIS1-75mi.png
3,8,"[0.1013, 0.0853, 0.1226, 0.1367, 0.1222, 0.1121, 0.1288, 0.1038, 0.0301, 0.0571]",0.13673681020736694,2024-08-11-13-07-09/SITE435_ORNT170_VIS9mi.png
1,6,"[0.1219, 0.1783, 0.1453, 0.1616, 0.1096, 0.0743, 0.1301, 0.0509, 0.0053, 0.0228]",0.17832231521606445,2025-04-01-16-59-16/SITE897_ORNT300_VIS7mi.png
0,2,"[0.3991, 0.1308, 0.1237, 0.1001, 0.0517, 0.0372, 0.0366, 0.0957, 0.0170, 0.0080]",0.39914101362228394,2025-03-02-13-12-40/SITE15_ORNT170_VIS3mi.png
8,8,"[0.0011, 0.0029, 0.0027, 0.0027, 0.0093, 0.0383, 0.0152, 0.0227, 0.7694, 0.1356]",0.7694306969642639,2024-08-11-13-07-09/SITE471_ORNT90_VIS9mi.png
8,5,"[0.0487, 0.0843, 0.1072, 0.0390, 0.1365, 0.2063, 0.0265, 0.0811, 0.2605, 0.0099]",0.26048189401626587,2024-12-17-16-15-56/SITE366_ORNT40_VIS6mi.png
2,3,"[0.1606, 0.1688, 0.1856, 0.0979, 0.0951, 0.0701, 0.0692, 0.1067, 0.0187, 0.0272]",0.18562880158424377,2025-03-29-15-28-57/SITE215_ORNT330_VIS4mi.png
9,9,"[0.0191, 0.0278, 0.0789, 0.0638, 0.0734, 0.1126, 0.1157, 0.1337, 0.0293, 0.3456]",0.3455985486507416,2025-01-28-16-10-28/SITE658_ORNT120_VIS10+mi.png
5,4,"[0.0741, 0.1062, 0.0911, 0.1730, 0.1755, 0.2032, 0.1058, 0.0486, 0.0161, 0.0064]",0.2031504213809967,2024-07-23-13-08-12/SITE22_ORNT0_VIS5mi.png
9,9,"[0.0068, 0.0134, 0.0253, 0.0457, 0.0680, 0.1100, 0.1722, 0.1831, 0.0796, 0.2959]",0.29586514830589294,2025-04-13-19-09-12/SITE106_ORNT280_VIS10+mi.png
9,3,"[0.0131, 0.0150, 0.0315, 0.0442, 0.0639, 0.1317, 0.1150, 0.0695, 0.0514, 0.4647]",0.4646638333797455,2024-07-30-16-52-29/SITE19_ORNT260_VIS4mi.png
8,9,"[0.0021, 0.0056, 0.0119, 0.0106, 0.0344, 0.0368, 0.0453, 0.0292, 0.6768, 0.1472]",0.6768389344215393,2024-07-05-14-33-31/SITE406_ORNT190_VIS14mi.png
3,2,"[0.0813, 0.0959, 0.1270, 0.1462, 0.0999, 0.0977, 0.0800, 0.1056, 0.0234, 0.1431]",0.14616814255714417,2025-03-06-15-10-58/SITE239_ORNT202_VIS3mi.png
3,8,"[0.0547, 0.1096, 0.1499, 0.1591, 0.1148, 0.1200, 0.1083, 0.1164, 0.0201, 0.0472]",0.15908971428871155,2025-02-01-17-30-02/SITE132_ORNT265_VIS9mi.png
0,5,"[0.2497, 0.2487, 0.1246, 0.1471, 0.0922, 0.0486, 0.0459, 0.0317, 0.0075, 0.0040]",0.24970346689224243,2025-02-14-15-24-27/SITE821_ORNT135_VIS6mi.png
1,3,"[0.0714, 0.1846, 0.1304, 0.1793, 0.1021, 0.1479, 0.0917, 0.0716, 0.0147, 0.0063]",0.18455904722213745,2024-09-02-17-43-28/SITE209_ORNT335_VIS4mi.png
9,9,"[0.0098, 0.0164, 0.1021, 0.0289, 0.0319, 0.0763, 0.0565, 0.0575, 0.0348, 0.5856]",0.5856091976165771,2025-02-05-13-59-56/SITE95_ORNT317_VIS10+mi.png
0,4,"[0.2453, 0.2341, 0.1462, 0.1370, 0.0932, 0.0563, 0.0485, 0.0292, 0.0066, 0.0035]",0.24534757435321808,2024-10-13-15-24-41/SITE58_ORNT90_VIS5mi.png
0,1,"[0.3177, 0.2458, 0.1128, 0.1291, 0.0843, 0.0378, 0.0358, 0.0259, 0.0074, 0.0034]",0.3176632225513458,2025-02-04-15-47-48/SITE33_ORNT280_VIS2mi.png
3,8,"[0.0660, 0.1657, 0.1405, 0.2386, 0.1239, 0.1127, 0.0698, 0.0625, 0.0072, 0.0132]",0.23863466084003448,2025-03-04-14-20-15/SITE821_ORNT50_VIS9mi.png
1,5,"[0.2071, 0.2297, 0.1618, 0.0737, 0.0960, 0.1096, 0.0298, 0.0514, 0.0377, 0.0032]",0.22970032691955566,2025-02-10-14-47-56/SITE362_ORNT25_VIS6mi.png
3,5,"[0.0895, 0.0910, 0.1254, 0.1561, 0.1340, 0.1104, 0.0988, 0.1206, 0.0232, 0.0510]",0.1560671031475067,2025-01-15-15-33-17/SITE215_ORNT40_VIS6mi.png
9,9,"[0.0227, 0.0281, 0.1035, 0.0615, 0.0528, 0.1040, 0.0665, 0.1138, 0.0712, 0.3760]",0.3760012686252594,2025-03-02-11-48-27/SITE648_ORNT220_VIS10+mi.png
3,3,"[0.1122, 0.1356, 0.1475, 0.1606, 0.1239, 0.1148, 0.0853, 0.0804, 0.0172, 0.0226]",0.16061779856681824,2024-08-15-16-44-48/SITE171_ORNT315_VIS4mi.png
9,1,"[0.0142, 0.0172, 0.0634, 0.0606, 0.0671, 0.0972, 0.1226, 0.1454, 0.0449, 0.3674]",0.3674132823944092,2025-02-12-14-37-35/SITE259_ORNT205_VIS2mi.png
0,1,"[0.2481, 0.2153, 0.1332, 0.1565, 0.1017, 0.0519, 0.0505, 0.0299, 0.0068, 0.0062]",0.24812540411949158,2024-09-08-13-07-06/SITE13_ORNT85_VIS2mi.png
1,5,"[0.1419, 0.2061, 0.1216, 0.2034, 0.1224, 0.0804, 0.0560, 0.0501, 0.0104, 0.0079]",0.2060806006193161,2024-10-14-13-08-27/SITE98_ORNT25_VIS6mi.png
9,4,"[0.0331, 0.0292, 0.0954, 0.0503, 0.0410, 0.0692, 0.0319, 0.0949, 0.2657, 0.2894]",0.2894231379032135,2025-01-15-12-14-16/SITE557_ORNT191_VIS5mi.png
3,3,"[0.0304, 0.0701, 0.0969, 0.1801, 0.1295, 0.1525, 0.1270, 0.1364, 0.0519, 0.0253]",0.18009023368358612,2024-08-02-13-37-25/SITE239_ORNT30_VIS4mi.png
8,7,"[0.0181, 0.0225, 0.0467, 0.0218, 0.0966, 0.0962, 0.0420, 0.0582, 0.5194, 0.0784]",0.5194189548492432,2025-03-05-12-08-53/SITE472_ORNT95_VIS8mi.png
8,6,"[0.0802, 0.0958, 0.1274, 0.0632, 0.1355, 0.1734, 0.0430, 0.0885, 0.1794, 0.0135]",0.17943036556243896,2025-03-28-10-38-15/SITE375_ORNT330_VIS7mi.png
2,4,"[0.1363, 0.1421, 0.1625, 0.0775, 0.1388, 0.1479, 0.0404, 0.0723, 0.0761, 0.0061]",0.16253750026226044,2025-03-29-15-28-57/SITE322_ORNT180_VIS5mi.png
2,3,"[0.1182, 0.0995, 0.2236, 0.0633, 0.0907, 0.1772, 0.0887, 0.0784, 0.0428, 0.0176]",0.22357794642448425,2024-05-28-11-05-32/SITE406_ORNT190_VIS4mi.png
1,3,"[0.1635, 0.2456, 0.1321, 0.1896, 0.1043, 0.0642, 0.0479, 0.0402, 0.0073, 0.0053]",0.24563704431056976,2024-09-07-13-37-18/SITE595_ORNT0_VIS4mi.png
5,6,"[0.1235, 0.1517, 0.1370, 0.1001, 0.1142, 0.1577, 0.0402, 0.0760, 0.0923, 0.0074]",0.15773195028305054,2025-04-11-14-52-32/SITE507_ORNT0_VIS7mi.png
6,5,"[0.0045, 0.0087, 0.0282, 0.0351, 0.0644, 0.2092, 0.2738, 0.0613, 0.2073, 0.1076]",0.27384939789772034,2024-08-11-13-07-09/SITE747_ORNT0_VIS6mi.png
3,7,"[0.0822, 0.1500, 0.1203, 0.1684, 0.1395, 0.1190, 0.0954, 0.0854, 0.0266, 0.0132]",0.16844624280929565,2024-10-06-17-04-59/SITE442_ORNT40_VIS8mi.png
8,8,"[0.0015, 0.0042, 0.0045, 0.0068, 0.0163, 0.0432, 0.0261, 0.0267, 0.7492, 0.1215]",0.7491567730903625,2024-07-02-10-19-43/SITE353_ORNT245_VIS9mi.png
1,8,"[0.1512, 0.2488, 0.1260, 0.1864, 0.1104, 0.0670, 0.0529, 0.0429, 0.0075, 0.0068]",0.24875353276729584,2025-03-02-13-12-40/SITE6_ORNT55_VIS9mi.png
1,4,"[0.1429, 0.3031, 0.1352, 0.1980, 0.0902, 0.0599, 0.0348, 0.0290, 0.0038, 0.0031]",0.3031449317932129,2024-05-03-12-14-06/SITE49_ORNT15_VIS5mi.png
9,5,"[0.0265, 0.0210, 0.0788, 0.0670, 0.0711, 0.1166, 0.1404, 0.1600, 0.0604, 0.2582]",0.25819599628448486,2024-07-29-16-41-43/SITE692_ORNT335_VIS6mi.png
0,0,"[0.2083, 0.2039, 0.1269, 0.1499, 0.1145, 0.0653, 0.0524, 0.0528, 0.0141, 0.0118]",0.2083437293767929,2024-05-07-15-42-07/SITE43_ORNT10_VIS1-75mi.png
6,6,"[0.0058, 0.0149, 0.0068, 0.0095, 0.0257, 0.0589, 0.7451, 0.0549, 0.0336, 0.0447]",0.7451012134552002,2025-04-22-15-39-35/SITE760_ORNT140_VIS7mi.png
9,2,"[0.0030, 0.0028, 0.0111, 0.0117, 0.0315, 0.1167, 0.2970, 0.1483, 0.0441, 0.3338]",0.33380094170570374,2025-02-12-14-37-35/SITE568_ORNT349_VIS3mi.png
0,3,"[0.2779, 0.1964, 0.1118, 0.1384, 0.0848, 0.0565, 0.0561, 0.0513, 0.0181, 0.0087]",0.27789533138275146,2024-07-07-15-01-32/SITE179_ORNT185_VIS4mi.png
1,0,"[0.1168, 0.2624, 0.1390, 0.2063, 0.0996, 0.0740, 0.0530, 0.0383, 0.0060, 0.0046]",0.2624168395996094,2024-12-10-14-08-09/SITE735_ORNT170_VIS1-5mi.png
9,7,"[0.0034, 0.0103, 0.0209, 0.0370, 0.0345, 0.0276, 0.0835, 0.1929, 0.0142, 0.5759]",0.5758562684059143,2025-02-05-13-59-56/SITE575_ORNT85_VIS8mi.png
0,5,"[0.2292, 0.2038, 0.1297, 0.1549, 0.1124, 0.0580, 0.0522, 0.0415, 0.0092, 0.0091]",0.22918501496315002,2025-03-04-14-20-15/SITE421_ORNT240_VIS6mi.png
0,0,"[0.2806, 0.2259, 0.1736, 0.0514, 0.1015, 0.0780, 0.0269, 0.0399, 0.0210, 0.0012]",0.28064611554145813,2025-02-05-13-59-56/SITE376_ORNT70_VIS1mi.png
9,7,"[0.0060, 0.0121, 0.0221, 0.0453, 0.0560, 0.0682, 0.1578, 0.2346, 0.0767, 0.3212]",0.32121291756629944,2024-06-07-15-28-05/SITE18_ORNT5_VIS8mi.png
1,9,"[0.0948, 0.1585, 0.1530, 0.1549, 0.1190, 0.1137, 0.0788, 0.0810, 0.0190, 0.0273]",0.15853996574878693,2025-02-15-15-20-00/SITE261_ORNT270_VIS10+mi.png
9,7,"[0.0127, 0.0137, 0.0655, 0.0212, 0.0278, 0.0827, 0.0266, 0.0913, 0.2701, 0.3883]",0.38828957080841064,2025-03-06-15-10-58/SITE474_ORNT270_VIS8mi.png
0,6,"[0.1752, 0.1735, 0.1385, 0.1566, 0.1075, 0.0774, 0.0744, 0.0633, 0.0163, 0.0173]",0.17518506944179535,2024-05-09-16-15-37/SITE94_ORNT180_VIS7mi.png
9,7,"[0.0247, 0.0220, 0.0457, 0.0539, 0.0836, 0.1154, 0.1635, 0.1663, 0.0613, 0.2635]",0.2635270357131958,2025-02-02-12-13-03/SITE272_ORNT130_VIS8mi.png
5,2,"[0.0210, 0.0523, 0.1278, 0.1402, 0.1314, 0.1901, 0.1605, 0.1082, 0.0591, 0.0093]",0.19013895094394684,2024-07-25-10-00-39/SITE331_ORNT135_VIS3mi.png
8,5,"[0.0014, 0.0042, 0.0046, 0.0077, 0.0205, 0.0496, 0.0268, 0.0379, 0.7931, 0.0543]",0.7931262850761414,2024-10-15-10-59-57/SITE385_ORNT50_VIS6mi.png
8,8,"[0.0051, 0.0093, 0.0197, 0.0107, 0.0245, 0.0347, 0.0277, 0.0402, 0.5937, 0.2345]",0.5936606526374817,2024-09-08-16-00-24/SITE358_ORNT290_VIS9mi.png
9,3,"[0.0065, 0.0070, 0.0184, 0.0234, 0.0525, 0.0564, 0.1097, 0.1421, 0.0664, 0.5175]",0.5174770355224609,2024-05-28-11-05-32/SITE439_ORNT200_VIS4mi.png
8,9,"[0.0136, 0.0306, 0.0497, 0.0419, 0.0835, 0.1271, 0.0727, 0.0834, 0.4464, 0.0512]",0.44635820388793945,2025-03-26-12-24-08/SITE467_ORNT225_VIS15mi.png
0,1,"[0.3205, 0.2291, 0.1119, 0.1245, 0.0836, 0.0425, 0.0420, 0.0322, 0.0101, 0.0039]",0.32045212388038635,2024-05-09-16-15-37/SITE58_ORNT245_VIS2-5mi.png
5,2,"[0.0915, 0.0915, 0.1129, 0.0984, 0.1387, 0.1563, 0.0612, 0.0907, 0.1370, 0.0219]",0.15634824335575104,2025-04-16-13-54-24/SITE323_ORNT135_VIS3mi.png
9,9,"[0.0059, 0.0095, 0.0229, 0.0231, 0.0490, 0.0842, 0.2711, 0.1321, 0.0634, 0.3388]",0.33875274658203125,2025-03-26-12-24-08/SITE443_ORNT275_VIS10+mi.png
3,4,"[0.1229, 0.1961, 0.1349, 0.2005, 0.1159, 0.0822, 0.0697, 0.0531, 0.0119, 0.0128]",0.20047232508659363,2024-08-02-20-27-22/SITE111_ORNT181_VIS5mi.png
0,0,"[0.3273, 0.2421, 0.1119, 0.1233, 0.0821, 0.0382, 0.0377, 0.0262, 0.0079, 0.0033]",0.32725441455841064,2024-05-07-15-42-07/SITE87_ORNT114_VIS1-5mi.png
8,4,"[0.0099, 0.0185, 0.0341, 0.0369, 0.0655, 0.1247, 0.0581, 0.0873, 0.5224, 0.0428]",0.5223595499992371,2024-07-24-16-43-44/SITE612_ORNT300_VIS5mi.png
1,3,"[0.1810, 0.2118, 0.1343, 0.1611, 0.1084, 0.0734, 0.0588, 0.0487, 0.0131, 0.0094]",0.211799755692482,2024-09-07-13-37-18/SITE595_ORNT180_VIS4mi.png
9,5,"[0.0077, 0.0089, 0.0240, 0.0322, 0.0489, 0.1499, 0.1708, 0.0827, 0.1402, 0.3347]",0.3346990644931793,2025-03-18-13-52-55/SITE22_ORNT285_VIS6mi.png
6,6,"[0.0307, 0.0508, 0.0619, 0.1078, 0.1076, 0.1466, 0.1818, 0.1599, 0.0715, 0.0815]",0.18176329135894775,2024-10-06-12-31-10/SITE73_ORNT110_VIS7mi.png
6,6,"[0.0120, 0.0352, 0.0242, 0.0364, 0.0615, 0.0963, 0.4961, 0.1311, 0.0392, 0.0680]",0.49606648087501526,2025-02-04-15-47-48/SITE760_ORNT140_VIS7mi.png
1,6,"[0.1631, 0.2099, 0.1492, 0.1591, 0.1023, 0.0630, 0.0739, 0.0557, 0.0115, 0.0122]",0.2098563015460968,2024-07-30-14-06-06/SITE43_ORNT190_VIS7mi.png
8,8,"[0.0159, 0.0160, 0.0427, 0.0203, 0.0652, 0.1334, 0.0628, 0.0677, 0.3877, 0.1884]",0.3877180218696594,2024-06-29-15-18-41/SITE324_ORNT310_VIS9mi.png
7,5,"[0.0287, 0.0378, 0.0478, 0.0880, 0.1200, 0.1257, 0.1342, 0.1919, 0.0384, 0.1874]",0.19187317788600922,4-9-24-5-23-PM/SITE75_ORNT75_VIS6mi.png
3,8,"[0.0716, 0.1140, 0.1161, 0.1691, 0.1297, 0.1345, 0.0968, 0.0991, 0.0510, 0.0182]",0.16909947991371155,2024-07-27-10-27-08/SITE324_ORNT45_VIS9mi.png
6,3,"[0.0330, 0.0469, 0.0468, 0.0550, 0.0662, 0.0808, 0.4898, 0.0888, 0.0125, 0.0803]",0.48976626992225647,2024-12-29-16-00-12/SITE164_ORNT358_VIS4mi.png
9,9,"[0.0071, 0.0119, 0.0258, 0.0288, 0.0558, 0.0659, 0.1015, 0.1858, 0.0629, 0.4545]",0.4545309245586395,2025-01-23-15-05-27/SITE616_ORNT0_VIS10+mi.png
8,8,"[0.0041, 0.0184, 0.0113, 0.0103, 0.0266, 0.0393, 0.0362, 0.0748, 0.4942, 0.2847]",0.49416300654411316,2024-09-18-18-13-42/SITE328_ORNT0_VIS9mi.png
5,3,"[0.0302, 0.0700, 0.0988, 0.1576, 0.1270, 0.1757, 0.1332, 0.1259, 0.0542, 0.0274]",0.175678089261055,2024-12-10-14-08-09/SITE98_ORNT80_VIS4mi.png
1,1,"[0.2091, 0.2386, 0.1353, 0.1575, 0.0996, 0.0583, 0.0525, 0.0362, 0.0075, 0.0055]",0.23860426247119904,2024-07-14-10-21-23/SITE7_ORNT312_VIS2mi.png
5,5,"[0.0480, 0.0756, 0.0951, 0.1225, 0.1165, 0.1570, 0.1314, 0.1272, 0.0671, 0.0595]",0.15699779987335205,2024-09-29-15-43-38/SITE203_ORNT220_VIS6mi.png
8,9,"[0.0052, 0.0171, 0.0312, 0.0174, 0.0594, 0.1011, 0.0422, 0.0810, 0.5852, 0.0602]",0.5851672291755676,2024-05-21-12-02-34/SITE327_ORNT45_VIS15mi.png
0,0,"[0.3006, 0.2201, 0.1213, 0.1404, 0.0948, 0.0420, 0.0437, 0.0264, 0.0058, 0.0050]",0.30063846707344055,2025-04-07-16-10-10/SITE75_ORNT270_VIS1mi.png
0,1,"[0.3497, 0.2539, 0.1143, 0.1101, 0.0702, 0.0338, 0.0306, 0.0282, 0.0072, 0.0019]",0.3497362434864044,2025-03-23-13-51-54/SITE230_ORNT214_VIS2-5mi.png
0,6,"[0.2552, 0.2361, 0.1215, 0.1491, 0.0903, 0.0482, 0.0521, 0.0348, 0.0079, 0.0049]",0.25517067313194275,2024-06-23-11-02-14/SITE595_ORNT180_VIS7mi.png
3,2,"[0.0555, 0.1130, 0.1101, 0.1705, 0.1399, 0.1330, 0.1090, 0.0937, 0.0353, 0.0400]",0.17052823305130005,2024-10-10-15-17-15/SITE193_ORNT240_VIS3mi.png
3,7,"[0.0611, 0.1024, 0.1084, 0.1514, 0.1303, 0.1337, 0.1137, 0.1134, 0.0385, 0.0471]",0.15144406259059906,2025-02-17-14-46-26/SITE53_ORNT15_VIS8mi.png
8,8,"[0.0089, 0.0168, 0.0249, 0.0216, 0.0481, 0.1071, 0.0546, 0.0688, 0.5575, 0.0917]",0.5575407147407532,2024-10-06-14-34-22/SITE360_ORNT310_VIS9mi.png
8,8,"[0.0259, 0.0406, 0.0727, 0.0754, 0.1291, 0.1768, 0.0479, 0.0905, 0.3321, 0.0088]",0.33214041590690613,2024-10-08-11-05-48/SITE506_ORNT270_VIS9mi.png
7,6,"[0.0198, 0.0368, 0.0868, 0.1199, 0.1043, 0.1148, 0.1262, 0.1721, 0.0695, 0.1498]",0.17213118076324463,2024-07-14-10-21-23/SITE177_ORNT260_VIS7mi.png
1,0,"[0.2120, 0.2459, 0.1589, 0.1344, 0.0881, 0.0533, 0.0476, 0.0491, 0.0055, 0.0052]",0.2458849847316742,2025-02-05-13-59-56/SITE438_ORNT110_VIS1-5mi.png
1,1,"[0.1129, 0.2420, 0.1872, 0.1685, 0.0999, 0.0650, 0.0685, 0.0433, 0.0030, 0.0098]",0.24199806153774261,2024-05-23-15-19-49/SITE203_ORNT70_VIS2mi.png
8,8,"[0.0047, 0.0101, 0.0104, 0.0135, 0.0296, 0.0498, 0.0404, 0.0702, 0.6010, 0.1703]",0.6010322570800781,2024-10-14-13-08-27/SITE383_ORNT35_VIS9mi.png
7,4,"[0.0116, 0.0205, 0.0364, 0.0498, 0.0946, 0.1251, 0.1948, 0.2247, 0.0512, 0.1913]",0.22473452985286713,2024-08-11-09-28-59/SITE569_ORNT54_VIS5mi.png
3,5,"[0.0988, 0.1384, 0.1130, 0.1694, 0.1396, 0.1079, 0.0935, 0.0871, 0.0272, 0.0250]",0.16943880915641785,2024-06-16-15-28-51/SITE426_ORNT130_VIS6mi.png
2,1,"[0.1966, 0.1647, 0.2336, 0.0809, 0.0836, 0.1145, 0.0533, 0.0471, 0.0225, 0.0033]",0.23360468447208405,2024-07-02-10-19-43/SITE747_ORNT255_VIS2-5mi.png
8,8,"[0.0022, 0.0064, 0.0058, 0.0052, 0.0138, 0.0338, 0.0236, 0.0447, 0.5712, 0.2933]",0.5711780786514282,2024-07-28-11-17-19/SITE304_ORNT290_VIS9mi.png
1,2,"[0.0882, 0.1919, 0.1390, 0.1720, 0.1121, 0.1160, 0.0775, 0.0731, 0.0129, 0.0173]",0.19186347723007202,2024-09-08-13-07-06/SITE167_ORNT60_VIS3mi.png
1,2,"[0.1684, 0.2359, 0.1287, 0.1849, 0.1048, 0.0704, 0.0557, 0.0353, 0.0086, 0.0072]",0.2359466850757599,2024-05-23-15-19-49/SITE422_ORNT85_VIS3mi.png
6,7,"[0.0185, 0.0445, 0.0760, 0.1119, 0.1091, 0.1519, 0.1872, 0.1667, 0.0846, 0.0495]",0.18717294931411743,2024-06-01-16-58-02/SITE442_ORNT40_VIS8mi.png
3,2,"[0.0956, 0.1909, 0.1229, 0.2258, 0.1234, 0.0881, 0.0767, 0.0607, 0.0117, 0.0043]",0.22579693794250488,2024-07-26-10-22-16/SITE160_ORNT237_VIS3mi.png
0,3,"[0.2160, 0.2003, 0.1373, 0.1415, 0.1052, 0.0682, 0.0560, 0.0498, 0.0165, 0.0092]",0.21600233018398285,2024-10-14-13-08-27/SITE610_ORNT260_VIS4mi.png
3,0,"[0.0570, 0.1049, 0.1214, 0.1748, 0.1322, 0.1361, 0.1017, 0.1078, 0.0287, 0.0355]",0.1747911125421524,2025-04-01-16-59-16/SITE97_ORNT98_VIS1-25mi.png
8,6,"[0.0123, 0.0230, 0.0454, 0.0556, 0.0952, 0.1400, 0.0504, 0.0940, 0.4720, 0.0120]",0.47202932834625244,2025-04-10-17-56-44/SITE367_ORNT110_VIS7mi.png
6,7,"[0.0076, 0.0053, 0.0482, 0.0316, 0.0376, 0.1171, 0.2667, 0.1500, 0.0735, 0.2623]",0.2666902244091034,2024-07-29-17-46-25/SITE557_ORNT291_VIS8mi.png
9,9,"[0.0242, 0.0192, 0.0809, 0.0440, 0.0526, 0.1212, 0.1370, 0.1480, 0.0537, 0.3193]",0.3192773759365082,2025-01-28-16-10-28/SITE54_ORNT255_VIS10+mi.png
1,1,"[0.2528, 0.2688, 0.1244, 0.1468, 0.0891, 0.0456, 0.0316, 0.0304, 0.0074, 0.0031]",0.268793523311615,2024-05-23-15-19-49/SITE36_ORNT350_VIS2mi.png
1,6,"[0.1592, 0.2939, 0.1295, 0.1979, 0.0925, 0.0538, 0.0368, 0.0291, 0.0044, 0.0029]",0.29388582706451416,2024-09-08-16-00-24/SITE169_ORNT157_VIS7mi.png
9,7,"[0.0080, 0.0117, 0.0494, 0.0391, 0.0535, 0.0807, 0.1236, 0.1529, 0.0602, 0.4210]",0.42098039388656616,2025-02-04-15-47-48/SITE268_ORNT45_VIS8mi.png
3,0,"[0.0605, 0.1428, 0.1237, 0.1847, 0.1317, 0.1337, 0.0947, 0.0867, 0.0170, 0.0245]",0.1846807301044464,2025-01-15-15-33-17/SITE186_ORNT110_VIS1-75mi.png
1,2,"[0.1868, 0.2320, 0.1363, 0.1630, 0.1000, 0.0616, 0.0590, 0.0432, 0.0097, 0.0084]",0.23204320669174194,2024-08-02-20-27-22/SITE43_ORNT190_VIS3mi.png
5,2,"[0.0669, 0.0388, 0.1033, 0.0896, 0.1007, 0.1887, 0.1597, 0.1271, 0.0594, 0.0658]",0.1887322962284088,2024-12-23-15-38-40/SITE446_ORNT165_VIS3mi.png
9,3,"[0.0307, 0.0349, 0.0835, 0.1274, 0.0777, 0.0840, 0.0982, 0.1917, 0.0507, 0.2212]",0.22115007042884827,2024-08-01-13-32-05/SITE595_ORNT270_VIS4mi.png
0,0,"[0.3076, 0.2098, 0.1129, 0.1284, 0.0896, 0.0480, 0.0473, 0.0375, 0.0130, 0.0060]",0.307551771402359,2025-01-17-15-10-02/SITE438_ORNT30_VIS1-5mi.png
8,8,"[0.0017, 0.0024, 0.0035, 0.0029, 0.0077, 0.0326, 0.0119, 0.0193, 0.6667, 0.2514]",0.6667221784591675,2024-07-02-10-19-43/SITE508_ORNT315_VIS9mi.png
5,5,"[0.0589, 0.0505, 0.0745, 0.0772, 0.0940, 0.1914, 0.1678, 0.1102, 0.0353, 0.1401]",0.1913878619670868,2025-03-02-13-12-40/SITE203_ORNT220_VIS6mi.png
6,4,"[0.0449, 0.0464, 0.1030, 0.1243, 0.1071, 0.1328, 0.1743, 0.1473, 0.0353, 0.0847]",0.1742790937423706,2024-06-06-10-38-22/SITE117_ORNT320_VIS5mi.png
2,9,"[0.1112, 0.0765, 0.1485, 0.0998, 0.1050, 0.1331, 0.0993, 0.1030, 0.0171, 0.1065]",0.14854305982589722,2025-05-13-14-10-59/SITE6_ORNT55_VIS10+mi.png
1,5,"[0.1389, 0.2031, 0.1184, 0.1706, 0.1323, 0.0953, 0.0641, 0.0543, 0.0146, 0.0085]",0.2030666023492813,2024-12-29-16-00-12/SITE41_ORNT235_VIS6mi.png
0,3,"[0.4010, 0.2449, 0.1853, 0.0537, 0.0396, 0.0180, 0.0179, 0.0355, 0.0030, 0.0012]",0.40095439553260803,2024-12-24-15-14-57/SITE193_ORNT295_VIS4mi.png
1,5,"[0.1474, 0.1926, 0.1363, 0.1901, 0.1201, 0.0769, 0.0649, 0.0489, 0.0107, 0.0121]",0.1926041543483734,2024-07-07-11-04-33/SITE111_ORNT181_VIS6mi.png
9,7,"[0.0019, 0.0034, 0.0148, 0.0186, 0.0314, 0.0565, 0.2553, 0.1782, 0.0822, 0.3577]",0.35770392417907715,2024-05-13-18-48-49/SITE575_ORNT325_VIS8mi.png
2,8,"[0.1392, 0.1286, 0.1651, 0.0781, 0.1382, 0.1446, 0.0436, 0.0781, 0.0783, 0.0061]",0.16508875787258148,2025-02-16-12-49-10/SITE376_ORNT170_VIS9mi.png
3,2,"[0.0597, 0.1009, 0.1109, 0.1816, 0.1348, 0.1198, 0.1113, 0.1165, 0.0390, 0.0255]",0.1815548837184906,2024-07-05-14-33-31/SITE127_ORNT114_VIS3mi.png
3,4,"[0.1254, 0.1061, 0.1265, 0.1786, 0.1358, 0.0919, 0.1210, 0.0711, 0.0116, 0.0319]",0.17860665917396545,2025-03-28-10-38-15/SITE570_ORNT344_VIS5mi.png
2,9,"[0.1479, 0.1083, 0.1682, 0.1062, 0.1014, 0.1302, 0.0837, 0.1121, 0.0181, 0.0238]",0.1681903600692749,2025-03-05-12-08-53/SITE119_ORNT96_VIS10+mi.png
6,5,"[0.0124, 0.0234, 0.0455, 0.0722, 0.0962, 0.1920, 0.2623, 0.1583, 0.0739, 0.0638]",0.2623336613178253,2025-01-17-15-10-02/SITE22_ORNT285_VIS6mi.png
1,3,"[0.1317, 0.2534, 0.1394, 0.1995, 0.0994, 0.0694, 0.0540, 0.0411, 0.0072, 0.0049]",0.25344938039779663,2025-01-26-15-53-06/SITE7_ORNT221_VIS4mi.png
1,7,"[0.1471, 0.3030, 0.1256, 0.2100, 0.0920, 0.0563, 0.0340, 0.0257, 0.0035, 0.0027]",0.30302488803863525,2025-02-04-15-47-48/SITE802_ORNT150_VIS8mi.png
1,8,"[0.1435, 0.2180, 0.1307, 0.1895, 0.1116, 0.0930, 0.0526, 0.0441, 0.0115, 0.0055]",0.2179725021123886,2025-01-15-15-33-17/SITE362_ORNT305_VIS9mi.png
0,6,"[0.2517, 0.1998, 0.1283, 0.1574, 0.1084, 0.0526, 0.0524, 0.0353, 0.0070, 0.0071]",0.2516973912715912,2024-08-31-14-30-34/SITE4_ORNT187_VIS7mi.png
7,9,"[0.0027, 0.0110, 0.0091, 0.0437, 0.1248, 0.1195, 0.1492, 0.2823, 0.0286, 0.2290]",0.2823331952095032,2025-03-31-13-29-12/SITE578_ORNT230_VIS10+mi.png
8,7,"[0.0087, 0.0126, 0.0301, 0.0198, 0.0809, 0.1130, 0.0640, 0.0668, 0.4839, 0.1201]",0.48392564058303833,2025-02-14-15-24-27/SITE490_ORNT110_VIS8mi.png
1,3,"[0.1199, 0.2316, 0.1401, 0.2227, 0.1060, 0.0699, 0.0573, 0.0397, 0.0058, 0.0070]",0.2315966635942459,2025-02-14-15-24-27/SITE624_ORNT145_VIS4mi.png
9,3,"[0.0290, 0.0298, 0.0563, 0.0701, 0.0807, 0.1454, 0.1386, 0.0944, 0.0476, 0.3082]",0.30815592408180237,2024-09-19-16-37-08/SITE161_ORNT316_VIS4mi.png
2,2,"[0.0787, 0.1002, 0.1380, 0.1280, 0.1118, 0.1181, 0.1090, 0.1239, 0.0258, 0.0665]",0.1380150467157364,2025-02-01-17-30-02/SITE18_ORNT290_VIS3mi.png
3,3,"[0.1018, 0.1875, 0.1202, 0.2397, 0.1216, 0.0715, 0.0622, 0.0773, 0.0099, 0.0084]",0.23968051373958588,2025-04-01-16-59-16/SITE127_ORNT30_VIS4mi.png
1,0,"[0.1774, 0.2268, 0.1404, 0.1842, 0.1052, 0.0641, 0.0519, 0.0374, 0.0057, 0.0069]",0.22680598497390747,2024-07-28-13-48-26/SITE13_ORNT85_VIS1-25mi.png
9,5,"[0.0147, 0.0245, 0.0574, 0.0614, 0.0813, 0.1165, 0.1552, 0.1609, 0.0672, 0.2610]",0.26096025109291077,2024-07-24-16-43-44/SITE15_ORNT90_VIS6mi.png
1,2,"[0.1578, 0.2805, 0.1112, 0.1977, 0.1018, 0.0603, 0.0448, 0.0351, 0.0066, 0.0042]",0.2804868221282959,2025-04-16-13-54-24/SITE411_ORNT220_VIS3mi.png
3,3,"[0.1023, 0.1554, 0.1128, 0.2117, 0.1447, 0.1018, 0.0776, 0.0682, 0.0201, 0.0054]",0.21167710423469543,2024-09-08-16-00-24/SITE19_ORNT325_VIS4mi.png
3,6,"[0.0863, 0.1869, 0.1367, 0.2112, 0.1210, 0.0971, 0.0732, 0.0634, 0.0113, 0.0131]",0.21122662723064423,2024-06-06-10-38-22/SITE156_ORNT294_VIS7mi.png
9,5,"[0.0096, 0.0125, 0.0304, 0.0349, 0.0656, 0.1023, 0.1671, 0.1990, 0.0663, 0.3124]",0.3123783767223358,2024-07-24-16-43-44/SITE719_ORNT300_VIS6mi.png
3,6,"[0.1369, 0.1408, 0.1355, 0.1776, 0.1267, 0.0882, 0.0881, 0.0770, 0.0096, 0.0196]",0.1776132434606552,2025-01-26-15-53-06/SITE834_ORNT15_VIS7mi.png
5,7,"[0.1173, 0.1108, 0.1444, 0.0861, 0.1403, 0.1560, 0.0445, 0.0849, 0.1067, 0.0091]",0.15603649616241455,2025-02-27-11-22-46/SITE325_ORNT145_VIS8mi.png
1,1,"[0.1894, 0.2737, 0.1392, 0.1727, 0.0910, 0.0506, 0.0465, 0.0287, 0.0042, 0.0038]",0.27370965480804443,2024-12-29-16-00-12/SITE561_ORNT60_VIS2-5mi.png
8,8,"[0.0282, 0.0385, 0.0682, 0.0297, 0.1178, 0.1272, 0.0440, 0.0726, 0.4006, 0.0732]",0.4005737900733948,2025-02-12-14-37-35/SITE338_ORNT120_VIS9mi.png
1,3,"[0.1788, 0.2334, 0.1372, 0.1725, 0.1024, 0.0636, 0.0561, 0.0416, 0.0076, 0.0068]",0.23338192701339722,2025-01-26-15-53-06/SITE7_ORNT312_VIS4mi.png
0,4,"[0.2736, 0.2388, 0.1170, 0.1554, 0.0822, 0.0418, 0.0470, 0.0336, 0.0066, 0.0039]",0.27359452843666077,2024-07-20-15-11-13/SITE234_ORNT260_VIS5mi.png
9,9,"[0.0078, 0.0177, 0.0294, 0.0465, 0.0766, 0.0813, 0.1915, 0.1055, 0.1129, 0.3308]",0.3308021128177643,2025-04-07-16-10-10/SITE164_ORNT68_VIS10+mi.png
5,2,"[0.0605, 0.0573, 0.1038, 0.0836, 0.1076, 0.1709, 0.1186, 0.1199, 0.1012, 0.0766]",0.1709045171737671,2025-01-28-16-10-28/SITE98_ORNT135_VIS3mi.png
9,7,"[0.0017, 0.0036, 0.0089, 0.0198, 0.0417, 0.0582, 0.1052, 0.2596, 0.0246, 0.4768]",0.47676944732666016,2024-05-07-15-42-07/SITE569_ORNT211_VIS8mi.png
1,2,"[0.0802, 0.2179, 0.1318, 0.2130, 0.1140, 0.1196, 0.0592, 0.0486, 0.0079, 0.0077]",0.21792003512382507,2025-04-01-16-59-16/SITE786_ORNT255_VIS3mi.png
1,1,"[0.1264, 0.2375, 0.1279, 0.1950, 0.1220, 0.0906, 0.0437, 0.0480, 0.0061, 0.0027]",0.23754680156707764,2024-09-19-14-23-02/SITE262_ORNT124_VIS2mi.png
6,7,"[0.0185, 0.0527, 0.0475, 0.0794, 0.1076, 0.1619, 0.2412, 0.1517, 0.0417, 0.0978]",0.24118541181087494,2025-04-22-15-39-35/SITE203_ORNT155_VIS8mi.png
1,1,"[0.2866, 0.2935, 0.1693, 0.0909, 0.0600, 0.0321, 0.0240, 0.0369, 0.0045, 0.0022]",0.2935466170310974,2025-03-31-15-41-11/SITE194_ORNT194_VIS2-5mi.png
5,5,"[0.0758, 0.1008, 0.1303, 0.0492, 0.1460, 0.1930, 0.0354, 0.0811, 0.1801, 0.0084]",0.19299186766147614,2025-03-31-13-29-12/SITE506_ORNT0_VIS6mi.png
9,9,"[0.0200, 0.0191, 0.0361, 0.0626, 0.0861, 0.1400, 0.1517, 0.1307, 0.0690, 0.2847]",0.28466224670410156,2024-07-20-15-11-13/SITE430_ORNT255_VIS15mi.png
5,3,"[0.0433, 0.0940, 0.1088, 0.1688, 0.1305, 0.1780, 0.1143, 0.1012, 0.0428, 0.0183]",0.17799165844917297,2024-08-29-17-58-30/SITE98_ORNT80_VIS4mi.png
1,4,"[0.1568, 0.2046, 0.1409, 0.1807, 0.1123, 0.0796, 0.0646, 0.0408, 0.0100, 0.0097]",0.2046385407447815,2025-04-16-13-54-24/SITE624_ORNT145_VIS5mi.png
9,7,"[0.0332, 0.0419, 0.0653, 0.0674, 0.0887, 0.1159, 0.1080, 0.1452, 0.1234, 0.2108]",0.2108495682477951,2024-06-17-10-37-40/SITE132_ORNT141_VIS8mi.png
1,5,"[0.1227, 0.2910, 0.1343, 0.2169, 0.0945, 0.0595, 0.0422, 0.0323, 0.0038, 0.0027]",0.2910239100456238,2024-08-02-13-37-25/SITE438_ORNT208_VIS6mi.png
9,9,"[0.0775, 0.0691, 0.0730, 0.1144, 0.1165, 0.0917, 0.0729, 0.1448, 0.0291, 0.2109]",0.21091017127037048,2025-03-05-12-08-53/SITE722_ORNT15_VIS10+mi.png
1,3,"[0.1596, 0.2629, 0.1382, 0.1797, 0.0949, 0.0672, 0.0451, 0.0395, 0.0076, 0.0053]",0.2629256248474121,2024-07-14-16-38-50/SITE8_ORNT220_VIS4mi.png
3,6,"[0.1150, 0.1484, 0.1405, 0.1726, 0.1170, 0.1180, 0.0871, 0.0649, 0.0163, 0.0202]",0.1725674271583557,2024-05-08-14-34-39/SITE94_ORNT180_VIS7mi.png
1,5,"[0.2137, 0.2283, 0.1316, 0.1482, 0.0988, 0.0678, 0.0455, 0.0462, 0.0141, 0.0059]",0.22830305993556976,2024-10-10-15-17-15/SITE128_ORNT135_VIS6mi.png
0,0,"[0.1892, 0.1784, 0.1383, 0.1213, 0.1142, 0.0917, 0.0598, 0.0631, 0.0329, 0.0110]",0.18923752009868622,2024-07-05-10-36-13/SITE167_ORNT312_VIS1mi.png
6,6,"[0.0035, 0.0086, 0.0023, 0.0041, 0.0077, 0.0229, 0.9186, 0.0085, 0.0147, 0.0091]",0.918580174446106,2024-08-12-20-17-35/SITE760_ORNT190_VIS7mi.png
8,8,"[0.0024, 0.0064, 0.0109, 0.0220, 0.0376, 0.0657, 0.0491, 0.0897, 0.6833, 0.0330]",0.6833110451698303,2024-07-18-11-32-15/SITE375_ORNT330_VIS9mi.png
3,5,"[0.1044, 0.1845, 0.1393, 0.2050, 0.1187, 0.0900, 0.0688, 0.0724, 0.0113, 0.0055]",0.20503275096416473,2024-07-14-10-21-23/SITE12_ORNT270_VIS6mi.png
1,1,"[0.1517, 0.1541, 0.1438, 0.1528, 0.1195, 0.0898, 0.0829, 0.0652, 0.0202, 0.0199]",0.1541183739900589,2025-04-01-16-59-16/SITE240_ORNT112_VIS2-5mi.png
9,5,"[0.0060, 0.0078, 0.0287, 0.0437, 0.0596, 0.0890, 0.2256, 0.2028, 0.0488, 0.2878]",0.2878390848636627,2024-07-29-16-41-43/SITE593_ORNT255_VIS6mi.png
9,9,"[0.0040, 0.0051, 0.0228, 0.0187, 0.0411, 0.0703, 0.1427, 0.0995, 0.0338, 0.5620]",0.5620314478874207,2025-03-31-15-41-11/SITE539_ORNT205_VIS10+mi.png
0,1,"[0.3150, 0.1743, 0.0975, 0.1396, 0.0720, 0.0519, 0.0589, 0.0601, 0.0217, 0.0089]",0.315019428730011,2025-02-05-13-59-56/SITE43_ORNT190_VIS2mi.png
6,1,"[0.0284, 0.0301, 0.0521, 0.0550, 0.0689, 0.1001, 0.4308, 0.0870, 0.0161, 0.1315]",0.43084847927093506,2024-10-11-15-41-13/SITE446_ORNT101_VIS2-5mi.png
1,0,"[0.2036, 0.2315, 0.1314, 0.1686, 0.1088, 0.0588, 0.0431, 0.0395, 0.0078, 0.0069]",0.23145326972007751,2025-04-07-16-10-10/SITE75_ORNT75_VIS1mi.png
3,4,"[0.1041, 0.1728, 0.1313, 0.2013, 0.1192, 0.1032, 0.0714, 0.0696, 0.0157, 0.0114]",0.20127393305301666,2024-12-10-14-08-09/SITE617_ORNT40_VIS5mi.png
1,6,"[0.2260, 0.2310, 0.1302, 0.1456, 0.0981, 0.0630, 0.0538, 0.0365, 0.0099, 0.0060]",0.23095311224460602,2025-04-11-14-52-32/SITE760_ORNT140_VIS7mi.png
8,4,"[0.0253, 0.0337, 0.0670, 0.0289, 0.1208, 0.1203, 0.0437, 0.0659, 0.4197, 0.0746]",0.4196525514125824,2024-05-31-11-53-14/SITE343_ORNT270_VIS5mi.png
1,1,"[0.1823, 0.2613, 0.1204, 0.1898, 0.1041, 0.0580, 0.0383, 0.0339, 0.0076, 0.0041]",0.2613052725791931,2025-02-04-15-47-48/SITE871_ORNT170_VIS2mi.png
1,0,"[0.1306, 0.3150, 0.1413, 0.1983, 0.0836, 0.0598, 0.0370, 0.0282, 0.0032, 0.0030]",0.31502509117126465,2024-05-21-12-02-34/SITE435_ORNT15_VIS1-25mi.png
6,6,"[0.0217, 0.0099, 0.0546, 0.0323, 0.0313, 0.0859, 0.5960, 0.0428, 0.0094, 0.1161]",0.5959919095039368,2025-03-11-17-13-52/SITE760_ORNT310_VIS7mi.png
3,4,"[0.0768, 0.1085, 0.1193, 0.1667, 0.1288, 0.1154, 0.0938, 0.1111, 0.0389, 0.0407]",0.16668127477169037,2025-01-28-16-10-28/SITE25_ORNT225_VIS5mi.png
9,9,"[0.0661, 0.0843, 0.1278, 0.0893, 0.0811, 0.1048, 0.0712, 0.1552, 0.0296, 0.1907]",0.19074200093746185,2024-12-29-16-00-12/SITE595_ORNT100_VIS10+mi.png
9,7,"[0.0399, 0.0414, 0.0715, 0.0643, 0.0913, 0.1146, 0.1110, 0.1376, 0.0901, 0.2384]",0.23843936622142792,2024-08-02-20-27-22/SITE203_ORNT70_VIS8mi.png
0,3,"[0.3644, 0.2187, 0.1525, 0.0861, 0.0579, 0.0388, 0.0328, 0.0417, 0.0052, 0.0018]",0.3644450902938843,2024-05-22-13-05-54/SITE205_ORNT100_VIS4mi.png
9,0,"[0.0054, 0.0142, 0.0209, 0.0412, 0.0540, 0.0651, 0.1305, 0.1185, 0.0922, 0.4579]",0.45788344740867615,2024-07-01-19-28-49/SITE239_ORNT110_VIS1-5mi.png
1,7,"[0.1463, 0.1636, 0.1259, 0.1355, 0.1160, 0.0933, 0.0681, 0.0921, 0.0317, 0.0275]",0.16360202431678772,2025-04-07-16-10-10/SITE36_ORNT350_VIS8mi.png
1,0,"[0.1965, 0.2135, 0.1431, 0.1282, 0.0963, 0.0647, 0.0783, 0.0525, 0.0149, 0.0119]",0.21353651583194733,2024-12-17-16-15-56/SITE576_ORNT235_VIS1-75mi.png
0,7,"[0.2969, 0.2458, 0.1188, 0.1360, 0.0863, 0.0397, 0.0417, 0.0258, 0.0057, 0.0033]",0.29693034291267395,2025-01-31-13-49-43/SITE119_ORNT13_VIS8mi.png
3,6,"[0.0529, 0.1238, 0.1318, 0.1675, 0.1226, 0.1424, 0.1029, 0.0971, 0.0169, 0.0419]",0.1675059050321579,2024-05-01-16-21-18/SITE542_ORNT140_VIS7mi.png
1,3,"[0.1565, 0.2012, 0.1468, 0.1682, 0.1035, 0.0673, 0.0747, 0.0565, 0.0101, 0.0152]",0.20124903321266174,2025-03-02-13-12-40/SITE40_ORNT120_VIS4mi.png
1,3,"[0.2602, 0.2629, 0.1252, 0.1472, 0.0922, 0.0432, 0.0339, 0.0260, 0.0059, 0.0034]",0.2628604471683502,2024-12-21-15-04-41/SITE10_ORNT175_VIS4mi.png
1,1,"[0.2370, 0.2763, 0.1104, 0.1460, 0.1035, 0.0503, 0.0309, 0.0330, 0.0084, 0.0041]",0.27633726596832275,2024-12-17-16-15-56/SITE41_ORNT235_VIS2mi.png
1,1,"[0.2196, 0.2901, 0.1255, 0.1661, 0.0888, 0.0464, 0.0309, 0.0251, 0.0047, 0.0029]",0.2900523841381073,2024-07-04-10-22-12/SITE437_ORNT260_VIS2mi.png
6,7,"[0.0565, 0.0486, 0.1021, 0.0865, 0.0870, 0.1378, 0.1818, 0.1151, 0.0232, 0.1615]",0.1817653477191925,2025-02-10-14-47-56/SITE268_ORNT355_VIS8mi.png
8,7,"[0.0073, 0.0133, 0.0305, 0.0116, 0.0501, 0.1033, 0.0410, 0.0751, 0.5375, 0.1303]",0.5374912619590759,2025-01-15-12-14-16/SITE397_ORNT345_VIS8mi.png
1,0,"[0.2411, 0.2577, 0.1270, 0.1482, 0.0925, 0.0519, 0.0375, 0.0317, 0.0086, 0.0038]",0.2577102482318878,2024-06-30-10-21-08/SITE7_ORNT55_VIS1-25mi.png
5,6,"[0.0418, 0.0729, 0.1137, 0.0852, 0.1390, 0.2089, 0.0783, 0.0929, 0.1562, 0.0110]",0.20889921486377716,2025-02-19-12-18-05/SITE276_ORNT225_VIS7mi.png
3,1,"[0.0808, 0.0964, 0.1243, 0.1475, 0.1223, 0.1357, 0.1234, 0.0871, 0.0266, 0.0559]",0.1474713832139969,2024-09-08-13-07-06/SITE171_ORNT23_VIS2-5mi.png
0,0,"[0.2730, 0.2535, 0.1240, 0.1465, 0.0918, 0.0410, 0.0368, 0.0247, 0.0051, 0.0036]",0.2730388045310974,2024-07-28-13-48-26/SITE13_ORNT185_VIS1-25mi.png
9,1,"[0.0197, 0.0168, 0.0409, 0.0456, 0.0793, 0.1036, 0.1438, 0.1774, 0.0635, 0.3095]",0.3094569444656372,2024-09-19-14-23-02/SITE13_ORNT10_VIS2mi.png
5,8,"[0.0283, 0.0406, 0.0661, 0.0639, 0.1163, 0.2095, 0.1966, 0.1249, 0.0588, 0.0950]",0.20951725542545319,2025-04-10-17-56-44/SITE522_ORNT270_VIS9mi.png
8,8,"[0.0061, 0.0108, 0.0262, 0.0129, 0.0308, 0.0746, 0.0406, 0.0774, 0.3614, 0.3592]",0.3614147901535034,2025-02-02-12-13-03/SITE276_ORNT45_VIS9mi.png
3,1,"[0.0834, 0.1544, 0.1066, 0.2119, 0.1447, 0.0946, 0.0903, 0.0848, 0.0156, 0.0137]",0.21193468570709229,2024-06-09-10-51-06/SITE581_ORNT250_VIS2-5mi.png
1,0,"[0.2432, 0.2537, 0.1289, 0.1515, 0.0964, 0.0484, 0.0361, 0.0303, 0.0072, 0.0042]",0.2536846995353699,2024-07-05-10-36-13/SITE41_ORNT170_VIS1-5mi.png
6,9,"[0.0148, 0.0187, 0.0394, 0.0391, 0.0636, 0.1464, 0.2568, 0.1452, 0.0548, 0.2213]",0.25678613781929016,2025-04-02-15-05-32/SITE73_ORNT20_VIS10+mi.png
9,6,"[0.0082, 0.0099, 0.0271, 0.0337, 0.0581, 0.1355, 0.2068, 0.1613, 0.0760, 0.2834]",0.2834206223487854,2024-07-24-16-43-44/SITE14_ORNT195_VIS7mi.png
1,3,"[0.1317, 0.1811, 0.1319, 0.1792, 0.1205, 0.0905, 0.0646, 0.0701, 0.0177, 0.0127]",0.1810573935508728,2024-08-15-16-44-48/SITE439_ORNT350_VIS4mi.png
7,7,"[0.0671, 0.0530, 0.1014, 0.1018, 0.1211, 0.1229, 0.1031, 0.1669, 0.0430, 0.1197]",0.16694295406341553,2024-07-28-11-17-19/SITE595_ORNT270_VIS8mi.png
3,4,"[0.1084, 0.1656, 0.1245, 0.1862, 0.1294, 0.0974, 0.0758, 0.0764, 0.0195, 0.0168]",0.18622860312461853,2024-05-09-16-15-37/SITE418_ORNT195_VIS5mi.png
8,8,"[0.0049, 0.0081, 0.0114, 0.0103, 0.0226, 0.0683, 0.0375, 0.0415, 0.5561, 0.2394]",0.5560562014579773,2024-08-10-09-44-28/SITE324_ORNT225_VIS9mi.png
3,4,"[0.0485, 0.1182, 0.1459, 0.1730, 0.1211, 0.1044, 0.1203, 0.0962, 0.0133, 0.0591]",0.1729700267314911,2024-06-20-14-40-34/SITE253_ORNT325_VIS5mi.png
6,0,"[0.0714, 0.0759, 0.1001, 0.1115, 0.1182, 0.1493, 0.1618, 0.1230, 0.0288, 0.0600]",0.16182148456573486,2024-07-28-13-48-26/SITE73_ORNT20_VIS1-25mi.png
3,5,"[0.0347, 0.0632, 0.0837, 0.1796, 0.1569, 0.1342, 0.1457, 0.1416, 0.0344, 0.0260]",0.1796444058418274,2024-06-29-15-18-41/SITE19_ORNT60_VIS6mi.png
9,4,"[0.0057, 0.0199, 0.0328, 0.0507, 0.0311, 0.0270, 0.0401, 0.1648, 0.0286, 0.5993]",0.5993407368659973,2024-07-07-15-01-32/SITE251_ORNT335_VIS5mi.png
5,6,"[0.0084, 0.0212, 0.0238, 0.0836, 0.0965, 0.2923, 0.1815, 0.1165, 0.0631, 0.1133]",0.2923009991645813,2025-03-23-13-51-54/SITE17_ORNT340_VIS7mi.png
1,3,"[0.1591, 0.1937, 0.1461, 0.1550, 0.1047, 0.0803, 0.0651, 0.0648, 0.0177, 0.0136]",0.19374996423721313,2024-08-30-17-21-54/SITE123_ORNT67_VIS4mi.png
1,4,"[0.1370, 0.3028, 0.1232, 0.2171, 0.1012, 0.0493, 0.0363, 0.0279, 0.0028, 0.0023]",0.30276811122894287,2024-05-27-19-19-47/SITE735_ORNT0_VIS5mi.png
