predicted,truth,output,top,path
6,0,"[0.1005, 0.1000, 0.0996, 0.0999, 0.0998, 0.1002, 0.1009, 0.0999, 0.0992, 0.0999]",0.10094013065099716,2024-12-09-12-13-38/SITE508_ORNT315_VIS1-25mi.png
6,2,"[0.1005, 0.1000, 0.0996, 0.0999, 0.0998, 0.1002, 0.1009, 0.0999, 0.0992, 0.0999]",0.10092514008283615,2025-02-15-15-20-00/SITE802_ORNT235_VIS3mi.png
6,8,"[0.1005, 0.1000, 0.0996, 0.0999, 0.0998, 0.1001, 0.1009, 0.0999, 0.0992, 0.0999]",0.10094574093818665,2024-07-22-11-13-59/SITE301_ORNT275_VIS9mi.png
6,5,"[0.1005, 0.1000, 0.0997, 0.0999, 0.0998, 0.1002, 0.1009, 0.0999, 0.0992, 0.0999]",0.10091482102870941,2024-10-06-12-31-10/SITE276_ORNT225_VIS6mi.png
6,2,"[0.1005, 0.1000, 0.0997, 0.0999, 0.0998, 0.1002, 0.1009, 0.0999, 0.0992, 0.0999]",0.10092561691999435,2025-01-31-13-49-43/SITE29_ORNT200_VIS3mi.png
6,8,"[0.1005, 0.1000, 0.0997, 0.0999, 0.0999, 0.1002, 0.1009, 0.0998, 0.0992, 0.0999]",0.10091021656990051,2024-07-07-20-11-04/SITE455_ORNT90_VIS9mi.png
6,7,"[0.1005, 0.1000, 0.0996, 0.0999, 0.0998, 0.1002, 0.1009, 0.0999, 0.0992, 0.0999]",0.10094133764505386,2024-06-16-15-28-51/SITE215_ORNT235_VIS8mi.png
6,1,"[0.1006, 0.1000, 0.0996, 0.0999, 0.0998, 0.1001, 0.1010, 0.0999, 0.0992, 0.0999]",0.10095656663179398,2025-02-16-12-49-10/SITE626_ORNT195_VIS2mi.png
6,0,"[0.1006, 0.1000, 0.0996, 0.0999, 0.0998, 0.1002, 0.1009, 0.0999, 0.0992, 0.0999]",0.10094322264194489,2025-03-31-13-29-12/SITE626_ORNT110_VIS1mi.png
6,8,"[0.1005, 0.1000, 0.0996, 0.0999, 0.0998, 0.1002, 0.1009, 0.0999, 0.0992, 0.0999]",0.10092727839946747,2025-03-26-12-24-08/SITE76_ORNT60_VIS9mi.png
6,0,"[0.1006, 0.1000, 0.0996, 0.0999, 0.0998, 0.1002, 0.1009, 0.0999, 0.0992, 0.0999]",0.10093370825052261,2024-07-02-16-22-41/SITE198_ORNT248_VIS1-75mi.png
6,6,"[0.1005, 0.1000, 0.0997, 0.0999, 0.0998, 0.1002, 0.1009, 0.0999, 0.0992, 0.0999]",0.10092519968748093,2024-08-11-09-28-59/SITE747_ORNT0_VIS7mi.png
6,2,"[0.1005, 0.1000, 0.0996, 0.0999, 0.0998, 0.1002, 0.1010, 0.0999, 0.0992, 0.0999]",0.10095148533582687,2024-08-01-10-54-34/SITE58_ORNT245_VIS3mi.png
6,0,"[0.1005, 0.1000, 0.0996, 0.0999, 0.0998, 0.1002, 0.1009, 0.0999, 0.0992, 0.0999]",0.10093711316585541,2024-09-20-16-20-08/SITE76_ORNT205_VIS1-5mi.png
6,6,"[0.1005, 0.1000, 0.0996, 0.0999, 0.0998, 0.1002, 0.1009, 0.0999, 0.0992, 0.0999]",0.10092280805110931,2025-02-05-13-59-56/SITE490_ORNT280_VIS7mi.png
6,1,"[0.1005, 0.1000, 0.0997, 0.0999, 0.0998, 0.1002, 0.1009, 0.0999, 0.0992, 0.0999]",0.10092248022556305,2025-01-23-15-05-27/SITE98_ORNT80_VIS2mi.png
6,1,"[0.1006, 0.1000, 0.0996, 0.0999, 0.0998, 0.1002, 0.1010, 0.0999, 0.0992, 0.0999]",0.10095138102769852,2024-10-07-14-17-08/SITE58_ORNT90_VIS2mi.png
6,7,"[0.1006, 0.1000, 0.0996, 0.0999, 0.0998, 0.1002, 0.1009, 0.0999, 0.0992, 0.0999]",0.10094155371189117,2024-08-01-10-54-34/SITE6_ORNT355_VIS8mi.png
6,9,"[0.1006, 0.1000, 0.0996, 0.0999, 0.0998, 0.1002, 0.1009, 0.0999, 0.0992, 0.0999]",0.10093313455581665,2025-01-17-15-10-02/SITE786_ORNT315_VIS10+mi.png
6,4,"[0.1005, 0.1000, 0.0997, 0.0999, 0.0998, 0.1002, 0.1009, 0.0999, 0.0992, 0.0999]",0.10092471539974213,2025-04-13-19-09-12/SITE104_ORNT150_VIS5mi.png
6,6,"[0.1006, 0.1000, 0.0996, 0.0999, 0.0998, 0.1002, 0.1009, 0.0999, 0.0992, 0.0999]",0.10093984007835388,2024-07-22-11-13-59/SITE639_ORNT10_VIS7mi.png
6,2,"[0.1005, 0.1000, 0.0996, 0.0999, 0.0998, 0.1002, 0.1009, 0.0999, 0.0992, 0.0999]",0.10093804448843002,2024-04-30-13-21-52/SITE13_ORNT10_VIS3mi.png
6,1,"[0.1006, 0.1000, 0.0997, 0.0999, 0.0998, 0.1002, 0.1009, 0.0999, 0.0992, 0.0999]",0.10093145072460175,2024-05-07-15-42-07/SITE75_ORNT170_VIS2-5mi.png
6,7,"[0.1006, 0.1000, 0.0997, 0.0999, 0.0998, 0.1002, 0.1009, 0.0999, 0.0992, 0.0999]",0.10093207657337189,2024-09-27-16-12-40/SITE581_ORNT160_VIS8mi.png
6,5,"[0.1005, 0.1000, 0.0997, 0.0999, 0.0998, 0.1002, 0.1009, 0.0999, 0.0992, 0.0999]",0.10091342777013779,2025-01-15-15-33-17/SITE339_ORNT90_VIS6mi.png
6,7,"[0.1005, 0.1000, 0.0997, 0.0999, 0.0998, 0.1002, 0.1009, 0.0999, 0.0992, 0.0999]",0.10091537982225418,2024-07-28-13-48-26/SITE15_ORNT170_VIS8mi.png
6,0,"[0.1005, 0.1000, 0.0996, 0.0999, 0.0998, 0.1001, 0.1010, 0.0999, 0.0992, 0.0999]",0.100950688123703,2025-02-04-15-47-48/SITE14_ORNT195_VIS1mi.png
6,3,"[0.1006, 0.1000, 0.0996, 0.0999, 0.0998, 0.1001, 0.1010, 0.0999, 0.0992, 0.0999]",0.10095586627721786,2024-08-15-16-44-48/SITE439_ORNT200_VIS4mi.png
6,6,"[0.1005, 0.1000, 0.0997, 0.0999, 0.0998, 0.1002, 0.1009, 0.0999, 0.0992, 0.0999]",0.10090995579957962,2024-07-18-11-32-15/SITE519_ORNT5_VIS7mi.png
6,6,"[0.1006, 0.1000, 0.0996, 0.0999, 0.0998, 0.1002, 0.1010, 0.0999, 0.0992, 0.0999]",0.10095494240522385,2025-03-15-15-41-34/SITE735_ORNT265_VIS7mi.png
6,3,"[0.1006, 0.1000, 0.0996, 0.0999, 0.0998, 0.1002, 0.1009, 0.0999, 0.0992, 0.0999]",0.10094503313302994,2024-07-28-19-40-21/SITE417_ORNT220_VIS4mi.png
6,0,"[0.1006, 0.1000, 0.0996, 0.0999, 0.0998, 0.1002, 0.1009, 0.0999, 0.0992, 0.0999]",0.10093318670988083,2025-03-06-15-10-58/SITE194_ORNT194_VIS1-5mi.png
6,1,"[0.1006, 0.1000, 0.0996, 0.0999, 0.0998, 0.1002, 0.1009, 0.0999, 0.0992, 0.0999]",0.10094105452299118,2024-06-01-16-58-02/SITE417_ORNT220_VIS2-5mi.png
6,4,"[0.1005, 0.1000, 0.0996, 0.0999, 0.0999, 0.1002, 0.1009, 0.0999, 0.0992, 0.0999]",0.10092180967330933,2024-09-08-13-07-06/SITE327_ORNT330_VIS5mi.png
6,8,"[0.1005, 0.1000, 0.0996, 0.0999, 0.0998, 0.1002, 0.1009, 0.0999, 0.0992, 0.0999]",0.1009196862578392,2025-03-03-11-33-30/SITE333_ORNT280_VIS9mi.png
6,8,"[0.1005, 0.1000, 0.0996, 0.0999, 0.0998, 0.1002, 0.1009, 0.0999, 0.0992, 0.0999]",0.10092148184776306,2025-01-31-13-49-43/SITE380_ORNT55_VIS9mi.png
6,4,"[0.1005, 0.1000, 0.0996, 0.0999, 0.0998, 0.1002, 0.1009, 0.0999, 0.0992, 0.0999]",0.10092587023973465,2024-06-09-10-51-06/SITE333_ORNT280_VIS5mi.png
6,6,"[0.1006, 0.1000, 0.0997, 0.0999, 0.0998, 0.1002, 0.1009, 0.0999, 0.0992, 0.0999]",0.1009315773844719,2025-03-02-13-12-40/SITE125_ORNT35_VIS7mi.png
6,9,"[0.1006, 0.1000, 0.0996, 0.0999, 0.0998, 0.1002, 0.1009, 0.0999, 0.0992, 0.0999]",0.10093417018651962,2025-03-26-14-35-40/SITE629_ORNT125_VIS10+mi.png
6,8,"[0.1005, 0.1000, 0.0996, 0.0999, 0.0999, 0.1002, 0.1009, 0.0999, 0.0993, 0.0999]",0.10092714428901672,2024-10-07-14-17-08/SITE407_ORNT50_VIS9mi.png
6,8,"[0.1005, 0.1000, 0.0996, 0.0999, 0.0998, 0.1002, 0.1009, 0.0999, 0.0992, 0.0999]",0.10093560814857483,2024-10-13-15-24-41/SITE471_ORNT255_VIS9mi.png
6,7,"[0.1006, 0.1000, 0.0997, 0.0999, 0.0998, 0.1002, 0.1009, 0.0999, 0.0992, 0.0999]",0.10092402249574661,2024-07-23-10-10-08/SITE258_ORNT325_VIS8mi.png
6,7,"[0.1005, 0.1000, 0.0996, 0.0999, 0.0999, 0.1002, 0.1009, 0.0999, 0.0992, 0.0999]",0.10092093795537949,2025-03-05-12-08-53/SITE472_ORNT95_VIS8mi.png
6,1,"[0.1006, 0.1000, 0.0997, 0.0999, 0.0998, 0.1002, 0.1009, 0.0999, 0.0992, 0.0999]",0.10091582685709,2025-01-22-12-38-15/SITE801_ORNT255_VIS2mi.png
6,7,"[0.1005, 0.1000, 0.0997, 0.0999, 0.0998, 0.1002, 0.1009, 0.0999, 0.0992, 0.0999]",0.10092043876647949,2024-06-17-10-37-40/SITE683_ORNT180_VIS8mi.png
6,5,"[0.1005, 0.1000, 0.0997, 0.0999, 0.0998, 0.1002, 0.1009, 0.0999, 0.0992, 0.0999]",0.10091070830821991,2024-07-05-10-36-13/SITE468_ORNT170_VIS6mi.png
6,2,"[0.1006, 0.1000, 0.0996, 0.0999, 0.0998, 0.1002, 0.1009, 0.0999, 0.0992, 0.0999]",0.10094119608402252,2024-05-30-17-47-26/SITE417_ORNT220_VIS3mi.png
6,6,"[0.1006, 0.1000, 0.0996, 0.0999, 0.0998, 0.1002, 0.1009, 0.0999, 0.0992, 0.0999]",0.10094067454338074,2024-06-09-10-51-06/SITE253_ORNT195_VIS7mi.png
6,8,"[0.1005, 0.1000, 0.0996, 0.0999, 0.0998, 0.1001, 0.1010, 0.0999, 0.0992, 0.0999]",0.10095467418432236,2024-06-29-10-50-12/SITE330_ORNT215_VIS9mi.png
6,1,"[0.1005, 0.1000, 0.0997, 0.0999, 0.0999, 0.1002, 0.1009, 0.0998, 0.0992, 0.0999]",0.10090533643960953,2024-07-25-10-00-39/SITE533_ORNT325_VIS2mi.png
6,9,"[0.1006, 0.1000, 0.0996, 0.0999, 0.0998, 0.1002, 0.1009, 0.0999, 0.0992, 0.0999]",0.10094904154539108,2024-10-13-15-24-41/SITE50_ORNT265_VIS10+mi.png
6,0,"[0.1005, 0.1000, 0.0996, 0.0999, 0.0998, 0.1002, 0.1009, 0.0999, 0.0992, 0.0999]",0.10092391073703766,2025-01-17-15-10-02/SITE561_ORNT350_VIS1mi.png
6,2,"[0.1005, 0.1000, 0.0996, 0.0999, 0.0998, 0.1002, 0.1009, 0.0999, 0.0992, 0.0999]",0.10092349350452423,2025-02-10-14-47-56/SITE786_ORNT130_VIS3mi.png
6,3,"[0.1006, 0.1000, 0.0996, 0.0999, 0.0998, 0.1002, 0.1010, 0.0999, 0.0992, 0.0999]",0.10095247626304626,2024-05-27-19-19-47/SITE616_ORNT270_VIS4mi.png
6,4,"[0.1006, 0.1000, 0.0996, 0.0999, 0.0998, 0.1002, 0.1009, 0.0999, 0.0992, 0.0999]",0.10093250870704651,2024-07-23-13-08-12/SITE22_ORNT0_VIS5mi.png
6,5,"[0.1006, 0.1000, 0.0996, 0.0999, 0.0998, 0.1002, 0.1009, 0.0999, 0.0992, 0.0999]",0.1009412482380867,2025-02-15-16-53-20/SITE165_ORNT290_VIS6mi.png
6,7,"[0.1006, 0.1000, 0.0997, 0.0999, 0.0998, 0.1002, 0.1009, 0.0999, 0.0992, 0.0999]",0.10093002766370773,2025-02-04-15-47-48/SITE268_ORNT45_VIS8mi.png
6,7,"[0.1005, 0.1000, 0.0996, 0.0999, 0.0998, 0.1002, 0.1009, 0.0999, 0.0992, 0.0999]",0.10093094408512115,2024-08-31-14-30-34/SITE73_ORNT335_VIS8mi.png
6,8,"[0.1005, 0.1000, 0.0996, 0.0999, 0.0998, 0.1001, 0.1009, 0.0999, 0.0992, 0.0999]",0.10094482451677322,2024-09-29-15-43-38/SITE480_ORNT140_VIS9mi.png
6,2,"[0.1005, 0.1000, 0.0996, 0.0999, 0.0998, 0.1002, 0.1009, 0.0999, 0.0992, 0.0999]",0.10092867165803909,2024-07-05-14-33-31/SITE169_ORNT14_VIS3mi.png
6,4,"[0.1005, 0.1000, 0.0996, 0.0999, 0.0998, 0.1002, 0.1009, 0.0999, 0.0992, 0.0999]",0.10091763734817505,2024-09-30-11-56-46/SITE460_ORNT165_VIS5mi.png
6,6,"[0.1005, 0.1000, 0.0997, 0.0999, 0.0998, 0.1002, 0.1009, 0.0999, 0.0992, 0.0999]",0.10091597586870193,2024-09-08-16-00-24/SITE15_ORNT90_VIS7mi.png
6,6,"[0.1006, 0.1000, 0.0996, 0.0999, 0.0998, 0.1002, 0.1010, 0.0999, 0.0992, 0.0999]",0.10095643252134323,2024-09-08-16-00-24/SITE581_ORNT250_VIS7mi.png
6,9,"[0.1005, 0.1000, 0.0997, 0.0999, 0.0998, 0.1002, 0.1009, 0.0999, 0.0992, 0.0999]",0.1009003072977066,2024-05-13-18-48-49/SITE453_ORNT135_VIS15mi.png
6,0,"[0.1006, 0.1000, 0.0996, 0.0999, 0.0998, 0.1002, 0.1010, 0.0999, 0.0992, 0.0999]",0.10095464438199997,2024-12-23-15-38-40/SITE128_ORNT242_VIS1-5mi.png
6,0,"[0.1005, 0.1000, 0.0996, 0.0999, 0.0998, 0.1002, 0.1009, 0.0999, 0.0992, 0.0999]",0.10094951093196869,2025-03-02-13-12-40/SITE7_ORNT312_VIS1-75mi.png
6,6,"[0.1006, 0.1000, 0.0996, 0.0999, 0.0998, 0.1002, 0.1009, 0.0999, 0.0992, 0.0999]",0.10094883292913437,2025-04-22-15-39-35/SITE760_ORNT190_VIS7mi.png
6,3,"[0.1005, 0.1000, 0.0996, 0.0999, 0.0998, 0.1002, 0.1009, 0.0999, 0.0992, 0.0999]",0.10094097256660461,2024-07-04-13-27-11/SITE420_ORNT275_VIS4mi.png
6,4,"[0.1005, 0.1000, 0.0996, 0.0999, 0.0998, 0.1001, 0.1010, 0.0999, 0.0992, 0.0999]",0.10095354169607162,2024-07-28-13-48-26/SITE119_ORNT96_VIS5mi.png
6,4,"[0.1005, 0.1000, 0.0996, 0.0999, 0.0998, 0.1001, 0.1010, 0.0999, 0.0992, 0.0999]",0.10095696896314621,2025-02-27-11-22-46/SITE25_ORNT30_VIS5mi.png
6,3,"[0.1005, 0.1000, 0.0996, 0.0999, 0.0998, 0.1001, 0.1010, 0.0999, 0.0992, 0.0999]",0.1009543240070343,2024-08-18-13-20-24/SITE261_ORNT90_VIS4mi.png
6,0,"[0.1005, 0.1000, 0.0996, 0.0999, 0.0998, 0.1002, 0.1009, 0.0999, 0.0992, 0.0999]",0.10093049705028534,2025-02-15-16-53-20/SITE547_ORNT260_VIS1mi.png
6,0,"[0.1006, 0.1000, 0.0996, 0.0999, 0.0998, 0.1002, 0.1009, 0.0999, 0.0992, 0.0999]",0.10094861686229706,2024-07-28-13-48-26/SITE73_ORNT20_VIS1-25mi.png
6,0,"[0.1006, 0.1000, 0.0996, 0.0999, 0.0998, 0.1002, 0.1010, 0.0999, 0.0992, 0.0999]",0.10095161199569702,2024-07-20-11-08-20/SITE186_ORNT275_VIS1-75mi.png
6,9,"[0.1005, 0.1000, 0.0996, 0.0999, 0.0998, 0.1001, 0.1010, 0.0999, 0.0992, 0.0999]",0.10095299780368805,2025-05-09-16-29-32/SITE694_ORNT240_VIS10+mi.png
6,3,"[0.1006, 0.1000, 0.0996, 0.0999, 0.0998, 0.1002, 0.1009, 0.0999, 0.0992, 0.0999]",0.1009458601474762,2024-08-31-14-30-34/SITE194_ORNT237_VIS4mi.png
6,3,"[0.1005, 0.1000, 0.0996, 0.0999, 0.0998, 0.1002, 0.1009, 0.0999, 0.0992, 0.0999]",0.10094790905714035,2025-02-14-15-24-27/SITE207_ORNT235_VIS4mi.png
6,5,"[0.1006, 0.1000, 0.0996, 0.0999, 0.0998, 0.1002, 0.1009, 0.0999, 0.0992, 0.0999]",0.10093709081411362,2025-01-31-13-49-43/SITE557_ORNT191_VIS6mi.png
6,0,"[0.1005, 0.1000, 0.0997, 0.0999, 0.0998, 0.1002, 0.1009, 0.0999, 0.0992, 0.0999]",0.1009145975112915,2025-02-04-15-47-48/SITE801_ORNT255_VIS1mi.png
6,0,"[0.1005, 0.1000, 0.0996, 0.0999, 0.0999, 0.1002, 0.1009, 0.0999, 0.0992, 0.0999]",0.10092173516750336,2025-03-31-13-29-12/SITE521_ORNT240_VIS1-5mi.png
6,5,"[0.1006, 0.1000, 0.0997, 0.0999, 0.0998, 0.1002, 0.1009, 0.0999, 0.0992, 0.0999]",0.10092660039663315,2024-09-08-13-07-06/SITE557_ORNT8_VIS6mi.png
6,5,"[0.1005, 0.1000, 0.0997, 0.0999, 0.0999, 0.1002, 0.1009, 0.0999, 0.0992, 0.0999]",0.10091053694486618,2025-02-05-13-59-56/SITE397_ORNT145_VIS6mi.png
6,4,"[0.1005, 0.1000, 0.0996, 0.0999, 0.0998, 0.1001, 0.1010, 0.0999, 0.0992, 0.0999]",0.10096144676208496,2025-04-16-13-54-24/SITE96_ORNT135_VIS5mi.png
6,4,"[0.1006, 0.1000, 0.0996, 0.0999, 0.0998, 0.1002, 0.1009, 0.0999, 0.0992, 0.0999]",0.10094550997018814,2024-08-02-20-27-22/SITE111_ORNT181_VIS5mi.png
6,9,"[0.1005, 0.1000, 0.0996, 0.0999, 0.0998, 0.1002, 0.1009, 0.0999, 0.0992, 0.0999]",0.1009458377957344,2025-01-26-15-53-06/SITE602_ORNT60_VIS10+mi.png
6,3,"[0.1006, 0.1000, 0.0996, 0.0999, 0.0998, 0.1002, 0.1010, 0.0999, 0.0992, 0.0999]",0.10095138847827911,2024-08-02-13-37-25/SITE19_ORNT170_VIS4mi.png
6,9,"[0.1005, 0.1000, 0.0996, 0.0999, 0.0999, 0.1001, 0.1009, 0.0999, 0.0992, 0.0999]",0.10093957185745239,2025-03-26-14-35-40/SITE119_ORNT96_VIS10+mi.png
6,2,"[0.1005, 0.1000, 0.0996, 0.0999, 0.0998, 0.1002, 0.1009, 0.0999, 0.0992, 0.0999]",0.1009409949183464,2025-02-14-15-24-27/SITE50_ORNT103_VIS3mi.png
6,6,"[0.1006, 0.1000, 0.0996, 0.0999, 0.0998, 0.1001, 0.1010, 0.0999, 0.0992, 0.0999]",0.10096144676208496,2025-02-17-14-46-26/SITE40_ORNT295_VIS7mi.png
6,0,"[0.1006, 0.1000, 0.0996, 0.0999, 0.0998, 0.1002, 0.1010, 0.0999, 0.0992, 0.0999]",0.10095266252756119,2024-05-31-11-53-14/SITE66_ORNT95_VIS1mi.png
6,5,"[0.1006, 0.1000, 0.0996, 0.0999, 0.0998, 0.1002, 0.1009, 0.0999, 0.0992, 0.0999]",0.10093899816274643,2024-10-10-15-17-15/SITE128_ORNT135_VIS6mi.png
6,3,"[0.1006, 0.1000, 0.0996, 0.0999, 0.0998, 0.1002, 0.1009, 0.0999, 0.0992, 0.0999]",0.10094455629587173,2024-09-07-13-37-18/SITE595_ORNT0_VIS4mi.png
6,6,"[0.1005, 0.1000, 0.0996, 0.0999, 0.0998, 0.1002, 0.1009, 0.0999, 0.0992, 0.0999]",0.1009315773844719,2024-07-29-16-41-43/SITE205_ORNT305_VIS7mi.png
6,7,"[0.1006, 0.1000, 0.0996, 0.0999, 0.0998, 0.1002, 0.1009, 0.0999, 0.0992, 0.0999]",0.10093721002340317,2024-10-06-12-31-10/SITE22_ORNT285_VIS8mi.png
6,7,"[0.1006, 0.1000, 0.0996, 0.0999, 0.0998, 0.1002, 0.1009, 0.0999, 0.0992, 0.0999]",0.1009334996342659,2024-06-07-15-28-05/SITE18_ORNT210_VIS8mi.png
6,3,"[0.1005, 0.1000, 0.0996, 0.0999, 0.0998, 0.1002, 0.1009, 0.0999, 0.0992, 0.0999]",0.10093570500612259,2025-03-03-11-33-30/SITE13_ORNT85_VIS4mi.png
6,6,"[0.1005, 0.1000, 0.0996, 0.0999, 0.0998, 0.1002, 0.1009, 0.0999, 0.0992, 0.0999]",0.10093497484922409,2024-05-09-16-15-37/SITE94_ORNT180_VIS7mi.png
6,3,"[0.1005, 0.1000, 0.0996, 0.0999, 0.0998, 0.1002, 0.1009, 0.0999, 0.0992, 0.0999]",0.10093977302312851,2024-07-25-18-03-52/SITE411_ORNT75_VIS4mi.png
6,4,"[0.1005, 0.1000, 0.0996, 0.0999, 0.0998, 0.1002, 0.1009, 0.0999, 0.0992, 0.0999]",0.10094430297613144,2024-09-18-18-13-42/SITE474_ORNT270_VIS5mi.png
6,2,"[0.1005, 0.1000, 0.0997, 0.0999, 0.0998, 0.1002, 0.1009, 0.0999, 0.0992, 0.0999]",0.1009090319275856,2024-05-30-17-47-26/SITE394_ORNT180_VIS3mi.png
6,8,"[0.1005, 0.1000, 0.0996, 0.0999, 0.0999, 0.1002, 0.1009, 0.0999, 0.0992, 0.0999]",0.10091584920883179,2024-06-09-10-51-06/SITE304_ORNT290_VIS9mi.png
6,9,"[0.1006, 0.1000, 0.0996, 0.0999, 0.0998, 0.1002, 0.1009, 0.0999, 0.0992, 0.0999]",0.10094007849693298,2024-12-20-15-16-09/SITE802_ORNT315_VIS10+mi.png
6,8,"[0.1005, 0.1000, 0.0996, 0.0999, 0.0999, 0.1001, 0.1009, 0.0999, 0.0992, 0.0999]",0.10094007849693298,2024-05-28-11-05-32/SITE480_ORNT140_VIS9mi.png
6,9,"[0.1006, 0.1000, 0.0996, 0.0999, 0.0998, 0.1002, 0.1009, 0.0999, 0.0992, 0.0999]",0.10094191133975983,2025-03-26-14-35-40/SITE570_ORNT52_VIS10+mi.png
6,6,"[0.1005, 0.1000, 0.0996, 0.0999, 0.0998, 0.1002, 0.1009, 0.0999, 0.0992, 0.0999]",0.1009306088089943,2024-07-24-16-43-44/SITE747_ORNT315_VIS7mi.png
6,4,"[0.1006, 0.1000, 0.0996, 0.0999, 0.0998, 0.1001, 0.1010, 0.0999, 0.0992, 0.0999]",0.10095681995153427,2024-05-21-12-02-34/SITE219_ORNT160_VIS5mi.png
6,2,"[0.1005, 0.1000, 0.0996, 0.0999, 0.0998, 0.1002, 0.1009, 0.0999, 0.0992, 0.0999]",0.10094094276428223,2024-07-29-16-41-43/SITE229_ORNT18_VIS3mi.png
6,5,"[0.1006, 0.1000, 0.0996, 0.0999, 0.0998, 0.1001, 0.1010, 0.0999, 0.0992, 0.0999]",0.10096204280853271,2024-07-14-10-21-23/SITE12_ORNT200_VIS6mi.png
6,0,"[0.1005, 0.1000, 0.0996, 0.0999, 0.0998, 0.1002, 0.1009, 0.0999, 0.0992, 0.0999]",0.10091675072908401,2024-04-25-17-48-06/SITE399_ORNT45_VIS1-25mi.png
6,4,"[0.1006, 0.1000, 0.0996, 0.0999, 0.0998, 0.1001, 0.1010, 0.0999, 0.0992, 0.0999]",0.10096539556980133,2025-01-28-16-10-28/SITE25_ORNT225_VIS5mi.png
6,3,"[0.1005, 0.1000, 0.0996, 0.0999, 0.0998, 0.1002, 0.1009, 0.0999, 0.0992, 0.0999]",0.10094615072011948,2025-03-15-15-41-34/SITE601_ORNT250_VIS4mi.png
6,1,"[0.1005, 0.1000, 0.0996, 0.0999, 0.0998, 0.1002, 0.1009, 0.0999, 0.0992, 0.0999]",0.10092838853597641,2024-07-02-10-19-43/SITE747_ORNT315_VIS2-5mi.png
6,5,"[0.1006, 0.1000, 0.0996, 0.0999, 0.0998, 0.1002, 0.1009, 0.0999, 0.0992, 0.0999]",0.10094814002513885,2024-10-14-13-08-27/SITE7_ORNT312_VIS6mi.png
6,4,"[0.1006, 0.1000, 0.0997, 0.0999, 0.0998, 0.1002, 0.1009, 0.0999, 0.0992, 0.0999]",0.10092592239379883,2024-07-25-18-03-52/SITE21_ORNT125_VIS5mi.png
6,3,"[0.1006, 0.1000, 0.0997, 0.0999, 0.0998, 0.1002, 0.1009, 0.0999, 0.0992, 0.0999]",0.10092117637395859,2024-10-07-14-17-08/SITE747_ORNT255_VIS4mi.png
6,9,"[0.1005, 0.1000, 0.0996, 0.0999, 0.0998, 0.1002, 0.1009, 0.0999, 0.0992, 0.0999]",0.1009385958313942,2024-12-10-14-08-09/SITE19_ORNT325_VIS10+mi.png
6,5,"[0.1006, 0.1000, 0.0997, 0.0999, 0.0998, 0.1002, 0.1009, 0.0999, 0.0992, 0.0999]",0.10093097388744354,2025-01-17-15-10-02/SITE22_ORNT285_VIS6mi.png
6,4,"[0.1005, 0.1000, 0.0996, 0.0999, 0.0999, 0.1002, 0.1009, 0.0998, 0.0993, 0.0999]",0.10092062503099442,2024-05-27-19-19-47/SITE490_ORNT280_VIS5mi.png
6,5,"[0.1006, 0.1000, 0.0996, 0.0999, 0.0998, 0.1001, 0.1010, 0.0999, 0.0992, 0.0999]",0.10096043348312378,2024-08-02-10-36-13/SITE262_ORNT290_VIS6mi.png
6,2,"[0.1005, 0.1000, 0.0996, 0.0999, 0.0998, 0.1001, 0.1009, 0.0999, 0.0992, 0.0999]",0.1009458601474762,2025-01-28-16-10-28/SITE437_ORNT110_VIS3mi.png
6,3,"[0.1006, 0.1000, 0.0996, 0.0999, 0.0998, 0.1001, 0.1010, 0.0999, 0.0992, 0.0999]",0.10095557570457458,2024-06-06-17-01-51/SITE620_ORNT225_VIS4mi.png
6,9,"[0.1005, 0.1000, 0.0996, 0.0999, 0.0998, 0.1002, 0.1009, 0.0999, 0.0992, 0.0999]",0.10092494636774063,2025-04-16-13-54-24/SITE100_ORNT65_VIS10+mi.png
6,4,"[0.1005, 0.1000, 0.0996, 0.0999, 0.0999, 0.1002, 0.1009, 0.0999, 0.0992, 0.0999]",0.1009281724691391,2024-07-22-20-17-56/SITE522_ORNT90_VIS5mi.png
6,9,"[0.1006, 0.1000, 0.0996, 0.0999, 0.0998, 0.1001, 0.1010, 0.0999, 0.0992, 0.0999]",0.10095630586147308,2025-02-12-14-37-35/SITE14_ORNT195_VIS10+mi.png
6,7,"[0.1005, 0.1000, 0.0996, 0.0999, 0.0998, 0.1002, 0.1009, 0.0999, 0.0992, 0.0999]",0.10094087570905685,2024-07-25-18-03-52/SITE420_ORNT275_VIS8mi.png
6,1,"[0.1005, 0.1000, 0.0996, 0.0999, 0.0998, 0.1002, 0.1009, 0.0999, 0.0992, 0.0999]",0.1009407564997673,2025-03-01-18-07-41/SITE207_ORNT120_VIS2mi.png
6,4,"[0.1005, 0.1000, 0.0996, 0.0999, 0.0998, 0.1002, 0.1009, 0.0999, 0.0992, 0.0999]",0.10093563795089722,2024-05-23-15-19-49/SITE13_ORNT185_VIS5mi.png
6,3,"[0.1005, 0.1000, 0.0996, 0.0999, 0.0998, 0.1002, 0.1009, 0.0999, 0.0992, 0.0999]",0.1009489893913269,2025-03-31-13-29-12/SITE602_ORNT270_VIS4mi.png
6,6,"[0.1005, 0.1000, 0.0996, 0.0999, 0.0998, 0.1002, 0.1009, 0.0999, 0.0992, 0.0999]",0.10094236582517624,2025-02-04-15-47-48/SITE446_ORNT10_VIS7mi.png
6,1,"[0.1005, 0.1000, 0.0996, 0.0999, 0.0998, 0.1002, 0.1009, 0.0999, 0.0992, 0.0999]",0.10092709213495255,2025-02-04-15-47-48/SITE33_ORNT215_VIS2mi.png
6,5,"[0.1006, 0.1000, 0.0996, 0.0999, 0.0998, 0.1002, 0.1009, 0.0999, 0.0992, 0.0999]",0.10094883292913437,2025-03-18-13-52-55/SITE22_ORNT285_VIS6mi.png
6,9,"[0.1006, 0.1000, 0.0996, 0.0999, 0.0998, 0.1002, 0.1010, 0.0999, 0.0992, 0.0999]",0.1009509265422821,2025-04-02-15-05-32/SITE629_ORNT125_VIS10+mi.png
6,3,"[0.1006, 0.1000, 0.0996, 0.0999, 0.0998, 0.1002, 0.1010, 0.0999, 0.0992, 0.0999]",0.10095548629760742,2025-01-28-16-10-28/SITE19_ORNT60_VIS4mi.png
6,3,"[0.1006, 0.1000, 0.0996, 0.0999, 0.0998, 0.1001, 0.1010, 0.0999, 0.0992, 0.0999]",0.10095495730638504,2025-01-26-15-53-06/SITE7_ORNT221_VIS4mi.png
6,2,"[0.1005, 0.1000, 0.0996, 0.0999, 0.0998, 0.1002, 0.1009, 0.0999, 0.0992, 0.0999]",0.10093888640403748,2025-03-06-15-10-58/SITE186_ORNT110_VIS3mi.png
6,2,"[0.1005, 0.1000, 0.0996, 0.0999, 0.0998, 0.1002, 0.1009, 0.0999, 0.0992, 0.0999]",0.10093551129102707,2024-07-02-10-19-43/SITE542_ORNT350_VIS3mi.png
6,8,"[0.1005, 0.1000, 0.0996, 0.0999, 0.0999, 0.1002, 0.1009, 0.0998, 0.0993, 0.0999]",0.10092158615589142,2025-03-01-18-07-41/SITE520_ORNT90_VIS9mi.png
6,1,"[0.1005, 0.1000, 0.0996, 0.0999, 0.0999, 0.1002, 0.1009, 0.0999, 0.0992, 0.0999]",0.10092641413211823,2024-06-29-10-50-12/SITE380_ORNT55_VIS2mi.png
6,4,"[0.1005, 0.1000, 0.0996, 0.0999, 0.0999, 0.1002, 0.1009, 0.0999, 0.0992, 0.0999]",0.10091555863618851,2025-01-17-15-10-02/SITE521_ORNT60_VIS5mi.png
6,1,"[0.1005, 0.1000, 0.0996, 0.0999, 0.0998, 0.1002, 0.1009, 0.0999, 0.0992, 0.0999]",0.10093193501234055,2024-12-23-15-38-40/SITE719_ORNT180_VIS2-5mi.png
6,8,"[0.1005, 0.1000, 0.0996, 0.0999, 0.0999, 0.1002, 0.1009, 0.0998, 0.0993, 0.0999]",0.10091789811849594,2024-08-30-10-00-55/SITE352_ORNT340_VIS9mi.png
6,7,"[0.1006, 0.1000, 0.0996, 0.0999, 0.0998, 0.1002, 0.1009, 0.0999, 0.0992, 0.0999]",0.10094410926103592,2024-09-15-16-06-51/SITE446_ORNT101_VIS8mi.png
6,0,"[0.1006, 0.1000, 0.0996, 0.0999, 0.0998, 0.1002, 0.1009, 0.0999, 0.0992, 0.0999]",0.10093986243009567,2025-03-06-15-10-58/SITE217_ORNT100_VIS1-25mi.png
6,3,"[0.1006, 0.1000, 0.0996, 0.0999, 0.0998, 0.1002, 0.1009, 0.0999, 0.0992, 0.0999]",0.10093899071216583,2024-07-05-14-33-31/SITE19_ORNT325_VIS4mi.png
6,3,"[0.1006, 0.1000, 0.0996, 0.0999, 0.0998, 0.1002, 0.1009, 0.0999, 0.0992, 0.0999]",0.10094040632247925,2024-06-03-13-44-33/SITE33_ORNT350_VIS4mi.png
6,0,"[0.1005, 0.1000, 0.0997, 0.0999, 0.0999, 0.1002, 0.1009, 0.0998, 0.0992, 0.0999]",0.10090475529432297,2024-06-27-10-23-10/SITE533_ORNT325_VIS1-5mi.png
6,2,"[0.1006, 0.1000, 0.0996, 0.0999, 0.0998, 0.1001, 0.1010, 0.0999, 0.0992, 0.0999]",0.10096004605293274,2024-07-04-10-22-12/SITE198_ORNT248_VIS3mi.png
6,0,"[0.1005, 0.1000, 0.0996, 0.0999, 0.0998, 0.1002, 0.1009, 0.0999, 0.0992, 0.0999]",0.10093183815479279,2024-07-28-13-48-26/SITE13_ORNT185_VIS1-25mi.png
6,3,"[0.1005, 0.1000, 0.0996, 0.0999, 0.0998, 0.1002, 0.1010, 0.0999, 0.0992, 0.0999]",0.10095017403364182,2024-07-20-11-08-20/SITE722_ORNT255_VIS4mi.png
6,6,"[0.1006, 0.1000, 0.0996, 0.0999, 0.0998, 0.1002, 0.1009, 0.0999, 0.0992, 0.0999]",0.10093960165977478,2024-07-26-10-22-16/SITE123_ORNT343_VIS7mi.png
6,8,"[0.1005, 0.1000, 0.0996, 0.0999, 0.0998, 0.1002, 0.1009, 0.0999, 0.0992, 0.0999]",0.10092197358608246,2024-06-06-10-38-22/SITE520_ORNT180_VIS9mi.png
6,8,"[0.1005, 0.1000, 0.0997, 0.0999, 0.0998, 0.1002, 0.1009, 0.0999, 0.0992, 0.0999]",0.1009126678109169,2025-03-05-12-08-53/SITE528_ORNT235_VIS9mi.png
6,5,"[0.1006, 0.1000, 0.0996, 0.0999, 0.0998, 0.1002, 0.1010, 0.0999, 0.0992, 0.0999]",0.10095095634460449,2024-09-15-16-06-51/SITE262_ORNT124_VIS6mi.png
6,9,"[0.1006, 0.1000, 0.0996, 0.0999, 0.0998, 0.1001, 0.1010, 0.0999, 0.0992, 0.0999]",0.10095851868391037,2025-01-15-12-14-16/SITE601_ORNT180_VIS10+mi.png
6,6,"[0.1006, 0.1000, 0.0997, 0.0999, 0.0998, 0.1002, 0.1009, 0.0999, 0.0992, 0.0999]",0.10093078762292862,2025-02-04-15-47-48/SITE13_ORNT85_VIS7mi.png
6,5,"[0.1006, 0.1000, 0.0996, 0.0999, 0.0998, 0.1001, 0.1010, 0.0999, 0.0992, 0.0999]",0.10095391422510147,2024-08-30-17-21-54/SITE256_ORNT175_VIS6mi.png
6,7,"[0.1006, 0.1000, 0.0996, 0.0999, 0.0998, 0.1002, 0.1010, 0.0999, 0.0992, 0.0999]",0.10095210373401642,2025-04-22-15-39-35/SITE203_ORNT155_VIS8mi.png
6,0,"[0.1005, 0.1000, 0.0996, 0.0999, 0.0998, 0.1001, 0.1010, 0.0999, 0.0992, 0.0999]",0.10095596313476562,2024-07-22-20-17-56/SITE20_ORNT226_VIS1-5mi.png
6,8,"[0.1006, 0.1000, 0.0997, 0.0999, 0.0998, 0.1002, 0.1009, 0.0999, 0.0992, 0.0999]",0.10090343654155731,2024-08-11-13-07-09/SITE435_ORNT170_VIS9mi.png
6,9,"[0.1005, 0.1000, 0.0997, 0.0999, 0.0998, 0.1002, 0.1009, 0.0999, 0.0992, 0.0999]",0.10091544687747955,2024-06-10-18-34-10/SITE426_ORNT70_VIS30mi.png
6,9,"[0.1005, 0.1000, 0.0996, 0.0999, 0.0998, 0.1002, 0.1009, 0.0999, 0.0992, 0.0999]",0.10092528909444809,2025-01-28-16-10-28/SITE54_ORNT255_VIS10+mi.png
6,2,"[0.1006, 0.1000, 0.0996, 0.0999, 0.0998, 0.1002, 0.1010, 0.0999, 0.0992, 0.0999]",0.10095518827438354,2024-07-25-10-00-39/SITE620_ORNT150_VIS3mi.png
6,1,"[0.1005, 0.1000, 0.0997, 0.0999, 0.0998, 0.1002, 0.1009, 0.0999, 0.0992, 0.0999]",0.10092278569936752,2025-04-02-15-05-32/SITE169_ORNT57_VIS2mi.png
6,0,"[0.1005, 0.1000, 0.0996, 0.0999, 0.0998, 0.1002, 0.1009, 0.0999, 0.0992, 0.0999]",0.10094402730464935,2025-04-02-15-05-32/SITE262_ORNT290_VIS1-5mi.png
6,1,"[0.1005, 0.1000, 0.0996, 0.0999, 0.0998, 0.1002, 0.1009, 0.0999, 0.0992, 0.0999]",0.10093023627996445,2024-05-30-17-47-26/SITE94_ORNT10_VIS2-5mi.png
6,7,"[0.1006, 0.1000, 0.0996, 0.0999, 0.0998, 0.1002, 0.1009, 0.0999, 0.0992, 0.0999]",0.10094019025564194,2025-02-17-14-46-26/SITE53_ORNT15_VIS8mi.png
6,4,"[0.1006, 0.1000, 0.0996, 0.0999, 0.0998, 0.1002, 0.1009, 0.0999, 0.0992, 0.0999]",0.10093727707862854,2024-07-26-10-22-16/SITE13_ORNT10_VIS5mi.png
6,6,"[0.1005, 0.1000, 0.0996, 0.0999, 0.0998, 0.1002, 0.1009, 0.0999, 0.0992, 0.0999]",0.10093551129102707,2024-10-11-15-41-13/SITE494_ORNT270_VIS7mi.png
6,6,"[0.1005, 0.1000, 0.0997, 0.0999, 0.0998, 0.1002, 0.1009, 0.0999, 0.0992, 0.0999]",0.10091223567724228,2025-02-12-14-37-35/SITE324_ORNT225_VIS7mi.png
6,4,"[0.1006, 0.1000, 0.0996, 0.0999, 0.0998, 0.1002, 0.1009, 0.0999, 0.0992, 0.0999]",0.10093701630830765,2024-07-14-13-28-24/SITE19_ORNT60_VIS5mi.png
6,1,"[0.1006, 0.1000, 0.0997, 0.0999, 0.0998, 0.1002, 0.1009, 0.0999, 0.0992, 0.0999]",0.10093290358781815,2025-03-01-18-07-41/SITE86_ORNT75_VIS2-5mi.png
6,3,"[0.1005, 0.1000, 0.0997, 0.0999, 0.0998, 0.1002, 0.1009, 0.0999, 0.0992, 0.0999]",0.10091159492731094,2025-03-29-15-28-57/SITE15_ORNT90_VIS4mi.png
6,2,"[0.1006, 0.1000, 0.0996, 0.0999, 0.0998, 0.1002, 0.1009, 0.0999, 0.0992, 0.0999]",0.10093744844198227,2024-07-04-10-22-12/SITE198_ORNT80_VIS3mi.png
6,3,"[0.1005, 0.1000, 0.0996, 0.0999, 0.0998, 0.1002, 0.1009, 0.0999, 0.0992, 0.0999]",0.10092104226350784,2025-02-05-13-59-56/SITE747_ORNT255_VIS4mi.png
6,6,"[0.1006, 0.1000, 0.0996, 0.0999, 0.0998, 0.1002, 0.1010, 0.0999, 0.0992, 0.0999]",0.10095059871673584,2024-08-11-13-07-09/SITE446_ORNT165_VIS7mi.png
6,1,"[0.1006, 0.1000, 0.0996, 0.0999, 0.0998, 0.1002, 0.1009, 0.0999, 0.0992, 0.0999]",0.10093557834625244,2024-07-05-10-36-13/SITE229_ORNT80_VIS2-5mi.png
6,7,"[0.1005, 0.1000, 0.0996, 0.0999, 0.0998, 0.1002, 0.1009, 0.0999, 0.0992, 0.0999]",0.100937619805336,2025-01-15-15-33-17/SITE602_ORNT270_VIS8mi.png
6,4,"[0.1006, 0.1000, 0.0996, 0.0999, 0.0998, 0.1001, 0.1010, 0.0999, 0.0992, 0.0999]",0.10096920281648636,2024-08-02-13-37-25/SITE115_ORNT287_VIS5mi.png
6,4,"[0.1006, 0.1000, 0.0997, 0.0999, 0.0998, 0.1002, 0.1009, 0.0999, 0.0992, 0.0999]",0.10092267394065857,2024-08-18-13-20-24/SITE435_ORNT235_VIS5mi.png
6,8,"[0.1006, 0.1000, 0.0996, 0.0999, 0.0998, 0.1002, 0.1009, 0.0999, 0.0992, 0.0999]",0.10094629228115082,2024-07-23-16-31-18/SITE251_ORNT25_VIS9mi.png
6,9,"[0.1005, 0.1000, 0.0996, 0.0999, 0.0999, 0.1002, 0.1009, 0.0999, 0.0992, 0.0999]",0.10092196613550186,2024-07-29-17-46-25/SITE483_ORNT95_VIS15mi.png
6,4,"[0.1005, 0.1000, 0.0996, 0.0999, 0.0999, 0.1002, 0.1009, 0.0999, 0.0993, 0.0999]",0.10092702507972717,2025-02-15-15-20-00/SITE380_ORNT55_VIS5mi.png
6,7,"[0.1005, 0.1000, 0.0997, 0.0999, 0.0998, 0.1002, 0.1009, 0.0999, 0.0992, 0.0999]",0.10091296583414078,2025-02-02-12-13-03/SITE534_ORNT315_VIS8mi.png
6,5,"[0.1005, 0.1000, 0.0996, 0.0999, 0.0998, 0.1002, 0.1009, 0.0999, 0.0992, 0.0999]",0.1009441539645195,2024-07-04-10-22-12/SITE241_ORNT120_VIS6mi.png
6,9,"[0.1005, 0.1000, 0.0996, 0.0999, 0.0998, 0.1002, 0.1009, 0.0999, 0.0992, 0.0999]",0.10094679147005081,2024-10-13-15-24-41/SITE540_ORNT178_VIS10+mi.png
6,3,"[0.1005, 0.1000, 0.0996, 0.0999, 0.0998, 0.1002, 0.1009, 0.0999, 0.0992, 0.0999]",0.1009407639503479,2024-08-01-10-54-34/SITE24_ORNT250_VIS4mi.png
6,4,"[0.1005, 0.1000, 0.0996, 0.0999, 0.0998, 0.1002, 0.1009, 0.0999, 0.0992, 0.0999]",0.1009485125541687,2025-02-17-14-46-26/SITE119_ORNT13_VIS5mi.png
6,9,"[0.1005, 0.1000, 0.0996, 0.0999, 0.0998, 0.1002, 0.1009, 0.0999, 0.0992, 0.0999]",0.1009327694773674,2025-02-15-15-20-00/SITE583_ORNT40_VIS10+mi.png
6,4,"[0.1005, 0.1000, 0.0996, 0.0999, 0.0998, 0.1002, 0.1009, 0.0999, 0.0992, 0.0999]",0.10093209892511368,2025-03-03-11-33-30/SITE411_ORNT280_VIS5mi.png
6,4,"[0.1006, 0.1000, 0.0996, 0.0999, 0.0998, 0.1002, 0.1009, 0.0999, 0.0992, 0.0999]",0.10094395279884338,2025-02-01-12-44-07/SITE734_ORNT75_VIS5mi.png
6,4,"[0.1005, 0.1000, 0.0996, 0.0999, 0.0998, 0.1002, 0.1009, 0.0999, 0.0992, 0.0999]",0.10092366486787796,2025-02-02-12-13-03/SITE520_ORNT180_VIS5mi.png
6,5,"[0.1006, 0.1000, 0.0996, 0.0999, 0.0998, 0.1002, 0.1009, 0.0999, 0.0992, 0.0999]",0.10094576328992844,2024-08-02-13-37-25/SITE438_ORNT208_VIS6mi.png
6,8,"[0.1005, 0.1000, 0.0996, 0.0999, 0.0998, 0.1002, 0.1009, 0.0999, 0.0992, 0.0999]",0.10091819614171982,2025-02-16-12-49-10/SITE376_ORNT170_VIS9mi.png
6,4,"[0.1006, 0.1000, 0.0996, 0.0999, 0.0998, 0.1002, 0.1010, 0.0999, 0.0992, 0.0999]",0.10095509141683578,2025-03-05-12-08-53/SITE620_ORNT30_VIS5mi.png
6,2,"[0.1005, 0.1000, 0.0997, 0.1000, 0.0998, 0.1002, 0.1009, 0.0998, 0.0992, 0.0999]",0.10088617354631424,2025-04-01-16-59-16/SITE394_ORNT0_VIS3mi.png
6,5,"[0.1005, 0.1000, 0.0996, 0.0999, 0.0998, 0.1002, 0.1009, 0.0999, 0.0992, 0.0999]",0.10094484686851501,2025-02-15-16-53-20/SITE40_ORNT120_VIS6mi.png
6,0,"[0.1005, 0.1000, 0.0997, 0.0999, 0.0998, 0.1002, 0.1009, 0.0999, 0.0992, 0.0999]",0.10090355575084686,2025-03-31-15-41-11/SITE5_ORNT155_VIS1-25mi.png
6,4,"[0.1005, 0.1000, 0.0996, 0.0999, 0.0999, 0.1002, 0.1009, 0.0998, 0.0993, 0.0999]",0.10091405361890793,2024-06-03-13-44-33/SITE327_ORNT145_VIS5mi.png
6,4,"[0.1005, 0.1000, 0.0996, 0.0999, 0.0998, 0.1002, 0.1009, 0.0999, 0.0992, 0.0999]",0.10093219578266144,2024-08-11-09-28-59/SITE569_ORNT54_VIS5mi.png
6,9,"[0.1006, 0.1000, 0.0996, 0.0999, 0.0998, 0.1002, 0.1009, 0.0999, 0.0992, 0.0999]",0.10093355923891068,2024-10-13-12-27-42/SITE543_ORNT81_VIS10+mi.png
6,7,"[0.1006, 0.1000, 0.0996, 0.0999, 0.0998, 0.1002, 0.1009, 0.0999, 0.0992, 0.0999]",0.10093998908996582,2025-04-10-17-56-44/SITE217_ORNT100_VIS8mi.png
6,1,"[0.1006, 0.1000, 0.0996, 0.0999, 0.0998, 0.1002, 0.1009, 0.0999, 0.0992, 0.0999]",0.10094667226076126,2025-02-17-14-46-26/SITE84_ORNT43_VIS2mi.png
6,7,"[0.1005, 0.1000, 0.0997, 0.0999, 0.0998, 0.1002, 0.1009, 0.0999, 0.0992, 0.0999]",0.10091421753168106,2024-05-23-15-19-49/SITE362_ORNT135_VIS8mi.png
6,4,"[0.1006, 0.1000, 0.0996, 0.0999, 0.0998, 0.1001, 0.1010, 0.0999, 0.0992, 0.0999]",0.10095509886741638,2024-07-04-10-22-12/SITE20_ORNT26_VIS5mi.png
6,5,"[0.1006, 0.1000, 0.0997, 0.0999, 0.0998, 0.1002, 0.1009, 0.0999, 0.0992, 0.0999]",0.10092242062091827,2024-07-25-18-03-52/SITE22_ORNT190_VIS6mi.png
6,7,"[0.1006, 0.1000, 0.0997, 0.0999, 0.0998, 0.1002, 0.1009, 0.0999, 0.0992, 0.0999]",0.10093442350625992,2024-07-29-17-46-25/SITE6_ORNT115_VIS8mi.png
6,8,"[0.1005, 0.1000, 0.0997, 0.0999, 0.0998, 0.1002, 0.1009, 0.0999, 0.0992, 0.0999]",0.1009058803319931,2024-10-06-14-34-22/SITE360_ORNT310_VIS9mi.png
6,7,"[0.1005, 0.1000, 0.0996, 0.0999, 0.0998, 0.1001, 0.1010, 0.0999, 0.0992, 0.0999]",0.10095451027154922,2024-08-02-10-36-13/SITE45_ORNT5_VIS8mi.png
6,4,"[0.1006, 0.1000, 0.0996, 0.0999, 0.0998, 0.1002, 0.1009, 0.0999, 0.0992, 0.0999]",0.10094015300273895,2024-06-20-14-40-34/SITE253_ORNT325_VIS5mi.png
6,2,"[0.1005, 0.1000, 0.0996, 0.0999, 0.0998, 0.1002, 0.1009, 0.0999, 0.0992, 0.0999]",0.10093928873538971,2025-01-31-13-49-43/SITE106_ORNT12_VIS3mi.png
6,5,"[0.1005, 0.1000, 0.0996, 0.0999, 0.0998, 0.1002, 0.1009, 0.0999, 0.0992, 0.0999]",0.10093679279088974,2024-09-15-16-06-51/SITE19_ORNT170_VIS6mi.png
6,2,"[0.1006, 0.1000, 0.0997, 0.0999, 0.0998, 0.1002, 0.1009, 0.0999, 0.0992, 0.0999]",0.10092990100383759,2024-09-08-16-00-24/SITE21_ORNT10_VIS3mi.png
6,3,"[0.1006, 0.1000, 0.0996, 0.0999, 0.0998, 0.1002, 0.1009, 0.0999, 0.0992, 0.0999]",0.10093721002340317,2024-05-22-13-05-54/SITE205_ORNT165_VIS4mi.png
6,1,"[0.1005, 0.1000, 0.0996, 0.0999, 0.0998, 0.1001, 0.1009, 0.0999, 0.0992, 0.0999]",0.10094889253377914,2025-04-11-14-52-32/SITE96_ORNT45_VIS2mi.png
6,7,"[0.1006, 0.1000, 0.0996, 0.0999, 0.0998, 0.1001, 0.1010, 0.0999, 0.0992, 0.0999]",0.10096674412488937,2024-07-18-11-32-15/SITE411_ORNT220_VIS8mi.png
6,4,"[0.1006, 0.1000, 0.0996, 0.0999, 0.0998, 0.1001, 0.1010, 0.0999, 0.0992, 0.0999]",0.1009582132101059,2024-12-29-16-00-12/SITE658_ORNT260_VIS5mi.png
6,1,"[0.1006, 0.1000, 0.0996, 0.0999, 0.0998, 0.1002, 0.1010, 0.0999, 0.0992, 0.0999]",0.1009514331817627,2024-05-08-14-34-39/SITE629_ORNT60_VIS2-5mi.png
6,8,"[0.1005, 0.1000, 0.0997, 0.0999, 0.0998, 0.1002, 0.1009, 0.0999, 0.0992, 0.0999]",0.1009075790643692,2025-02-16-12-49-10/SITE401_ORNT350_VIS9mi.png
6,9,"[0.1006, 0.1000, 0.0997, 0.0999, 0.0998, 0.1002, 0.1009, 0.0999, 0.0992, 0.0999]",0.10089729726314545,2025-01-28-16-10-28/SITE80_ORNT274_VIS10+mi.png
6,8,"[0.1006, 0.1000, 0.0997, 0.0999, 0.0998, 0.1002, 0.1009, 0.0999, 0.0992, 0.0999]",0.10092203319072723,2024-07-26-10-22-16/SITE435_ORNT170_VIS9mi.png
6,8,"[0.1005, 0.1000, 0.0996, 0.0999, 0.0998, 0.1002, 0.1009, 0.0999, 0.0992, 0.0999]",0.1009349450469017,2024-08-19-10-27-18/SITE464_ORNT90_VIS9mi.png
6,2,"[0.1005, 0.1000, 0.0996, 0.0999, 0.0998, 0.1001, 0.1010, 0.0999, 0.0992, 0.0999]",0.10095139592885971,2025-03-28-10-38-15/SITE602_ORNT270_VIS3mi.png
6,8,"[0.1005, 0.1000, 0.0996, 0.0999, 0.0999, 0.1002, 0.1009, 0.0999, 0.0992, 0.0999]",0.10092493891716003,2025-02-10-14-47-56/SITE454_ORNT90_VIS9mi.png
6,5,"[0.1005, 0.1000, 0.0996, 0.0999, 0.0998, 0.1002, 0.1009, 0.0999, 0.0992, 0.0999]",0.10093698650598526,2025-03-03-11-33-30/SITE510_ORNT90_VIS6mi.png
6,5,"[0.1006, 0.1000, 0.0996, 0.0999, 0.0998, 0.1002, 0.1009, 0.0999, 0.0992, 0.0999]",0.10094710439443588,2024-12-20-15-16-09/SITE40_ORNT295_VIS6mi.png
6,8,"[0.1005, 0.1000, 0.0996, 0.0999, 0.0999, 0.1002, 0.1009, 0.0999, 0.0992, 0.0999]",0.10092184692621231,2025-04-10-17-56-44/SITE471_ORNT90_VIS9mi.png
6,9,"[0.1005, 0.1000, 0.0996, 0.0999, 0.0998, 0.1002, 0.1009, 0.0999, 0.0992, 0.0999]",0.10093475878238678,2025-02-15-15-20-00/SITE557_ORNT191_VIS10+mi.png
6,1,"[0.1005, 0.1000, 0.0996, 0.0999, 0.0998, 0.1002, 0.1009, 0.0999, 0.0992, 0.0999]",0.1009463369846344,2025-03-01-18-07-41/SITE207_ORNT235_VIS2mi.png
6,6,"[0.1005, 0.1000, 0.0996, 0.0999, 0.0998, 0.1002, 0.1009, 0.0999, 0.0992, 0.0999]",0.10093117505311966,2024-07-05-10-36-13/SITE747_ORNT0_VIS7mi.png
6,3,"[0.1005, 0.1000, 0.0997, 0.0999, 0.0998, 0.1002, 0.1009, 0.0999, 0.0992, 0.0999]",0.10091808438301086,2024-09-02-17-43-28/SITE209_ORNT335_VIS4mi.png
6,0,"[0.1005, 0.1000, 0.0996, 0.0999, 0.0998, 0.1002, 0.1009, 0.0999, 0.0992, 0.0999]",0.10093740373849869,2024-07-05-10-36-13/SITE217_ORNT250_VIS1-5mi.png
6,9,"[0.1005, 0.1000, 0.0997, 0.0999, 0.0998, 0.1002, 0.1009, 0.0999, 0.0992, 0.0999]",0.10091858357191086,2025-02-12-14-37-35/SITE597_ORNT170_VIS10+mi.png
6,3,"[0.1005, 0.1000, 0.0996, 0.0999, 0.0999, 0.1001, 0.1009, 0.0999, 0.0993, 0.0999]",0.10094200819730759,2024-09-08-13-07-06/SITE330_ORNT20_VIS4mi.png
6,3,"[0.1005, 0.1000, 0.0996, 0.0999, 0.0998, 0.1002, 0.1009, 0.0999, 0.0992, 0.0999]",0.10094638913869858,2024-07-14-13-28-24/SITE58_ORNT245_VIS4mi.png
6,8,"[0.1005, 0.1000, 0.0996, 0.0999, 0.0998, 0.1002, 0.1009, 0.0999, 0.0992, 0.0999]",0.100941963493824,2024-08-30-17-21-54/SITE522_ORNT270_VIS9mi.png
6,9,"[0.1005, 0.1000, 0.0996, 0.0999, 0.0998, 0.1001, 0.1009, 0.0999, 0.0992, 0.0999]",0.10094950348138809,2025-03-31-13-29-12/SITE871_ORNT260_VIS10+mi.png
6,5,"[0.1005, 0.1000, 0.0997, 0.0999, 0.0998, 0.1002, 0.1009, 0.0999, 0.0992, 0.0999]",0.10092349350452423,2024-10-06-17-04-59/SITE593_ORNT110_VIS6mi.png
6,9,"[0.1005, 0.1000, 0.0996, 0.0999, 0.0998, 0.1002, 0.1009, 0.0999, 0.0992, 0.0999]",0.1009296327829361,2025-02-04-15-47-48/SITE581_ORNT250_VIS10+mi.png
6,7,"[0.1005, 0.1000, 0.0996, 0.0999, 0.0998, 0.1001, 0.1010, 0.0999, 0.0992, 0.0999]",0.10095250606536865,2024-07-25-18-03-52/SITE437_ORNT260_VIS8mi.png
6,8,"[0.1005, 0.1000, 0.0997, 0.1000, 0.0998, 0.1002, 0.1009, 0.0998, 0.0992, 0.0999]",0.10087475180625916,2025-03-26-12-24-08/SITE365_ORNT100_VIS9mi.png
6,9,"[0.1005, 0.1000, 0.0996, 0.0999, 0.0998, 0.1002, 0.1009, 0.0999, 0.0992, 0.0999]",0.10093347728252411,2024-10-13-15-24-41/SITE583_ORNT165_VIS10+mi.png
6,3,"[0.1005, 0.1000, 0.0996, 0.0999, 0.0998, 0.1002, 0.1009, 0.0999, 0.0992, 0.0999]",0.10093464702367783,2025-03-04-14-20-15/SITE629_ORNT125_VIS4mi.png
6,5,"[0.1006, 0.1000, 0.0996, 0.0999, 0.0998, 0.1002, 0.1009, 0.0999, 0.0992, 0.0999]",0.10094165802001953,2024-05-13-18-48-49/SITE26_ORNT250_VIS6mi.png
6,5,"[0.1005, 0.1000, 0.0996, 0.0999, 0.0998, 0.1002, 0.1009, 0.0999, 0.0992, 0.0999]",0.10094132274389267,2025-03-06-15-10-58/SITE215_ORNT330_VIS6mi.png
6,8,"[0.1005, 0.1000, 0.0997, 0.0999, 0.0999, 0.1002, 0.1009, 0.0998, 0.0992, 0.0999]",0.10089901834726334,2025-04-02-15-05-32/SITE401_ORNT350_VIS9mi.png
6,8,"[0.1006, 0.1000, 0.0997, 0.0999, 0.0998, 0.1002, 0.1009, 0.0999, 0.0992, 0.0999]",0.10090980678796768,2024-07-22-11-13-59/SITE385_ORNT300_VIS9mi.png
6,9,"[0.1006, 0.1000, 0.0996, 0.0999, 0.0998, 0.1002, 0.1009, 0.0999, 0.0992, 0.0999]",0.10093498229980469,2025-02-11-14-30-47/SITE583_ORNT40_VIS10+mi.png
6,5,"[0.1006, 0.1000, 0.0996, 0.0999, 0.0998, 0.1002, 0.1009, 0.0999, 0.0992, 0.0999]",0.10094790905714035,2024-08-19-19-34-52/SITE251_ORNT140_VIS6mi.png
6,4,"[0.1006, 0.1000, 0.0996, 0.0999, 0.0998, 0.1002, 0.1009, 0.0999, 0.0992, 0.0999]",0.1009458601474762,2025-04-02-15-05-32/SITE178_ORNT40_VIS5mi.png
6,1,"[0.1005, 0.1000, 0.0996, 0.0999, 0.0998, 0.1002, 0.1009, 0.0999, 0.0992, 0.0999]",0.10094242542982101,2024-07-05-10-36-13/SITE48_ORNT275_VIS2mi.png
6,1,"[0.1005, 0.1000, 0.0997, 0.0999, 0.0998, 0.1002, 0.1009, 0.0999, 0.0992, 0.0999]",0.10092420130968094,2025-04-10-17-56-44/SITE198_ORNT80_VIS2-5mi.png
6,1,"[0.1006, 0.1000, 0.0996, 0.0999, 0.0998, 0.1002, 0.1009, 0.0999, 0.0992, 0.0999]",0.10094718635082245,2025-04-11-14-52-32/SITE12_ORNT60_VIS2-5mi.png
6,8,"[0.1005, 0.1000, 0.0996, 0.0999, 0.0999, 0.1002, 0.1009, 0.0998, 0.0993, 0.0999]",0.10092337429523468,2024-09-22-16-46-10/SITE380_ORNT55_VIS9mi.png
6,5,"[0.1005, 0.1000, 0.0996, 0.0999, 0.0998, 0.1002, 0.1009, 0.0999, 0.0992, 0.0999]",0.10092785954475403,2024-12-17-16-15-56/SITE561_ORNT145_VIS6mi.png
6,1,"[0.1005, 0.1000, 0.0996, 0.0999, 0.0998, 0.1001, 0.1010, 0.0999, 0.0992, 0.0999]",0.10095427185297012,2024-07-27-10-27-08/SITE132_ORNT141_VIS2mi.png
6,3,"[0.1006, 0.1000, 0.0996, 0.0999, 0.0998, 0.1001, 0.1010, 0.0999, 0.0992, 0.0999]",0.10096074640750885,2024-07-04-13-27-11/SITE12_ORNT200_VIS4mi.png
6,3,"[0.1006, 0.1000, 0.0996, 0.0999, 0.0998, 0.1002, 0.1009, 0.0999, 0.0992, 0.0999]",0.10094177722930908,2024-05-08-14-34-39/SITE684_ORNT267_VIS4mi.png
6,6,"[0.1005, 0.1000, 0.0996, 0.0999, 0.0998, 0.1002, 0.1009, 0.0999, 0.0992, 0.0999]",0.1009170338511467,2025-03-23-13-51-54/SITE426_ORNT250_VIS7mi.png
6,4,"[0.1005, 0.1000, 0.0996, 0.0999, 0.0998, 0.1001, 0.1009, 0.0999, 0.0992, 0.0999]",0.10094824433326721,2025-02-17-14-46-26/SITE119_ORNT275_VIS5mi.png
6,2,"[0.1005, 0.1000, 0.0997, 0.0999, 0.0998, 0.1002, 0.1009, 0.0999, 0.0992, 0.0999]",0.10091473162174225,2024-08-19-10-27-18/SITE334_ORNT95_VIS3mi.png
6,0,"[0.1005, 0.1000, 0.0996, 0.0999, 0.0999, 0.1002, 0.1009, 0.0999, 0.0992, 0.0999]",0.1009218692779541,2025-02-10-14-47-56/SITE467_ORNT135_VIS1-5mi.png
6,7,"[0.1005, 0.1000, 0.0996, 0.0999, 0.0998, 0.1002, 0.1009, 0.0999, 0.0992, 0.0999]",0.10093679279088974,2025-03-23-13-51-54/SITE86_ORNT239_VIS8mi.png
6,4,"[0.1005, 0.1000, 0.0996, 0.0999, 0.0998, 0.1002, 0.1009, 0.0999, 0.0992, 0.0999]",0.10093452781438828,2025-02-14-15-24-27/SITE807_ORNT190_VIS5mi.png
6,9,"[0.1005, 0.1000, 0.0996, 0.0999, 0.0998, 0.1001, 0.1010, 0.0999, 0.0992, 0.0999]",0.10095050930976868,2024-10-13-15-24-41/SITE721_ORNT320_VIS10+mi.png
6,9,"[0.1005, 0.1000, 0.0996, 0.0999, 0.0998, 0.1002, 0.1009, 0.0999, 0.0992, 0.0999]",0.10093115270137787,2024-12-09-12-13-38/SITE97_ORNT200_VIS10+mi.png
6,0,"[0.1005, 0.1000, 0.0996, 0.0999, 0.0998, 0.1002, 0.1009, 0.0999, 0.0992, 0.0999]",0.10093744099140167,2025-03-15-15-41-34/SITE205_ORNT305_VIS1-75mi.png
6,0,"[0.1006, 0.1000, 0.0996, 0.0999, 0.0998, 0.1002, 0.1009, 0.0999, 0.0992, 0.0999]",0.10094641149044037,2024-07-04-10-22-12/SITE76_ORNT60_VIS1-75mi.png
6,9,"[0.1006, 0.1000, 0.0996, 0.0999, 0.0998, 0.1002, 0.1009, 0.0999, 0.0992, 0.0999]",0.10093466937541962,2025-03-04-14-20-15/SITE447_ORNT295_VIS10+mi.png
6,7,"[0.1005, 0.1000, 0.0996, 0.0999, 0.0998, 0.1002, 0.1009, 0.0999, 0.0992, 0.0999]",0.10094988346099854,2025-03-31-13-29-12/SITE14_ORNT240_VIS8mi.png
6,6,"[0.1005, 0.1000, 0.0996, 0.0999, 0.0998, 0.1002, 0.1009, 0.0999, 0.0992, 0.0999]",0.10093541443347931,2025-02-17-14-46-26/SITE807_ORNT25_VIS7mi.png
6,0,"[0.1005, 0.1000, 0.0996, 0.0999, 0.0998, 0.1002, 0.1009, 0.0999, 0.0992, 0.0999]",0.1009201630949974,2024-12-27-14-55-32/SITE556_ORNT223_VIS1-75mi.png
6,8,"[0.1006, 0.1000, 0.0997, 0.0999, 0.0998, 0.1002, 0.1009, 0.0999, 0.0992, 0.0999]",0.10090958327054977,2024-10-07-14-17-08/SITE480_ORNT310_VIS9mi.png
6,5,"[0.1005, 0.1000, 0.0996, 0.0999, 0.0998, 0.1001, 0.1010, 0.0999, 0.0992, 0.0999]",0.10096453130245209,2024-06-16-15-28-51/SITE426_ORNT130_VIS6mi.png
6,0,"[0.1005, 0.1000, 0.0996, 0.0999, 0.0998, 0.1001, 0.1010, 0.0999, 0.0992, 0.0999]",0.1009523943066597,2025-02-16-12-49-10/SITE617_ORNT40_VIS1-75mi.png
6,5,"[0.1006, 0.1000, 0.0996, 0.0999, 0.0998, 0.1002, 0.1010, 0.0999, 0.0992, 0.0999]",0.10095427185297012,2025-02-04-15-47-48/SITE104_ORNT270_VIS6mi.png
6,6,"[0.1005, 0.1000, 0.0996, 0.0999, 0.0998, 0.1002, 0.1009, 0.0999, 0.0992, 0.0999]",0.10093514621257782,2025-03-15-15-41-34/SITE735_ORNT75_VIS7mi.png
6,5,"[0.1005, 0.1000, 0.0997, 0.0999, 0.0999, 0.1002, 0.1009, 0.0999, 0.0992, 0.0999]",0.10091184824705124,2024-06-07-11-09-12/SITE355_ORNT130_VIS6mi.png
6,9,"[0.1005, 0.1000, 0.0997, 0.0999, 0.0998, 0.1002, 0.1009, 0.0999, 0.0992, 0.0999]",0.10091359168291092,2024-10-08-11-05-48/SITE455_ORNT0_VIS15mi.png
6,1,"[0.1006, 0.1000, 0.0996, 0.0999, 0.0998, 0.1002, 0.1009, 0.0999, 0.0992, 0.0999]",0.10094282776117325,2024-05-08-14-34-39/SITE735_ORNT75_VIS2mi.png
6,2,"[0.1005, 0.1000, 0.0996, 0.0999, 0.0998, 0.1002, 0.1009, 0.0999, 0.0992, 0.0999]",0.10093721002340317,2025-03-05-12-08-53/SITE483_ORNT275_VIS3mi.png
6,2,"[0.1005, 0.1000, 0.0997, 0.0999, 0.0998, 0.1002, 0.1009, 0.0999, 0.0992, 0.0999]",0.10091136395931244,2024-10-08-11-05-48/SITE360_ORNT115_VIS3mi.png
6,3,"[0.1006, 0.1000, 0.0996, 0.0999, 0.0998, 0.1001, 0.1010, 0.0999, 0.0992, 0.0999]",0.10095744580030441,2024-08-15-16-44-48/SITE439_ORNT350_VIS4mi.png
6,3,"[0.1005, 0.1000, 0.0996, 0.0999, 0.0998, 0.1002, 0.1009, 0.0999, 0.0992, 0.0999]",0.10091690719127655,2024-07-22-11-13-59/SITE332_ORNT155_VIS4mi.png
6,3,"[0.1005, 0.1000, 0.0997, 0.0999, 0.0998, 0.1002, 0.1009, 0.0999, 0.0992, 0.0999]",0.10090699791908264,2024-06-06-17-01-51/SITE339_ORNT90_VIS4mi.png
6,7,"[0.1006, 0.1000, 0.0996, 0.0999, 0.0998, 0.1002, 0.1009, 0.0999, 0.0992, 0.0999]",0.10093095898628235,2024-05-23-15-19-49/SITE15_ORNT265_VIS8mi.png
6,9,"[0.1006, 0.1000, 0.0997, 0.0999, 0.0998, 0.1002, 0.1009, 0.0999, 0.0992, 0.0999]",0.10090123116970062,2025-03-15-15-41-34/SITE578_ORNT0_VIS10+mi.png
6,4,"[0.1006, 0.1000, 0.0996, 0.0999, 0.0998, 0.1002, 0.1009, 0.0999, 0.0992, 0.0999]",0.100932776927948,2024-07-05-14-33-31/SITE86_ORNT239_VIS5mi.png
6,1,"[0.1005, 0.1000, 0.0996, 0.0999, 0.0998, 0.1002, 0.1009, 0.0999, 0.0992, 0.0999]",0.10094162821769714,2024-06-17-10-37-40/SITE564_ORNT18_VIS2-5mi.png
6,3,"[0.1006, 0.1000, 0.0996, 0.0999, 0.0998, 0.1001, 0.1010, 0.0999, 0.0992, 0.0999]",0.10095883905887604,2025-03-05-12-08-53/SITE40_ORNT295_VIS4mi.png
6,8,"[0.1005, 0.1000, 0.0997, 0.0999, 0.0998, 0.1002, 0.1009, 0.0999, 0.0992, 0.0999]",0.10091336816549301,2025-01-29-12-01-12/SITE324_ORNT310_VIS9mi.png
6,6,"[0.1006, 0.1000, 0.0997, 0.0999, 0.0998, 0.1002, 0.1009, 0.0999, 0.0992, 0.0999]",0.10092765092849731,2025-01-15-15-33-17/SITE253_ORNT325_VIS7mi.png
6,7,"[0.1005, 0.1000, 0.0997, 0.0999, 0.0999, 0.1002, 0.1009, 0.0998, 0.0992, 0.0999]",0.10090330988168716,2024-07-25-10-00-39/SITE477_ORNT50_VIS8mi.png
6,0,"[0.1005, 0.1000, 0.0996, 0.0999, 0.0998, 0.1002, 0.1009, 0.0999, 0.0992, 0.0999]",0.10094969719648361,2024-06-30-10-21-08/SITE7_ORNT221_VIS1-25mi.png
6,5,"[0.1006, 0.1000, 0.0997, 0.0999, 0.0998, 0.1002, 0.1009, 0.0999, 0.0992, 0.0999]",0.10092733055353165,2024-10-14-13-08-27/SITE98_ORNT25_VIS6mi.png
6,6,"[0.1005, 0.1000, 0.0996, 0.0999, 0.0998, 0.1002, 0.1009, 0.0999, 0.0992, 0.0999]",0.10094509273767471,2024-08-02-10-36-13/SITE569_ORNT211_VIS7mi.png
6,1,"[0.1006, 0.1000, 0.0996, 0.0999, 0.0998, 0.1001, 0.1010, 0.0999, 0.0992, 0.0999]",0.10095769166946411,2024-07-04-10-22-12/SITE437_ORNT260_VIS2mi.png
6,1,"[0.1005, 0.1000, 0.0996, 0.0999, 0.0998, 0.1002, 0.1009, 0.0999, 0.0992, 0.0999]",0.10092892497777939,2025-02-19-12-18-05/SITE424_ORNT0_VIS2mi.png
6,4,"[0.1006, 0.1000, 0.0996, 0.0999, 0.0998, 0.1001, 0.1010, 0.0999, 0.0992, 0.0999]",0.10096351057291031,2024-07-29-17-46-25/SITE272_ORNT67_VIS5mi.png
6,8,"[0.1005, 0.1000, 0.0996, 0.0999, 0.0998, 0.1002, 0.1009, 0.0999, 0.0992, 0.0999]",0.10094347596168518,2024-06-15-14-23-40/SITE407_ORNT215_VIS9mi.png
6,9,"[0.1006, 0.1000, 0.0996, 0.0999, 0.0998, 0.1002, 0.1009, 0.0999, 0.0992, 0.0999]",0.10094571113586426,2025-03-02-11-48-27/SITE692_ORNT335_VIS10+mi.png
6,3,"[0.1006, 0.1000, 0.0996, 0.0999, 0.0998, 0.1002, 0.1009, 0.0999, 0.0992, 0.0999]",0.10093776136636734,2024-07-26-10-22-16/SITE692_ORNT150_VIS4mi.png
6,0,"[0.1005, 0.1000, 0.0997, 0.0999, 0.0998, 0.1002, 0.1009, 0.0999, 0.0992, 0.0999]",0.1009117066860199,2024-08-29-17-58-30/SITE5_ORNT320_VIS1mi.png
6,2,"[0.1006, 0.1000, 0.0996, 0.0999, 0.0998, 0.1002, 0.1009, 0.0999, 0.0992, 0.0999]",0.10093749314546585,2024-09-07-11-42-21/SITE421_ORNT240_VIS3mi.png
6,1,"[0.1005, 0.1000, 0.0997, 0.0999, 0.0999, 0.1002, 0.1009, 0.0999, 0.0992, 0.0999]",0.10090911388397217,2025-03-20-11-55-50/SITE477_ORNT50_VIS2-25mi.png
6,7,"[0.1006, 0.1000, 0.0996, 0.0999, 0.0998, 0.1002, 0.1009, 0.0999, 0.0992, 0.0999]",0.1009393110871315,2024-07-29-17-46-25/SITE557_ORNT291_VIS8mi.png
6,6,"[0.1006, 0.1000, 0.0996, 0.0999, 0.0998, 0.1002, 0.1009, 0.0999, 0.0992, 0.0999]",0.10093545913696289,2024-12-16-12-39-30/SITE834_ORNT280_VIS7mi.png
6,8,"[0.1005, 0.1000, 0.0997, 0.0999, 0.0998, 0.1002, 0.1009, 0.0998, 0.0992, 0.0999]",0.1008954718708992,2024-07-20-11-08-20/SITE328_ORNT0_VIS9mi.png
6,1,"[0.1005, 0.1000, 0.0996, 0.0999, 0.0999, 0.1002, 0.1009, 0.0999, 0.0992, 0.0999]",0.10092050582170486,2025-02-10-14-47-56/SITE471_ORNT90_VIS2-25mi.png
6,2,"[0.1006, 0.1000, 0.0996, 0.0999, 0.0998, 0.1002, 0.1009, 0.0999, 0.0992, 0.0999]",0.10092931240797043,2024-06-17-10-37-40/SITE447_ORNT295_VIS3mi.png
6,3,"[0.1005, 0.1000, 0.0996, 0.0999, 0.0998, 0.1002, 0.1009, 0.0999, 0.0992, 0.0999]",0.10094611346721649,2024-06-06-17-01-51/SITE7_ORNT312_VIS4mi.png
6,7,"[0.1006, 0.1000, 0.0996, 0.0999, 0.0998, 0.1002, 0.1009, 0.0999, 0.0992, 0.0999]",0.10093577951192856,2024-07-30-14-06-06/SITE435_ORNT15_VIS8mi.png
6,8,"[0.1005, 0.1000, 0.0996, 0.0999, 0.0998, 0.1001, 0.1009, 0.0999, 0.0992, 0.0999]",0.10094943642616272,2024-07-23-13-08-12/SITE380_ORNT220_VIS9mi.png
6,1,"[0.1006, 0.1000, 0.0996, 0.0999, 0.0998, 0.1001, 0.1010, 0.0999, 0.0992, 0.0999]",0.10096148401498795,2024-07-14-10-21-23/SITE7_ORNT312_VIS2mi.png
6,1,"[0.1005, 0.1000, 0.0996, 0.0999, 0.0998, 0.1002, 0.1009, 0.0999, 0.0992, 0.0999]",0.10093598812818527,4-9-24-5-23-PM/SITE245_ORNT11_VIS2mi.png
6,9,"[0.1006, 0.1000, 0.0996, 0.0999, 0.0998, 0.1002, 0.1009, 0.0999, 0.0992, 0.0999]",0.1009339764714241,2025-04-07-16-10-10/SITE587_ORNT280_VIS10+mi.png
6,6,"[0.1005, 0.1000, 0.0996, 0.0999, 0.0999, 0.1001, 0.1009, 0.0999, 0.0993, 0.0999]",0.10093609988689423,2025-01-15-15-33-17/SITE358_ORNT120_VIS7mi.png
6,6,"[0.1005, 0.1000, 0.0996, 0.0999, 0.0998, 0.1002, 0.1009, 0.0999, 0.0992, 0.0999]",0.10092409700155258,2025-03-01-18-07-41/SITE26_ORNT180_VIS7mi.png
6,5,"[0.1005, 0.1000, 0.0996, 0.0999, 0.0998, 0.1002, 0.1009, 0.0999, 0.0992, 0.0999]",0.10094950348138809,2024-07-28-13-48-26/SITE205_ORNT230_VIS6mi.png
6,4,"[0.1006, 0.1000, 0.0997, 0.0999, 0.0998, 0.1002, 0.1009, 0.0999, 0.0992, 0.0999]",0.100917287170887,2024-05-09-16-15-37/SITE129_ORNT266_VIS5mi.png
6,3,"[0.1006, 0.1000, 0.0996, 0.0999, 0.0998, 0.1002, 0.1010, 0.0999, 0.0992, 0.0999]",0.10095076262950897,2024-10-07-14-17-08/SITE598_ORNT285_VIS4mi.png
6,3,"[0.1005, 0.1000, 0.0996, 0.0999, 0.0998, 0.1002, 0.1009, 0.0999, 0.0992, 0.0999]",0.10093118250370026,2024-12-24-15-14-57/SITE719_ORNT180_VIS4mi.png
6,8,"[0.1005, 0.1000, 0.0996, 0.0999, 0.0999, 0.1002, 0.1009, 0.0999, 0.0992, 0.0999]",0.10093759000301361,2025-03-31-13-29-12/SITE366_ORNT95_VIS9mi.png
6,3,"[0.1005, 0.1000, 0.0996, 0.0999, 0.0998, 0.1002, 0.1009, 0.0999, 0.0992, 0.0999]",0.10094484686851501,2025-02-14-15-24-27/SITE624_ORNT145_VIS4mi.png
6,6,"[0.1005, 0.1000, 0.0997, 0.0999, 0.0998, 0.1002, 0.1009, 0.0999, 0.0992, 0.0999]",0.10092703998088837,2024-06-05-18-49-24/SITE623_ORNT10_VIS7mi.png
6,6,"[0.1006, 0.1000, 0.0996, 0.0999, 0.0998, 0.1002, 0.1010, 0.0999, 0.0992, 0.0999]",0.10095097869634628,2025-03-23-13-51-54/SITE17_ORNT340_VIS7mi.png
6,4,"[0.1006, 0.1000, 0.0996, 0.0999, 0.0998, 0.1002, 0.1010, 0.0999, 0.0992, 0.0999]",0.10095333307981491,2024-07-14-16-38-50/SITE40_ORNT180_VIS5mi.png
6,3,"[0.1006, 0.1000, 0.0997, 0.0999, 0.0998, 0.1002, 0.1009, 0.0999, 0.0992, 0.0999]",0.10092213749885559,2024-07-14-10-21-23/SITE134_ORNT294_VIS4mi.png
6,0,"[0.1005, 0.1000, 0.0997, 0.0999, 0.0998, 0.1002, 0.1009, 0.0999, 0.0992, 0.0999]",0.10090787708759308,2025-01-31-13-49-43/SITE239_ORNT110_VIS1-75mi.png
6,5,"[0.1006, 0.1000, 0.0996, 0.0999, 0.0998, 0.1001, 0.1010, 0.0999, 0.0992, 0.0999]",0.10096396505832672,2024-09-07-13-37-18/SITE209_ORNT260_VIS6mi.png
6,3,"[0.1005, 0.1000, 0.0997, 0.0999, 0.0998, 0.1002, 0.1009, 0.0999, 0.0992, 0.0999]",0.10090792924165726,2025-01-31-13-49-43/SITE324_ORNT45_VIS4mi.png
6,7,"[0.1005, 0.1000, 0.0996, 0.0999, 0.0998, 0.1002, 0.1009, 0.0999, 0.0992, 0.0999]",0.10093165934085846,2024-06-13-13-46-47/SITE747_ORNT60_VIS8mi.png
6,7,"[0.1005, 0.1000, 0.0996, 0.0999, 0.0999, 0.1001, 0.1009, 0.0999, 0.0993, 0.0999]",0.10093621909618378,2024-07-22-20-17-56/SITE309_ORNT325_VIS8mi.png
6,3,"[0.1006, 0.1000, 0.0996, 0.0999, 0.0998, 0.1002, 0.1009, 0.0999, 0.0992, 0.0999]",0.10094983875751495,2024-06-10-18-34-10/SITE629_ORNT210_VIS4mi.png
6,4,"[0.1006, 0.1000, 0.0996, 0.0999, 0.0998, 0.1001, 0.1010, 0.0999, 0.0992, 0.0999]",0.10095889866352081,2024-07-18-14-04-18/SITE40_ORNT295_VIS5mi.png
6,5,"[0.1005, 0.1000, 0.0997, 0.0999, 0.0998, 0.1002, 0.1009, 0.0999, 0.0992, 0.0999]",0.1009133979678154,2025-03-02-11-48-27/SITE528_ORNT310_VIS6mi.png
6,4,"[0.1006, 0.1000, 0.0996, 0.0999, 0.0998, 0.1001, 0.1010, 0.0999, 0.0992, 0.0999]",0.10096151381731033,2024-08-30-10-00-55/SITE25_ORNT30_VIS5mi.png
6,9,"[0.1005, 0.1000, 0.0996, 0.0999, 0.0998, 0.1002, 0.1009, 0.0999, 0.0992, 0.0999]",0.10094782710075378,2025-04-02-15-05-32/SITE575_ORNT85_VIS10+mi.png
6,6,"[0.1005, 0.1000, 0.0996, 0.0999, 0.0998, 0.1002, 0.1009, 0.0999, 0.0992, 0.0999]",0.10094879567623138,2024-06-01-11-15-19/SITE694_ORNT315_VIS7mi.png
6,9,"[0.1005, 0.1000, 0.0997, 0.0999, 0.0998, 0.1002, 0.1009, 0.0999, 0.0992, 0.0999]",0.10091744363307953,2024-10-13-12-27-42/SITE573_ORNT260_VIS10+mi.png
6,6,"[0.1006, 0.1000, 0.0996, 0.0999, 0.0998, 0.1002, 0.1010, 0.0999, 0.0992, 0.0999]",0.10095220059156418,2024-06-21-15-35-27/SITE760_ORNT190_VIS7mi.png
6,8,"[0.1006, 0.1000, 0.0996, 0.0999, 0.0998, 0.1002, 0.1009, 0.0999, 0.0992, 0.0999]",0.10094049572944641,2025-02-15-15-20-00/SITE65_ORNT234_VIS9mi.png
6,0,"[0.1006, 0.1000, 0.0996, 0.0999, 0.0998, 0.1002, 0.1010, 0.0999, 0.0992, 0.0999]",0.10095024853944778,2025-01-31-13-49-43/SITE178_ORNT300_VIS1-25mi.png
6,9,"[0.1005, 0.1000, 0.0996, 0.0999, 0.0998, 0.1002, 0.1009, 0.0999, 0.0992, 0.0999]",0.10093143582344055,2025-01-15-15-33-17/SITE10_ORNT255_VIS10+mi.png
6,3,"[0.1006, 0.1000, 0.0996, 0.0999, 0.0998, 0.1002, 0.1009, 0.0999, 0.0992, 0.0999]",0.10094286501407623,2025-03-18-13-52-55/SITE13_ORNT185_VIS4mi.png
6,1,"[0.1006, 0.1000, 0.0996, 0.0999, 0.0998, 0.1002, 0.1009, 0.0999, 0.0992, 0.0999]",0.10093703120946884,2024-09-07-11-42-21/SITE607_ORNT90_VIS2-5mi.png
6,4,"[0.1005, 0.1000, 0.0996, 0.0999, 0.0998, 0.1002, 0.1009, 0.0999, 0.0992, 0.0999]",0.10094260424375534,2025-03-04-14-20-15/SITE203_ORNT70_VIS5mi.png
6,3,"[0.1005, 0.1000, 0.0996, 0.0999, 0.0998, 0.1002, 0.1009, 0.0999, 0.0992, 0.0999]",0.10093610733747482,2024-06-06-10-38-22/SITE203_ORNT220_VIS4mi.png
6,6,"[0.1005, 0.1000, 0.0997, 0.0999, 0.0998, 0.1002, 0.1009, 0.0999, 0.0992, 0.0999]",0.10091476887464523,2025-03-02-13-12-40/SITE528_ORNT35_VIS7mi.png
6,3,"[0.1005, 0.1000, 0.0996, 0.0999, 0.0999, 0.1002, 0.1009, 0.0999, 0.0992, 0.0999]",0.10091579705476761,2024-07-25-18-03-52/SITE375_ORNT330_VIS4mi.png
6,1,"[0.1005, 0.1000, 0.0996, 0.0999, 0.0998, 0.1001, 0.1010, 0.0999, 0.0992, 0.0999]",0.10095158964395523,2024-09-20-16-20-08/SITE14_ORNT195_VIS2mi.png
6,6,"[0.1005, 0.1000, 0.0996, 0.0999, 0.0998, 0.1002, 0.1009, 0.0999, 0.0992, 0.0999]",0.10092843323945999,2025-04-11-14-52-32/SITE156_ORNT78_VIS7mi.png
6,6,"[0.1005, 0.1000, 0.0996, 0.0999, 0.0999, 0.1002, 0.1009, 0.0999, 0.0993, 0.0999]",0.10092709213495255,2024-08-16-20-03-50/SITE358_ORNT290_VIS7mi.png
6,6,"[0.1006, 0.1000, 0.0996, 0.0999, 0.0998, 0.1002, 0.1009, 0.0999, 0.0992, 0.0999]",0.10093823075294495,2024-06-16-11-08-10/SITE442_ORNT300_VIS7mi.png
6,0,"[0.1005, 0.1000, 0.0996, 0.0999, 0.0998, 0.1002, 0.1009, 0.0999, 0.0992, 0.0999]",0.10093308985233307,2024-07-05-10-36-13/SITE41_ORNT170_VIS1-5mi.png
6,5,"[0.1005, 0.1000, 0.0996, 0.0999, 0.0998, 0.1002, 0.1009, 0.0999, 0.0992, 0.0999]",0.10093580186367035,2025-04-13-19-09-12/SITE161_ORNT141_VIS6mi.png
6,6,"[0.1005, 0.1000, 0.0996, 0.0999, 0.0998, 0.1002, 0.1009, 0.0999, 0.0992, 0.0999]",0.1009356901049614,2024-12-03-11-18-04/SITE338_ORNT200_VIS7mi.png
6,8,"[0.1006, 0.1000, 0.0996, 0.0999, 0.0998, 0.1002, 0.1010, 0.0999, 0.0992, 0.0999]",0.10095596313476562,2024-05-23-15-19-49/SITE33_ORNT215_VIS9mi.png
6,0,"[0.1006, 0.1000, 0.0996, 0.0999, 0.0998, 0.1002, 0.1010, 0.0999, 0.0992, 0.0999]",0.10095199942588806,2024-05-07-15-42-07/SITE95_ORNT67_VIS1-5mi.png
6,4,"[0.1006, 0.1000, 0.0996, 0.0999, 0.0998, 0.1002, 0.1009, 0.0999, 0.0992, 0.0999]",0.10093628615140915,2024-05-23-15-19-49/SITE43_ORNT115_VIS5mi.png
6,4,"[0.1005, 0.1000, 0.0996, 0.0999, 0.0998, 0.1002, 0.1009, 0.0999, 0.0992, 0.0999]",0.10094217211008072,2025-04-16-13-54-24/SITE96_ORNT45_VIS5mi.png
6,8,"[0.1006, 0.1000, 0.0997, 0.0999, 0.0998, 0.1002, 0.1009, 0.0999, 0.0992, 0.0999]",0.10092352330684662,2025-03-04-14-20-15/SITE821_ORNT50_VIS9mi.png
6,8,"[0.1006, 0.1000, 0.0997, 0.0999, 0.0998, 0.1002, 0.1009, 0.0999, 0.0992, 0.0999]",0.10093257576227188,2025-04-22-15-39-35/SITE18_ORNT290_VIS9mi.png
6,7,"[0.1005, 0.1000, 0.0996, 0.0999, 0.0998, 0.1002, 0.1010, 0.0999, 0.0992, 0.0999]",0.10095036774873734,2024-06-10-14-33-22/SITE411_ORNT280_VIS8mi.png
6,9,"[0.1006, 0.1000, 0.0996, 0.0999, 0.0998, 0.1002, 0.1009, 0.0999, 0.0992, 0.0999]",0.10094951838254929,2025-02-15-15-20-00/SITE579_ORNT75_VIS10+mi.png
6,4,"[0.1005, 0.1000, 0.0996, 0.0999, 0.0999, 0.1001, 0.1009, 0.0999, 0.0993, 0.0999]",0.10094904154539108,2025-02-19-12-18-05/SITE404_ORNT100_VIS5mi.png
6,8,"[0.1005, 0.1000, 0.0996, 0.0999, 0.0998, 0.1002, 0.1009, 0.0999, 0.0992, 0.0999]",0.10091744363307953,2024-07-05-10-36-13/SITE375_ORNT330_VIS9mi.png
6,1,"[0.1005, 0.1000, 0.0996, 0.0999, 0.0998, 0.1002, 0.1009, 0.0999, 0.0992, 0.0999]",0.1009284034371376,2024-06-07-11-09-12/SITE508_ORNT135_VIS2-5mi.png
6,0,"[0.1005, 0.1000, 0.0996, 0.0999, 0.0998, 0.1001, 0.1010, 0.0999, 0.0992, 0.0999]",0.1009511724114418,2024-07-23-13-08-12/SITE58_ORNT90_VIS1mi.png
6,2,"[0.1005, 0.1000, 0.0996, 0.0999, 0.0998, 0.1001, 0.1010, 0.0999, 0.0992, 0.0999]",0.10096211731433868,2025-02-27-11-22-46/SITE161_ORNT192_VIS3mi.png
6,8,"[0.1005, 0.1000, 0.0996, 0.0999, 0.0999, 0.1002, 0.1009, 0.0999, 0.0992, 0.0999]",0.10092993825674057,2024-07-07-11-04-33/SITE471_ORNT90_VIS9mi.png
6,6,"[0.1005, 0.1000, 0.0996, 0.0999, 0.0998, 0.1002, 0.1009, 0.0999, 0.0992, 0.0999]",0.10093497484922409,2024-09-19-14-23-02/SITE94_ORNT180_VIS7mi.png
6,3,"[0.1006, 0.1000, 0.0996, 0.0999, 0.0998, 0.1002, 0.1009, 0.0999, 0.0992, 0.0999]",0.10093896836042404,2024-10-14-13-08-27/SITE610_ORNT260_VIS4mi.png
6,5,"[0.1006, 0.1000, 0.0996, 0.0999, 0.0998, 0.1002, 0.1009, 0.0999, 0.0992, 0.0999]",0.10094340145587921,2024-12-24-15-14-57/SITE417_ORNT220_VIS6mi.png
6,7,"[0.1006, 0.1000, 0.0997, 0.0999, 0.0998, 0.1002, 0.1009, 0.0999, 0.0992, 0.0999]",0.10090190172195435,2025-02-05-13-59-56/SITE105_ORNT28_VIS8mi.png
6,5,"[0.1006, 0.1000, 0.0996, 0.0999, 0.0998, 0.1002, 0.1009, 0.0999, 0.0992, 0.0999]",0.1009398102760315,2024-10-14-13-08-27/SITE692_ORNT205_VIS6mi.png
6,5,"[0.1005, 0.1000, 0.0996, 0.0999, 0.0998, 0.1002, 0.1009, 0.0999, 0.0992, 0.0999]",0.10093873739242554,2024-08-10-09-44-28/SITE407_ORNT215_VIS6mi.png
6,1,"[0.1005, 0.1000, 0.0996, 0.0999, 0.0998, 0.1001, 0.1010, 0.0999, 0.0992, 0.0999]",0.1009528860449791,2025-01-17-15-10-02/SITE852_ORNT225_VIS2mi.png
6,7,"[0.1006, 0.1000, 0.0996, 0.0999, 0.0998, 0.1002, 0.1009, 0.0999, 0.0992, 0.0999]",0.10093742609024048,2024-07-28-11-17-19/SITE595_ORNT270_VIS8mi.png
6,0,"[0.1006, 0.1000, 0.0996, 0.0999, 0.0998, 0.1002, 0.1009, 0.0999, 0.0992, 0.0999]",0.10094801336526871,2024-09-21-11-24-11/SITE73_ORNT20_VIS1-75mi.png
6,3,"[0.1005, 0.1000, 0.0996, 0.0999, 0.0999, 0.1001, 0.1009, 0.0999, 0.0993, 0.0999]",0.10094363242387772,2024-09-18-18-13-42/SITE20_ORNT226_VIS4mi.png
6,8,"[0.1005, 0.1000, 0.0997, 0.0999, 0.0998, 0.1002, 0.1009, 0.0998, 0.0992, 0.0999]",0.10089904814958572,2024-10-14-13-08-27/SITE383_ORNT35_VIS9mi.png
6,5,"[0.1005, 0.1000, 0.0996, 0.0999, 0.0998, 0.1002, 0.1009, 0.0999, 0.0992, 0.0999]",0.10093095898628235,2024-10-13-12-27-42/SITE747_ORNT0_VIS6mi.png
6,2,"[0.1005, 0.1000, 0.0996, 0.0999, 0.0998, 0.1002, 0.1009, 0.0999, 0.0992, 0.0999]",0.10094070434570312,2024-10-11-15-41-13/SITE310_ORNT314_VIS3mi.png
6,8,"[0.1006, 0.1000, 0.0997, 0.0999, 0.0998, 0.1002, 0.1009, 0.0999, 0.0992, 0.0999]",0.10089433193206787,2024-12-24-15-14-57/SITE471_ORNT255_VIS9mi.png
6,3,"[0.1006, 0.1000, 0.0996, 0.0999, 0.0998, 0.1002, 0.1009, 0.0999, 0.0992, 0.0999]",0.10093864053487778,2024-07-07-15-01-32/SITE19_ORNT60_VIS4mi.png
6,7,"[0.1006, 0.1000, 0.0996, 0.0999, 0.0998, 0.1002, 0.1009, 0.0999, 0.0992, 0.0999]",0.10094907134771347,2025-03-06-15-10-58/SITE73_ORNT110_VIS8mi.png
6,5,"[0.1005, 0.1000, 0.0996, 0.0999, 0.0998, 0.1002, 0.1009, 0.0999, 0.0992, 0.0999]",0.10092157870531082,2024-08-18-19-28-16/SITE367_ORNT110_VIS6mi.png
6,0,"[0.1005, 0.1000, 0.0996, 0.0999, 0.0998, 0.1002, 0.1009, 0.0999, 0.0992, 0.0999]",0.1009417399764061,2025-02-04-15-47-48/SITE12_ORNT270_VIS1mi.png
6,8,"[0.1005, 0.1000, 0.0996, 0.0999, 0.0999, 0.1002, 0.1009, 0.0999, 0.0992, 0.0999]",0.10093147307634354,2024-06-27-10-23-10/SITE380_ORNT220_VIS9mi.png
6,0,"[0.1005, 0.1000, 0.0996, 0.0999, 0.0998, 0.1002, 0.1009, 0.0999, 0.0992, 0.0999]",0.10094737261533737,2024-12-10-14-08-09/SITE871_ORNT90_VIS1-75mi.png
6,4,"[0.1006, 0.1000, 0.0996, 0.0999, 0.0998, 0.1001, 0.1010, 0.0999, 0.0992, 0.0999]",0.10095905512571335,2024-06-03-13-44-33/SITE25_ORNT30_VIS5mi.png
6,9,"[0.1005, 0.1000, 0.0996, 0.0999, 0.0998, 0.1002, 0.1009, 0.0999, 0.0992, 0.0999]",0.10091756284236908,2025-02-02-12-13-03/SITE521_ORNT240_VIS30mi.png
6,0,"[0.1005, 0.1000, 0.0996, 0.0999, 0.0998, 0.1001, 0.1009, 0.0999, 0.0992, 0.0999]",0.10094816982746124,2025-01-17-15-10-02/SITE12_ORNT270_VIS1-25mi.png
6,5,"[0.1005, 0.1000, 0.0997, 0.0999, 0.0998, 0.1002, 0.1009, 0.0999, 0.0992, 0.0999]",0.10090792924165726,2025-03-31-13-29-12/SITE506_ORNT0_VIS6mi.png
6,5,"[0.1006, 0.1000, 0.0996, 0.0999, 0.0998, 0.1002, 0.1009, 0.0999, 0.0992, 0.0999]",0.10094548761844635,2024-06-16-15-28-51/SITE19_ORNT170_VIS6mi.png
6,7,"[0.1006, 0.1000, 0.0996, 0.0999, 0.0998, 0.1002, 0.1009, 0.0999, 0.0992, 0.0999]",0.10093370079994202,2024-12-10-14-08-09/SITE442_ORNT300_VIS8mi.png
6,6,"[0.1006, 0.1000, 0.0996, 0.0999, 0.0998, 0.1002, 0.1009, 0.0999, 0.0992, 0.0999]",0.10093692690134048,2024-07-22-11-13-59/SITE692_ORNT205_VIS7mi.png
6,4,"[0.1006, 0.1000, 0.0996, 0.0999, 0.0998, 0.1002, 0.1009, 0.0999, 0.0992, 0.0999]",0.10094080120325089,2024-05-07-15-42-07/SITE580_ORNT65_VIS5mi.png
6,8,"[0.1006, 0.1000, 0.0996, 0.0999, 0.0998, 0.1002, 0.1009, 0.0999, 0.0992, 0.0999]",0.10094285756349564,2024-06-03-13-44-33/SITE522_ORNT270_VIS9mi.png
6,2,"[0.1005, 0.1000, 0.0997, 0.0999, 0.0998, 0.1002, 0.1009, 0.0999, 0.0992, 0.0999]",0.10091694444417953,2025-04-01-16-59-16/SITE786_ORNT255_VIS3mi.png
6,9,"[0.1006, 0.1000, 0.0997, 0.0999, 0.0998, 0.1002, 0.1009, 0.0999, 0.0992, 0.0999]",0.10090543329715729,2025-02-19-12-18-05/SITE586_ORNT100_VIS10+mi.png
6,6,"[0.1006, 0.1000, 0.0996, 0.0999, 0.0998, 0.1002, 0.1009, 0.0999, 0.0992, 0.0999]",0.100942462682724,2024-05-03-19-33-18/SITE49_ORNT315_VIS7mi.png
6,5,"[0.1006, 0.1000, 0.0996, 0.0999, 0.0998, 0.1001, 0.1010, 0.0999, 0.0992, 0.0999]",0.1009581983089447,2025-03-28-10-38-15/SITE658_ORNT305_VIS6mi.png
6,3,"[0.1005, 0.1000, 0.0996, 0.0999, 0.0998, 0.1001, 0.1010, 0.0999, 0.0992, 0.0999]",0.10095677524805069,2024-07-29-16-41-43/SITE443_ORNT275_VIS4mi.png
6,8,"[0.1005, 0.1000, 0.0997, 0.0999, 0.0998, 0.1002, 0.1009, 0.0999, 0.0992, 0.0999]",0.1009250283241272,2025-03-02-13-12-40/SITE6_ORNT55_VIS9mi.png
6,5,"[0.1006, 0.1000, 0.0997, 0.0999, 0.0998, 0.1002, 0.1009, 0.0999, 0.0992, 0.0999]",0.10092766582965851,2025-01-31-13-49-43/SITE557_ORNT8_VIS6mi.png
6,5,"[0.1005, 0.1000, 0.0997, 0.0999, 0.0998, 0.1002, 0.1009, 0.0999, 0.0992, 0.0999]",0.10091476142406464,2025-03-02-11-48-27/SITE528_ORNT235_VIS6mi.png
6,2,"[0.1005, 0.1000, 0.0997, 0.0999, 0.0998, 0.1002, 0.1009, 0.0999, 0.0992, 0.0999]",0.10091429948806763,2025-02-27-11-22-46/SITE463_ORNT340_VIS3mi.png
6,2,"[0.1005, 0.1000, 0.0996, 0.0999, 0.0998, 0.1001, 0.1010, 0.0999, 0.0992, 0.0999]",0.10095930099487305,2024-12-24-15-14-57/SITE45_ORNT180_VIS3mi.png
6,5,"[0.1006, 0.1000, 0.0997, 0.0999, 0.0998, 0.1002, 0.1009, 0.0999, 0.0992, 0.0999]",0.10092344135046005,2024-10-06-17-04-59/SITE593_ORNT10_VIS6mi.png
6,7,"[0.1005, 0.1000, 0.0996, 0.0999, 0.0998, 0.1002, 0.1009, 0.0999, 0.0992, 0.0999]",0.10094425082206726,2024-05-13-18-48-49/SITE7_ORNT135_VIS8mi.png
6,2,"[0.1005, 0.1000, 0.0996, 0.0999, 0.0998, 0.1002, 0.1009, 0.0999, 0.0992, 0.0999]",0.10092059522867203,2025-02-01-12-44-07/SITE460_ORNT165_VIS3mi.png
6,1,"[0.1005, 0.1000, 0.0997, 0.0999, 0.0999, 0.1002, 0.1009, 0.0998, 0.0992, 0.0999]",0.10090543329715729,2024-07-18-14-04-18/SITE397_ORNT345_VIS2-25mi.png
6,7,"[0.1005, 0.1000, 0.0996, 0.0999, 0.0998, 0.1002, 0.1009, 0.0999, 0.0992, 0.0999]",0.10093273967504501,2024-07-24-16-43-44/SITE366_ORNT40_VIS8mi.png
6,0,"[0.1006, 0.1000, 0.0996, 0.0999, 0.0998, 0.1001, 0.1010, 0.0999, 0.0992, 0.0999]",0.10096210986375809,2025-03-05-12-08-53/SITE66_ORNT162_VIS1-75mi.png
6,4,"[0.1006, 0.1000, 0.0996, 0.0999, 0.0998, 0.1002, 0.1009, 0.0999, 0.0992, 0.0999]",0.10094522684812546,2024-05-27-19-19-47/SITE735_ORNT0_VIS5mi.png
6,8,"[0.1005, 0.1000, 0.0996, 0.0999, 0.0998, 0.1002, 0.1009, 0.0999, 0.0992, 0.0999]",0.10093814134597778,2024-07-24-16-43-44/SITE203_ORNT220_VIS9mi.png
6,7,"[0.1005, 0.1000, 0.0997, 0.0999, 0.0998, 0.1002, 0.1009, 0.0999, 0.0992, 0.0999]",0.10091207921504974,2024-08-30-10-00-55/SITE457_ORNT225_VIS8mi.png
6,2,"[0.1005, 0.1000, 0.0996, 0.0999, 0.0998, 0.1002, 0.1009, 0.0999, 0.0992, 0.0999]",0.10093694925308228,2025-02-14-15-24-27/SITE100_ORNT210_VIS3mi.png
6,8,"[0.1005, 0.1000, 0.0997, 0.0999, 0.0999, 0.1002, 0.1009, 0.0998, 0.0992, 0.0999]",0.10090784728527069,2024-07-28-11-17-19/SITE375_ORNT330_VIS9mi.png
6,2,"[0.1005, 0.1000, 0.0996, 0.0999, 0.0998, 0.1002, 0.1009, 0.0999, 0.0992, 0.0999]",0.10093752294778824,2024-07-02-16-22-41/SITE340_ORNT330_VIS3mi.png
6,8,"[0.1005, 0.1000, 0.0996, 0.0999, 0.0998, 0.1002, 0.1009, 0.0999, 0.0992, 0.0999]",0.10093052685260773,2024-06-20-11-19-17/SITE508_ORNT225_VIS9mi.png
6,2,"[0.1005, 0.1000, 0.0996, 0.0999, 0.0998, 0.1002, 0.1009, 0.0999, 0.0992, 0.0999]",0.10093491524457932,2025-01-17-15-10-02/SITE844_ORNT15_VIS3mi.png
6,0,"[0.1006, 0.1000, 0.0997, 0.0999, 0.0998, 0.1002, 0.1009, 0.0999, 0.0992, 0.0999]",0.10092528164386749,2024-08-11-13-07-09/SITE447_ORNT295_VIS1mi.png
6,3,"[0.1005, 0.1000, 0.0996, 0.0999, 0.0998, 0.1002, 0.1009, 0.0999, 0.0992, 0.0999]",0.10094743967056274,2025-03-06-15-10-58/SITE207_ORNT75_VIS4mi.png
6,8,"[0.1005, 0.1000, 0.0996, 0.0999, 0.0998, 0.1001, 0.1010, 0.0999, 0.0992, 0.0999]",0.10095036774873734,2024-05-08-14-34-39/SITE310_ORNT284_VIS9mi.png
6,5,"[0.1006, 0.1000, 0.0996, 0.0999, 0.0998, 0.1002, 0.1009, 0.0999, 0.0992, 0.0999]",0.10094114392995834,2024-06-16-11-08-10/SITE19_ORNT260_VIS6mi.png
6,8,"[0.1005, 0.1000, 0.0996, 0.0999, 0.0999, 0.1002, 0.1009, 0.0998, 0.0993, 0.0999]",0.10092680156230927,2024-07-24-16-43-44/SITE464_ORNT90_VIS9mi.png
6,1,"[0.1005, 0.1000, 0.0997, 0.0999, 0.0998, 0.1002, 0.1009, 0.0999, 0.0992, 0.0999]",0.10092037171125412,2025-03-01-18-07-41/SITE212_ORNT80_VIS2mi.png
6,3,"[0.1006, 0.1000, 0.0996, 0.0999, 0.0998, 0.1002, 0.1010, 0.0999, 0.0992, 0.0999]",0.10095448046922684,2024-06-06-17-01-51/SITE620_ORNT30_VIS4mi.png
6,7,"[0.1006, 0.1000, 0.0996, 0.0999, 0.0998, 0.1001, 0.1010, 0.0999, 0.0992, 0.0999]",0.10096186399459839,2025-01-28-16-10-28/SITE186_ORNT217_VIS8mi.png
6,9,"[0.1005, 0.1000, 0.0996, 0.0999, 0.0998, 0.1001, 0.1010, 0.0999, 0.0992, 0.0999]",0.10095279663801193,2025-04-07-16-10-10/SITE539_ORNT40_VIS10+mi.png
6,3,"[0.1006, 0.1000, 0.0996, 0.0999, 0.0998, 0.1002, 0.1010, 0.0999, 0.0992, 0.0999]",0.10095218569040298,2025-04-11-14-52-32/SITE215_ORNT330_VIS4mi.png
6,9,"[0.1006, 0.1000, 0.0996, 0.0999, 0.0998, 0.1002, 0.1009, 0.0999, 0.0992, 0.0999]",0.10094009339809418,2025-02-27-11-22-46/SITE684_ORNT267_VIS10+mi.png
6,6,"[0.1005, 0.1000, 0.0996, 0.0999, 0.0998, 0.1002, 0.1009, 0.0999, 0.0992, 0.0999]",0.10094201564788818,2024-10-11-15-41-13/SITE13_ORNT10_VIS7mi.png
6,7,"[0.1005, 0.1000, 0.0996, 0.0999, 0.0998, 0.1002, 0.1009, 0.0999, 0.0992, 0.0999]",0.10094664245843887,2025-04-13-19-09-12/SITE203_ORNT155_VIS8mi.png
6,1,"[0.1005, 0.1000, 0.0997, 0.0999, 0.0998, 0.1002, 0.1009, 0.0999, 0.0992, 0.0999]",0.10092297941446304,2024-07-02-10-19-43/SITE747_ORNT255_VIS2-5mi.png
6,4,"[0.1005, 0.1000, 0.0996, 0.0999, 0.0998, 0.1001, 0.1010, 0.0999, 0.0992, 0.0999]",0.10095413029193878,2024-10-20-11-35-46/SITE82_ORNT235_VIS5mi.png
6,0,"[0.1005, 0.1000, 0.0996, 0.0999, 0.0998, 0.1002, 0.1009, 0.0999, 0.0992, 0.0999]",0.10094105452299118,2025-04-01-16-59-16/SITE97_ORNT200_VIS1-25mi.png
6,4,"[0.1006, 0.1000, 0.0996, 0.0999, 0.0998, 0.1002, 0.1009, 0.0999, 0.0992, 0.0999]",0.10094814002513885,2024-07-02-10-19-43/SITE22_ORNT285_VIS5mi.png
6,9,"[0.1006, 0.1000, 0.0997, 0.0999, 0.0998, 0.1002, 0.1009, 0.0999, 0.0992, 0.0999]",0.10090930759906769,2025-04-11-14-52-32/SITE579_ORNT210_VIS10+mi.png
6,6,"[0.1005, 0.1000, 0.0996, 0.0999, 0.0998, 0.1001, 0.1010, 0.0999, 0.0992, 0.0999]",0.10095154494047165,2024-06-15-10-59-58/SITE45_ORNT5_VIS7mi.png
6,3,"[0.1006, 0.1000, 0.0996, 0.0999, 0.0998, 0.1002, 0.1009, 0.0999, 0.0992, 0.0999]",0.1009456142783165,2024-08-15-16-44-48/SITE171_ORNT315_VIS4mi.png
6,1,"[0.1005, 0.1000, 0.0996, 0.0999, 0.0998, 0.1002, 0.1009, 0.0999, 0.0992, 0.0999]",0.10093516856431961,2025-01-23-15-05-27/SITE422_ORNT300_VIS2-5mi.png
6,8,"[0.1006, 0.1000, 0.0996, 0.0999, 0.0998, 0.1002, 0.1009, 0.0999, 0.0992, 0.0999]",0.10093699395656586,2025-01-26-13-23-03/SITE834_ORNT220_VIS9mi.png
6,5,"[0.1006, 0.1000, 0.0996, 0.0999, 0.0998, 0.1002, 0.1009, 0.0999, 0.0992, 0.0999]",0.10093625634908676,2024-08-02-20-27-22/SITE171_ORNT315_VIS6mi.png
6,2,"[0.1005, 0.1000, 0.0996, 0.0999, 0.0998, 0.1001, 0.1010, 0.0999, 0.0992, 0.0999]",0.10095375031232834,2024-06-13-13-46-47/SITE115_ORNT287_VIS3mi.png
6,7,"[0.1006, 0.1000, 0.0997, 0.0999, 0.0998, 0.1002, 0.1009, 0.0999, 0.0992, 0.0999]",0.10089769214391708,2025-03-26-14-35-40/SITE207_ORNT235_VIS8mi.png
6,2,"[0.1005, 0.1000, 0.0997, 0.0999, 0.0998, 0.1002, 0.1009, 0.0999, 0.0992, 0.0999]",0.10091303288936615,2025-02-17-14-46-26/SITE343_ORNT360_VIS3mi.png
6,6,"[0.1005, 0.1000, 0.0996, 0.0999, 0.0998, 0.1002, 0.1010, 0.0999, 0.0992, 0.0999]",0.10095074772834778,2024-08-12-20-17-35/SITE760_ORNT190_VIS7mi.png
6,2,"[0.1006, 0.1000, 0.0996, 0.0999, 0.0998, 0.1002, 0.1009, 0.0999, 0.0992, 0.0999]",0.10093382000923157,2024-05-09-16-15-37/SITE117_ORNT165_VIS3mi.png
6,4,"[0.1005, 0.1000, 0.0996, 0.0999, 0.0998, 0.1002, 0.1009, 0.0999, 0.0992, 0.0999]",0.10093429684638977,2025-01-17-15-10-02/SITE842_ORNT230_VIS5mi.png
6,8,"[0.1005, 0.1000, 0.0996, 0.0999, 0.0999, 0.1002, 0.1009, 0.0998, 0.0993, 0.0999]",0.10092797875404358,2024-06-29-15-18-41/SITE345_ORNT225_VIS9mi.png
6,7,"[0.1005, 0.1000, 0.0997, 0.0999, 0.0999, 0.1002, 0.1009, 0.0998, 0.0992, 0.0999]",0.1009095311164856,2025-02-01-17-30-02/SITE528_ORNT35_VIS8mi.png
6,6,"[0.1006, 0.1000, 0.0996, 0.0999, 0.0998, 0.1002, 0.1010, 0.0999, 0.0992, 0.0999]",0.10095452517271042,2024-07-25-18-03-52/SITE245_ORNT132_VIS7mi.png
6,2,"[0.1005, 0.1000, 0.0996, 0.0999, 0.0998, 0.1002, 0.1009, 0.0999, 0.0992, 0.0999]",0.10093065351247787,2025-04-14-19-44-02/SITE205_ORNT100_VIS3mi.png
6,8,"[0.1005, 0.1000, 0.0996, 0.0999, 0.0998, 0.1002, 0.1009, 0.0999, 0.0992, 0.0999]",0.10094708949327469,2024-07-30-14-06-06/SITE203_ORNT70_VIS9mi.png
6,8,"[0.1005, 0.1000, 0.0997, 0.0999, 0.0999, 0.1002, 0.1009, 0.0999, 0.0992, 0.0999]",0.1009116843342781,2024-10-08-11-05-48/SITE506_ORNT270_VIS9mi.png
6,0,"[0.1005, 0.1000, 0.0996, 0.0999, 0.0998, 0.1001, 0.1010, 0.0999, 0.0992, 0.0999]",0.1009528860449791,2024-12-23-15-38-40/SITE119_ORNT13_VIS1-5mi.png
6,0,"[0.1005, 0.1000, 0.0996, 0.0999, 0.0998, 0.1002, 0.1009, 0.0999, 0.0992, 0.0999]",0.10093341767787933,2025-03-17-19-09-03/SITE186_ORNT12_VIS1-75mi.png
6,3,"[0.1005, 0.1000, 0.0996, 0.0999, 0.0998, 0.1002, 0.1009, 0.0999, 0.0992, 0.0999]",0.1009497418999672,2024-07-14-13-28-24/SITE58_ORNT90_VIS4mi.png
6,5,"[0.1005, 0.1000, 0.0996, 0.0999, 0.0998, 0.1001, 0.1010, 0.0999, 0.0992, 0.0999]",0.10095451772212982,2024-08-18-19-28-16/SITE203_ORNT335_VIS6mi.png
6,0,"[0.1005, 0.1000, 0.0996, 0.0999, 0.0998, 0.1001, 0.1010, 0.0999, 0.0992, 0.0999]",0.10095073282718658,2025-04-07-16-10-10/SITE437_ORNT195_VIS1-25mi.png
6,4,"[0.1006, 0.1000, 0.0996, 0.0999, 0.0998, 0.1002, 0.1009, 0.0999, 0.0992, 0.0999]",0.10094574093818665,2024-06-06-10-38-22/SITE117_ORNT320_VIS5mi.png
6,1,"[0.1005, 0.1000, 0.0996, 0.0999, 0.0999, 0.1002, 0.1009, 0.0999, 0.0992, 0.0999]",0.10092157870531082,2025-01-15-15-33-17/SITE483_ORNT95_VIS2mi.png
6,3,"[0.1006, 0.1000, 0.0996, 0.0999, 0.0998, 0.1002, 0.1010, 0.0999, 0.0992, 0.0999]",0.10095155984163284,2024-04-25-17-48-06/SITE36_ORNT350_VIS4mi.png
6,7,"[0.1005, 0.1000, 0.0996, 0.0999, 0.0998, 0.1002, 0.1009, 0.0999, 0.0992, 0.0999]",0.1009320467710495,2024-10-10-15-17-15/SITE17_ORNT340_VIS8mi.png
6,0,"[0.1005, 0.1000, 0.0996, 0.0999, 0.0999, 0.1002, 0.1009, 0.0999, 0.0992, 0.0999]",0.10092216730117798,2024-08-19-10-27-18/SITE521_ORNT240_VIS1mi.png
6,0,"[0.1005, 0.1000, 0.0996, 0.0999, 0.0998, 0.1002, 0.1009, 0.0999, 0.0992, 0.0999]",0.10092475265264511,2025-02-02-12-13-03/SITE821_ORNT225_VIS1-5mi.png
6,3,"[0.1006, 0.1000, 0.0996, 0.0999, 0.0998, 0.1002, 0.1010, 0.0999, 0.0992, 0.0999]",0.1009528860449791,2025-02-04-15-47-48/SITE658_ORNT305_VIS4mi.png
6,2,"[0.1005, 0.1000, 0.0996, 0.0999, 0.0998, 0.1002, 0.1009, 0.0999, 0.0992, 0.0999]",0.10092487186193466,2024-12-24-15-14-57/SITE438_ORNT290_VIS3mi.png
6,3,"[0.1006, 0.1000, 0.0996, 0.0999, 0.0998, 0.1002, 0.1010, 0.0999, 0.0992, 0.0999]",0.10095599293708801,2024-07-23-10-10-08/SITE53_ORNT170_VIS4mi.png
6,3,"[0.1005, 0.1000, 0.0996, 0.0999, 0.0998, 0.1001, 0.1010, 0.0999, 0.0992, 0.0999]",0.10095072537660599,2024-12-24-15-14-57/SITE193_ORNT295_VIS4mi.png
6,5,"[0.1006, 0.1000, 0.0996, 0.0999, 0.0998, 0.1002, 0.1009, 0.0999, 0.0992, 0.0999]",0.10094749182462692,2024-07-24-16-43-44/SITE45_ORNT5_VIS6mi.png
6,8,"[0.1005, 0.1000, 0.0996, 0.0999, 0.0998, 0.1002, 0.1009, 0.0999, 0.0992, 0.0999]",0.10092385858297348,2025-02-02-12-13-03/SITE276_ORNT45_VIS9mi.png
6,5,"[0.1006, 0.1000, 0.0996, 0.0999, 0.0998, 0.1002, 0.1009, 0.0999, 0.0992, 0.0999]",0.10094848275184631,2024-10-10-15-17-15/SITE160_ORNT237_VIS6mi.png
6,9,"[0.1005, 0.1000, 0.0996, 0.0999, 0.0998, 0.1002, 0.1009, 0.0999, 0.0992, 0.0999]",0.10093273222446442,2025-01-26-13-23-03/SITE725_ORNT180_VIS10+mi.png
6,7,"[0.1005, 0.1000, 0.0997, 0.0999, 0.0999, 0.1002, 0.1009, 0.0998, 0.0992, 0.0999]",0.10090958327054977,2024-10-15-10-59-57/SITE397_ORNT30_VIS8mi.png
6,0,"[0.1006, 0.1000, 0.0997, 0.0999, 0.0998, 0.1002, 0.1009, 0.0999, 0.0992, 0.0999]",0.10092861950397491,2024-05-03-12-14-06/SITE41_ORNT170_VIS1-25mi.png
6,6,"[0.1006, 0.1000, 0.0997, 0.0999, 0.0998, 0.1002, 0.1009, 0.0999, 0.0992, 0.0999]",0.10093255341053009,2024-07-02-16-22-41/SITE179_ORNT36_VIS7mi.png
6,0,"[0.1006, 0.1000, 0.0997, 0.0999, 0.0998, 0.1002, 0.1009, 0.0999, 0.0992, 0.0999]",0.10092279314994812,2025-02-14-15-24-27/SITE230_ORNT214_VIS1-75mi.png
6,1,"[0.1005, 0.1000, 0.0996, 0.0999, 0.0998, 0.1002, 0.1009, 0.0999, 0.0992, 0.0999]",0.10093909502029419,2024-05-09-16-15-37/SITE58_ORNT245_VIS2-5mi.png
6,6,"[0.1005, 0.1000, 0.0996, 0.0999, 0.0998, 0.1002, 0.1009, 0.0999, 0.0992, 0.0999]",0.10093024373054504,2025-02-14-15-24-27/SITE593_ORNT255_VIS7mi.png
6,9,"[0.1006, 0.1000, 0.0996, 0.0999, 0.0998, 0.1002, 0.1009, 0.0999, 0.0992, 0.0999]",0.10093820840120316,2025-02-05-13-59-56/SITE95_ORNT317_VIS10+mi.png
6,6,"[0.1005, 0.1000, 0.0996, 0.0999, 0.0998, 0.1002, 0.1009, 0.0999, 0.0992, 0.0999]",0.10094156116247177,2024-07-23-16-31-18/SITE739_ORNT135_VIS7mi.png
6,3,"[0.1006, 0.1000, 0.0996, 0.0999, 0.0998, 0.1002, 0.1009, 0.0999, 0.0992, 0.0999]",0.10094278305768967,2024-08-01-13-32-05/SITE595_ORNT270_VIS4mi.png
6,5,"[0.1006, 0.1000, 0.0996, 0.0999, 0.0998, 0.1001, 0.1010, 0.0999, 0.0992, 0.0999]",0.10096345841884613,2024-07-04-13-27-11/SITE446_ORNT101_VIS6mi.png
6,4,"[0.1005, 0.1000, 0.0996, 0.0999, 0.0998, 0.1002, 0.1009, 0.0999, 0.0992, 0.0999]",0.10094421356916428,2024-07-24-16-43-44/SITE575_ORNT85_VIS5mi.png
6,9,"[0.1006, 0.1000, 0.0996, 0.0999, 0.0998, 0.1002, 0.1009, 0.0999, 0.0992, 0.0999]",0.10094704478979111,2024-10-20-11-35-46/SITE542_ORNT305_VIS10+mi.png
6,1,"[0.1005, 0.1000, 0.0996, 0.0999, 0.0998, 0.1002, 0.1009, 0.0999, 0.0992, 0.0999]",0.10093504935503006,2025-01-17-15-10-02/SITE852_ORNT135_VIS2mi.png
6,1,"[0.1006, 0.1000, 0.0997, 0.0999, 0.0998, 0.1002, 0.1009, 0.0999, 0.0992, 0.0999]",0.10093220323324203,2024-07-14-10-21-23/SITE421_ORNT110_VIS2-5mi.png
6,5,"[0.1005, 0.1000, 0.0997, 0.0999, 0.0998, 0.1002, 0.1009, 0.0999, 0.0992, 0.0999]",0.10092112421989441,2025-02-04-15-47-48/SITE725_ORNT295_VIS6mi.png
6,1,"[0.1005, 0.1000, 0.0996, 0.0999, 0.0998, 0.1002, 0.1009, 0.0999, 0.0992, 0.0999]",0.10092996805906296,2025-03-15-15-41-34/SITE471_ORNT0_VIS2-5mi.png
6,0,"[0.1005, 0.1000, 0.0996, 0.0999, 0.0999, 0.1001, 0.1009, 0.0999, 0.0992, 0.0999]",0.10093976557254791,2025-02-01-17-30-02/SITE309_ORNT30_VIS1mi.png
6,0,"[0.1005, 0.1000, 0.0997, 0.0999, 0.0998, 0.1002, 0.1009, 0.0999, 0.0992, 0.0999]",0.10091377794742584,2025-04-02-15-05-32/SITE15_ORNT350_VIS1-25mi.png
6,6,"[0.1005, 0.1000, 0.0996, 0.0999, 0.0998, 0.1001, 0.1010, 0.0999, 0.0992, 0.0999]",0.10096137970685959,2024-09-08-16-00-24/SITE96_ORNT135_VIS7mi.png
6,4,"[0.1006, 0.1000, 0.0996, 0.0999, 0.0998, 0.1002, 0.1010, 0.0999, 0.0992, 0.0999]",0.10095014423131943,2024-06-20-11-19-17/SITE253_ORNT325_VIS5mi.png
6,7,"[0.1005, 0.1000, 0.0996, 0.0999, 0.0998, 0.1002, 0.1009, 0.0999, 0.0992, 0.0999]",0.1009349450469017,2025-04-10-17-56-44/SITE215_ORNT130_VIS8mi.png
6,8,"[0.1005, 0.1000, 0.0996, 0.0999, 0.0998, 0.1002, 0.1009, 0.0999, 0.0992, 0.0999]",0.10093162953853607,2024-06-18-18-07-05/SITE508_ORNT135_VIS9mi.png
6,0,"[0.1005, 0.1000, 0.0996, 0.0999, 0.0998, 0.1002, 0.1009, 0.0999, 0.0992, 0.0999]",0.1009199395775795,2025-02-05-13-59-56/SITE376_ORNT70_VIS1mi.png
6,1,"[0.1006, 0.1000, 0.0997, 0.0999, 0.0998, 0.1002, 0.1009, 0.0999, 0.0992, 0.0999]",0.10092825442552567,2024-08-15-16-44-48/SITE435_ORNT15_VIS2mi.png
6,4,"[0.1006, 0.1000, 0.0996, 0.0999, 0.0998, 0.1001, 0.1010, 0.0999, 0.0992, 0.0999]",0.10097426176071167,2024-05-07-15-42-07/SITE577_ORNT10_VIS5mi.png
6,2,"[0.1006, 0.1000, 0.0996, 0.0999, 0.0998, 0.1002, 0.1010, 0.0999, 0.0992, 0.0999]",0.10095256567001343,2024-06-06-10-38-22/SITE65_ORNT234_VIS3mi.png
6,0,"[0.1005, 0.1000, 0.0996, 0.0999, 0.0998, 0.1002, 0.1009, 0.0999, 0.0992, 0.0999]",0.10093501955270767,2025-03-29-15-28-57/SITE217_ORNT100_VIS1mi.png
6,8,"[0.1005, 0.1000, 0.0996, 0.0999, 0.0998, 0.1002, 0.1009, 0.0999, 0.0992, 0.0999]",0.10092059522867203,2024-07-02-10-19-43/SITE353_ORNT245_VIS9mi.png
6,5,"[0.1006, 0.1000, 0.0997, 0.0999, 0.0998, 0.1002, 0.1009, 0.0999, 0.0992, 0.0999]",0.10092845559120178,2024-07-25-18-03-52/SITE557_ORNT191_VIS6mi.png
6,1,"[0.1006, 0.1000, 0.0996, 0.0999, 0.0998, 0.1002, 0.1009, 0.0999, 0.0992, 0.0999]",0.10094619542360306,2024-07-28-13-48-26/SITE244_ORNT50_VIS2mi.png
6,7,"[0.1005, 0.1000, 0.0996, 0.0999, 0.0998, 0.1001, 0.1010, 0.0999, 0.0992, 0.0999]",0.10095540434122086,2025-03-15-15-41-34/SITE540_ORNT178_VIS8mi.png
6,0,"[0.1005, 0.1000, 0.0996, 0.0999, 0.0998, 0.1002, 0.1009, 0.0999, 0.0992, 0.0999]",0.10093789547681808,2025-02-17-14-46-26/SITE241_ORNT214_VIS1-5mi.png
6,5,"[0.1005, 0.1000, 0.0996, 0.0999, 0.0998, 0.1002, 0.1009, 0.0999, 0.0992, 0.0999]",0.10092552751302719,2025-02-14-15-24-27/SITE821_ORNT135_VIS6mi.png
6,3,"[0.1006, 0.1000, 0.0996, 0.0999, 0.0998, 0.1002, 0.1009, 0.0999, 0.0992, 0.0999]",0.10094664245843887,2025-02-10-14-47-56/SITE75_ORNT270_VIS4mi.png
6,2,"[0.1005, 0.1000, 0.0997, 0.0999, 0.0998, 0.1002, 0.1009, 0.0999, 0.0992, 0.0999]",0.10092021524906158,2025-01-28-16-10-28/SITE98_ORNT245_VIS3mi.png
6,4,"[0.1005, 0.1000, 0.0996, 0.0999, 0.0998, 0.1002, 0.1009, 0.0999, 0.0992, 0.0999]",0.10093953460454941,2024-08-12-20-17-35/SITE612_ORNT30_VIS5mi.png
6,4,"[0.1006, 0.1000, 0.0996, 0.0999, 0.0998, 0.1002, 0.1009, 0.0999, 0.0992, 0.0999]",0.10094799846410751,2024-07-04-13-27-11/SITE422_ORNT85_VIS5mi.png
6,2,"[0.1006, 0.1000, 0.0996, 0.0999, 0.0998, 0.1001, 0.1010, 0.0999, 0.0992, 0.0999]",0.10095875710248947,2025-02-16-12-49-10/SITE66_ORNT162_VIS3mi.png
6,7,"[0.1005, 0.1000, 0.0996, 0.0999, 0.0998, 0.1001, 0.1009, 0.0999, 0.0992, 0.0999]",0.10094835609197617,2024-09-20-16-20-08/SITE203_ORNT335_VIS8mi.png
6,8,"[0.1005, 0.1000, 0.0996, 0.0999, 0.0998, 0.1002, 0.1009, 0.0999, 0.0992, 0.0999]",0.10094255208969116,2024-10-15-10-59-57/SITE547_ORNT350_VIS9mi.png
6,9,"[0.1005, 0.1000, 0.0996, 0.0999, 0.0998, 0.1002, 0.1009, 0.0999, 0.0992, 0.0999]",0.10093823820352554,2024-12-29-16-00-12/SITE582_ORNT270_VIS10+mi.png
6,1,"[0.1005, 0.1000, 0.0996, 0.0999, 0.0998, 0.1002, 0.1009, 0.0999, 0.0992, 0.0999]",0.10093902796506882,2024-05-23-15-19-49/SITE203_ORNT220_VIS2mi.png
6,6,"[0.1006, 0.1000, 0.0996, 0.0999, 0.0998, 0.1002, 0.1010, 0.0999, 0.0992, 0.0999]",0.1009521484375,2025-01-31-13-49-43/SITE760_ORNT310_VIS7mi.png
6,3,"[0.1006, 0.1000, 0.0996, 0.0999, 0.0998, 0.1002, 0.1010, 0.0999, 0.0992, 0.0999]",0.10095088928937912,2024-12-29-16-00-12/SITE834_ORNT100_VIS4mi.png
6,6,"[0.1005, 0.1000, 0.0996, 0.0999, 0.0998, 0.1002, 0.1009, 0.0999, 0.0992, 0.0999]",0.10093400627374649,2024-07-28-13-48-26/SITE25_ORNT150_VIS7mi.png
6,5,"[0.1005, 0.1000, 0.0996, 0.0999, 0.0999, 0.1001, 0.1009, 0.0999, 0.0993, 0.0999]",0.10094338655471802,2024-12-16-12-39-30/SITE309_ORNT325_VIS6mi.png
6,4,"[0.1005, 0.1000, 0.0996, 0.0999, 0.0998, 0.1002, 0.1009, 0.0999, 0.0992, 0.0999]",0.10094331949949265,2024-08-11-09-28-59/SITE569_ORNT276_VIS5mi.png
6,7,"[0.1005, 0.1000, 0.0996, 0.0999, 0.0999, 0.1002, 0.1009, 0.0999, 0.0992, 0.0999]",0.10092803090810776,2024-08-24-13-47-04/SITE340_ORNT230_VIS8mi.png
6,4,"[0.1005, 0.1000, 0.0996, 0.0999, 0.0998, 0.1002, 0.1009, 0.0999, 0.0992, 0.0999]",0.10093583911657333,2024-08-31-14-30-34/SITE251_ORNT140_VIS5mi.png
6,3,"[0.1005, 0.1000, 0.0996, 0.0999, 0.0998, 0.1002, 0.1009, 0.0999, 0.0992, 0.0999]",0.10093644261360168,2024-08-18-13-20-24/SITE241_ORNT311_VIS4mi.png
6,0,"[0.1005, 0.1000, 0.0997, 0.1000, 0.0998, 0.1002, 0.1009, 0.0999, 0.0992, 0.0999]",0.10089012235403061,2025-01-29-12-01-12/SITE389_ORNT120_VIS1mi.png
6,6,"[0.1005, 0.1000, 0.0996, 0.0999, 0.0998, 0.1001, 0.1010, 0.0999, 0.0992, 0.0999]",0.10095386207103729,2024-09-20-16-20-08/SITE58_ORNT245_VIS7mi.png
6,3,"[0.1006, 0.1000, 0.0997, 0.0999, 0.0998, 0.1002, 0.1009, 0.0999, 0.0992, 0.0999]",0.10092122852802277,2024-07-26-10-22-16/SITE258_ORNT125_VIS4mi.png
6,0,"[0.1006, 0.1000, 0.0996, 0.0999, 0.0998, 0.1001, 0.1010, 0.0999, 0.0992, 0.0999]",0.10095926374197006,2024-05-28-11-05-32/SITE620_ORNT150_VIS1-25mi.png
6,5,"[0.1006, 0.1000, 0.0996, 0.0999, 0.0998, 0.1001, 0.1010, 0.0999, 0.0992, 0.0999]",0.10095486789941788,2024-08-18-13-20-24/SITE45_ORNT5_VIS6mi.png
6,3,"[0.1005, 0.1000, 0.0996, 0.0999, 0.0998, 0.1002, 0.1009, 0.0999, 0.0992, 0.0999]",0.10093987733125687,2024-06-22-15-38-49/SITE117_ORNT165_VIS4mi.png
6,9,"[0.1005, 0.1000, 0.0996, 0.0999, 0.0998, 0.1002, 0.1009, 0.0999, 0.0992, 0.0999]",0.1009218767285347,2025-02-10-14-47-56/SITE426_ORNT130_VIS30mi.png
6,3,"[0.1006, 0.1000, 0.0996, 0.0999, 0.0998, 0.1002, 0.1009, 0.0999, 0.0992, 0.0999]",0.10093235969543457,2024-09-19-16-37-08/SITE161_ORNT316_VIS4mi.png
6,4,"[0.1006, 0.1000, 0.0996, 0.0999, 0.0998, 0.1002, 0.1009, 0.0999, 0.0992, 0.0999]",0.10094761848449707,2024-08-26-16-02-03/SITE417_ORNT220_VIS5mi.png
6,3,"[0.1005, 0.1000, 0.0997, 0.0999, 0.0998, 0.1002, 0.1009, 0.0999, 0.0992, 0.0999]",0.10091204196214676,2025-04-07-16-10-10/SITE276_ORNT225_VIS4mi.png
6,2,"[0.1005, 0.1000, 0.0996, 0.0999, 0.0998, 0.1002, 0.1009, 0.0999, 0.0992, 0.0999]",0.10093893110752106,2025-03-31-13-29-12/SITE446_ORNT230_VIS3mi.png
6,4,"[0.1006, 0.1000, 0.0996, 0.0999, 0.0998, 0.1002, 0.1009, 0.0999, 0.0992, 0.0999]",0.10094011574983597,2024-07-02-16-22-41/SITE417_ORNT315_VIS5mi.png
6,7,"[0.1006, 0.1000, 0.0996, 0.0999, 0.0998, 0.1002, 0.1009, 0.0999, 0.0992, 0.0999]",0.10093450546264648,2025-04-11-14-52-32/SITE821_ORNT50_VIS8mi.png
6,6,"[0.1005, 0.1000, 0.0996, 0.0999, 0.0998, 0.1002, 0.1009, 0.0999, 0.0992, 0.0999]",0.10094238072633743,2024-06-03-13-44-33/SITE58_ORNT175_VIS7mi.png
6,2,"[0.1006, 0.1000, 0.0996, 0.0999, 0.0998, 0.1002, 0.1009, 0.0999, 0.0992, 0.0999]",0.10094673186540604,2024-09-29-15-43-38/SITE272_ORNT325_VIS3mi.png
6,9,"[0.1006, 0.1000, 0.0997, 0.0999, 0.0998, 0.1002, 0.1009, 0.0999, 0.0992, 0.0999]",0.10092663019895554,2024-12-10-14-08-09/SITE786_ORNT255_VIS10+mi.png
6,0,"[0.1005, 0.1000, 0.0996, 0.0999, 0.0998, 0.1002, 0.1009, 0.0999, 0.0992, 0.0999]",0.10094287991523743,2025-02-02-12-13-03/SITE446_ORNT165_VIS1-75mi.png
6,0,"[0.1006, 0.1000, 0.0996, 0.0999, 0.0998, 0.1002, 0.1009, 0.0999, 0.0992, 0.0999]",0.10093164443969727,2025-03-31-13-29-12/SITE205_ORNT305_VIS1-75mi.png
6,2,"[0.1006, 0.1000, 0.0996, 0.0999, 0.0998, 0.1001, 0.1010, 0.0999, 0.0992, 0.0999]",0.10096513479948044,2024-08-31-14-30-34/SITE25_ORNT30_VIS3mi.png
6,4,"[0.1006, 0.1000, 0.0996, 0.0999, 0.0998, 0.1002, 0.1010, 0.0999, 0.0992, 0.0999]",0.1009536013007164,2024-09-08-13-07-06/SITE178_ORNT110_VIS5mi.png
6,0,"[0.1006, 0.1000, 0.0997, 0.0999, 0.0998, 0.1002, 0.1009, 0.0999, 0.0992, 0.0999]",0.10092072188854218,2025-04-07-16-10-10/SITE75_ORNT270_VIS1mi.png
6,5,"[0.1006, 0.1000, 0.0996, 0.0999, 0.0998, 0.1001, 0.1010, 0.0999, 0.0992, 0.0999]",0.10095515847206116,2024-08-19-10-27-18/SITE572_ORNT325_VIS6mi.png
6,1,"[0.1006, 0.1000, 0.0997, 0.0999, 0.0998, 0.1002, 0.1009, 0.0999, 0.0992, 0.0999]",0.10092585533857346,2024-07-22-11-13-59/SITE179_ORNT185_VIS2mi.png
6,1,"[0.1005, 0.1000, 0.0997, 0.0999, 0.0999, 0.1002, 0.1009, 0.0998, 0.0992, 0.0999]",0.1009068563580513,2025-02-15-16-53-20/SITE365_ORNT100_VIS2mi.png
6,8,"[0.1005, 0.1000, 0.0996, 0.0999, 0.0998, 0.1001, 0.1010, 0.0999, 0.0992, 0.0999]",0.10098567605018616,2024-05-28-11-05-32/SITE361_ORNT170_VIS9mi.png
6,3,"[0.1006, 0.1000, 0.0997, 0.0999, 0.0998, 0.1002, 0.1009, 0.0999, 0.0992, 0.0999]",0.1009197011590004,2024-12-21-15-04-41/SITE10_ORNT175_VIS4mi.png
6,2,"[0.1005, 0.1000, 0.0996, 0.0999, 0.0998, 0.1002, 0.1009, 0.0999, 0.0992, 0.0999]",0.1009388417005539,2025-03-23-13-51-54/SITE117_ORNT165_VIS3mi.png
6,3,"[0.1005, 0.1000, 0.0996, 0.0999, 0.0998, 0.1002, 0.1009, 0.0999, 0.0992, 0.0999]",0.10093289613723755,2024-08-02-13-37-25/SITE239_ORNT30_VIS4mi.png
6,8,"[0.1005, 0.1000, 0.0997, 0.0999, 0.0998, 0.1002, 0.1009, 0.0999, 0.0992, 0.0999]",0.10091397911310196,2024-08-29-14-11-27/SITE343_ORNT360_VIS9mi.png
6,1,"[0.1005, 0.1000, 0.0996, 0.0999, 0.0998, 0.1002, 0.1009, 0.0999, 0.0992, 0.0999]",0.10093016177415848,2024-09-27-16-12-40/SITE42_ORNT205_VIS2-5mi.png
6,8,"[0.1005, 0.1000, 0.0996, 0.0999, 0.0999, 0.1002, 0.1009, 0.0999, 0.0992, 0.0999]",0.10092262923717499,2024-06-14-14-13-33/SITE508_ORNT225_VIS9mi.png
6,9,"[0.1005, 0.1000, 0.0996, 0.0999, 0.0998, 0.1001, 0.1010, 0.0999, 0.0992, 0.0999]",0.10096175968647003,2024-12-23-15-38-40/SITE617_ORNT40_VIS10+mi.png
6,4,"[0.1006, 0.1000, 0.0996, 0.0999, 0.0998, 0.1002, 0.1009, 0.0999, 0.0992, 0.0999]",0.10093145817518234,2024-08-01-10-54-34/SITE5_ORNT320_VIS5mi.png
6,8,"[0.1005, 0.1000, 0.0996, 0.0999, 0.0999, 0.1002, 0.1009, 0.0999, 0.0993, 0.0999]",0.10092449188232422,2024-06-16-19-09-40/SITE424_ORNT180_VIS9mi.png
6,7,"[0.1005, 0.1000, 0.0996, 0.0999, 0.0998, 0.1002, 0.1009, 0.0999, 0.0992, 0.0999]",0.10094801336526871,2024-05-27-19-19-47/SITE168_ORNT285_VIS8mi.png
6,1,"[0.1005, 0.1000, 0.0996, 0.0999, 0.0998, 0.1002, 0.1009, 0.0999, 0.0992, 0.0999]",0.10093789547681808,2024-10-11-15-41-13/SITE256_ORNT290_VIS2-5mi.png
6,5,"[0.1005, 0.1000, 0.0996, 0.0999, 0.0998, 0.1002, 0.1009, 0.0999, 0.0992, 0.0999]",0.10094507783651352,2025-03-02-13-12-40/SITE207_ORNT235_VIS6mi.png
6,0,"[0.1005, 0.1000, 0.0996, 0.0999, 0.0998, 0.1002, 0.1009, 0.0999, 0.0992, 0.0999]",0.10093487799167633,2024-12-09-12-13-38/SITE36_ORNT80_VIS1-25mi.png
6,1,"[0.1005, 0.1000, 0.0996, 0.0999, 0.0998, 0.1002, 0.1009, 0.0999, 0.0992, 0.0999]",0.10093281418085098,2025-01-31-13-49-43/SITE18_ORNT290_VIS2-5mi.png
6,1,"[0.1005, 0.1000, 0.0996, 0.0999, 0.0998, 0.1002, 0.1009, 0.0999, 0.0992, 0.0999]",0.10094720870256424,2025-03-23-13-51-54/SITE229_ORNT18_VIS2-5mi.png
6,9,"[0.1005, 0.1000, 0.0996, 0.0999, 0.0998, 0.1002, 0.1009, 0.0999, 0.0992, 0.0999]",0.10093488544225693,2025-04-10-17-56-44/SITE606_ORNT180_VIS10+mi.png
6,6,"[0.1006, 0.1000, 0.0996, 0.0999, 0.0998, 0.1001, 0.1010, 0.0999, 0.0992, 0.0999]",0.10096466541290283,2025-04-01-16-59-16/SITE897_ORNT300_VIS7mi.png
6,7,"[0.1006, 0.1000, 0.0996, 0.0999, 0.0998, 0.1002, 0.1010, 0.0999, 0.0992, 0.0999]",0.10095372051000595,2025-03-20-11-55-50/SITE8_ORNT123_VIS8mi.png
6,2,"[0.1005, 0.1000, 0.0996, 0.0999, 0.0998, 0.1002, 0.1009, 0.0999, 0.0992, 0.0999]",0.10093255341053009,2025-02-11-14-30-47/SITE41_ORNT170_VIS3mi.png
6,7,"[0.1006, 0.1000, 0.0996, 0.0999, 0.0998, 0.1002, 0.1010, 0.0999, 0.0992, 0.0999]",0.10095461457967758,2024-05-14-16-18-20/SITE629_ORNT210_VIS8mi.png
6,1,"[0.1005, 0.1000, 0.0996, 0.0999, 0.0998, 0.1002, 0.1009, 0.0999, 0.0992, 0.0999]",0.10093242675065994,2025-03-31-15-41-11/SITE194_ORNT194_VIS2-5mi.png
6,7,"[0.1005, 0.1000, 0.0996, 0.0999, 0.0998, 0.1001, 0.1009, 0.0999, 0.0992, 0.0999]",0.10094864666461945,2024-05-21-12-02-34/SITE545_ORNT95_VIS8mi.png
6,8,"[0.1005, 0.1000, 0.0996, 0.0999, 0.0999, 0.1002, 0.1009, 0.0999, 0.0993, 0.0999]",0.10093104839324951,2024-10-19-10-55-55/SITE464_ORNT90_VIS9mi.png
6,1,"[0.1006, 0.1000, 0.0996, 0.0999, 0.0998, 0.1002, 0.1009, 0.0999, 0.0992, 0.0999]",0.10094913095235825,2024-05-30-17-47-26/SITE94_ORNT180_VIS2-5mi.png
6,5,"[0.1006, 0.1000, 0.0997, 0.0999, 0.0998, 0.1002, 0.1009, 0.0999, 0.0992, 0.0999]",0.10092832893133163,2024-07-22-20-17-56/SITE22_ORNT0_VIS6mi.png
6,4,"[0.1006, 0.1000, 0.0996, 0.0999, 0.0998, 0.1002, 0.1010, 0.0999, 0.0992, 0.0999]",0.10095232725143433,2024-05-21-12-02-34/SITE439_ORNT350_VIS5mi.png
6,7,"[0.1005, 0.1000, 0.0997, 0.0999, 0.0998, 0.1002, 0.1009, 0.0999, 0.0992, 0.0999]",0.10091521590948105,2025-03-04-14-20-15/SITE15_ORNT90_VIS8mi.png
6,5,"[0.1005, 0.1000, 0.0997, 0.0999, 0.0998, 0.1002, 0.1009, 0.0999, 0.0992, 0.0999]",0.10092432796955109,2024-07-29-16-41-43/SITE623_ORNT180_VIS6mi.png
6,2,"[0.1005, 0.1000, 0.0996, 0.0999, 0.0998, 0.1002, 0.1010, 0.0999, 0.0992, 0.0999]",0.1009509265422821,2024-06-01-11-15-19/SITE161_ORNT141_VIS3mi.png
6,3,"[0.1006, 0.1000, 0.0996, 0.0999, 0.0998, 0.1002, 0.1009, 0.0999, 0.0992, 0.0999]",0.10094431042671204,2024-09-08-16-00-24/SITE19_ORNT325_VIS4mi.png
6,1,"[0.1006, 0.1000, 0.0997, 0.0999, 0.0998, 0.1002, 0.1009, 0.0999, 0.0992, 0.0999]",0.10092084109783173,2024-04-30-13-21-52/SITE10_ORNT90_VIS2-5mi.png
6,7,"[0.1006, 0.1000, 0.0996, 0.0999, 0.0998, 0.1001, 0.1010, 0.0999, 0.0992, 0.0999]",0.1009557694196701,2025-02-02-12-13-03/SITE272_ORNT130_VIS8mi.png
6,7,"[0.1006, 0.1000, 0.0996, 0.0999, 0.0998, 0.1001, 0.1010, 0.0999, 0.0992, 0.0999]",0.10096128284931183,2024-07-24-16-43-44/SITE241_ORNT120_VIS8mi.png
6,2,"[0.1006, 0.1000, 0.0996, 0.0999, 0.0998, 0.1001, 0.1010, 0.0999, 0.0992, 0.0999]",0.1009555533528328,2024-09-07-13-37-18/SITE262_ORNT290_VIS3mi.png
6,1,"[0.1005, 0.1000, 0.0996, 0.0999, 0.0998, 0.1002, 0.1009, 0.0999, 0.0992, 0.0999]",0.10094299912452698,2025-01-31-13-49-43/SITE30_ORNT345_VIS2mi.png
6,5,"[0.1006, 0.1000, 0.0997, 0.0999, 0.0998, 0.1002, 0.1009, 0.0999, 0.0992, 0.0999]",0.1009206622838974,2024-07-07-15-01-32/SITE22_ORNT190_VIS6mi.png
6,1,"[0.1005, 0.1000, 0.0996, 0.0999, 0.0999, 0.1002, 0.1009, 0.0999, 0.0992, 0.0999]",0.10091597586870193,2025-04-16-13-54-24/SITE508_ORNT225_VIS2mi.png
6,0,"[0.1005, 0.1000, 0.0996, 0.0999, 0.0998, 0.1002, 0.1009, 0.0999, 0.0992, 0.0999]",0.10093194246292114,2025-03-31-15-41-11/SITE94_ORNT10_VIS1mi.png
6,6,"[0.1005, 0.1000, 0.0996, 0.0999, 0.0998, 0.1002, 0.1009, 0.0999, 0.0992, 0.0999]",0.10094784945249557,2024-07-22-20-17-56/SITE437_ORNT340_VIS7mi.png
6,7,"[0.1006, 0.1000, 0.0997, 0.0999, 0.0998, 0.1002, 0.1009, 0.0999, 0.0992, 0.0999]",0.10092109441757202,2024-08-26-16-02-03/SITE43_ORNT270_VIS8mi.png
6,7,"[0.1005, 0.1000, 0.0996, 0.0999, 0.0998, 0.1002, 0.1009, 0.0999, 0.0992, 0.0999]",0.10094037652015686,2024-08-01-13-32-05/SITE48_ORNT115_VIS8mi.png
6,0,"[0.1005, 0.1000, 0.0997, 0.0999, 0.0998, 0.1002, 0.1009, 0.0999, 0.0992, 0.0999]",0.10091029107570648,2025-03-02-13-12-40/SITE134_ORNT70_VIS1-5mi.png
6,1,"[0.1006, 0.1000, 0.0996, 0.0999, 0.0998, 0.1002, 0.1009, 0.0999, 0.0992, 0.0999]",0.10092925280332565,2024-09-02-17-43-28/SITE167_ORNT60_VIS2-5mi.png
6,2,"[0.1006, 0.1000, 0.0996, 0.0999, 0.0998, 0.1001, 0.1010, 0.0999, 0.0992, 0.0999]",0.10095875710248947,2024-10-10-15-17-15/SITE193_ORNT240_VIS3mi.png
6,7,"[0.1006, 0.1000, 0.0996, 0.0999, 0.0998, 0.1002, 0.1009, 0.0999, 0.0992, 0.0999]",0.10094663500785828,2025-02-14-15-24-27/SITE245_ORNT227_VIS8mi.png
6,6,"[0.1005, 0.1000, 0.0996, 0.0999, 0.0998, 0.1002, 0.1009, 0.0999, 0.0992, 0.0999]",0.10094314813613892,2024-07-18-14-04-18/SITE411_ORNT220_VIS7mi.png
6,1,"[0.1005, 0.1000, 0.0996, 0.0999, 0.0998, 0.1002, 0.1009, 0.0999, 0.0992, 0.0999]",0.10092362016439438,2025-03-06-15-10-58/SITE485_ORNT290_VIS2mi.png
6,2,"[0.1005, 0.1000, 0.0996, 0.0999, 0.0998, 0.1002, 0.1009, 0.0999, 0.0992, 0.0999]",0.10093411058187485,2025-04-02-15-05-32/SITE86_ORNT239_VIS3mi.png
6,7,"[0.1006, 0.1000, 0.0996, 0.0999, 0.0998, 0.1002, 0.1010, 0.0999, 0.0992, 0.0999]",0.10095305740833282,2024-05-07-15-42-07/SITE575_ORNT325_VIS8mi.png
6,0,"[0.1005, 0.1000, 0.0996, 0.0999, 0.0998, 0.1002, 0.1009, 0.0999, 0.0992, 0.0999]",0.10092619806528091,2024-08-18-13-20-24/SITE522_ORNT270_VIS1-25mi.png
6,2,"[0.1006, 0.1000, 0.0996, 0.0999, 0.0998, 0.1002, 0.1009, 0.0999, 0.0992, 0.0999]",0.10093717277050018,2025-03-18-13-52-55/SITE59_ORNT10_VIS3mi.png
6,8,"[0.1005, 0.1000, 0.0997, 0.0999, 0.0998, 0.1002, 0.1009, 0.0999, 0.0992, 0.0999]",0.10091741383075714,2025-02-02-12-13-03/SITE343_ORNT360_VIS9mi.png
6,3,"[0.1005, 0.1000, 0.0996, 0.0999, 0.0998, 0.1001, 0.1009, 0.0999, 0.0992, 0.0999]",0.10094942152500153,2025-03-06-15-10-58/SITE193_ORNT295_VIS4mi.png
6,6,"[0.1005, 0.1000, 0.0997, 0.0999, 0.0998, 0.1002, 0.1009, 0.0999, 0.0992, 0.0999]",0.10090646892786026,2025-03-28-10-38-15/SITE375_ORNT330_VIS7mi.png
6,7,"[0.1006, 0.1000, 0.0996, 0.0999, 0.0998, 0.1002, 0.1009, 0.0999, 0.0992, 0.0999]",0.10094653815031052,2024-07-24-16-43-44/SITE583_ORNT165_VIS8mi.png
6,8,"[0.1005, 0.1000, 0.0997, 0.0999, 0.0998, 0.1002, 0.1009, 0.0999, 0.0992, 0.0999]",0.10091754794120789,2025-02-11-14-30-47/SITE98_ORNT80_VIS9mi.png
6,3,"[0.1006, 0.1000, 0.0997, 0.0999, 0.0998, 0.1002, 0.1009, 0.0999, 0.0992, 0.0999]",0.10093621164560318,2024-10-13-15-24-41/SITE75_ORNT15_VIS4mi.png
6,4,"[0.1005, 0.1000, 0.0996, 0.0999, 0.0998, 0.1002, 0.1009, 0.0999, 0.0992, 0.0999]",0.10094817727804184,2024-07-29-16-41-43/SITE127_ORNT272_VIS5mi.png
6,8,"[0.1005, 0.1000, 0.0996, 0.0999, 0.0998, 0.1002, 0.1009, 0.0999, 0.0992, 0.0999]",0.10092519968748093,2024-04-30-13-21-52/SITE454_ORNT90_VIS9mi.png
6,6,"[0.1005, 0.1000, 0.0996, 0.0999, 0.0998, 0.1001, 0.1009, 0.0999, 0.0992, 0.0999]",0.10094650834798813,2024-08-18-19-28-16/SITE45_ORNT130_VIS7mi.png
6,8,"[0.1005, 0.1000, 0.0997, 0.0999, 0.0999, 0.1002, 0.1009, 0.0999, 0.0992, 0.0999]",0.10090945661067963,2024-07-05-14-33-31/SITE324_ORNT115_VIS9mi.png
6,9,"[0.1005, 0.1000, 0.0996, 0.0999, 0.0998, 0.1002, 0.1009, 0.0999, 0.0992, 0.0999]",0.10094528645277023,2025-02-15-15-20-00/SITE239_ORNT30_VIS10+mi.png
6,5,"[0.1006, 0.1000, 0.0996, 0.0999, 0.0998, 0.1002, 0.1009, 0.0999, 0.0992, 0.0999]",0.10094171017408371,2024-07-29-16-41-43/SITE593_ORNT255_VIS6mi.png
6,1,"[0.1005, 0.1000, 0.0996, 0.0999, 0.0998, 0.1002, 0.1009, 0.0999, 0.0992, 0.0999]",0.10092872381210327,2024-07-18-14-04-18/SITE73_ORNT335_VIS2mi.png
6,3,"[0.1006, 0.1000, 0.0996, 0.0999, 0.0998, 0.1001, 0.1010, 0.0999, 0.0992, 0.0999]",0.1009611189365387,2025-03-02-13-12-40/SITE40_ORNT295_VIS4mi.png
6,1,"[0.1006, 0.1000, 0.0997, 0.0999, 0.0998, 0.1002, 0.1009, 0.0999, 0.0992, 0.0999]",0.10092882812023163,2024-07-28-19-40-21/SITE15_ORNT170_VIS2-5mi.png
6,9,"[0.1006, 0.1000, 0.0997, 0.0999, 0.0998, 0.1002, 0.1009, 0.0999, 0.0992, 0.0999]",0.10092850029468536,2025-01-23-15-05-27/SITE616_ORNT0_VIS10+mi.png
6,9,"[0.1005, 0.1000, 0.0996, 0.0999, 0.0998, 0.1002, 0.1009, 0.0999, 0.0992, 0.0999]",0.10094267874956131,2024-12-17-16-15-56/SITE595_ORNT0_VIS10+mi.png
6,3,"[0.1005, 0.1000, 0.0997, 0.0999, 0.0998, 0.1002, 0.1009, 0.0999, 0.0992, 0.0999]",0.10092475265264511,2024-04-30-13-21-52/SITE41_ORNT235_VIS4mi.png
6,7,"[0.1006, 0.1000, 0.0996, 0.0999, 0.0998, 0.1002, 0.1009, 0.0999, 0.0992, 0.0999]",0.10094916820526123,2025-02-27-11-22-46/SITE693_ORNT65_VIS8mi.png
6,9,"[0.1006, 0.1000, 0.0996, 0.0999, 0.0998, 0.1002, 0.1009, 0.0999, 0.0992, 0.0999]",0.10093900561332703,2024-07-20-15-11-13/SITE430_ORNT255_VIS15mi.png
6,8,"[0.1005, 0.1000, 0.0997, 0.0999, 0.0998, 0.1002, 0.1009, 0.0998, 0.0992, 0.0999]",0.10090608894824982,2024-06-06-10-38-22/SITE477_ORNT340_VIS9mi.png
6,0,"[0.1005, 0.1000, 0.0996, 0.0999, 0.0998, 0.1002, 0.1009, 0.0999, 0.0992, 0.0999]",0.10092955082654953,2025-03-29-15-28-57/SITE198_ORNT80_VIS1-25mi.png
6,8,"[0.1005, 0.1000, 0.0996, 0.0999, 0.0999, 0.1002, 0.1009, 0.0999, 0.0993, 0.0999]",0.1009279415011406,2024-10-07-12-00-07/SITE508_ORNT315_VIS9mi.png
6,1,"[0.1005, 0.1000, 0.0996, 0.0999, 0.0998, 0.1001, 0.1010, 0.0999, 0.0992, 0.0999]",0.1009553074836731,2024-07-27-10-27-08/SITE132_ORNT305_VIS2mi.png
6,5,"[0.1006, 0.1000, 0.0996, 0.0999, 0.0998, 0.1001, 0.1010, 0.0999, 0.0992, 0.0999]",0.10096784681081772,2025-04-13-19-09-12/SITE622_ORNT50_VIS6mi.png
6,1,"[0.1006, 0.1000, 0.0997, 0.0999, 0.0998, 0.1002, 0.1009, 0.0999, 0.0992, 0.0999]",0.10091540962457657,2024-06-14-14-13-33/SITE179_ORNT230_VIS2mi.png
6,1,"[0.1006, 0.1000, 0.0996, 0.0999, 0.0998, 0.1002, 0.1009, 0.0999, 0.0992, 0.0999]",0.1009368821978569,2024-06-09-10-51-06/SITE581_ORNT250_VIS2-5mi.png
6,0,"[0.1006, 0.1000, 0.0996, 0.0999, 0.0998, 0.1002, 0.1009, 0.0999, 0.0992, 0.0999]",0.10094011574983597,2025-03-31-15-41-11/SITE111_ORNT246_VIS1-75mi.png
6,5,"[0.1005, 0.1000, 0.0996, 0.0999, 0.0998, 0.1001, 0.1010, 0.0999, 0.0992, 0.0999]",0.10095610469579697,2024-07-25-10-00-39/SITE747_ORNT315_VIS6mi.png
6,6,"[0.1005, 0.1000, 0.0996, 0.0999, 0.0998, 0.1002, 0.1009, 0.0999, 0.0992, 0.0999]",0.10094091296195984,2025-01-26-15-53-06/SITE834_ORNT15_VIS7mi.png
6,0,"[0.1006, 0.1000, 0.0997, 0.0999, 0.0998, 0.1002, 0.1009, 0.0999, 0.0992, 0.0999]",0.10092110931873322,2024-08-15-16-44-48/SITE43_ORNT270_VIS1-25mi.png
6,3,"[0.1005, 0.1000, 0.0996, 0.0999, 0.0998, 0.1002, 0.1009, 0.0999, 0.0992, 0.0999]",0.10093466937541962,2025-02-04-15-47-48/SITE24_ORNT330_VIS4mi.png
6,1,"[0.1006, 0.1000, 0.0997, 0.0999, 0.0998, 0.1002, 0.1009, 0.0999, 0.0992, 0.0999]",0.10091506689786911,2024-07-22-11-13-59/SITE179_ORNT230_VIS2mi.png
6,6,"[0.1006, 0.1000, 0.0996, 0.0999, 0.0998, 0.1001, 0.1010, 0.0999, 0.0992, 0.0999]",0.10095786303281784,2024-07-24-16-43-44/SITE14_ORNT195_VIS7mi.png
6,2,"[0.1005, 0.1000, 0.0997, 0.0999, 0.0998, 0.1002, 0.1009, 0.0999, 0.0992, 0.0999]",0.10092110931873322,2024-08-11-13-07-09/SITE156_ORNT294_VIS3mi.png
6,1,"[0.1006, 0.1000, 0.0996, 0.0999, 0.0998, 0.1002, 0.1009, 0.0999, 0.0992, 0.0999]",0.10094068944454193,2024-06-10-18-34-10/SITE104_ORNT325_VIS2mi.png
6,0,"[0.1006, 0.1000, 0.0996, 0.0999, 0.0998, 0.1002, 0.1010, 0.0999, 0.0992, 0.0999]",0.10095047205686569,2024-07-05-14-33-31/SITE241_ORNT120_VIS1-5mi.png
6,4,"[0.1005, 0.1000, 0.0996, 0.0999, 0.0999, 0.1002, 0.1009, 0.0998, 0.0992, 0.0999]",0.10091499984264374,2025-04-11-14-52-32/SITE276_ORNT45_VIS5mi.png
6,1,"[0.1005, 0.1000, 0.0996, 0.0999, 0.0998, 0.1002, 0.1009, 0.0999, 0.0992, 0.0999]",0.10094106942415237,2025-04-01-16-59-16/SITE421_ORNT240_VIS2mi.png
6,9,"[0.1005, 0.1000, 0.0996, 0.0999, 0.0998, 0.1001, 0.1009, 0.0999, 0.0992, 0.0999]",0.10094559192657471,2024-07-23-13-08-12/SITE404_ORNT270_VIS14mi.png
6,5,"[0.1005, 0.1000, 0.0997, 0.0999, 0.0998, 0.1002, 0.1009, 0.0999, 0.0992, 0.0999]",0.10089831799268723,2025-02-27-11-22-46/SITE360_ORNT310_VIS6mi.png
6,5,"[0.1006, 0.1000, 0.0996, 0.0999, 0.0998, 0.1002, 0.1009, 0.0999, 0.0992, 0.0999]",0.10094019025564194,2024-09-29-15-43-38/SITE203_ORNT220_VIS6mi.png
6,0,"[0.1006, 0.1000, 0.0997, 0.0999, 0.0998, 0.1002, 0.1009, 0.0999, 0.0992, 0.0999]",0.10091707855463028,2024-06-14-11-11-00/SITE209_ORNT150_VIS1-25mi.png
6,8,"[0.1005, 0.1000, 0.0997, 0.0999, 0.0998, 0.1002, 0.1009, 0.0999, 0.0992, 0.0999]",0.10091851651668549,2024-07-02-10-19-43/SITE341_ORNT350_VIS9mi.png
6,6,"[0.1005, 0.1000, 0.0996, 0.0999, 0.0999, 0.1002, 0.1009, 0.0999, 0.0992, 0.0999]",0.100918710231781,2025-04-10-17-56-44/SITE367_ORNT110_VIS7mi.png
6,8,"[0.1005, 0.1000, 0.0997, 0.0999, 0.0998, 0.1002, 0.1009, 0.0999, 0.0992, 0.0999]",0.1009247824549675,2024-08-10-09-44-28/SITE322_ORNT290_VIS9mi.png
6,1,"[0.1005, 0.1000, 0.0996, 0.0999, 0.0998, 0.1002, 0.1009, 0.0999, 0.0992, 0.0999]",0.10094433277845383,2025-02-05-13-59-56/SITE59_ORNT100_VIS2mi.png
6,3,"[0.1006, 0.1000, 0.0996, 0.0999, 0.0998, 0.1002, 0.1009, 0.0999, 0.0992, 0.0999]",0.10094471275806427,2024-06-03-13-44-33/SITE21_ORNT225_VIS4mi.png
6,5,"[0.1006, 0.1000, 0.0996, 0.0999, 0.0998, 0.1001, 0.1010, 0.0999, 0.0992, 0.0999]",0.10098045319318771,2024-06-05-18-49-24/SITE33_ORNT215_VIS6mi.png
6,8,"[0.1005, 0.1000, 0.0996, 0.0999, 0.0998, 0.1002, 0.1009, 0.0999, 0.0992, 0.0999]",0.1009441390633583,2024-10-13-12-27-42/SITE510_ORNT0_VIS9mi.png
6,7,"[0.1005, 0.1000, 0.0996, 0.0999, 0.0998, 0.1002, 0.1009, 0.0999, 0.0992, 0.0999]",0.10094944387674332,2024-08-01-10-54-34/SITE25_ORNT225_VIS8mi.png
6,2,"[0.1006, 0.1000, 0.0997, 0.0999, 0.0998, 0.1002, 0.1009, 0.0999, 0.0992, 0.0999]",0.10092662274837494,2025-04-02-15-05-32/SITE22_ORNT100_VIS3mi.png
6,7,"[0.1005, 0.1000, 0.0996, 0.0999, 0.0998, 0.1002, 0.1009, 0.0999, 0.0992, 0.0999]",0.1009356752038002,2025-03-04-14-20-15/SITE78_ORNT268_VIS8mi.png
6,9,"[0.1006, 0.1000, 0.0996, 0.0999, 0.0998, 0.1001, 0.1010, 0.0999, 0.0992, 0.0999]",0.10096363723278046,2025-03-02-13-12-40/SITE802_ORNT45_VIS10+mi.png
6,0,"[0.1005, 0.1000, 0.0996, 0.0999, 0.0998, 0.1002, 0.1009, 0.0999, 0.0992, 0.0999]",0.10094570368528366,2024-05-07-15-42-07/SITE132_ORNT141_VIS1-75mi.png
6,4,"[0.1006, 0.1000, 0.0996, 0.0999, 0.0998, 0.1002, 0.1009, 0.0999, 0.0992, 0.0999]",0.10094412416219711,2024-06-10-10-43-57/SITE84_ORNT43_VIS5mi.png
6,2,"[0.1006, 0.1000, 0.0996, 0.0999, 0.0998, 0.1002, 0.1009, 0.0999, 0.0992, 0.0999]",0.1009407714009285,2024-05-23-15-19-49/SITE117_ORNT165_VIS3mi.png
6,2,"[0.1006, 0.1000, 0.0996, 0.0999, 0.0998, 0.1002, 0.1009, 0.0999, 0.0992, 0.0999]",0.10093922168016434,2025-02-14-15-24-27/SITE100_ORNT280_VIS3mi.png
6,7,"[0.1006, 0.1000, 0.0996, 0.0999, 0.0998, 0.1001, 0.1010, 0.0999, 0.0992, 0.0999]",0.10095691680908203,2025-02-15-15-20-00/SITE168_ORNT205_VIS8mi.png
6,0,"[0.1005, 0.1000, 0.0997, 0.0999, 0.0998, 0.1002, 0.1009, 0.0999, 0.0992, 0.0999]",0.1009095311164856,2025-03-31-15-41-11/SITE506_ORNT0_VIS1-75mi.png
6,6,"[0.1006, 0.1000, 0.0996, 0.0999, 0.0998, 0.1002, 0.1009, 0.0999, 0.0992, 0.0999]",0.10094264149665833,2024-04-30-13-21-52/SITE760_ORNT310_VIS7mi.png
6,5,"[0.1005, 0.1000, 0.0996, 0.0999, 0.0998, 0.1001, 0.1010, 0.0999, 0.0992, 0.0999]",0.1009514182806015,2024-07-14-10-21-23/SITE12_ORNT270_VIS6mi.png
6,2,"[0.1005, 0.1000, 0.0996, 0.0999, 0.0998, 0.1001, 0.1010, 0.0999, 0.0992, 0.0999]",0.10098879039287567,2024-06-01-11-15-19/SITE161_ORNT192_VIS3mi.png
6,1,"[0.1005, 0.1000, 0.0996, 0.0999, 0.0998, 0.1001, 0.1009, 0.0999, 0.0992, 0.0999]",0.1009489893913269,2024-04-25-17-48-06/SITE115_ORNT287_VIS2mi.png
6,2,"[0.1006, 0.1000, 0.0996, 0.0999, 0.0998, 0.1002, 0.1010, 0.0999, 0.0992, 0.0999]",0.10095299780368805,2024-08-11-13-07-09/SITE81_ORNT326_VIS3mi.png
6,6,"[0.1006, 0.1000, 0.0997, 0.0999, 0.0998, 0.1002, 0.1009, 0.0999, 0.0992, 0.0999]",0.10092490911483765,2024-06-06-10-38-22/SITE156_ORNT294_VIS7mi.png
6,1,"[0.1006, 0.1000, 0.0996, 0.0999, 0.0998, 0.1002, 0.1009, 0.0999, 0.0992, 0.0999]",0.10094533115625381,2024-06-20-11-19-17/SITE50_ORNT149_VIS2-5mi.png
6,3,"[0.1006, 0.1000, 0.0996, 0.0999, 0.0998, 0.1002, 0.1009, 0.0999, 0.0992, 0.0999]",0.10093625634908676,2024-06-17-10-37-40/SITE234_ORNT350_VIS4mi.png
6,0,"[0.1006, 0.1000, 0.0996, 0.0999, 0.0998, 0.1002, 0.1009, 0.0999, 0.0992, 0.0999]",0.10094822198152542,2024-07-04-10-22-12/SITE171_ORNT126_VIS1-5mi.png
6,4,"[0.1006, 0.1000, 0.0996, 0.0999, 0.0998, 0.1001, 0.1010, 0.0999, 0.0992, 0.0999]",0.10096082836389542,2024-05-21-12-02-34/SITE439_ORNT200_VIS5mi.png
6,0,"[0.1006, 0.1000, 0.0997, 0.0999, 0.0998, 0.1002, 0.1009, 0.0999, 0.0992, 0.0999]",0.10093162208795547,2025-01-31-13-49-43/SITE86_ORNT75_VIS1-75mi.png
6,0,"[0.1005, 0.1000, 0.0996, 0.0999, 0.0998, 0.1002, 0.1010, 0.0999, 0.0992, 0.0999]",0.10095085203647614,2024-06-30-10-21-08/SITE7_ORNT55_VIS1-25mi.png
6,8,"[0.1005, 0.1000, 0.0996, 0.0999, 0.0998, 0.1001, 0.1009, 0.0999, 0.0992, 0.0999]",0.10094927996397018,2024-07-28-11-17-19/SITE424_ORNT0_VIS9mi.png
6,5,"[0.1006, 0.1000, 0.0996, 0.0999, 0.0998, 0.1002, 0.1009, 0.0999, 0.0992, 0.0999]",0.1009441390633583,2025-03-06-15-10-58/SITE22_ORNT0_VIS6mi.png
6,2,"[0.1005, 0.1000, 0.0996, 0.0999, 0.0998, 0.1001, 0.1010, 0.0999, 0.0992, 0.0999]",0.10095308721065521,2024-05-08-14-34-39/SITE563_ORNT5_VIS3mi.png
6,7,"[0.1006, 0.1000, 0.0996, 0.0999, 0.0998, 0.1002, 0.1009, 0.0999, 0.0992, 0.0999]",0.10094383358955383,2024-07-28-13-48-26/SITE417_ORNT315_VIS8mi.png
6,0,"[0.1005, 0.1000, 0.0996, 0.0999, 0.0998, 0.1002, 0.1009, 0.0999, 0.0992, 0.0999]",0.10092095285654068,2025-03-31-13-29-12/SITE485_ORNT290_VIS1mi.png
6,8,"[0.1005, 0.1000, 0.0997, 0.0999, 0.0998, 0.1002, 0.1009, 0.0999, 0.0992, 0.0999]",0.10091294348239899,2025-04-14-19-44-02/SITE362_ORNT25_VIS9mi.png
6,6,"[0.1005, 0.1000, 0.0996, 0.0999, 0.0998, 0.1002, 0.1009, 0.0999, 0.0992, 0.0999]",0.10094425082206726,2024-07-25-18-03-52/SITE241_ORNT120_VIS7mi.png
6,4,"[0.1006, 0.1000, 0.0997, 0.0999, 0.0998, 0.1002, 0.1009, 0.0999, 0.0992, 0.0999]",0.10092226415872574,2024-08-30-10-00-55/SITE749_ORNT315_VIS5mi.png
6,6,"[0.1005, 0.1000, 0.0996, 0.0999, 0.0998, 0.1002, 0.1009, 0.0999, 0.0992, 0.0999]",0.10093855857849121,2024-05-08-14-34-39/SITE94_ORNT180_VIS7mi.png
6,0,"[0.1006, 0.1000, 0.0996, 0.0999, 0.0998, 0.1002, 0.1010, 0.0999, 0.0992, 0.0999]",0.10095513612031937,2024-05-08-14-34-39/SITE7_ORNT312_VIS1-75mi.png
6,2,"[0.1005, 0.1000, 0.0996, 0.0999, 0.0998, 0.1001, 0.1010, 0.0999, 0.0992, 0.0999]",0.10096462815999985,2024-08-24-13-47-04/SITE45_ORNT180_VIS3mi.png
6,2,"[0.1005, 0.1000, 0.0996, 0.0999, 0.0998, 0.1001, 0.1010, 0.0999, 0.0992, 0.0999]",0.10095074772834778,2024-06-17-19-22-23/SITE563_ORNT135_VIS3mi.png
6,1,"[0.1005, 0.1000, 0.0996, 0.0999, 0.0998, 0.1002, 0.1009, 0.0999, 0.0992, 0.0999]",0.10091520845890045,2025-02-01-12-44-07/SITE324_ORNT225_VIS2mi.png
6,6,"[0.1006, 0.1000, 0.0996, 0.0999, 0.0998, 0.1001, 0.1010, 0.0999, 0.0992, 0.0999]",0.10095791518688202,2025-03-31-15-41-11/SITE818_ORNT40_VIS7mi.png
6,4,"[0.1005, 0.1000, 0.0996, 0.0999, 0.0998, 0.1002, 0.1009, 0.0999, 0.0992, 0.0999]",0.10093685984611511,2025-02-04-15-47-48/SITE807_ORNT295_VIS5mi.png
6,7,"[0.1006, 0.1000, 0.0996, 0.0999, 0.0998, 0.1002, 0.1009, 0.0999, 0.0992, 0.0999]",0.10094712674617767,2024-10-06-17-04-59/SITE442_ORNT120_VIS8mi.png
6,0,"[0.1005, 0.1000, 0.0996, 0.0999, 0.0999, 0.1002, 0.1009, 0.0998, 0.0993, 0.0999]",0.10092855244874954,2024-12-29-16-00-12/SITE345_ORNT225_VIS1-25mi.png
6,6,"[0.1006, 0.1000, 0.0996, 0.0999, 0.0998, 0.1002, 0.1009, 0.0999, 0.0992, 0.0999]",0.10093477368354797,2024-06-09-10-51-06/SITE253_ORNT65_VIS7mi.png
6,2,"[0.1005, 0.1000, 0.0996, 0.0999, 0.0998, 0.1002, 0.1009, 0.0999, 0.0992, 0.0999]",0.1009383425116539,2025-02-01-12-44-07/SITE405_ORNT35_VIS3mi.png
6,2,"[0.1006, 0.1000, 0.0997, 0.0999, 0.0998, 0.1002, 0.1009, 0.0999, 0.0992, 0.0999]",0.10092940926551819,2024-07-18-11-32-15/SITE105_ORNT28_VIS3mi.png
6,9,"[0.1006, 0.1000, 0.0996, 0.0999, 0.0998, 0.1001, 0.1010, 0.0999, 0.0992, 0.0999]",0.10095620900392532,2024-10-11-15-41-13/SITE50_ORNT265_VIS10+mi.png
6,7,"[0.1005, 0.1000, 0.0996, 0.0999, 0.0998, 0.1002, 0.1009, 0.0999, 0.0992, 0.0999]",0.10094886273145676,2025-03-17-19-09-03/SITE25_ORNT150_VIS8mi.png
6,4,"[0.1005, 0.1000, 0.0997, 0.0999, 0.0998, 0.1002, 0.1009, 0.0999, 0.0992, 0.0999]",0.1009189635515213,2025-03-17-19-09-03/SITE10_ORNT175_VIS5mi.png
6,4,"[0.1006, 0.1000, 0.0996, 0.0999, 0.0998, 0.1001, 0.1010, 0.0999, 0.0992, 0.0999]",0.10096089541912079,2024-08-02-13-37-25/SITE241_ORNT34_VIS5mi.png
6,7,"[0.1006, 0.1000, 0.0996, 0.0999, 0.0998, 0.1002, 0.1009, 0.0999, 0.0992, 0.0999]",0.10094287991523743,2025-03-23-13-51-54/SITE10_ORNT255_VIS8mi.png
6,1,"[0.1006, 0.1000, 0.0996, 0.0999, 0.0998, 0.1002, 0.1009, 0.0999, 0.0992, 0.0999]",0.10094871371984482,2025-02-27-11-22-46/SITE626_ORNT110_VIS2mi.png
6,0,"[0.1005, 0.1000, 0.0996, 0.0999, 0.0998, 0.1002, 0.1009, 0.0999, 0.0992, 0.0999]",0.10093288868665695,2024-05-08-14-34-39/SITE17_ORNT95_VIS1mi.png
6,0,"[0.1005, 0.1000, 0.0996, 0.0999, 0.0998, 0.1001, 0.1009, 0.0999, 0.0992, 0.0999]",0.1009458675980568,2025-04-02-15-05-32/SITE208_ORNT18_VIS1-5mi.png
6,0,"[0.1006, 0.1000, 0.0996, 0.0999, 0.0998, 0.1002, 0.1010, 0.0999, 0.0992, 0.0999]",0.10095298290252686,2024-07-05-14-33-31/SITE239_ORNT30_VIS1mi.png
6,0,"[0.1006, 0.1000, 0.0996, 0.0999, 0.0998, 0.1002, 0.1009, 0.0999, 0.0992, 0.0999]",0.10093912482261658,2024-07-25-10-00-39/SITE434_ORNT325_VIS1-25mi.png
6,2,"[0.1006, 0.1000, 0.0997, 0.0999, 0.0998, 0.1002, 0.1009, 0.0999, 0.0992, 0.0999]",0.10092561691999435,2024-07-14-10-21-23/SITE179_ORNT230_VIS3mi.png
6,4,"[0.1006, 0.1000, 0.0996, 0.0999, 0.0998, 0.1002, 0.1009, 0.0999, 0.0992, 0.0999]",0.10093722492456436,2024-07-27-10-27-08/SITE134_ORNT70_VIS5mi.png
6,5,"[0.1006, 0.1000, 0.0997, 0.0999, 0.0998, 0.1002, 0.1009, 0.0999, 0.0992, 0.0999]",0.10091973096132278,2024-08-31-14-30-34/SITE10_ORNT255_VIS6mi.png
6,0,"[0.1006, 0.1000, 0.0996, 0.0999, 0.0998, 0.1002, 0.1009, 0.0999, 0.0992, 0.0999]",0.10093604028224945,2024-09-18-18-13-42/SITE561_ORNT145_VIS1-75mi.png
6,3,"[0.1006, 0.1000, 0.0996, 0.0999, 0.0998, 0.1002, 0.1009, 0.0999, 0.0992, 0.0999]",0.10094616562128067,2024-08-01-10-54-34/SITE217_ORNT150_VIS4mi.png
6,4,"[0.1005, 0.1000, 0.0996, 0.0999, 0.0998, 0.1002, 0.1009, 0.0999, 0.0992, 0.0999]",0.10094425082206726,2025-01-23-15-05-27/SITE14_ORNT35_VIS5mi.png
6,0,"[0.1005, 0.1000, 0.0996, 0.0999, 0.0998, 0.1002, 0.1009, 0.0999, 0.0992, 0.0999]",0.10094137489795685,2024-12-29-16-00-12/SITE259_ORNT59_VIS1mi.png
6,7,"[0.1005, 0.1000, 0.0997, 0.1000, 0.0998, 0.1002, 0.1009, 0.0998, 0.0992, 0.0999]",0.10089161992073059,2025-02-17-14-46-26/SITE389_ORNT120_VIS8mi.png
6,8,"[0.1005, 0.1000, 0.0997, 0.1000, 0.0998, 0.1002, 0.1009, 0.0999, 0.0992, 0.0999]",0.1008821651339531,2025-02-01-12-44-07/SITE363_ORNT285_VIS9mi.png
6,3,"[0.1005, 0.1000, 0.0996, 0.0999, 0.0998, 0.1002, 0.1009, 0.0999, 0.0992, 0.0999]",0.1009424552321434,2024-05-31-11-53-14/SITE84_ORNT147_VIS4mi.png
6,4,"[0.1005, 0.1000, 0.0997, 0.0999, 0.0998, 0.1002, 0.1009, 0.0999, 0.0992, 0.0999]",0.10092662274837494,2024-07-02-16-22-41/SITE417_ORNT140_VIS5mi.png
6,7,"[0.1005, 0.1000, 0.0996, 0.0999, 0.0998, 0.1002, 0.1009, 0.0999, 0.0992, 0.0999]",0.10091479867696762,2024-06-07-11-09-12/SITE397_ORNT270_VIS8mi.png
6,9,"[0.1005, 0.1000, 0.0996, 0.0999, 0.0998, 0.1002, 0.1009, 0.0999, 0.0992, 0.0999]",0.1009441465139389,2025-03-31-13-29-12/SITE80_ORNT274_VIS10+mi.png
6,9,"[0.1006, 0.1000, 0.0996, 0.0999, 0.0998, 0.1001, 0.1010, 0.0999, 0.0992, 0.0999]",0.10096357762813568,2025-02-12-14-37-35/SITE193_ORNT295_VIS10+mi.png
6,9,"[0.1005, 0.1000, 0.0996, 0.0999, 0.0998, 0.1002, 0.1009, 0.0999, 0.0992, 0.0999]",0.10093855857849121,2025-03-01-18-07-41/SITE802_ORNT150_VIS10+mi.png
6,3,"[0.1005, 0.1000, 0.0996, 0.0999, 0.0998, 0.1002, 0.1009, 0.0999, 0.0992, 0.0999]",0.10093306005001068,2024-07-07-20-11-04/SITE547_ORNT170_VIS4mi.png
6,1,"[0.1005, 0.1000, 0.0996, 0.0999, 0.0998, 0.1002, 0.1009, 0.0999, 0.0992, 0.0999]",0.1009274572134018,2024-05-23-15-19-49/SITE36_ORNT350_VIS2mi.png
6,7,"[0.1005, 0.1000, 0.0997, 0.0999, 0.0998, 0.1002, 0.1009, 0.0999, 0.0992, 0.0999]",0.1009058952331543,2025-01-15-12-14-16/SITE397_ORNT345_VIS8mi.png
6,7,"[0.1006, 0.1000, 0.0996, 0.0999, 0.0998, 0.1002, 0.1009, 0.0999, 0.0992, 0.0999]",0.10094082355499268,2024-06-10-14-33-22/SITE40_ORNT180_VIS8mi.png
6,2,"[0.1006, 0.1000, 0.0996, 0.0999, 0.0998, 0.1002, 0.1010, 0.0999, 0.0992, 0.0999]",0.1009536013007164,2025-02-04-15-47-48/SITE18_ORNT210_VIS3mi.png
6,2,"[0.1006, 0.1000, 0.0996, 0.0999, 0.0998, 0.1002, 0.1009, 0.0999, 0.0992, 0.0999]",0.10093998908996582,2024-05-03-19-33-18/SITE244_ORNT240_VIS3mi.png
6,5,"[0.1006, 0.1000, 0.0997, 0.0999, 0.0998, 0.1002, 0.1009, 0.0999, 0.0992, 0.0999]",0.10093076527118683,2024-08-30-17-21-54/SITE22_ORNT285_VIS6mi.png
6,2,"[0.1006, 0.1000, 0.0997, 0.0999, 0.0998, 0.1002, 0.1009, 0.0999, 0.0992, 0.0999]",0.10093019157648087,2024-08-15-16-44-48/SITE21_ORNT10_VIS3mi.png
6,6,"[0.1005, 0.1000, 0.0997, 0.0999, 0.0998, 0.1002, 0.1009, 0.0999, 0.0992, 0.0999]",0.10091973096132278,2025-04-13-19-09-12/SITE43_ORNT190_VIS7mi.png
6,3,"[0.1006, 0.1000, 0.0996, 0.0999, 0.0998, 0.1002, 0.1009, 0.0999, 0.0992, 0.0999]",0.10093244910240173,2024-05-14-16-18-20/SITE438_ORNT208_VIS4mi.png
6,7,"[0.1005, 0.1000, 0.0996, 0.0999, 0.0998, 0.1002, 0.1009, 0.0999, 0.0992, 0.0999]",0.10093934834003448,2025-01-28-16-10-28/SITE241_ORNT214_VIS8mi.png
6,8,"[0.1005, 0.1000, 0.0996, 0.0999, 0.0998, 0.1002, 0.1009, 0.0999, 0.0992, 0.0999]",0.10091722756624222,2024-10-06-12-31-10/SITE324_ORNT225_VIS9mi.png
6,7,"[0.1005, 0.1000, 0.0996, 0.0999, 0.0998, 0.1002, 0.1009, 0.0999, 0.0992, 0.0999]",0.1009422019124031,2024-05-09-16-15-37/SITE132_ORNT30_VIS8mi.png
6,9,"[0.1006, 0.1000, 0.0996, 0.0999, 0.0998, 0.1002, 0.1009, 0.0999, 0.0992, 0.0999]",0.1009480431675911,2025-04-02-15-05-32/SITE573_ORNT345_VIS10+mi.png
6,9,"[0.1006, 0.1000, 0.0996, 0.0999, 0.0998, 0.1002, 0.1009, 0.0999, 0.0992, 0.0999]",0.10094282776117325,2025-03-18-13-52-55/SITE212_ORNT170_VIS10+mi.png
6,7,"[0.1006, 0.1000, 0.0996, 0.0999, 0.0998, 0.1002, 0.1010, 0.0999, 0.0992, 0.0999]",0.10095453262329102,2025-03-04-14-20-15/SITE78_ORNT189_VIS8mi.png
6,7,"[0.1006, 0.1000, 0.0996, 0.0999, 0.0998, 0.1002, 0.1009, 0.0999, 0.0992, 0.0999]",0.10094739496707916,2024-05-13-18-48-49/SITE575_ORNT325_VIS8mi.png
6,7,"[0.1005, 0.1000, 0.0996, 0.0999, 0.0998, 0.1002, 0.1009, 0.0999, 0.0992, 0.0999]",0.10092616081237793,2025-04-07-16-10-10/SITE36_ORNT350_VIS8mi.png
6,9,"[0.1006, 0.1000, 0.0997, 0.0999, 0.0998, 0.1002, 0.1009, 0.0999, 0.0992, 0.0999]",0.1009056344628334,2025-04-13-19-09-12/SITE106_ORNT280_VIS10+mi.png
6,2,"[0.1006, 0.1000, 0.0997, 0.0999, 0.0998, 0.1002, 0.1009, 0.0999, 0.0992, 0.0999]",0.10092946887016296,2025-03-31-13-29-12/SITE128_ORNT303_VIS3mi.png
6,8,"[0.1005, 0.1000, 0.0996, 0.0999, 0.0998, 0.1002, 0.1009, 0.0999, 0.0992, 0.0999]",0.10093268752098083,2025-02-12-14-37-35/SITE338_ORNT120_VIS9mi.png
6,4,"[0.1006, 0.1000, 0.0996, 0.0999, 0.0998, 0.1002, 0.1009, 0.0999, 0.0992, 0.0999]",0.10094158351421356,2024-10-18-12-30-03/SITE539_ORNT310_VIS5mi.png
6,2,"[0.1006, 0.1000, 0.0996, 0.0999, 0.0998, 0.1002, 0.1009, 0.0999, 0.0992, 0.0999]",0.1009460985660553,2024-07-02-16-22-41/SITE13_ORNT240_VIS3mi.png
6,4,"[0.1006, 0.1000, 0.0997, 0.0999, 0.0998, 0.1002, 0.1009, 0.0999, 0.0992, 0.0999]",0.10092618316411972,2024-08-29-14-11-27/SITE476_ORNT30_VIS5mi.png
6,3,"[0.1006, 0.1000, 0.0996, 0.0999, 0.0998, 0.1002, 0.1009, 0.0999, 0.0992, 0.0999]",0.10094041377305984,2024-07-23-10-10-08/SITE8_ORNT278_VIS4mi.png
6,8,"[0.1005, 0.1000, 0.0996, 0.0999, 0.0998, 0.1002, 0.1009, 0.0999, 0.0992, 0.0999]",0.10091810673475266,2024-10-13-12-27-42/SITE295_ORNT315_VIS9mi.png
6,9,"[0.1005, 0.1000, 0.0997, 0.0999, 0.0998, 0.1002, 0.1009, 0.0999, 0.0992, 0.0999]",0.10092336684465408,2025-02-15-16-53-20/SITE129_ORNT356_VIS10+mi.png
6,4,"[0.1005, 0.1000, 0.0996, 0.0999, 0.0998, 0.1002, 0.1009, 0.0999, 0.0992, 0.0999]",0.10094628483057022,2025-03-17-19-09-03/SITE73_ORNT335_VIS5mi.png
6,5,"[0.1006, 0.1000, 0.0996, 0.0999, 0.0998, 0.1002, 0.1009, 0.0999, 0.0992, 0.0999]",0.10094181448221207,2025-02-17-14-46-26/SITE129_ORNT266_VIS6mi.png
6,6,"[0.1005, 0.1000, 0.0996, 0.0999, 0.0998, 0.1002, 0.1009, 0.0999, 0.0992, 0.0999]",0.10094664245843887,2024-08-31-14-30-34/SITE186_ORNT275_VIS7mi.png
6,5,"[0.1005, 0.1000, 0.0996, 0.0999, 0.0998, 0.1002, 0.1009, 0.0999, 0.0992, 0.0999]",0.10093221813440323,2024-07-24-16-43-44/SITE719_ORNT300_VIS6mi.png
6,6,"[0.1005, 0.1000, 0.0996, 0.0999, 0.0998, 0.1002, 0.1009, 0.0999, 0.0992, 0.0999]",0.10094265639781952,2025-03-31-15-41-11/SITE256_ORNT290_VIS7mi.png
6,2,"[0.1006, 0.1000, 0.0996, 0.0999, 0.0998, 0.1002, 0.1009, 0.0999, 0.0992, 0.0999]",0.10094546526670456,2025-03-05-12-08-53/SITE616_ORNT180_VIS3mi.png
6,1,"[0.1005, 0.1000, 0.0997, 0.0999, 0.0998, 0.1002, 0.1009, 0.0999, 0.0992, 0.0999]",0.10092084109783173,2025-02-05-13-59-56/SITE43_ORNT190_VIS2mi.png
6,4,"[0.1006, 0.1000, 0.0997, 0.0999, 0.0998, 0.1002, 0.1009, 0.0999, 0.0992, 0.0999]",0.1009325161576271,2024-06-20-14-40-34/SITE253_ORNT280_VIS5mi.png
6,6,"[0.1005, 0.1000, 0.0996, 0.0999, 0.0998, 0.1002, 0.1009, 0.0999, 0.0992, 0.0999]",0.1009286493062973,2025-02-01-17-30-02/SITE283_ORNT260_VIS7mi.png
6,2,"[0.1006, 0.1000, 0.0997, 0.0999, 0.0998, 0.1002, 0.1009, 0.0999, 0.0992, 0.0999]",0.10091990977525711,2024-12-23-15-38-40/SITE258_ORNT125_VIS3mi.png
6,1,"[0.1006, 0.1000, 0.0996, 0.0999, 0.0998, 0.1002, 0.1009, 0.0999, 0.0992, 0.0999]",0.10094704478979111,2024-08-02-13-37-25/SITE26_ORNT85_VIS2mi.png
6,3,"[0.1005, 0.1000, 0.0996, 0.0999, 0.0998, 0.1002, 0.1009, 0.0999, 0.0992, 0.0999]",0.10092909634113312,2025-04-01-16-59-16/SITE26_ORNT180_VIS4mi.png
6,6,"[0.1006, 0.1000, 0.0996, 0.0999, 0.0998, 0.1002, 0.1009, 0.0999, 0.0992, 0.0999]",0.10093580931425095,2024-07-22-11-13-59/SITE692_ORNT335_VIS7mi.png
6,1,"[0.1006, 0.1000, 0.0996, 0.0999, 0.0998, 0.1002, 0.1009, 0.0999, 0.0992, 0.0999]",0.10093507170677185,2024-07-22-11-13-59/SITE98_ORNT135_VIS2mi.png
6,0,"[0.1006, 0.1000, 0.0996, 0.0999, 0.0998, 0.1001, 0.1010, 0.0999, 0.0992, 0.0999]",0.10096374899148941,2024-07-05-10-36-13/SITE167_ORNT312_VIS1mi.png
6,2,"[0.1005, 0.1000, 0.0996, 0.0999, 0.0999, 0.1002, 0.1009, 0.0999, 0.0992, 0.0999]",0.10093066841363907,2024-07-02-16-22-41/SITE340_ORNT230_VIS3mi.png
6,7,"[0.1005, 0.1000, 0.0996, 0.0999, 0.0998, 0.1001, 0.1009, 0.0999, 0.0992, 0.0999]",0.10094623267650604,2024-07-23-16-31-18/SITE545_ORNT95_VIS8mi.png
6,8,"[0.1005, 0.1000, 0.0996, 0.0999, 0.0999, 0.1002, 0.1009, 0.0998, 0.0993, 0.0999]",0.10092248022556305,2024-07-02-10-19-43/SITE508_ORNT315_VIS9mi.png
6,1,"[0.1006, 0.1000, 0.0997, 0.0999, 0.0998, 0.1002, 0.1009, 0.0999, 0.0992, 0.0999]",0.10092640668153763,2024-08-19-19-34-52/SITE253_ORNT195_VIS2mi.png
6,2,"[0.1005, 0.1000, 0.0996, 0.0999, 0.0998, 0.1002, 0.1009, 0.0999, 0.0992, 0.0999]",0.10093918442726135,2025-02-12-14-37-35/SITE568_ORNT349_VIS3mi.png
6,2,"[0.1006, 0.1000, 0.0997, 0.0999, 0.0998, 0.1002, 0.1009, 0.0999, 0.0992, 0.0999]",0.10092635452747345,2025-01-17-15-10-02/SITE268_ORNT355_VIS3mi.png
6,5,"[0.1005, 0.1000, 0.0996, 0.0999, 0.0998, 0.1002, 0.1009, 0.0999, 0.0992, 0.0999]",0.10093369334936142,2025-01-22-12-38-15/SITE807_ORNT190_VIS6mi.png
6,5,"[0.1006, 0.1000, 0.0996, 0.0999, 0.0998, 0.1002, 0.1009, 0.0999, 0.0992, 0.0999]",0.10093629360198975,2024-07-07-11-04-33/SITE49_ORNT315_VIS6mi.png
6,9,"[0.1005, 0.1000, 0.0996, 0.0999, 0.0998, 0.1002, 0.1009, 0.0999, 0.0992, 0.0999]",0.1009356752038002,2025-01-17-15-10-02/SITE547_ORNT350_VIS10+mi.png
6,0,"[0.1006, 0.1000, 0.0996, 0.0999, 0.0998, 0.1002, 0.1009, 0.0999, 0.0992, 0.0999]",0.1009492501616478,2025-03-31-13-29-12/SITE272_ORNT130_VIS1-75mi.png
6,4,"[0.1006, 0.1000, 0.0996, 0.0999, 0.0998, 0.1002, 0.1009, 0.0999, 0.0992, 0.0999]",0.1009405255317688,2024-06-17-10-37-40/SITE19_ORNT260_VIS5mi.png
6,1,"[0.1005, 0.1000, 0.0996, 0.0999, 0.0998, 0.1001, 0.1010, 0.0999, 0.0992, 0.0999]",0.10095560550689697,2025-02-04-15-47-48/SITE871_ORNT170_VIS2mi.png
6,2,"[0.1005, 0.1000, 0.0996, 0.0999, 0.0998, 0.1002, 0.1009, 0.0999, 0.0992, 0.0999]",0.10092032700777054,2024-07-28-19-40-21/SITE205_ORNT305_VIS3mi.png
6,8,"[0.1005, 0.1000, 0.0997, 0.0999, 0.0998, 0.1002, 0.1009, 0.0999, 0.0992, 0.0999]",0.10090949386358261,2024-07-26-10-22-16/SITE534_ORNT225_VIS9mi.png
6,3,"[0.1005, 0.1000, 0.0996, 0.0999, 0.0998, 0.1001, 0.1010, 0.0999, 0.0992, 0.0999]",0.10095729678869247,2024-09-20-16-20-08/SITE25_ORNT30_VIS4mi.png
6,8,"[0.1005, 0.1000, 0.0996, 0.0999, 0.0999, 0.1002, 0.1009, 0.0999, 0.0992, 0.0999]",0.10091917961835861,2025-03-31-15-41-11/SITE367_ORNT110_VIS9mi.png
6,1,"[0.1006, 0.1000, 0.0996, 0.0999, 0.0998, 0.1002, 0.1009, 0.0999, 0.0992, 0.0999]",0.1009485200047493,2024-09-19-14-23-02/SITE13_ORNT10_VIS2mi.png
6,5,"[0.1006, 0.1000, 0.0996, 0.0999, 0.0998, 0.1002, 0.1009, 0.0999, 0.0992, 0.0999]",0.10093121230602264,2024-10-14-13-08-27/SITE692_ORNT335_VIS6mi.png
6,8,"[0.1005, 0.1000, 0.0997, 0.0999, 0.0998, 0.1002, 0.1009, 0.0999, 0.0992, 0.0999]",0.10091309994459152,2024-06-14-11-11-00/SITE528_ORNT310_VIS9mi.png
6,9,"[0.1006, 0.1000, 0.0997, 0.0999, 0.0998, 0.1002, 0.1009, 0.0999, 0.0992, 0.0999]",0.10090885311365128,2025-03-02-13-12-40/SITE177_ORNT260_VIS10+mi.png
6,9,"[0.1005, 0.1000, 0.0996, 0.0999, 0.0998, 0.1002, 0.1009, 0.0999, 0.0992, 0.0999]",0.10093213617801666,2025-02-10-14-47-56/SITE100_ORNT210_VIS10+mi.png
6,4,"[0.1006, 0.1000, 0.0996, 0.0999, 0.0998, 0.1002, 0.1009, 0.0999, 0.0992, 0.0999]",0.10093150287866592,2025-02-15-16-53-20/SITE719_ORNT180_VIS5mi.png
6,3,"[0.1005, 0.1000, 0.0996, 0.0999, 0.0998, 0.1002, 0.1009, 0.0999, 0.0992, 0.0999]",0.10093231499195099,2025-02-15-16-53-20/SITE802_ORNT315_VIS4mi.png
6,5,"[0.1006, 0.1000, 0.0996, 0.0999, 0.0998, 0.1002, 0.1009, 0.0999, 0.0992, 0.0999]",0.10094254463911057,2024-11-19-11-24-38/SITE542_ORNT80_VIS6mi.png
6,7,"[0.1005, 0.1000, 0.0996, 0.0999, 0.0998, 0.1001, 0.1010, 0.0999, 0.0992, 0.0999]",0.10095499455928802,2025-01-15-15-33-17/SITE602_ORNT175_VIS8mi.png
6,2,"[0.1006, 0.1000, 0.0997, 0.0999, 0.0998, 0.1002, 0.1009, 0.0999, 0.0992, 0.0999]",0.10090907663106918,2024-08-02-20-27-22/SITE43_ORNT190_VIS3mi.png
6,6,"[0.1006, 0.1000, 0.0996, 0.0999, 0.0998, 0.1002, 0.1009, 0.0999, 0.0992, 0.0999]",0.10094358026981354,2025-03-15-15-41-34/SITE69_ORNT108_VIS7mi.png
6,4,"[0.1005, 0.1000, 0.0996, 0.0999, 0.0999, 0.1002, 0.1009, 0.0999, 0.0993, 0.0999]",0.1009279415011406,2024-06-29-15-18-41/SITE380_ORNT220_VIS5mi.png
6,5,"[0.1006, 0.1000, 0.0996, 0.0999, 0.0998, 0.1002, 0.1009, 0.0999, 0.0992, 0.0999]",0.10094477981328964,2024-12-29-16-00-12/SITE41_ORNT235_VIS6mi.png
6,6,"[0.1006, 0.1000, 0.0997, 0.0999, 0.0998, 0.1002, 0.1009, 0.0999, 0.0992, 0.0999]",0.10093432664871216,2024-08-15-16-44-48/SITE683_ORNT240_VIS7mi.png
6,3,"[0.1005, 0.1000, 0.0997, 0.0999, 0.0998, 0.1002, 0.1009, 0.0999, 0.0992, 0.0999]",0.10091198980808258,2025-04-16-13-54-24/SITE460_ORNT165_VIS4mi.png
6,1,"[0.1005, 0.1000, 0.0996, 0.0999, 0.0999, 0.1002, 0.1009, 0.0999, 0.0992, 0.0999]",0.10092131793498993,2024-07-18-11-32-15/SITE508_ORNT225_VIS2-5mi.png
6,5,"[0.1005, 0.1000, 0.0997, 0.0999, 0.0999, 0.1002, 0.1009, 0.0998, 0.0992, 0.0999]",0.10091111063957214,2025-02-10-14-47-56/SITE461_ORNT110_VIS6mi.png
6,5,"[0.1006, 0.1000, 0.0997, 0.0999, 0.0998, 0.1002, 0.1009, 0.0999, 0.0992, 0.0999]",0.10093115270137787,2024-07-25-18-03-52/SITE557_ORNT291_VIS6mi.png
6,3,"[0.1006, 0.1000, 0.0996, 0.0999, 0.0998, 0.1002, 0.1009, 0.0999, 0.0992, 0.0999]",0.10093536972999573,2024-05-08-14-34-39/SITE86_ORNT12_VIS4mi.png
6,3,"[0.1005, 0.1000, 0.0996, 0.0999, 0.0999, 0.1002, 0.1009, 0.0998, 0.0993, 0.0999]",0.10092392563819885,2024-08-15-16-44-48/SITE380_ORNT55_VIS4mi.png
6,5,"[0.1005, 0.1000, 0.0996, 0.0999, 0.0998, 0.1002, 0.1009, 0.0999, 0.0992, 0.0999]",0.10093193501234055,2025-03-02-13-12-40/SITE203_ORNT220_VIS6mi.png
6,0,"[0.1005, 0.1000, 0.0996, 0.0999, 0.0999, 0.1002, 0.1009, 0.0999, 0.0992, 0.0999]",0.10092007368803024,2025-02-17-14-46-26/SITE521_ORNT150_VIS1-5mi.png
6,4,"[0.1005, 0.1000, 0.0996, 0.0999, 0.0998, 0.1002, 0.1009, 0.0999, 0.0992, 0.0999]",0.10094045102596283,2024-12-27-14-55-32/SITE446_ORNT10_VIS5mi.png
6,5,"[0.1005, 0.1000, 0.0996, 0.0999, 0.0998, 0.1001, 0.1009, 0.0999, 0.0992, 0.0999]",0.10094841569662094,2024-07-23-10-10-08/SITE739_ORNT340_VIS6mi.png
6,2,"[0.1005, 0.1000, 0.0997, 0.0999, 0.0998, 0.1002, 0.1009, 0.0999, 0.0992, 0.0999]",0.10091184824705124,2024-07-20-11-08-20/SITE528_ORNT235_VIS3mi.png
6,3,"[0.1005, 0.1000, 0.0996, 0.0999, 0.0998, 0.1001, 0.1010, 0.0999, 0.0992, 0.0999]",0.10095036774873734,2024-08-02-13-37-25/SITE45_ORNT290_VIS4mi.png
6,8,"[0.1005, 0.1000, 0.0996, 0.0999, 0.0998, 0.1001, 0.1009, 0.0999, 0.0992, 0.0999]",0.10094235837459564,2025-03-31-13-29-12/SITE309_ORNT130_VIS9mi.png
6,9,"[0.1006, 0.1000, 0.0997, 0.0999, 0.0998, 0.1002, 0.1009, 0.0999, 0.0992, 0.0999]",0.10093053430318832,2025-02-15-15-20-00/SITE261_ORNT270_VIS10+mi.png
6,9,"[0.1006, 0.1000, 0.0997, 0.0999, 0.0998, 0.1002, 0.1009, 0.0999, 0.0992, 0.0999]",0.10089177638292313,2025-02-11-14-30-47/SITE561_ORNT350_VIS10+mi.png
6,7,"[0.1006, 0.1000, 0.0996, 0.0999, 0.0998, 0.1002, 0.1009, 0.0999, 0.0992, 0.0999]",0.10094527155160904,2024-07-24-16-43-44/SITE584_ORNT225_VIS8mi.png
6,8,"[0.1005, 0.1000, 0.0996, 0.0999, 0.0999, 0.1002, 0.1009, 0.0999, 0.0992, 0.0999]",0.10092144459486008,2024-04-25-17-48-06/SITE377_ORNT110_VIS9mi.png
6,1,"[0.1005, 0.1000, 0.0996, 0.0999, 0.0998, 0.1001, 0.1010, 0.0999, 0.0992, 0.0999]",0.10095237195491791,2024-09-19-14-23-02/SITE575_ORNT85_VIS2-5mi.png
6,1,"[0.1005, 0.1000, 0.0996, 0.0999, 0.0998, 0.1002, 0.1009, 0.0999, 0.0992, 0.0999]",0.10094241052865982,2024-05-31-11-53-14/SITE203_ORNT155_VIS2-5mi.png
6,2,"[0.1005, 0.1000, 0.0996, 0.0999, 0.0998, 0.1002, 0.1009, 0.0999, 0.0992, 0.0999]",0.10094630718231201,2024-10-13-15-24-41/SITE65_ORNT290_VIS3mi.png
6,3,"[0.1005, 0.1000, 0.0996, 0.0999, 0.0998, 0.1002, 0.1009, 0.0999, 0.0992, 0.0999]",0.10094225406646729,2024-09-07-13-37-18/SITE161_ORNT316_VIS4mi.png
6,9,"[0.1006, 0.1000, 0.0997, 0.0999, 0.0998, 0.1002, 0.1009, 0.0999, 0.0992, 0.0999]",0.10090263932943344,2025-04-11-14-52-32/SITE104_ORNT325_VIS10+mi.png
6,8,"[0.1005, 0.1000, 0.0996, 0.0999, 0.0998, 0.1001, 0.1010, 0.0999, 0.0992, 0.0999]",0.10096581280231476,2024-09-18-18-13-42/SITE462_ORNT80_VIS9mi.png
6,6,"[0.1006, 0.1000, 0.0997, 0.0999, 0.0998, 0.1002, 0.1009, 0.0999, 0.0992, 0.0999]",0.10089460015296936,2025-03-11-17-13-52/SITE216_ORNT55_VIS7mi.png
6,2,"[0.1005, 0.1000, 0.0996, 0.0999, 0.0998, 0.1002, 0.1009, 0.0999, 0.0992, 0.0999]",0.1009405255317688,2024-06-16-11-08-10/SITE721_ORNT0_VIS3mi.png
6,5,"[0.1005, 0.1000, 0.0996, 0.0999, 0.0998, 0.1002, 0.1009, 0.0999, 0.0992, 0.0999]",0.10093811899423599,2025-03-04-14-20-15/SITE421_ORNT240_VIS6mi.png
6,0,"[0.1005, 0.1000, 0.0996, 0.0999, 0.0998, 0.1002, 0.1010, 0.0999, 0.0992, 0.0999]",0.10095085203647614,2025-01-23-15-05-27/SITE7_ORNT312_VIS1mi.png
6,1,"[0.1005, 0.1000, 0.0996, 0.0999, 0.0998, 0.1002, 0.1009, 0.0999, 0.0992, 0.0999]",0.10093171149492264,2025-04-22-15-39-35/SITE36_ORNT165_VIS2-5mi.png
6,9,"[0.1005, 0.1000, 0.0996, 0.0999, 0.0998, 0.1002, 0.1009, 0.0999, 0.0992, 0.0999]",0.1009448692202568,2025-02-11-14-30-47/SITE544_ORNT58_VIS10+mi.png
6,1,"[0.1005, 0.1000, 0.0996, 0.0999, 0.0998, 0.1002, 0.1009, 0.0999, 0.0992, 0.0999]",0.10094896703958511,2024-08-01-13-32-05/SITE575_ORNT85_VIS2-5mi.png
6,0,"[0.1005, 0.1000, 0.0996, 0.0999, 0.0998, 0.1002, 0.1010, 0.0999, 0.0992, 0.0999]",0.10095084458589554,2024-06-14-11-11-00/SITE205_ORNT230_VIS1mi.png
6,0,"[0.1006, 0.1000, 0.0996, 0.0999, 0.0998, 0.1002, 0.1010, 0.0999, 0.0992, 0.0999]",0.10095493495464325,2024-07-14-16-38-50/SITE81_ORNT326_VIS1mi.png
6,7,"[0.1005, 0.1000, 0.0996, 0.0999, 0.0998, 0.1002, 0.1009, 0.0999, 0.0992, 0.0999]",0.10093124955892563,2025-04-13-19-09-12/SITE215_ORNT40_VIS8mi.png
6,1,"[0.1005, 0.1000, 0.0996, 0.0999, 0.0999, 0.1002, 0.1009, 0.0999, 0.0992, 0.0999]",0.10092955082654953,2024-10-07-12-00-07/SITE606_ORNT180_VIS2-5mi.png
6,9,"[0.1006, 0.1000, 0.0996, 0.0999, 0.0998, 0.1002, 0.1010, 0.0999, 0.0992, 0.0999]",0.10095158964395523,2025-03-23-13-51-54/SITE442_ORNT210_VIS10+mi.png
6,9,"[0.1006, 0.1000, 0.0996, 0.0999, 0.0998, 0.1002, 0.1009, 0.0999, 0.0992, 0.0999]",0.10094557702541351,2025-02-02-12-13-03/SITE581_ORNT250_VIS10+mi.png
6,0,"[0.1006, 0.1000, 0.0997, 0.0999, 0.0998, 0.1002, 0.1009, 0.0999, 0.0992, 0.0999]",0.10093171149492264,2024-05-28-11-05-32/SITE17_ORNT340_VIS1mi.png
6,4,"[0.1005, 0.1000, 0.0996, 0.0999, 0.0998, 0.1002, 0.1009, 0.0999, 0.0992, 0.0999]",0.10094929486513138,2024-07-05-14-33-31/SITE240_ORNT286_VIS5mi.png
6,0,"[0.1005, 0.1000, 0.0996, 0.0999, 0.0998, 0.1001, 0.1010, 0.0999, 0.0992, 0.0999]",0.10095953941345215,2024-09-08-13-07-06/SITE45_ORNT180_VIS1-5mi.png
6,6,"[0.1005, 0.1000, 0.0996, 0.0999, 0.0998, 0.1002, 0.1009, 0.0999, 0.0992, 0.0999]",0.10094136744737625,2025-04-22-15-39-35/SITE760_ORNT140_VIS7mi.png
6,4,"[0.1006, 0.1000, 0.0996, 0.0999, 0.0998, 0.1002, 0.1009, 0.0999, 0.0992, 0.0999]",0.10093145072460175,2024-08-18-13-20-24/SITE435_ORNT15_VIS5mi.png
6,8,"[0.1005, 0.1000, 0.0997, 0.0999, 0.0998, 0.1002, 0.1009, 0.0999, 0.0992, 0.0999]",0.10090856999158859,2024-04-30-13-21-52/SITE528_ORNT35_VIS9mi.png
6,7,"[0.1006, 0.1000, 0.0996, 0.0999, 0.0998, 0.1002, 0.1009, 0.0999, 0.0992, 0.0999]",0.10094968974590302,2024-04-30-13-21-52/SITE215_ORNT330_VIS8mi.png
6,3,"[0.1006, 0.1000, 0.0996, 0.0999, 0.0998, 0.1002, 0.1009, 0.0999, 0.0992, 0.0999]",0.10093410313129425,2025-01-23-15-05-27/SITE156_ORNT294_VIS4mi.png
6,1,"[0.1006, 0.1000, 0.0997, 0.0999, 0.0998, 0.1002, 0.1009, 0.0999, 0.0992, 0.0999]",0.10092256963253021,2024-08-31-14-30-34/SITE179_ORNT36_VIS2mi.png
6,9,"[0.1006, 0.1000, 0.0996, 0.0999, 0.0998, 0.1001, 0.1010, 0.0999, 0.0992, 0.0999]",0.10097355395555496,2025-03-26-14-35-40/SITE571_ORNT224_VIS10+mi.png
6,9,"[0.1005, 0.1000, 0.0996, 0.0999, 0.0998, 0.1002, 0.1009, 0.0999, 0.0992, 0.0999]",0.10092836618423462,2024-12-17-16-15-56/SITE69_ORNT39_VIS10+mi.png
6,6,"[0.1006, 0.1000, 0.0996, 0.0999, 0.0998, 0.1002, 0.1009, 0.0999, 0.0992, 0.0999]",0.10094190388917923,2025-01-22-12-38-15/SITE802_ORNT150_VIS7mi.png
6,2,"[0.1006, 0.1000, 0.0996, 0.0999, 0.0998, 0.1002, 0.1009, 0.0999, 0.0992, 0.0999]",0.1009344756603241,2024-07-28-19-40-21/SITE116_ORNT179_VIS3mi.png
6,6,"[0.1006, 0.1000, 0.0996, 0.0999, 0.0998, 0.1002, 0.1009, 0.0999, 0.0992, 0.0999]",0.10094207525253296,2024-05-01-16-21-18/SITE575_ORNT145_VIS7mi.png
6,5,"[0.1006, 0.1000, 0.0997, 0.0999, 0.0998, 0.1002, 0.1009, 0.0999, 0.0992, 0.0999]",0.10092875361442566,2024-12-29-16-00-12/SITE17_ORNT280_VIS6mi.png
6,5,"[0.1005, 0.1000, 0.0997, 0.0999, 0.0998, 0.1002, 0.1009, 0.0999, 0.0992, 0.0999]",0.10092056542634964,2024-07-24-16-43-44/SITE15_ORNT90_VIS6mi.png
6,5,"[0.1005, 0.1000, 0.0996, 0.0999, 0.0998, 0.1002, 0.1009, 0.0999, 0.0992, 0.0999]",0.100936159491539,2025-01-28-16-10-28/SITE171_ORNT126_VIS6mi.png
6,5,"[0.1005, 0.1000, 0.0996, 0.0999, 0.0998, 0.1002, 0.1009, 0.0999, 0.0992, 0.0999]",0.10092475265264511,2024-05-09-16-15-37/SITE8_ORNT278_VIS6mi.png
6,7,"[0.1006, 0.1000, 0.0997, 0.0999, 0.0998, 0.1002, 0.1009, 0.0999, 0.0992, 0.0999]",0.10092747211456299,2024-05-23-15-19-49/SITE623_ORNT10_VIS8mi.png
6,8,"[0.1005, 0.1000, 0.0996, 0.0999, 0.0999, 0.1002, 0.1009, 0.0999, 0.0992, 0.0999]",0.10093612968921661,2025-03-02-13-12-40/SITE474_ORNT180_VIS9mi.png
6,8,"[0.1005, 0.1000, 0.0997, 0.0999, 0.0998, 0.1002, 0.1009, 0.0999, 0.0992, 0.0999]",0.10091183334589005,2025-02-14-15-24-27/SITE355_ORNT130_VIS9mi.png
6,8,"[0.1005, 0.1000, 0.0996, 0.0999, 0.0998, 0.1002, 0.1009, 0.0999, 0.0992, 0.0999]",0.10093721002340317,2025-02-17-14-46-26/SITE76_ORNT60_VIS9mi.png
6,0,"[0.1005, 0.1000, 0.0996, 0.0999, 0.0998, 0.1002, 0.1009, 0.0999, 0.0992, 0.0999]",0.10094382613897324,2025-02-01-17-30-02/SITE30_ORNT345_VIS1mi.png
6,7,"[0.1006, 0.1000, 0.0996, 0.0999, 0.0998, 0.1002, 0.1009, 0.0999, 0.0992, 0.0999]",0.1009414941072464,2024-07-23-13-08-12/SITE215_ORNT235_VIS8mi.png
6,2,"[0.1006, 0.1000, 0.0996, 0.0999, 0.0998, 0.1002, 0.1009, 0.0999, 0.0992, 0.0999]",0.10094206780195236,2025-03-02-11-48-27/SITE117_ORNT128_VIS3mi.png
6,2,"[0.1005, 0.1000, 0.0996, 0.0999, 0.0998, 0.1002, 0.1009, 0.0999, 0.0992, 0.0999]",0.10094568878412247,2025-02-12-14-37-35/SITE97_ORNT247_VIS3mi.png
6,0,"[0.1006, 0.1000, 0.0997, 0.0999, 0.0998, 0.1002, 0.1009, 0.0999, 0.0992, 0.0999]",0.10092713683843613,2025-04-07-16-10-10/SITE75_ORNT75_VIS1mi.png
6,3,"[0.1005, 0.1000, 0.0996, 0.0999, 0.0998, 0.1002, 0.1009, 0.0999, 0.0992, 0.0999]",0.1009497344493866,2025-03-06-15-10-58/SITE193_ORNT80_VIS4mi.png
6,7,"[0.1005, 0.1000, 0.0996, 0.0999, 0.0998, 0.1002, 0.1009, 0.0999, 0.0992, 0.0999]",0.10093623399734497,2024-08-01-10-54-34/SITE240_ORNT48_VIS8mi.png
6,2,"[0.1006, 0.1000, 0.0996, 0.0999, 0.0998, 0.1001, 0.1010, 0.0999, 0.0992, 0.0999]",0.10095851868391037,2024-07-14-10-21-23/SITE411_ORNT75_VIS3mi.png
6,3,"[0.1006, 0.1000, 0.0996, 0.0999, 0.0998, 0.1002, 0.1009, 0.0999, 0.0992, 0.0999]",0.10093789547681808,2024-07-04-13-27-11/SITE421_ORNT170_VIS4mi.png
6,4,"[0.1006, 0.1000, 0.0996, 0.0999, 0.0998, 0.1001, 0.1010, 0.0999, 0.0992, 0.0999]",0.10096018016338348,2024-07-01-19-28-49/SITE557_ORNT291_VIS5mi.png
6,3,"[0.1005, 0.1000, 0.0997, 0.0999, 0.0998, 0.1002, 0.1009, 0.0999, 0.0992, 0.0999]",0.10091197490692139,2025-03-05-12-08-53/SITE386_ORNT30_VIS4mi.png
6,0,"[0.1005, 0.1000, 0.0996, 0.0999, 0.0998, 0.1002, 0.1009, 0.0999, 0.0992, 0.0999]",0.10093728452920914,2025-04-01-16-59-16/SITE59_ORNT10_VIS1-25mi.png
6,5,"[0.1006, 0.1000, 0.0996, 0.0999, 0.0998, 0.1002, 0.1009, 0.0999, 0.0992, 0.0999]",0.10093731433153152,2025-01-15-15-33-17/SITE215_ORNT40_VIS6mi.png
6,2,"[0.1005, 0.1000, 0.0996, 0.0999, 0.0998, 0.1002, 0.1009, 0.0999, 0.0992, 0.0999]",0.10093256831169128,2025-03-18-13-52-55/SITE542_ORNT80_VIS3mi.png
6,0,"[0.1005, 0.1000, 0.0996, 0.0999, 0.0998, 0.1002, 0.1009, 0.0999, 0.0992, 0.0999]",0.10094648599624634,2025-02-04-15-47-48/SITE12_ORNT5_VIS1mi.png
6,8,"[0.1005, 0.1000, 0.0997, 0.0999, 0.0998, 0.1002, 0.1009, 0.0999, 0.0992, 0.0999]",0.10090982913970947,2025-03-01-18-07-41/SITE343_ORNT180_VIS9mi.png
6,2,"[0.1006, 0.1000, 0.0996, 0.0999, 0.0998, 0.1002, 0.1009, 0.0999, 0.0992, 0.0999]",0.10094057768583298,2024-07-27-10-27-08/SITE5_ORNT155_VIS3mi.png
6,2,"[0.1005, 0.1000, 0.0996, 0.0999, 0.0998, 0.1002, 0.1009, 0.0999, 0.0992, 0.0999]",0.10092984139919281,2025-04-16-13-54-24/SITE366_ORNT200_VIS3mi.png
6,4,"[0.1005, 0.1000, 0.0996, 0.0999, 0.0998, 0.1002, 0.1009, 0.0999, 0.0992, 0.0999]",0.10093916952610016,2025-01-15-12-14-16/SITE557_ORNT191_VIS5mi.png
6,6,"[0.1006, 0.1000, 0.0996, 0.0999, 0.0998, 0.1001, 0.1010, 0.0999, 0.0992, 0.0999]",0.1009603887796402,2025-04-07-16-10-10/SITE658_ORNT120_VIS7mi.png
6,9,"[0.1006, 0.1000, 0.0997, 0.0999, 0.0998, 0.1002, 0.1009, 0.0999, 0.0992, 0.0999]",0.10089702904224396,2025-02-19-12-18-05/SITE871_ORNT90_VIS10+mi.png
6,5,"[0.1005, 0.1000, 0.0996, 0.0999, 0.0998, 0.1002, 0.1009, 0.0999, 0.0992, 0.0999]",0.1009456142783165,2025-02-19-12-18-05/SITE564_ORNT18_VIS6mi.png
6,6,"[0.1006, 0.1000, 0.0996, 0.0999, 0.0998, 0.1001, 0.1010, 0.0999, 0.0992, 0.0999]",0.10095886141061783,2025-02-04-15-47-48/SITE760_ORNT140_VIS7mi.png
6,6,"[0.1006, 0.1000, 0.0997, 0.0999, 0.0998, 0.1002, 0.1009, 0.0999, 0.0992, 0.0999]",0.10093044489622116,2024-08-31-14-30-34/SITE4_ORNT187_VIS7mi.png
6,1,"[0.1006, 0.1000, 0.0996, 0.0999, 0.0998, 0.1001, 0.1010, 0.0999, 0.0992, 0.0999]",0.10095596313476562,2024-09-19-14-23-02/SITE262_ORNT124_VIS2mi.png
6,1,"[0.1006, 0.1000, 0.0996, 0.0999, 0.0998, 0.1001, 0.1010, 0.0999, 0.0992, 0.0999]",0.10095904022455215,2024-05-30-17-47-26/SITE25_ORNT30_VIS2mi.png
6,9,"[0.1006, 0.1000, 0.0997, 0.0999, 0.0998, 0.1002, 0.1009, 0.0999, 0.0992, 0.0999]",0.10089483112096786,2025-04-10-17-56-44/SITE852_ORNT315_VIS10+mi.png
6,2,"[0.1005, 0.1000, 0.0996, 0.0999, 0.0998, 0.1001, 0.1009, 0.0999, 0.0992, 0.0999]",0.1009494736790657,2025-01-23-15-05-27/SITE602_ORNT60_VIS3mi.png
6,5,"[0.1005, 0.1000, 0.0996, 0.0999, 0.0999, 0.1001, 0.1009, 0.0999, 0.0992, 0.0999]",0.1009417399764061,2025-04-16-13-54-24/SITE404_ORNT180_VIS6mi.png
6,5,"[0.1005, 0.1000, 0.0996, 0.0999, 0.0998, 0.1002, 0.1009, 0.0999, 0.0992, 0.0999]",0.10094884037971497,2024-07-28-13-48-26/SITE411_ORNT280_VIS6mi.png
6,7,"[0.1005, 0.1000, 0.0996, 0.0999, 0.0998, 0.1002, 0.1009, 0.0999, 0.0992, 0.0999]",0.10092519968748093,2024-07-14-16-38-50/SITE239_ORNT110_VIS8mi.png
6,1,"[0.1005, 0.1000, 0.0996, 0.0999, 0.0998, 0.1002, 0.1009, 0.0999, 0.0992, 0.0999]",0.10093386471271515,2025-03-01-18-07-41/SITE86_ORNT321_VIS2-5mi.png
6,9,"[0.1006, 0.1000, 0.0997, 0.0999, 0.0998, 0.1002, 0.1009, 0.0999, 0.0992, 0.0999]",0.10092568397521973,2025-02-14-15-24-27/SITE725_ORNT295_VIS10+mi.png
6,9,"[0.1006, 0.1000, 0.0996, 0.0999, 0.0998, 0.1002, 0.1009, 0.0999, 0.0992, 0.0999]",0.10093771666288376,2025-04-22-15-39-35/SITE4_ORNT303_VIS10+mi.png
6,6,"[0.1006, 0.1000, 0.0996, 0.0999, 0.0998, 0.1002, 0.1010, 0.0999, 0.0992, 0.0999]",0.10095267742872238,2024-07-28-13-48-26/SITE760_ORNT190_VIS7mi.png
6,4,"[0.1006, 0.1000, 0.0996, 0.0999, 0.0998, 0.1002, 0.1009, 0.0999, 0.0992, 0.0999]",0.10094448924064636,2025-03-04-14-20-15/SITE417_ORNT315_VIS5mi.png
6,1,"[0.1005, 0.1000, 0.0996, 0.0999, 0.0998, 0.1002, 0.1009, 0.0999, 0.0992, 0.0999]",0.10093249380588531,2025-01-31-13-49-43/SITE19_ORNT325_VIS2-5mi.png
6,5,"[0.1005, 0.1000, 0.0997, 0.0999, 0.0998, 0.1002, 0.1009, 0.0999, 0.0992, 0.0999]",0.1009097695350647,2025-02-15-15-20-00/SITE397_ORNT345_VIS6mi.png
6,0,"[0.1005, 0.1000, 0.0996, 0.0999, 0.0998, 0.1001, 0.1010, 0.0999, 0.0992, 0.0999]",0.10095290094614029,2025-02-11-14-30-47/SITE545_ORNT240_VIS1-5mi.png
6,8,"[0.1005, 0.1000, 0.0996, 0.0999, 0.0998, 0.1002, 0.1009, 0.0999, 0.0992, 0.0999]",0.10092078149318695,2024-08-18-19-28-16/SITE323_ORNT315_VIS9mi.png
6,3,"[0.1005, 0.1000, 0.0996, 0.0999, 0.0998, 0.1002, 0.1009, 0.0999, 0.0992, 0.0999]",0.10093001276254654,2024-05-09-16-15-37/SITE125_ORNT190_VIS4mi.png
6,3,"[0.1005, 0.1000, 0.0996, 0.0999, 0.0998, 0.1002, 0.1009, 0.0999, 0.0992, 0.0999]",0.10093865543603897,2025-02-15-15-20-00/SITE194_ORNT237_VIS4mi.png
6,4,"[0.1005, 0.1000, 0.0996, 0.0999, 0.0998, 0.1002, 0.1009, 0.0999, 0.0992, 0.0999]",0.10093546658754349,2025-03-29-15-28-57/SITE178_ORNT40_VIS5mi.png
6,2,"[0.1006, 0.1000, 0.0996, 0.0999, 0.0998, 0.1002, 0.1009, 0.0999, 0.0992, 0.0999]",0.10094814747571945,2024-06-29-10-50-12/SITE203_ORNT220_VIS3mi.png
6,3,"[0.1005, 0.1000, 0.0996, 0.0999, 0.0998, 0.1002, 0.1009, 0.0999, 0.0992, 0.0999]",0.10092946887016296,2024-07-27-10-27-08/SITE747_ORNT0_VIS4mi.png
6,2,"[0.1005, 0.1000, 0.0996, 0.0999, 0.0998, 0.1002, 0.1009, 0.0999, 0.0992, 0.0999]",0.10093814879655838,2025-03-02-13-12-40/SITE48_ORNT20_VIS3mi.png
6,1,"[0.1006, 0.1000, 0.0996, 0.0999, 0.0998, 0.1002, 0.1009, 0.0999, 0.0992, 0.0999]",0.10094078630208969,2025-02-11-14-30-47/SITE417_ORNT140_VIS2-5mi.png
6,3,"[0.1006, 0.1000, 0.0996, 0.0999, 0.0998, 0.1002, 0.1009, 0.0999, 0.0992, 0.0999]",0.10094745457172394,2024-08-30-17-21-54/SITE123_ORNT67_VIS4mi.png
6,4,"[0.1006, 0.1000, 0.0996, 0.0999, 0.0998, 0.1001, 0.1010, 0.0999, 0.0992, 0.0999]",0.10096275061368942,2024-07-29-16-41-43/SITE722_ORNT315_VIS5mi.png
6,8,"[0.1005, 0.1000, 0.0996, 0.0999, 0.0998, 0.1002, 0.1009, 0.0999, 0.0992, 0.0999]",0.10091985017061234,2024-06-17-10-37-40/SITE324_ORNT115_VIS9mi.png
6,1,"[0.1006, 0.1000, 0.0996, 0.0999, 0.0998, 0.1002, 0.1009, 0.0999, 0.0992, 0.0999]",0.10094357281923294,2024-06-14-14-13-33/SITE240_ORNT286_VIS2mi.png
6,4,"[0.1006, 0.1000, 0.0996, 0.0999, 0.0998, 0.1002, 0.1009, 0.0999, 0.0992, 0.0999]",0.10094747692346573,2024-08-02-20-27-22/SITE178_ORNT110_VIS5mi.png
6,8,"[0.1005, 0.1000, 0.0997, 0.0999, 0.0998, 0.1002, 0.1009, 0.0999, 0.0992, 0.0999]",0.10089538991451263,2024-08-16-20-03-50/SITE328_ORNT0_VIS9mi.png
6,4,"[0.1005, 0.1000, 0.0996, 0.0999, 0.0998, 0.1002, 0.1009, 0.0999, 0.0992, 0.0999]",0.1009393110871315,2024-10-07-14-17-08/SITE490_ORNT280_VIS5mi.png
6,3,"[0.1005, 0.1000, 0.0997, 0.0999, 0.0998, 0.1002, 0.1009, 0.0999, 0.0992, 0.0999]",0.10090322047472,2025-03-15-15-41-34/SITE5_ORNT155_VIS4mi.png
6,3,"[0.1006, 0.1000, 0.0996, 0.0999, 0.0998, 0.1001, 0.1010, 0.0999, 0.0992, 0.0999]",0.10095527768135071,2024-08-18-13-20-24/SITE241_ORNT34_VIS4mi.png
6,6,"[0.1005, 0.1000, 0.0997, 0.0999, 0.0998, 0.1002, 0.1009, 0.0999, 0.0992, 0.0999]",0.10091784596443176,2024-12-16-12-39-30/SITE721_ORNT140_VIS7mi.png
6,6,"[0.1005, 0.1000, 0.0996, 0.0999, 0.0998, 0.1002, 0.1009, 0.0999, 0.0992, 0.0999]",0.10093677788972855,2025-03-02-13-12-40/SITE268_ORNT255_VIS7mi.png
6,9,"[0.1006, 0.1000, 0.0997, 0.0999, 0.0998, 0.1002, 0.1009, 0.0999, 0.0992, 0.0999]",0.10090120136737823,2025-01-26-15-53-06/SITE574_ORNT70_VIS10+mi.png
6,9,"[0.1005, 0.1000, 0.0996, 0.0999, 0.0998, 0.1002, 0.1009, 0.0999, 0.0992, 0.0999]",0.10091790556907654,2024-05-31-15-13-16/SITE327_ORNT45_VIS15mi.png
6,1,"[0.1005, 0.1000, 0.0996, 0.0999, 0.0998, 0.1002, 0.1009, 0.0999, 0.0992, 0.0999]",0.1009390726685524,2024-07-28-11-17-19/SITE244_ORNT240_VIS2mi.png
6,6,"[0.1005, 0.1000, 0.0996, 0.0999, 0.0998, 0.1002, 0.1009, 0.0999, 0.0992, 0.0999]",0.10093041509389877,2024-05-30-17-47-26/SITE22_ORNT100_VIS7mi.png
6,7,"[0.1005, 0.1000, 0.0996, 0.0999, 0.0998, 0.1002, 0.1009, 0.0999, 0.0992, 0.0999]",0.10094396024942398,2024-08-02-10-36-13/SITE507_ORNT90_VIS8mi.png
6,5,"[0.1006, 0.1000, 0.0996, 0.0999, 0.0998, 0.1002, 0.1009, 0.0999, 0.0992, 0.0999]",0.1009456142783165,2025-03-06-15-10-58/SITE541_ORNT350_VIS6mi.png
6,5,"[0.1005, 0.1000, 0.0996, 0.0999, 0.0998, 0.1002, 0.1010, 0.0999, 0.0992, 0.0999]",0.10095162689685822,2024-08-24-13-47-04/SITE58_ORNT175_VIS6mi.png
6,5,"[0.1005, 0.1000, 0.0996, 0.0999, 0.0998, 0.1002, 0.1009, 0.0999, 0.0992, 0.0999]",0.10093072801828384,2025-02-17-14-46-26/SITE33_ORNT350_VIS6mi.png
6,2,"[0.1005, 0.1000, 0.0997, 0.0999, 0.0998, 0.1002, 0.1009, 0.0999, 0.0992, 0.0999]",0.10090440511703491,2024-12-16-12-39-30/SITE339_ORNT290_VIS3mi.png
6,0,"[0.1005, 0.1000, 0.0996, 0.0999, 0.0998, 0.1002, 0.1009, 0.0999, 0.0992, 0.0999]",0.10093739628791809,2024-07-22-20-17-56/SITE217_ORNT250_VIS1-5mi.png
6,2,"[0.1005, 0.1000, 0.0996, 0.0999, 0.0999, 0.1001, 0.1009, 0.0998, 0.0993, 0.0999]",0.10094835609197617,2024-12-29-16-00-12/SITE361_ORNT170_VIS3mi.png
6,5,"[0.1005, 0.1000, 0.0996, 0.0999, 0.0998, 0.1002, 0.1009, 0.0999, 0.0992, 0.0999]",0.10094552487134933,2025-03-02-13-12-40/SITE207_ORNT75_VIS6mi.png
6,3,"[0.1005, 0.1000, 0.0996, 0.0999, 0.0998, 0.1002, 0.1009, 0.0999, 0.0992, 0.0999]",0.10094067454338074,2025-03-02-11-48-27/SITE377_ORNT235_VIS4mi.png
6,7,"[0.1005, 0.1000, 0.0996, 0.0999, 0.0998, 0.1002, 0.1009, 0.0999, 0.0992, 0.0999]",0.10094453394412994,2024-07-25-10-00-39/SITE388_ORNT325_VIS8mi.png
6,9,"[0.1005, 0.1000, 0.0996, 0.0999, 0.0998, 0.1001, 0.1010, 0.0999, 0.0992, 0.0999]",0.10095161199569702,2025-03-02-11-48-27/SITE831_ORNT125_VIS10+mi.png
6,8,"[0.1005, 0.1000, 0.0996, 0.0999, 0.0999, 0.1002, 0.1009, 0.0998, 0.0993, 0.0999]",0.10093151777982712,2025-04-11-14-52-32/SITE340_ORNT230_VIS9mi.png
6,5,"[0.1005, 0.1000, 0.0996, 0.0999, 0.0998, 0.1002, 0.1009, 0.0999, 0.0992, 0.0999]",0.10093621164560318,2025-03-31-13-29-12/SITE76_ORNT60_VIS6mi.png
6,6,"[0.1005, 0.1000, 0.0996, 0.0999, 0.0998, 0.1002, 0.1010, 0.0999, 0.0992, 0.0999]",0.1009504646062851,2024-05-27-19-19-47/SITE411_ORNT220_VIS7mi.png
6,0,"[0.1006, 0.1000, 0.0997, 0.0999, 0.0998, 0.1002, 0.1009, 0.0999, 0.0992, 0.0999]",0.10090968757867813,2024-07-04-13-27-11/SITE43_ORNT190_VIS1-25mi.png
6,6,"[0.1005, 0.1000, 0.0996, 0.0999, 0.0998, 0.1001, 0.1010, 0.0999, 0.0992, 0.0999]",0.10096348822116852,2024-08-26-16-02-03/SITE411_ORNT75_VIS7mi.png
6,9,"[0.1006, 0.1000, 0.0997, 0.1000, 0.0998, 0.1002, 0.1009, 0.0999, 0.0992, 0.0999]",0.10089036822319031,2025-03-20-11-55-50/SITE483_ORNT275_VIS20mi.png
6,1,"[0.1005, 0.1000, 0.0997, 0.0999, 0.0998, 0.1002, 0.1009, 0.0999, 0.0992, 0.0999]",0.10092321783304214,2025-03-23-13-51-54/SITE230_ORNT214_VIS2-5mi.png
6,4,"[0.1005, 0.1000, 0.0996, 0.0999, 0.0998, 0.1002, 0.1009, 0.0999, 0.0992, 0.0999]",0.10094065964221954,2025-04-16-13-54-24/SITE624_ORNT145_VIS5mi.png
6,4,"[0.1006, 0.1000, 0.0997, 0.0999, 0.0998, 0.1002, 0.1009, 0.0999, 0.0992, 0.0999]",0.1009201779961586,2024-10-19-10-55-55/SITE334_ORNT325_VIS5mi.png
6,7,"[0.1006, 0.1000, 0.0996, 0.0999, 0.0998, 0.1002, 0.1010, 0.0999, 0.0992, 0.0999]",0.1009557694196701,2024-04-30-13-21-52/SITE734_ORNT75_VIS8mi.png
6,4,"[0.1005, 0.1000, 0.0996, 0.0999, 0.0998, 0.1002, 0.1009, 0.0999, 0.0992, 0.0999]",0.10094980150461197,2025-02-15-15-20-00/SITE129_ORNT109_VIS5mi.png
6,2,"[0.1006, 0.1000, 0.0996, 0.0999, 0.0998, 0.1002, 0.1009, 0.0999, 0.0992, 0.0999]",0.10094040632247925,2024-09-07-13-37-18/SITE167_ORNT60_VIS3mi.png
6,1,"[0.1006, 0.1000, 0.0997, 0.0999, 0.0998, 0.1002, 0.1009, 0.0999, 0.0992, 0.0999]",0.10092528909444809,2024-12-10-14-08-09/SITE719_ORNT300_VIS2-5mi.png
6,0,"[0.1005, 0.1000, 0.0996, 0.0999, 0.0998, 0.1002, 0.1009, 0.0999, 0.0992, 0.0999]",0.1009429544210434,2025-01-28-16-10-28/SITE161_ORNT316_VIS1-5mi.png
6,2,"[0.1005, 0.1000, 0.0996, 0.0999, 0.0998, 0.1002, 0.1009, 0.0999, 0.0992, 0.0999]",0.10092230886220932,2024-07-04-10-22-12/SITE438_ORNT110_VIS3mi.png
6,8,"[0.1005, 0.1000, 0.0996, 0.0999, 0.0998, 0.1002, 0.1009, 0.0999, 0.0992, 0.0999]",0.10093139111995697,2025-04-01-16-59-16/SITE407_ORNT50_VIS9mi.png
6,5,"[0.1006, 0.1000, 0.0996, 0.0999, 0.0998, 0.1001, 0.1010, 0.0999, 0.0992, 0.0999]",0.10097721964120865,2025-03-18-13-52-55/SITE161_ORNT192_VIS6mi.png
6,6,"[0.1005, 0.1000, 0.0996, 0.0999, 0.0998, 0.1002, 0.1009, 0.0999, 0.0992, 0.0999]",0.10094991326332092,2024-07-25-10-00-39/SITE569_ORNT276_VIS7mi.png
6,2,"[0.1006, 0.1000, 0.0996, 0.0999, 0.0998, 0.1002, 0.1009, 0.0999, 0.0992, 0.0999]",0.10094338655471802,2024-08-24-13-47-04/SITE179_ORNT108_VIS3mi.png
6,9,"[0.1006, 0.1000, 0.0996, 0.0999, 0.0998, 0.1001, 0.1010, 0.0999, 0.0992, 0.0999]",0.10096591711044312,2024-10-13-15-24-41/SITE722_ORNT15_VIS10+mi.png
6,0,"[0.1005, 0.1000, 0.0996, 0.0999, 0.0998, 0.1002, 0.1009, 0.0999, 0.0992, 0.0999]",0.10093142837285995,2024-06-10-18-34-10/SITE94_ORNT80_VIS1-25mi.png
6,7,"[0.1005, 0.1000, 0.0996, 0.0999, 0.0998, 0.1001, 0.1009, 0.0999, 0.0992, 0.0999]",0.10094921290874481,2024-07-29-16-41-43/SITE261_ORNT350_VIS8mi.png
6,4,"[0.1006, 0.1000, 0.0996, 0.0999, 0.0998, 0.1002, 0.1009, 0.0999, 0.0992, 0.0999]",0.10094869136810303,2024-07-18-11-32-15/SITE19_ORNT325_VIS5mi.png
6,1,"[0.1005, 0.1000, 0.0997, 0.0999, 0.0998, 0.1002, 0.1009, 0.0999, 0.0992, 0.0999]",0.10092251747846603,2024-07-25-18-03-52/SITE53_ORNT15_VIS2mi.png
6,3,"[0.1006, 0.1000, 0.0996, 0.0999, 0.0998, 0.1002, 0.1009, 0.0999, 0.0992, 0.0999]",0.10094790905714035,2024-05-28-11-05-32/SITE439_ORNT200_VIS4mi.png
6,2,"[0.1006, 0.1000, 0.0996, 0.0999, 0.0998, 0.1002, 0.1010, 0.0999, 0.0992, 0.0999]",0.10095063596963882,2024-06-09-10-51-06/SITE442_ORNT210_VIS3mi.png
6,3,"[0.1005, 0.1000, 0.0997, 0.0999, 0.0998, 0.1002, 0.1009, 0.0999, 0.0992, 0.0999]",0.10091327130794525,2024-12-16-12-39-30/SITE343_ORNT360_VIS4mi.png
6,3,"[0.1005, 0.1000, 0.0996, 0.0999, 0.0998, 0.1002, 0.1009, 0.0999, 0.0992, 0.0999]",0.10093523561954498,2024-09-08-16-00-24/SITE19_ORNT170_VIS4mi.png
6,7,"[0.1005, 0.1000, 0.0996, 0.0999, 0.0998, 0.1002, 0.1009, 0.0999, 0.0992, 0.0999]",0.10094139724969864,2024-07-23-13-08-12/SITE580_ORNT270_VIS8mi.png
6,4,"[0.1006, 0.1000, 0.0996, 0.0999, 0.0998, 0.1001, 0.1010, 0.0999, 0.0992, 0.0999]",0.10095786303281784,2025-04-22-15-39-35/SITE722_ORNT255_VIS5mi.png
6,7,"[0.1006, 0.1000, 0.0996, 0.0999, 0.0998, 0.1002, 0.1010, 0.0999, 0.0992, 0.0999]",0.10095001757144928,2025-02-17-14-46-26/SITE53_ORNT223_VIS8mi.png
6,2,"[0.1005, 0.1000, 0.0996, 0.0999, 0.0998, 0.1002, 0.1009, 0.0999, 0.0992, 0.0999]",0.1009448915719986,2025-03-01-18-07-41/SITE45_ORNT5_VIS3mi.png
6,8,"[0.1005, 0.1000, 0.0996, 0.0999, 0.0998, 0.1002, 0.1009, 0.0999, 0.0992, 0.0999]",0.10092983394861221,2025-02-15-16-53-20/SITE362_ORNT25_VIS9mi.png
6,8,"[0.1005, 0.1000, 0.0996, 0.0999, 0.0998, 0.1002, 0.1009, 0.0999, 0.0992, 0.0999]",0.10093723982572556,2024-08-01-13-32-05/SITE295_ORNT315_VIS9mi.png
6,1,"[0.1005, 0.1000, 0.0996, 0.0999, 0.0998, 0.1002, 0.1009, 0.0999, 0.0992, 0.0999]",0.1009468212723732,2025-03-31-15-41-11/SITE12_ORNT5_VIS2mi.png
6,2,"[0.1005, 0.1000, 0.0996, 0.0999, 0.0998, 0.1002, 0.1009, 0.0999, 0.0992, 0.0999]",0.10093770176172256,2024-07-05-14-33-31/SITE65_ORNT290_VIS3mi.png
6,4,"[0.1005, 0.1000, 0.0997, 0.1000, 0.0998, 0.1002, 0.1009, 0.0999, 0.0992, 0.0999]",0.10088768601417542,2025-03-26-12-24-08/SITE519_ORNT200_VIS5mi.png
6,2,"[0.1006, 0.1000, 0.0996, 0.0999, 0.0998, 0.1001, 0.1010, 0.0999, 0.0992, 0.0999]",0.10095786303281784,2024-08-18-13-20-24/SITE33_ORNT90_VIS3mi.png
6,7,"[0.1005, 0.1000, 0.0997, 0.0999, 0.0998, 0.1002, 0.1009, 0.0998, 0.0992, 0.0999]",0.10090533643960953,2024-04-30-13-21-52/SITE457_ORNT110_VIS8mi.png
6,9,"[0.1005, 0.1000, 0.0996, 0.0999, 0.0998, 0.1002, 0.1009, 0.0999, 0.0992, 0.0999]",0.10091744363307953,2025-03-18-13-52-55/SITE426_ORNT310_VIS25mi.png
6,4,"[0.1006, 0.1000, 0.0996, 0.0999, 0.0998, 0.1001, 0.1010, 0.0999, 0.0992, 0.0999]",0.10095442831516266,2025-03-28-10-38-15/SITE570_ORNT344_VIS5mi.png
6,9,"[0.1006, 0.1000, 0.0996, 0.0999, 0.0998, 0.1002, 0.1010, 0.0999, 0.0992, 0.0999]",0.10095632821321487,2024-12-09-12-13-38/SITE581_ORNT250_VIS10+mi.png
6,6,"[0.1006, 0.1000, 0.0997, 0.0999, 0.0998, 0.1002, 0.1009, 0.0999, 0.0992, 0.0999]",0.10092717409133911,2025-03-31-15-41-11/SITE760_ORNT255_VIS7mi.png
6,7,"[0.1006, 0.1000, 0.0996, 0.0999, 0.0998, 0.1002, 0.1009, 0.0999, 0.0992, 0.0999]",0.1009468361735344,2025-02-10-14-47-56/SITE268_ORNT355_VIS8mi.png
6,0,"[0.1005, 0.1000, 0.0997, 0.0999, 0.0998, 0.1002, 0.1009, 0.0999, 0.0992, 0.0999]",0.10092668980360031,2025-04-02-15-05-32/SITE167_ORNT105_VIS1-5mi.png
6,8,"[0.1005, 0.1000, 0.0996, 0.0999, 0.0999, 0.1001, 0.1009, 0.0999, 0.0992, 0.0999]",0.100938580930233,2024-05-28-11-05-32/SITE309_ORNT130_VIS9mi.png
6,9,"[0.1006, 0.1000, 0.0997, 0.0999, 0.0998, 0.1002, 0.1009, 0.0999, 0.0992, 0.0999]",0.10090675950050354,2025-03-26-12-24-08/SITE694_ORNT35_VIS10+mi.png
6,0,"[0.1006, 0.1000, 0.0997, 0.0999, 0.0998, 0.1002, 0.1009, 0.0999, 0.0992, 0.0999]",0.10092201828956604,2025-03-31-13-29-12/SITE15_ORNT90_VIS1-25mi.png
6,2,"[0.1005, 0.1000, 0.0997, 0.0999, 0.0998, 0.1002, 0.1009, 0.0999, 0.0992, 0.0999]",0.10091596096754074,2025-03-02-13-12-40/SITE15_ORNT170_VIS3mi.png
6,5,"[0.1005, 0.1000, 0.0996, 0.0999, 0.0998, 0.1001, 0.1010, 0.0999, 0.0992, 0.0999]",0.1009564995765686,2024-06-28-13-30-05/SITE312_ORNT240_VIS6mi.png
6,2,"[0.1005, 0.1000, 0.0996, 0.0999, 0.0998, 0.1002, 0.1009, 0.0999, 0.0992, 0.0999]",0.10093070566654205,2024-12-03-11-18-04/SITE508_ORNT135_VIS3mi.png
6,8,"[0.1005, 0.1000, 0.0996, 0.0999, 0.0998, 0.1002, 0.1009, 0.0999, 0.0992, 0.0999]",0.10091982036828995,2024-06-10-14-33-22/SITE508_ORNT225_VIS9mi.png
6,7,"[0.1006, 0.1000, 0.0997, 0.0999, 0.0998, 0.1002, 0.1009, 0.0999, 0.0992, 0.0999]",0.1009240373969078,2025-04-14-19-44-02/SITE41_ORNT335_VIS8mi.png
6,7,"[0.1005, 0.1000, 0.0997, 0.0999, 0.0998, 0.1002, 0.1009, 0.0999, 0.0992, 0.0999]",0.1008983850479126,2025-01-31-13-49-43/SITE389_ORNT120_VIS8mi.png
6,7,"[0.1005, 0.1000, 0.0996, 0.0999, 0.0998, 0.1002, 0.1009, 0.0999, 0.0992, 0.0999]",0.10094879567623138,2025-03-05-12-08-53/SITE808_ORNT235_VIS8mi.png
6,7,"[0.1005, 0.1000, 0.0996, 0.0999, 0.0998, 0.1002, 0.1009, 0.0999, 0.0992, 0.0999]",0.1009429320693016,2024-08-01-10-54-34/SITE241_ORNT120_VIS8mi.png
6,6,"[0.1005, 0.1000, 0.0996, 0.0999, 0.0998, 0.1002, 0.1009, 0.0999, 0.0992, 0.0999]",0.10093273967504501,2024-06-18-18-07-05/SITE22_ORNT285_VIS7mi.png
6,9,"[0.1006, 0.1000, 0.0996, 0.0999, 0.0998, 0.1002, 0.1009, 0.0999, 0.0992, 0.0999]",0.1009482890367508,2025-03-15-15-41-34/SITE21_ORNT280_VIS10+mi.png
6,6,"[0.1005, 0.1000, 0.0996, 0.0999, 0.0998, 0.1002, 0.1009, 0.0999, 0.0992, 0.0999]",0.1009366437792778,2025-03-23-13-51-54/SITE59_ORNT10_VIS7mi.png
6,5,"[0.1006, 0.1000, 0.0997, 0.0999, 0.0998, 0.1002, 0.1009, 0.0999, 0.0992, 0.0999]",0.10092619806528091,2025-03-04-14-20-15/SITE22_ORNT285_VIS6mi.png
6,3,"[0.1005, 0.1000, 0.0996, 0.0999, 0.0998, 0.1002, 0.1009, 0.0999, 0.0992, 0.0999]",0.10092715173959732,2024-10-18-12-30-03/SITE8_ORNT278_VIS4mi.png
6,9,"[0.1005, 0.1000, 0.0996, 0.0999, 0.0998, 0.1001, 0.1010, 0.0999, 0.0992, 0.0999]",0.10095496475696564,2024-12-29-16-00-12/SITE818_ORNT95_VIS10+mi.png
6,8,"[0.1005, 0.1000, 0.0996, 0.0999, 0.0999, 0.1002, 0.1009, 0.0999, 0.0992, 0.0999]",0.10092271119356155,2025-02-14-15-24-27/SITE352_ORNT340_VIS9mi.png
6,0,"[0.1006, 0.1000, 0.0996, 0.0999, 0.0998, 0.1002, 0.1009, 0.0999, 0.0992, 0.0999]",0.10094808042049408,2024-07-07-11-04-33/SITE65_ORNT290_VIS1-75mi.png
6,3,"[0.1006, 0.1000, 0.0997, 0.0999, 0.0998, 0.1002, 0.1009, 0.0999, 0.0992, 0.0999]",0.1009255200624466,2024-12-17-16-15-56/SITE692_ORNT60_VIS4mi.png
6,6,"[0.1006, 0.1000, 0.0996, 0.0999, 0.0998, 0.1002, 0.1009, 0.0999, 0.0992, 0.0999]",0.10094629228115082,2024-07-28-13-48-26/SITE422_ORNT85_VIS7mi.png
6,4,"[0.1005, 0.1000, 0.0996, 0.0999, 0.0999, 0.1001, 0.1009, 0.0998, 0.0993, 0.0999]",0.10093838721513748,2024-11-19-11-24-38/SITE385_ORNT230_VIS5mi.png
6,1,"[0.1006, 0.1000, 0.0996, 0.0999, 0.0998, 0.1002, 0.1009, 0.0999, 0.0992, 0.0999]",0.10094685852527618,2024-09-08-16-00-24/SITE26_ORNT310_VIS2mi.png
6,3,"[0.1006, 0.1000, 0.0996, 0.0999, 0.0998, 0.1001, 0.1010, 0.0999, 0.0992, 0.0999]",0.10095825791358948,2025-03-05-12-08-53/SITE719_ORNT180_VIS4mi.png
6,9,"[0.1006, 0.1000, 0.0997, 0.1000, 0.0998, 0.1002, 0.1009, 0.0999, 0.0992, 0.0999]",0.10089054703712463,2025-01-17-15-10-02/SITE721_ORNT0_VIS10+mi.png
6,0,"[0.1005, 0.1000, 0.0996, 0.0999, 0.0998, 0.1002, 0.1009, 0.0999, 0.0992, 0.0999]",0.10094596445560455,2025-01-15-15-33-17/SITE186_ORNT275_VIS1-75mi.png
6,2,"[0.1005, 0.1000, 0.0996, 0.0999, 0.0998, 0.1002, 0.1009, 0.0999, 0.0992, 0.0999]",0.10093701630830765,2025-02-01-17-30-02/SITE18_ORNT290_VIS3mi.png
6,4,"[0.1006, 0.1000, 0.0996, 0.0999, 0.0998, 0.1001, 0.1010, 0.0999, 0.0992, 0.0999]",0.10096240043640137,2024-06-06-17-01-51/SITE12_ORNT200_VIS5mi.png
6,2,"[0.1006, 0.1000, 0.0996, 0.0999, 0.0998, 0.1002, 0.1009, 0.0999, 0.0992, 0.0999]",0.10094621777534485,2024-10-05-11-04-16/SITE595_ORNT180_VIS3mi.png
6,6,"[0.1006, 0.1000, 0.0997, 0.0999, 0.0998, 0.1002, 0.1009, 0.0999, 0.0992, 0.0999]",0.10092714428901672,2024-07-28-13-48-26/SITE422_ORNT300_VIS7mi.png
6,3,"[0.1006, 0.1000, 0.0996, 0.0999, 0.0998, 0.1002, 0.1010, 0.0999, 0.0992, 0.0999]",0.10095126181840897,2025-03-05-12-08-53/SITE719_ORNT20_VIS4mi.png
6,0,"[0.1005, 0.1000, 0.0996, 0.0999, 0.0998, 0.1002, 0.1009, 0.0999, 0.0992, 0.0999]",0.10093391686677933,2025-02-10-14-47-56/SITE719_ORNT20_VIS1mi.png
6,5,"[0.1005, 0.1000, 0.0996, 0.0999, 0.0998, 0.1002, 0.1009, 0.0999, 0.0992, 0.0999]",0.10092552751302719,2025-01-26-15-53-06/SITE338_ORNT345_VIS6mi.png
6,1,"[0.1005, 0.1000, 0.0997, 0.0999, 0.0998, 0.1002, 0.1009, 0.0999, 0.0992, 0.0999]",0.10089825838804245,2025-03-31-13-29-12/SITE383_ORNT215_VIS2-25mi.png
6,1,"[0.1005, 0.1000, 0.0996, 0.0999, 0.0998, 0.1001, 0.1010, 0.0999, 0.0992, 0.0999]",0.10095486789941788,2025-04-11-14-52-32/SITE96_ORNT233_VIS2mi.png
6,2,"[0.1006, 0.1000, 0.0996, 0.0999, 0.0998, 0.1002, 0.1009, 0.0999, 0.0992, 0.0999]",0.10093565285205841,2024-06-17-10-37-40/SITE568_ORNT67_VIS3mi.png
6,2,"[0.1005, 0.1000, 0.0997, 0.0999, 0.0998, 0.1002, 0.1009, 0.0999, 0.0992, 0.0999]",0.10091020166873932,2025-03-02-13-12-40/SITE397_ORNT270_VIS3mi.png
6,0,"[0.1005, 0.1000, 0.0996, 0.0999, 0.0998, 0.1002, 0.1009, 0.0999, 0.0992, 0.0999]",0.10093335807323456,2024-07-01-19-28-49/SITE239_ORNT110_VIS1-5mi.png
6,2,"[0.1006, 0.1000, 0.0996, 0.0999, 0.0998, 0.1001, 0.1010, 0.0999, 0.0992, 0.0999]",0.10096628218889236,2024-07-27-10-27-08/SITE411_ORNT280_VIS3mi.png
6,0,"[0.1005, 0.1000, 0.0996, 0.0999, 0.0998, 0.1002, 0.1009, 0.0999, 0.0992, 0.0999]",0.10093492269515991,2024-07-29-16-41-43/SITE19_ORNT60_VIS1-75mi.png
6,2,"[0.1005, 0.1000, 0.0996, 0.0999, 0.0998, 0.1002, 0.1009, 0.0999, 0.0992, 0.0999]",0.10094495117664337,2024-12-24-15-14-57/SITE45_ORNT290_VIS3mi.png
6,5,"[0.1006, 0.1000, 0.0996, 0.0999, 0.0998, 0.1002, 0.1009, 0.0999, 0.0992, 0.0999]",0.10094468295574188,2024-07-07-11-04-33/SITE111_ORNT181_VIS6mi.png
6,6,"[0.1005, 0.1000, 0.0996, 0.0999, 0.0998, 0.1001, 0.1010, 0.0999, 0.0992, 0.0999]",0.10095669329166412,2024-06-06-17-01-51/SITE411_ORNT75_VIS7mi.png
6,8,"[0.1005, 0.1000, 0.0996, 0.0999, 0.0998, 0.1002, 0.1009, 0.0999, 0.0992, 0.0999]",0.10091915726661682,2024-08-02-20-27-22/SITE336_ORNT180_VIS9mi.png
6,3,"[0.1005, 0.1000, 0.0996, 0.0999, 0.0999, 0.1001, 0.1009, 0.0999, 0.0993, 0.0999]",0.10094475746154785,2024-05-11-17-39-19/SITE330_ORNT20_VIS4mi.png
6,2,"[0.1005, 0.1000, 0.0996, 0.0999, 0.0998, 0.1002, 0.1009, 0.0999, 0.0992, 0.0999]",0.10094330459833145,2024-07-14-10-21-23/SITE106_ORNT280_VIS3mi.png
6,5,"[0.1006, 0.1000, 0.0997, 0.0999, 0.0998, 0.1002, 0.1009, 0.0999, 0.0992, 0.0999]",0.10092862695455551,2024-08-02-10-36-13/SITE22_ORNT100_VIS6mi.png
6,6,"[0.1006, 0.1000, 0.0996, 0.0999, 0.0998, 0.1002, 0.1009, 0.0999, 0.0992, 0.0999]",0.10094110667705536,2024-06-17-10-37-40/SITE17_ORNT95_VIS7mi.png
6,6,"[0.1005, 0.1000, 0.0996, 0.0999, 0.0998, 0.1002, 0.1009, 0.0999, 0.0992, 0.0999]",0.10093841701745987,2025-03-31-15-41-11/SITE310_ORNT314_VIS7mi.png
6,3,"[0.1005, 0.1000, 0.0996, 0.0999, 0.0998, 0.1002, 0.1009, 0.0999, 0.0992, 0.0999]",0.10092867910861969,2024-07-14-16-38-50/SITE8_ORNT220_VIS4mi.png
6,6,"[0.1005, 0.1000, 0.0996, 0.0999, 0.0998, 0.1002, 0.1009, 0.0999, 0.0992, 0.0999]",0.1009444072842598,2025-04-22-15-39-35/SITE156_ORNT135_VIS7mi.png
6,2,"[0.1005, 0.1000, 0.0996, 0.0999, 0.0999, 0.1001, 0.1009, 0.0999, 0.0992, 0.0999]",0.10093910992145538,2025-01-23-15-05-27/SITE358_ORNT290_VIS3mi.png
6,7,"[0.1006, 0.1000, 0.0996, 0.0999, 0.0998, 0.1001, 0.1010, 0.0999, 0.0992, 0.0999]",0.10096588730812073,2024-08-02-10-36-13/SITE747_ORNT315_VIS8mi.png
6,5,"[0.1005, 0.1000, 0.0996, 0.0999, 0.0999, 0.1001, 0.1009, 0.0999, 0.0993, 0.0999]",0.10093673318624496,2024-10-15-10-59-57/SITE385_ORNT50_VIS6mi.png
6,2,"[0.1006, 0.1000, 0.0997, 0.0999, 0.0998, 0.1002, 0.1009, 0.0999, 0.0992, 0.0999]",0.10092753916978836,2024-08-31-14-30-34/SITE253_ORNT65_VIS3mi.png
6,6,"[0.1005, 0.1000, 0.0996, 0.0999, 0.0998, 0.1002, 0.1009, 0.0999, 0.0992, 0.0999]",0.1009451374411583,2024-08-19-10-27-18/SITE606_ORNT180_VIS7mi.png
6,7,"[0.1005, 0.1000, 0.0996, 0.0999, 0.0998, 0.1002, 0.1009, 0.0999, 0.0992, 0.0999]",0.10092975944280624,2024-06-01-16-58-02/SITE442_ORNT40_VIS8mi.png
6,6,"[0.1006, 0.1000, 0.0996, 0.0999, 0.0998, 0.1002, 0.1009, 0.0999, 0.0992, 0.0999]",0.1009429320693016,2024-05-23-15-19-49/SITE610_ORNT0_VIS7mi.png
6,9,"[0.1006, 0.1000, 0.0997, 0.0999, 0.0998, 0.1002, 0.1009, 0.0999, 0.0992, 0.0999]",0.10092855989933014,2025-03-17-19-09-03/SITE683_ORNT240_VIS10+mi.png
6,2,"[0.1005, 0.1000, 0.0996, 0.0999, 0.0998, 0.1002, 0.1009, 0.0999, 0.0992, 0.0999]",0.10092204064130783,2025-04-01-16-59-16/SITE18_ORNT135_VIS3mi.png
6,0,"[0.1005, 0.1000, 0.0996, 0.0999, 0.0998, 0.1002, 0.1009, 0.0999, 0.0992, 0.0999]",0.1009410098195076,2025-03-18-13-52-55/SITE439_ORNT265_VIS1-5mi.png
6,4,"[0.1005, 0.1000, 0.0996, 0.0999, 0.0998, 0.1002, 0.1009, 0.0999, 0.0992, 0.0999]",0.10092710703611374,2024-08-16-20-03-50/SITE612_ORNT30_VIS5mi.png
6,0,"[0.1005, 0.1000, 0.0996, 0.0999, 0.0998, 0.1002, 0.1009, 0.0999, 0.0992, 0.0999]",0.10092911869287491,2025-02-01-17-30-02/SITE75_ORNT170_VIS1mi.png
6,7,"[0.1006, 0.1000, 0.0997, 0.0999, 0.0998, 0.1002, 0.1009, 0.0999, 0.0992, 0.0999]",0.10092423856258392,2025-01-28-16-10-28/SITE117_ORNT320_VIS8mi.png
6,3,"[0.1006, 0.1000, 0.0996, 0.0999, 0.0998, 0.1002, 0.1009, 0.0999, 0.0992, 0.0999]",0.10093913972377777,2024-07-30-16-52-29/SITE19_ORNT260_VIS4mi.png
6,4,"[0.1005, 0.1000, 0.0997, 0.0999, 0.0998, 0.1002, 0.1009, 0.0999, 0.0992, 0.0999]",0.10092458873987198,2025-02-11-14-30-47/SITE578_ORNT185_VIS5mi.png
6,1,"[0.1006, 0.1000, 0.0996, 0.0999, 0.0998, 0.1002, 0.1009, 0.0999, 0.0992, 0.0999]",0.10094247758388519,2024-08-30-17-21-54/SITE417_ORNT315_VIS2mi.png
6,4,"[0.1005, 0.1000, 0.0996, 0.0999, 0.0998, 0.1002, 0.1009, 0.0999, 0.0992, 0.0999]",0.10094407945871353,2025-02-01-17-30-02/SITE722_ORNT255_VIS5mi.png
6,5,"[0.1005, 0.1000, 0.0996, 0.0999, 0.0998, 0.1002, 0.1009, 0.0999, 0.0992, 0.0999]",0.10091975331306458,2024-12-16-12-39-30/SITE520_ORNT0_VIS6mi.png
6,9,"[0.1005, 0.1000, 0.0996, 0.0999, 0.0998, 0.1002, 0.1009, 0.0999, 0.0992, 0.0999]",0.10093440860509872,2024-12-23-15-38-40/SITE547_ORNT170_VIS10+mi.png
6,8,"[0.1005, 0.1000, 0.0996, 0.0999, 0.0999, 0.1002, 0.1009, 0.0998, 0.0992, 0.0999]",0.10091425478458405,2024-07-07-15-01-32/SITE376_ORNT170_VIS9mi.png
6,3,"[0.1005, 0.1000, 0.0996, 0.0999, 0.0998, 0.1001, 0.1010, 0.0999, 0.0992, 0.0999]",0.1009526476264,2025-03-01-18-07-41/SITE437_ORNT260_VIS4mi.png
6,3,"[0.1005, 0.1000, 0.0996, 0.0999, 0.0998, 0.1002, 0.1009, 0.0999, 0.0992, 0.0999]",0.10093552619218826,2024-07-04-10-22-12/SITE13_ORNT10_VIS4mi.png
6,3,"[0.1006, 0.1000, 0.0996, 0.0999, 0.0998, 0.1001, 0.1010, 0.0999, 0.0992, 0.0999]",0.10096179693937302,2024-07-04-10-22-12/SITE239_ORNT202_VIS4mi.png
6,0,"[0.1006, 0.1000, 0.0996, 0.0999, 0.0998, 0.1002, 0.1009, 0.0999, 0.0992, 0.0999]",0.10094862431287766,2025-03-15-15-41-34/SITE626_ORNT195_VIS1mi.png
6,4,"[0.1006, 0.1000, 0.0996, 0.0999, 0.0998, 0.1002, 0.1009, 0.0999, 0.0992, 0.0999]",0.10094839334487915,2024-08-01-10-54-34/SITE5_ORNT50_VIS5mi.png
6,6,"[0.1005, 0.1000, 0.0996, 0.0999, 0.0998, 0.1002, 0.1009, 0.0999, 0.0992, 0.0999]",0.10093365609645844,2024-07-23-13-08-12/SITE486_ORNT220_VIS7mi.png
6,7,"[0.1006, 0.1000, 0.0996, 0.0999, 0.0998, 0.1002, 0.1009, 0.0999, 0.0992, 0.0999]",0.10094781219959259,2024-06-07-15-28-05/SITE18_ORNT5_VIS8mi.png
6,3,"[0.1006, 0.1000, 0.0997, 0.0999, 0.0998, 0.1002, 0.1009, 0.0999, 0.0992, 0.0999]",0.10092846304178238,2024-08-01-10-54-34/SITE86_ORNT239_VIS4mi.png
6,6,"[0.1005, 0.1000, 0.0996, 0.0999, 0.0998, 0.1001, 0.1010, 0.0999, 0.0992, 0.0999]",0.10095081478357315,2024-08-02-10-36-13/SITE569_ORNT276_VIS7mi.png
6,9,"[0.1005, 0.1000, 0.0996, 0.0999, 0.0998, 0.1001, 0.1010, 0.0999, 0.0992, 0.0999]",0.10095687210559845,2025-04-07-16-10-10/SITE164_ORNT68_VIS10+mi.png
6,6,"[0.1005, 0.1000, 0.0996, 0.0999, 0.0998, 0.1002, 0.1009, 0.0999, 0.0992, 0.0999]",0.10094168037176132,2025-02-05-13-59-56/SITE132_ORNT305_VIS7mi.png
6,5,"[0.1005, 0.1000, 0.0996, 0.0999, 0.0998, 0.1002, 0.1009, 0.0999, 0.0992, 0.0999]",0.10093753784894943,2025-03-31-15-41-11/SITE205_ORNT305_VIS6mi.png
6,4,"[0.1005, 0.1000, 0.0996, 0.0999, 0.0998, 0.1002, 0.1009, 0.0999, 0.0992, 0.0999]",0.10093618184328079,2025-02-17-14-46-26/SITE607_ORNT180_VIS5mi.png
6,4,"[0.1006, 0.1000, 0.0996, 0.0999, 0.0998, 0.1002, 0.1009, 0.0999, 0.0992, 0.0999]",0.10094528645277023,2024-07-30-16-52-29/SITE722_ORNT115_VIS5mi.png
6,1,"[0.1006, 0.1000, 0.0996, 0.0999, 0.0998, 0.1002, 0.1009, 0.0999, 0.0992, 0.0999]",0.1009436547756195,2024-05-08-14-34-39/SITE11_ORNT308_VIS2mi.png
6,1,"[0.1006, 0.1000, 0.0997, 0.0999, 0.0998, 0.1002, 0.1009, 0.0999, 0.0992, 0.0999]",0.10092506557703018,2025-02-05-13-59-56/SITE230_ORNT214_VIS2-5mi.png
6,1,"[0.1005, 0.1000, 0.0996, 0.0999, 0.0999, 0.1002, 0.1009, 0.0999, 0.0992, 0.0999]",0.10092948377132416,2025-03-04-14-20-15/SITE606_ORNT270_VIS2mi.png
6,7,"[0.1005, 0.1000, 0.0996, 0.0999, 0.0998, 0.1002, 0.1009, 0.0999, 0.0992, 0.0999]",0.10092954337596893,2024-08-26-16-02-03/SITE215_ORNT235_VIS8mi.png
6,0,"[0.1005, 0.1000, 0.0996, 0.0999, 0.0998, 0.1002, 0.1009, 0.0999, 0.0992, 0.0999]",0.1009393185377121,2025-03-15-15-41-34/SITE13_ORNT240_VIS1mi.png
6,0,"[0.1006, 0.1000, 0.0996, 0.0999, 0.0998, 0.1002, 0.1009, 0.0999, 0.0992, 0.0999]",0.10093219578266144,2025-02-14-15-24-27/SITE179_ORNT230_VIS1-25mi.png
6,5,"[0.1006, 0.1000, 0.0996, 0.0999, 0.0998, 0.1002, 0.1009, 0.0999, 0.0992, 0.0999]",0.10094369202852249,2024-09-20-16-20-08/SITE22_ORNT285_VIS6mi.png
6,0,"[0.1006, 0.1000, 0.0996, 0.0999, 0.0998, 0.1002, 0.1009, 0.0999, 0.0992, 0.0999]",0.10093618929386139,2025-02-01-12-44-07/SITE59_ORNT10_VIS1mi.png
6,2,"[0.1005, 0.1000, 0.0996, 0.0999, 0.0998, 0.1002, 0.1009, 0.0999, 0.0992, 0.0999]",0.10094393044710159,2024-06-10-10-43-57/SITE411_ORNT135_VIS3mi.png
6,1,"[0.1005, 0.1000, 0.0996, 0.0999, 0.0999, 0.1002, 0.1009, 0.0999, 0.0992, 0.0999]",0.10092215240001678,2025-01-26-13-23-03/SITE471_ORNT90_VIS2-5mi.png
6,9,"[0.1006, 0.1000, 0.0996, 0.0999, 0.0998, 0.1002, 0.1010, 0.0999, 0.0992, 0.0999]",0.10095615684986115,2025-01-31-13-49-43/SITE259_ORNT314_VIS10+mi.png
6,6,"[0.1005, 0.1000, 0.0996, 0.0999, 0.0998, 0.1002, 0.1009, 0.0999, 0.0992, 0.0999]",0.10093468427658081,2025-03-31-15-41-11/SITE76_ORNT60_VIS7mi.png
6,4,"[0.1006, 0.1000, 0.0996, 0.0999, 0.0998, 0.1002, 0.1009, 0.0999, 0.0992, 0.0999]",0.10094628483057022,2025-02-14-15-24-27/SITE22_ORNT190_VIS5mi.png
6,0,"[0.1005, 0.1000, 0.0996, 0.0999, 0.0998, 0.1002, 0.1009, 0.0999, 0.0992, 0.0999]",0.10093311220407486,2024-12-09-12-13-38/SITE542_ORNT350_VIS1-5mi.png
6,4,"[0.1005, 0.1000, 0.0996, 0.0999, 0.0998, 0.1002, 0.1009, 0.0999, 0.0992, 0.0999]",0.10094168782234192,2024-08-15-16-44-48/SITE215_ORNT330_VIS5mi.png
6,3,"[0.1006, 0.1000, 0.0997, 0.0999, 0.0998, 0.1002, 0.1009, 0.0999, 0.0992, 0.0999]",0.10090933740139008,2024-08-01-13-32-05/SITE43_ORNT190_VIS4mi.png
6,7,"[0.1006, 0.1000, 0.0996, 0.0999, 0.0998, 0.1002, 0.1009, 0.0999, 0.0992, 0.0999]",0.10093937814235687,2024-09-21-11-24-11/SITE117_ORNT43_VIS8mi.png
6,0,"[0.1005, 0.1000, 0.0996, 0.0999, 0.0998, 0.1002, 0.1009, 0.0999, 0.0992, 0.0999]",0.10093583911657333,2025-03-29-15-28-57/SITE171_ORNT184_VIS1-25mi.png
6,9,"[0.1006, 0.1000, 0.0996, 0.0999, 0.0998, 0.1002, 0.1009, 0.0999, 0.0992, 0.0999]",0.1009364202618599,2025-03-17-19-09-03/SITE24_ORNT120_VIS10+mi.png
6,7,"[0.1006, 0.1000, 0.0997, 0.0999, 0.0998, 0.1002, 0.1009, 0.0999, 0.0992, 0.0999]",0.10092189908027649,2025-02-19-12-18-05/SITE253_ORNT280_VIS8mi.png
6,3,"[0.1005, 0.1000, 0.0996, 0.0999, 0.0998, 0.1002, 0.1009, 0.0999, 0.0992, 0.0999]",0.10092645138502121,2025-02-05-13-59-56/SITE747_ORNT0_VIS4mi.png
6,1,"[0.1006, 0.1000, 0.0996, 0.0999, 0.0998, 0.1002, 0.1009, 0.0999, 0.0992, 0.0999]",0.10094276815652847,2025-01-15-12-14-16/SITE117_ORNT43_VIS2mi.png
6,8,"[0.1006, 0.1000, 0.0996, 0.0999, 0.0998, 0.1002, 0.1009, 0.0999, 0.0992, 0.0999]",0.10094106942415237,2024-06-17-10-37-40/SITE434_ORNT130_VIS9mi.png
6,0,"[0.1005, 0.1000, 0.0996, 0.0999, 0.0998, 0.1002, 0.1009, 0.0999, 0.0992, 0.0999]",0.10093700140714645,2025-03-18-13-52-55/SITE541_ORNT255_VIS1-75mi.png
6,2,"[0.1005, 0.1000, 0.0996, 0.0999, 0.0998, 0.1002, 0.1009, 0.0999, 0.0992, 0.0999]",0.10093814879655838,2025-02-04-15-47-48/SITE194_ORNT237_VIS3mi.png
6,6,"[0.1006, 0.1000, 0.0996, 0.0999, 0.0998, 0.1002, 0.1009, 0.0999, 0.0992, 0.0999]",0.10094951093196869,2024-07-30-16-52-29/SITE22_ORNT0_VIS7mi.png
6,4,"[0.1006, 0.1000, 0.0996, 0.0999, 0.0998, 0.1002, 0.1009, 0.0999, 0.0992, 0.0999]",0.10093958675861359,2024-07-02-16-22-41/SITE169_ORNT228_VIS5mi.png
6,5,"[0.1005, 0.1000, 0.0996, 0.0999, 0.0998, 0.1002, 0.1009, 0.0999, 0.0992, 0.0999]",0.10093040764331818,2025-03-11-17-13-52/SITE494_ORNT270_VIS6mi.png
6,1,"[0.1006, 0.1000, 0.0997, 0.0999, 0.0998, 0.1002, 0.1009, 0.0999, 0.0992, 0.0999]",0.10092151165008545,2025-01-22-12-38-15/SITE801_ORNT155_VIS2mi.png
6,6,"[0.1006, 0.1000, 0.0996, 0.0999, 0.0998, 0.1001, 0.1010, 0.0999, 0.0992, 0.0999]",0.1009562686085701,2024-05-28-11-05-32/SITE411_ORNT280_VIS7mi.png
6,1,"[0.1005, 0.1000, 0.0996, 0.0999, 0.0998, 0.1002, 0.1009, 0.0999, 0.0992, 0.0999]",0.10094050318002701,2025-03-01-18-07-41/SITE106_ORNT12_VIS2-5mi.png
6,4,"[0.1005, 0.1000, 0.0996, 0.0999, 0.0998, 0.1002, 0.1009, 0.0999, 0.0992, 0.0999]",0.10091806948184967,2024-12-10-14-08-09/SITE376_ORNT70_VIS5mi.png
6,3,"[0.1006, 0.1000, 0.0996, 0.0999, 0.0998, 0.1001, 0.1010, 0.0999, 0.0992, 0.0999]",0.10096543282270432,2024-12-29-16-00-12/SITE164_ORNT358_VIS4mi.png
6,5,"[0.1005, 0.1000, 0.0997, 0.0999, 0.0998, 0.1002, 0.1009, 0.0999, 0.0992, 0.0999]",0.1009155884385109,2025-02-12-14-37-35/SITE397_ORNT270_VIS6mi.png
6,2,"[0.1005, 0.1000, 0.0996, 0.0999, 0.0998, 0.1002, 0.1009, 0.0999, 0.0992, 0.0999]",0.10093405097723007,2025-02-12-14-37-35/SITE837_ORNT310_VIS3mi.png
6,0,"[0.1005, 0.1000, 0.0996, 0.0999, 0.0998, 0.1002, 0.1009, 0.0999, 0.0992, 0.0999]",0.10093856602907181,2024-12-10-14-08-09/SITE735_ORNT170_VIS1-5mi.png
6,6,"[0.1005, 0.1000, 0.0996, 0.0999, 0.0998, 0.1002, 0.1009, 0.0999, 0.0992, 0.0999]",0.10094106942415237,2024-06-30-10-21-08/SITE80_ORNT0_VIS7mi.png
6,8,"[0.1005, 0.1000, 0.0996, 0.0999, 0.0999, 0.1002, 0.1009, 0.0999, 0.0992, 0.0999]",0.1009148359298706,2024-06-10-14-33-22/SITE377_ORNT110_VIS9mi.png
6,3,"[0.1006, 0.1000, 0.0996, 0.0999, 0.0998, 0.1002, 0.1010, 0.0999, 0.0992, 0.0999]",0.10095223039388657,2025-04-13-19-09-12/SITE7_ORNT312_VIS4mi.png
6,1,"[0.1006, 0.1000, 0.0996, 0.0999, 0.0998, 0.1002, 0.1009, 0.0999, 0.0992, 0.0999]",0.10094485431909561,2024-10-07-12-00-07/SITE629_ORNT125_VIS2-5mi.png
6,1,"[0.1005, 0.1000, 0.0996, 0.0999, 0.0998, 0.1002, 0.1009, 0.0999, 0.0992, 0.0999]",0.10093293339014053,2025-03-28-10-38-15/SITE33_ORNT215_VIS2-5mi.png
6,8,"[0.1005, 0.1000, 0.0996, 0.0999, 0.0999, 0.1002, 0.1009, 0.0998, 0.0993, 0.0999]",0.10092317312955856,2025-03-28-10-38-15/SITE363_ORNT345_VIS9mi.png
6,8,"[0.1005, 0.1000, 0.0997, 0.0999, 0.0998, 0.1002, 0.1009, 0.0999, 0.0992, 0.0999]",0.1009082943201065,2025-03-18-13-52-55/SITE397_ORNT345_VIS9mi.png
6,3,"[0.1005, 0.1000, 0.0996, 0.0999, 0.0998, 0.1002, 0.1009, 0.0999, 0.0992, 0.0999]",0.10094071924686432,2025-01-15-15-33-17/SITE262_ORNT10_VIS4mi.png
6,7,"[0.1006, 0.1000, 0.0996, 0.0999, 0.0998, 0.1002, 0.1009, 0.0999, 0.0992, 0.0999]",0.10094352811574936,2024-07-02-10-19-43/SITE25_ORNT320_VIS8mi.png
6,3,"[0.1006, 0.1000, 0.0996, 0.0999, 0.0998, 0.1001, 0.1010, 0.0999, 0.0992, 0.0999]",0.10095851868391037,2024-08-26-16-02-03/SITE598_ORNT0_VIS4mi.png
6,5,"[0.1005, 0.1000, 0.0996, 0.0999, 0.0998, 0.1001, 0.1010, 0.0999, 0.0992, 0.0999]",0.10095289349555969,2025-02-15-15-20-00/SITE86_ORNT12_VIS6mi.png
6,4,"[0.1005, 0.1000, 0.0996, 0.0999, 0.0998, 0.1002, 0.1009, 0.0999, 0.0992, 0.0999]",0.10094401985406876,2024-10-13-15-24-41/SITE58_ORNT90_VIS5mi.png
6,1,"[0.1005, 0.1000, 0.0996, 0.0999, 0.0998, 0.1002, 0.1009, 0.0999, 0.0992, 0.0999]",0.10093018412590027,2025-02-05-13-59-56/SITE59_ORNT10_VIS2mi.png
6,9,"[0.1005, 0.1000, 0.0996, 0.0999, 0.0998, 0.1002, 0.1009, 0.0999, 0.0992, 0.0999]",0.10094034671783447,2025-05-13-14-10-59/SITE6_ORNT55_VIS10+mi.png
6,5,"[0.1005, 0.1000, 0.0996, 0.0999, 0.0998, 0.1002, 0.1009, 0.0999, 0.0992, 0.0999]",0.10092858970165253,2024-05-22-13-05-54/SITE471_ORNT255_VIS6mi.png
6,0,"[0.1006, 0.1000, 0.0996, 0.0999, 0.0998, 0.1002, 0.1009, 0.0999, 0.0992, 0.0999]",0.100936658680439,2024-07-05-10-36-13/SITE41_ORNT25_VIS1-5mi.png
6,3,"[0.1005, 0.1000, 0.0996, 0.0999, 0.0998, 0.1002, 0.1009, 0.0999, 0.0992, 0.0999]",0.10092724114656448,2024-05-08-14-34-39/SITE43_ORNT270_VIS4mi.png
6,9,"[0.1006, 0.1000, 0.0996, 0.0999, 0.0998, 0.1001, 0.1010, 0.0999, 0.0992, 0.0999]",0.10095837712287903,2025-03-15-15-41-34/SITE563_ORNT135_VIS10+mi.png
6,3,"[0.1005, 0.1000, 0.0996, 0.0999, 0.0998, 0.1002, 0.1009, 0.0999, 0.0992, 0.0999]",0.1009325459599495,2024-06-06-10-38-22/SITE84_ORNT147_VIS4mi.png
6,1,"[0.1005, 0.1000, 0.0997, 0.0999, 0.0998, 0.1002, 0.1009, 0.0999, 0.0992, 0.0999]",0.10092373192310333,2024-10-11-15-41-13/SITE98_ORNT80_VIS2mi.png
6,2,"[0.1005, 0.1000, 0.0996, 0.0999, 0.0998, 0.1002, 0.1009, 0.0999, 0.0992, 0.0999]",0.10092902928590775,2024-07-25-10-00-39/SITE331_ORNT135_VIS3mi.png
6,1,"[0.1006, 0.1000, 0.0997, 0.0999, 0.0998, 0.1002, 0.1009, 0.0999, 0.0992, 0.0999]",0.10091184824705124,2025-04-01-16-59-16/SITE6_ORNT355_VIS2mi.png
6,5,"[0.1005, 0.1000, 0.0996, 0.0999, 0.0998, 0.1002, 0.1009, 0.0999, 0.0992, 0.0999]",0.10094316303730011,2024-09-12-12-03-32/SITE639_ORNT100_VIS6mi.png
6,3,"[0.1006, 0.1000, 0.0996, 0.0999, 0.0998, 0.1002, 0.1010, 0.0999, 0.0992, 0.0999]",0.10095538198947906,2025-02-16-12-49-10/SITE658_ORNT25_VIS4mi.png
6,6,"[0.1005, 0.1000, 0.0997, 0.0999, 0.0998, 0.1002, 0.1009, 0.0999, 0.0992, 0.0999]",0.1009141057729721,2025-02-19-12-18-05/SITE276_ORNT225_VIS7mi.png
6,0,"[0.1006, 0.1000, 0.0997, 0.0999, 0.0998, 0.1002, 0.1009, 0.0999, 0.0992, 0.0999]",0.10092311352491379,2024-08-30-17-21-54/SITE98_ORNT135_VIS1mi.png
6,4,"[0.1005, 0.1000, 0.0996, 0.0999, 0.0999, 0.1001, 0.1009, 0.0999, 0.0993, 0.0999]",0.10094151645898819,2025-02-01-12-44-07/SITE385_ORNT50_VIS5mi.png
6,5,"[0.1006, 0.1000, 0.0996, 0.0999, 0.0998, 0.1002, 0.1009, 0.0999, 0.0992, 0.0999]",0.10093411803245544,2025-02-01-17-30-02/SITE24_ORNT120_VIS6mi.png
6,4,"[0.1006, 0.1000, 0.0996, 0.0999, 0.0998, 0.1002, 0.1010, 0.0999, 0.0992, 0.0999]",0.10095113515853882,2024-07-23-10-10-08/SITE19_ORNT170_VIS5mi.png
6,8,"[0.1005, 0.1000, 0.0996, 0.0999, 0.0998, 0.1002, 0.1009, 0.0999, 0.0992, 0.0999]",0.10092576593160629,2024-07-04-13-27-11/SITE528_ORNT235_VIS9mi.png
6,3,"[0.1005, 0.1000, 0.0996, 0.0999, 0.0998, 0.1002, 0.1009, 0.0999, 0.0992, 0.0999]",0.1009412631392479,2025-03-02-13-12-40/SITE40_ORNT120_VIS4mi.png
6,7,"[0.1006, 0.1000, 0.0997, 0.0999, 0.0998, 0.1002, 0.1009, 0.0999, 0.0992, 0.0999]",0.10091610252857208,2025-03-29-15-28-57/SITE802_ORNT235_VIS8mi.png
6,9,"[0.1006, 0.1000, 0.0996, 0.0999, 0.0998, 0.1002, 0.1009, 0.0999, 0.0992, 0.0999]",0.10093901306390762,2025-02-05-13-59-56/SITE584_ORNT325_VIS10+mi.png
6,1,"[0.1006, 0.1000, 0.0997, 0.0999, 0.0998, 0.1002, 0.1009, 0.0999, 0.0992, 0.0999]",0.10092664510011673,2024-06-13-13-46-47/SITE435_ORNT15_VIS2mi.png
6,9,"[0.1005, 0.1000, 0.0996, 0.0999, 0.0998, 0.1002, 0.1009, 0.0999, 0.0992, 0.0999]",0.10094152390956879,2024-12-29-16-00-12/SITE545_ORNT95_VIS10+mi.png
6,8,"[0.1005, 0.1000, 0.0997, 0.0999, 0.0998, 0.1002, 0.1009, 0.0999, 0.0992, 0.0999]",0.10090216249227524,2025-03-01-18-07-41/SITE360_ORNT310_VIS9mi.png
6,8,"[0.1005, 0.1000, 0.0997, 0.0999, 0.0998, 0.1002, 0.1009, 0.0999, 0.0992, 0.0999]",0.10091143101453781,2025-03-23-13-51-54/SITE332_ORNT315_VIS9mi.png
6,2,"[0.1005, 0.1000, 0.0996, 0.0999, 0.0999, 0.1002, 0.1009, 0.0999, 0.0992, 0.0999]",0.10092684626579285,2024-12-27-14-55-32/SITE483_ORNT5_VIS3mi.png
6,8,"[0.1005, 0.1000, 0.0996, 0.0999, 0.0998, 0.1002, 0.1009, 0.0999, 0.0992, 0.0999]",0.10091955959796906,2024-05-09-16-15-37/SITE528_ORNT35_VIS9mi.png
6,1,"[0.1006, 0.1000, 0.0996, 0.0999, 0.0998, 0.1002, 0.1009, 0.0999, 0.0992, 0.0999]",0.10094081610441208,2024-08-15-16-44-48/SITE53_ORNT223_VIS2mi.png
6,2,"[0.1005, 0.1000, 0.0996, 0.0999, 0.0998, 0.1002, 0.1009, 0.0999, 0.0992, 0.0999]",0.10092899948358536,2025-04-16-13-54-24/SITE411_ORNT220_VIS3mi.png
6,0,"[0.1006, 0.1000, 0.0997, 0.0999, 0.0998, 0.1002, 0.1009, 0.0999, 0.0992, 0.0999]",0.10092995315790176,2024-05-23-15-19-49/SITE253_ORNT195_VIS1mi.png
6,7,"[0.1005, 0.1000, 0.0996, 0.0999, 0.0998, 0.1002, 0.1009, 0.0999, 0.0992, 0.0999]",0.1009400337934494,2025-02-14-15-24-27/SITE65_ORNT64_VIS8mi.png
6,8,"[0.1005, 0.1000, 0.0997, 0.0999, 0.0998, 0.1002, 0.1009, 0.0998, 0.0992, 0.0999]",0.10090292245149612,2024-07-28-13-48-26/SITE360_ORNT115_VIS9mi.png
6,8,"[0.1005, 0.1000, 0.0996, 0.0999, 0.0999, 0.1001, 0.1009, 0.0999, 0.0992, 0.0999]",0.1009419709444046,2024-08-16-20-03-50/SITE301_ORNT343_VIS9mi.png
6,9,"[0.1005, 0.1000, 0.0996, 0.0999, 0.0998, 0.1002, 0.1009, 0.0999, 0.0992, 0.0999]",0.10092291980981827,2024-06-20-11-19-17/SITE455_ORNT270_VIS15mi.png
6,2,"[0.1005, 0.1000, 0.0996, 0.0999, 0.0998, 0.1001, 0.1010, 0.0999, 0.0992, 0.0999]",0.1009504571557045,2024-07-28-11-17-19/SITE119_ORNT275_VIS3mi.png
6,4,"[0.1005, 0.1000, 0.0997, 0.0999, 0.0998, 0.1002, 0.1009, 0.0999, 0.0992, 0.0999]",0.10090053081512451,2024-05-31-11-53-14/SITE343_ORNT270_VIS5mi.png
6,1,"[0.1006, 0.1000, 0.0996, 0.0999, 0.0998, 0.1002, 0.1009, 0.0999, 0.0992, 0.0999]",0.10093241930007935,2025-02-04-15-47-48/SITE219_ORNT344_VIS2-5mi.png
6,6,"[0.1005, 0.1000, 0.0996, 0.0999, 0.0998, 0.1002, 0.1009, 0.0999, 0.0992, 0.0999]",0.1009320616722107,2024-08-18-19-28-16/SITE259_ORNT314_VIS7mi.png
6,9,"[0.1006, 0.1000, 0.0996, 0.0999, 0.0998, 0.1002, 0.1010, 0.0999, 0.0992, 0.0999]",0.10095366835594177,2025-02-04-15-47-48/SITE73_ORNT20_VIS10+mi.png
6,6,"[0.1006, 0.1000, 0.0996, 0.0999, 0.0998, 0.1002, 0.1009, 0.0999, 0.0992, 0.0999]",0.10093709081411362,2024-07-23-13-08-12/SITE595_ORNT270_VIS7mi.png
6,2,"[0.1005, 0.1000, 0.0996, 0.0999, 0.0998, 0.1001, 0.1009, 0.0999, 0.0992, 0.0999]",0.10094844549894333,2025-02-04-15-47-48/SITE20_ORNT226_VIS3mi.png
6,1,"[0.1005, 0.1000, 0.0996, 0.0999, 0.0998, 0.1002, 0.1009, 0.0999, 0.0992, 0.0999]",0.1009344756603241,2024-06-06-10-38-22/SITE58_ORNT245_VIS2-5mi.png
6,5,"[0.1006, 0.1000, 0.0996, 0.0999, 0.0998, 0.1002, 0.1009, 0.0999, 0.0992, 0.0999]",0.10093080252408981,2025-02-17-14-46-26/SITE33_ORNT90_VIS6mi.png
6,2,"[0.1005, 0.1000, 0.0996, 0.0999, 0.0998, 0.1002, 0.1009, 0.0999, 0.0992, 0.0999]",0.10094328969717026,2024-05-27-19-19-47/SITE617_ORNT215_VIS3mi.png
6,1,"[0.1005, 0.1000, 0.0996, 0.0999, 0.0998, 0.1002, 0.1009, 0.0999, 0.0992, 0.0999]",0.1009308248758316,2024-06-14-14-13-33/SITE215_ORNT235_VIS2mi.png
6,6,"[0.1006, 0.1000, 0.0996, 0.0999, 0.0998, 0.1002, 0.1009, 0.0999, 0.0992, 0.0999]",0.10093207657337189,2024-05-14-16-18-20/SITE760_ORNT190_VIS7mi.png
6,7,"[0.1005, 0.1000, 0.0996, 0.0999, 0.0998, 0.1002, 0.1009, 0.0999, 0.0992, 0.0999]",0.10092740505933762,2025-01-26-13-23-03/SITE578_ORNT185_VIS8mi.png
6,1,"[0.1005, 0.1000, 0.0996, 0.0999, 0.0998, 0.1002, 0.1009, 0.0999, 0.0992, 0.0999]",0.10092563927173615,2025-02-04-15-47-48/SITE33_ORNT280_VIS2mi.png
6,9,"[0.1005, 0.1000, 0.0996, 0.0999, 0.0998, 0.1001, 0.1010, 0.0999, 0.0992, 0.0999]",0.1009538546204567,2025-02-05-13-59-56/SITE115_ORNT219_VIS10+mi.png
6,2,"[0.1005, 0.1000, 0.0996, 0.0999, 0.0998, 0.1001, 0.1010, 0.0999, 0.0992, 0.0999]",0.10095113515853882,2024-12-23-15-38-40/SITE446_ORNT165_VIS3mi.png
6,6,"[0.1005, 0.1000, 0.0996, 0.0999, 0.0998, 0.1002, 0.1009, 0.0999, 0.0992, 0.0999]",0.10094325244426727,2024-07-25-18-03-52/SITE569_ORNT138_VIS7mi.png
6,0,"[0.1006, 0.1000, 0.0996, 0.0999, 0.0998, 0.1002, 0.1009, 0.0999, 0.0992, 0.0999]",0.10094855725765228,2025-03-26-12-24-08/SITE251_ORNT25_VIS1mi.png
6,4,"[0.1005, 0.1000, 0.0996, 0.0999, 0.0998, 0.1002, 0.1009, 0.0999, 0.0992, 0.0999]",0.10093626379966736,2024-05-23-15-19-49/SITE58_ORNT245_VIS5mi.png
6,6,"[0.1005, 0.1000, 0.0996, 0.0999, 0.0998, 0.1002, 0.1009, 0.0999, 0.0992, 0.0999]",0.10092728585004807,2024-05-07-15-42-07/SITE253_ORNT195_VIS7mi.png
6,0,"[0.1006, 0.1000, 0.0996, 0.0999, 0.0998, 0.1002, 0.1010, 0.0999, 0.0992, 0.0999]",0.10095435380935669,2025-01-31-13-49-43/SITE658_ORNT305_VIS1mi.png
6,4,"[0.1006, 0.1000, 0.0996, 0.0999, 0.0998, 0.1001, 0.1010, 0.0999, 0.0992, 0.0999]",0.10095744580030441,2024-07-14-10-21-23/SITE186_ORNT275_VIS5mi.png
6,5,"[0.1005, 0.1000, 0.0996, 0.0999, 0.0999, 0.1002, 0.1009, 0.0998, 0.0993, 0.0999]",0.10092730820178986,2024-06-23-11-02-14/SITE345_ORNT225_VIS6mi.png
6,2,"[0.1005, 0.1000, 0.0997, 0.0999, 0.0998, 0.1002, 0.1009, 0.0999, 0.0992, 0.0999]",0.10092074424028397,2024-08-11-09-28-59/SITE556_ORNT223_VIS3mi.png
6,1,"[0.1006, 0.1000, 0.0996, 0.0999, 0.0998, 0.1002, 0.1009, 0.0999, 0.0992, 0.0999]",0.10093566030263901,2025-01-29-12-01-12/SITE607_ORNT90_VIS2mi.png
6,6,"[0.1006, 0.1000, 0.0996, 0.0999, 0.0998, 0.1002, 0.1010, 0.0999, 0.0992, 0.0999]",0.10095043480396271,2025-02-04-15-47-48/SITE598_ORNT180_VIS7mi.png
6,3,"[0.1005, 0.1000, 0.0996, 0.0999, 0.0998, 0.1002, 0.1009, 0.0999, 0.0992, 0.0999]",0.1009441539645195,2024-08-18-13-20-24/SITE261_ORNT270_VIS4mi.png
6,7,"[0.1006, 0.1000, 0.0996, 0.0999, 0.0998, 0.1002, 0.1009, 0.0999, 0.0992, 0.0999]",0.1009482592344284,2024-07-24-16-43-44/SITE241_ORNT214_VIS8mi.png
6,0,"[0.1005, 0.1000, 0.0996, 0.0999, 0.0998, 0.1002, 0.1009, 0.0999, 0.0992, 0.0999]",0.10094597190618515,2025-03-31-15-41-11/SITE48_ORNT115_VIS1mi.png
6,2,"[0.1005, 0.1000, 0.0996, 0.0999, 0.0998, 0.1002, 0.1009, 0.0999, 0.0992, 0.0999]",0.1009339839220047,2025-02-15-15-20-00/SITE719_ORNT180_VIS3mi.png
6,3,"[0.1006, 0.1000, 0.0996, 0.0999, 0.0998, 0.1002, 0.1009, 0.0999, 0.0992, 0.0999]",0.10094936192035675,2024-07-26-10-22-16/SITE203_ORNT70_VIS4mi.png
6,4,"[0.1005, 0.1000, 0.0996, 0.0999, 0.0998, 0.1001, 0.1010, 0.0999, 0.0992, 0.0999]",0.10095097124576569,2024-12-10-14-08-09/SITE617_ORNT40_VIS5mi.png
6,8,"[0.1005, 0.1000, 0.0996, 0.0999, 0.0998, 0.1002, 0.1009, 0.0999, 0.0992, 0.0999]",0.1009436696767807,2024-08-30-10-00-55/SITE520_ORNT90_VIS9mi.png
6,9,"[0.1005, 0.1000, 0.0996, 0.0999, 0.0998, 0.1002, 0.1009, 0.0999, 0.0992, 0.0999]",0.10093899071216583,2025-03-26-14-35-40/SITE584_ORNT325_VIS10+mi.png
6,0,"[0.1005, 0.1000, 0.0997, 0.0999, 0.0998, 0.1002, 0.1009, 0.0999, 0.0992, 0.0999]",0.10090947896242142,2025-02-16-12-49-10/SITE355_ORNT130_VIS1-25mi.png
6,4,"[0.1005, 0.1000, 0.0996, 0.0999, 0.0998, 0.1002, 0.1009, 0.0999, 0.0992, 0.0999]",0.10092858970165253,2024-08-29-17-58-30/SITE215_ORNT235_VIS5mi.png
6,7,"[0.1005, 0.1000, 0.0996, 0.0999, 0.0998, 0.1002, 0.1009, 0.0999, 0.0992, 0.0999]",0.10094254463911057,2024-07-14-16-38-50/SITE239_ORNT202_VIS8mi.png
6,2,"[0.1006, 0.1000, 0.0996, 0.0999, 0.0998, 0.1002, 0.1009, 0.0999, 0.0992, 0.0999]",0.10094216465950012,2024-07-07-20-11-04/SITE66_ORNT323_VIS3mi.png
6,2,"[0.1005, 0.1000, 0.0996, 0.0999, 0.0998, 0.1002, 0.1009, 0.0999, 0.0992, 0.0999]",0.10093621909618378,2025-02-12-14-37-35/SITE837_ORNT90_VIS3mi.png
6,6,"[0.1005, 0.1000, 0.0996, 0.0999, 0.0998, 0.1002, 0.1009, 0.0999, 0.0992, 0.0999]",0.10093023627996445,2024-05-03-12-14-06/SITE760_ORNT140_VIS7mi.png
6,0,"[0.1005, 0.1000, 0.0996, 0.0999, 0.0998, 0.1002, 0.1009, 0.0999, 0.0992, 0.0999]",0.10094526410102844,2025-02-17-14-46-26/SITE78_ORNT189_VIS1-25mi.png
6,0,"[0.1005, 0.1000, 0.0996, 0.0999, 0.0998, 0.1002, 0.1009, 0.0999, 0.0992, 0.0999]",0.10094432532787323,2024-05-01-16-21-18/SITE91_ORNT195_VIS1mi.png
6,2,"[0.1005, 0.1000, 0.0997, 0.0999, 0.0998, 0.1002, 0.1009, 0.0998, 0.0992, 0.0999]",0.10089915245771408,2025-02-01-17-30-02/SITE339_ORNT90_VIS3mi.png
6,5,"[0.1005, 0.1000, 0.0996, 0.0999, 0.0998, 0.1002, 0.1009, 0.0999, 0.0992, 0.0999]",0.10092226415872574,2025-02-14-15-24-27/SITE821_ORNT225_VIS6mi.png
6,3,"[0.1005, 0.1000, 0.0996, 0.0999, 0.0998, 0.1002, 0.1009, 0.0999, 0.0992, 0.0999]",0.1009373739361763,2025-01-28-16-10-28/SITE19_ORNT325_VIS4mi.png
6,6,"[0.1006, 0.1000, 0.0996, 0.0999, 0.0998, 0.1002, 0.1010, 0.0999, 0.0992, 0.0999]",0.10095414519309998,2024-07-30-16-52-29/SITE73_ORNT65_VIS7mi.png
6,9,"[0.1005, 0.1000, 0.0996, 0.0999, 0.0998, 0.1001, 0.1009, 0.0999, 0.0992, 0.0999]",0.10094820708036423,2025-03-23-13-51-54/SITE11_ORNT253_VIS10+mi.png
6,2,"[0.1005, 0.1000, 0.0996, 0.0999, 0.0998, 0.1002, 0.1009, 0.0999, 0.0992, 0.0999]",0.1009376272559166,2025-01-28-16-10-28/SITE98_ORNT135_VIS3mi.png
6,7,"[0.1006, 0.1000, 0.0997, 0.0999, 0.0998, 0.1002, 0.1009, 0.0999, 0.0992, 0.0999]",0.10092040151357651,2024-06-17-10-37-40/SITE405_ORNT250_VIS8mi.png
6,7,"[0.1005, 0.1000, 0.0996, 0.0999, 0.0998, 0.1001, 0.1009, 0.0999, 0.0992, 0.0999]",0.10094822943210602,2025-01-31-13-49-43/SITE119_ORNT13_VIS8mi.png
6,9,"[0.1005, 0.1000, 0.0996, 0.0999, 0.0999, 0.1002, 0.1009, 0.0999, 0.0992, 0.0999]",0.10091384500265121,2025-03-31-13-29-12/SITE327_ORNT45_VIS15mi.png
6,7,"[0.1006, 0.1000, 0.0996, 0.0999, 0.0998, 0.1002, 0.1009, 0.0999, 0.0992, 0.0999]",0.10093362629413605,2025-04-01-16-59-16/SITE719_ORNT300_VIS8mi.png
6,4,"[0.1006, 0.1000, 0.0996, 0.0999, 0.0998, 0.1002, 0.1010, 0.0999, 0.0992, 0.0999]",0.10095127671957016,2025-01-29-12-01-12/SITE253_ORNT65_VIS5mi.png
6,8,"[0.1005, 0.1000, 0.0997, 0.0999, 0.0999, 0.1002, 0.1009, 0.0998, 0.0992, 0.0999]",0.10090786218643188,2024-07-01-19-28-49/SITE506_ORNT180_VIS9mi.png
6,7,"[0.1005, 0.1000, 0.0996, 0.0999, 0.0998, 0.1002, 0.1009, 0.0999, 0.0992, 0.0999]",0.10093910992145538,2025-03-28-10-38-15/SITE205_ORNT230_VIS8mi.png
6,6,"[0.1005, 0.1000, 0.0996, 0.0999, 0.0998, 0.1001, 0.1009, 0.0999, 0.0992, 0.0999]",0.10094624757766724,2024-07-26-10-22-16/SITE584_ORNT225_VIS7mi.png
6,2,"[0.1006, 0.1000, 0.0997, 0.0999, 0.0998, 0.1002, 0.1009, 0.0999, 0.0992, 0.0999]",0.1009279116988182,2024-08-30-17-21-54/SITE117_ORNT320_VIS3mi.png
6,7,"[0.1006, 0.1000, 0.0996, 0.0999, 0.0998, 0.1001, 0.1010, 0.0999, 0.0992, 0.0999]",0.10096204280853271,2024-07-26-10-22-16/SITE443_ORNT275_VIS8mi.png
6,1,"[0.1006, 0.1000, 0.0996, 0.0999, 0.0998, 0.1001, 0.1010, 0.0999, 0.0992, 0.0999]",0.10095672309398651,2025-03-05-12-08-53/SITE658_ORNT120_VIS2mi.png
6,1,"[0.1006, 0.1000, 0.0996, 0.0999, 0.0998, 0.1001, 0.1010, 0.0999, 0.0992, 0.0999]",0.10095906257629395,2024-08-01-10-54-34/SITE239_ORNT110_VIS2mi.png
6,9,"[0.1005, 0.1000, 0.0996, 0.0999, 0.0998, 0.1002, 0.1009, 0.0999, 0.0992, 0.0999]",0.10094287246465683,2025-02-10-14-47-56/SITE569_ORNT138_VIS10+mi.png
6,2,"[0.1005, 0.1000, 0.0996, 0.0999, 0.0998, 0.1002, 0.1009, 0.0999, 0.0992, 0.0999]",0.10092944651842117,2025-04-11-14-52-32/SITE94_ORNT280_VIS3mi.png
6,1,"[0.1006, 0.1000, 0.0996, 0.0999, 0.0998, 0.1001, 0.1010, 0.0999, 0.0992, 0.0999]",0.10095478594303131,2024-05-07-15-42-07/SITE40_ORNT295_VIS2mi.png
6,0,"[0.1005, 0.1000, 0.0996, 0.0999, 0.0998, 0.1002, 0.1009, 0.0999, 0.0992, 0.0999]",0.10092958062887192,2024-05-07-15-42-07/SITE116_ORNT108_VIS1-25mi.png
6,7,"[0.1006, 0.1000, 0.0996, 0.0999, 0.0998, 0.1002, 0.1009, 0.0999, 0.0992, 0.0999]",0.1009487435221672,2025-02-11-14-30-47/SITE268_ORNT355_VIS8mi.png
6,7,"[0.1006, 0.1000, 0.0996, 0.0999, 0.0998, 0.1002, 0.1009, 0.0999, 0.0992, 0.0999]",0.10093817114830017,2024-06-06-17-01-51/SITE215_ORNT130_VIS8mi.png
6,7,"[0.1005, 0.1000, 0.0996, 0.0999, 0.0999, 0.1002, 0.1009, 0.0999, 0.0992, 0.0999]",0.10092318803071976,2025-02-14-15-24-27/SITE490_ORNT110_VIS8mi.png
6,6,"[0.1006, 0.1000, 0.0997, 0.0999, 0.0998, 0.1002, 0.1009, 0.0999, 0.0992, 0.0999]",0.10090695321559906,2024-07-30-14-06-06/SITE43_ORNT190_VIS7mi.png
6,1,"[0.1005, 0.1000, 0.0996, 0.0999, 0.0998, 0.1002, 0.1009, 0.0999, 0.0992, 0.0999]",0.10093414783477783,2024-07-18-11-32-15/SITE73_ORNT65_VIS2-5mi.png
6,5,"[0.1006, 0.1000, 0.0997, 0.0999, 0.0998, 0.1002, 0.1009, 0.0999, 0.0992, 0.0999]",0.10093065351247787,2024-07-23-10-10-08/SITE719_ORNT300_VIS6mi.png
6,2,"[0.1006, 0.1000, 0.0996, 0.0999, 0.0998, 0.1002, 0.1009, 0.0999, 0.0992, 0.0999]",0.1009434312582016,2024-10-05-11-04-16/SITE595_ORNT270_VIS3mi.png
6,6,"[0.1006, 0.1000, 0.0996, 0.0999, 0.0998, 0.1002, 0.1009, 0.0999, 0.0992, 0.0999]",0.10093583911657333,2024-06-01-11-15-19/SITE98_ORNT135_VIS7mi.png
6,9,"[0.1005, 0.1000, 0.0996, 0.0999, 0.0998, 0.1002, 0.1009, 0.0999, 0.0992, 0.0999]",0.10092215240001678,2025-03-04-14-20-15/SITE494_ORNT270_VIS30mi.png
6,6,"[0.1005, 0.1000, 0.0996, 0.0999, 0.0998, 0.1002, 0.1009, 0.0999, 0.0992, 0.0999]",0.10092449188232422,2025-03-02-13-12-40/SITE98_ORNT80_VIS7mi.png
6,0,"[0.1005, 0.1000, 0.0996, 0.0999, 0.0998, 0.1002, 0.1009, 0.0999, 0.0992, 0.0999]",0.10094383358955383,2025-03-23-13-51-54/SITE116_ORNT3_VIS1-25mi.png
6,0,"[0.1005, 0.1000, 0.0997, 0.0999, 0.0998, 0.1002, 0.1009, 0.0999, 0.0992, 0.0999]",0.1009150817990303,2025-02-27-11-22-46/SITE455_ORNT0_VIS1-25mi.png
6,2,"[0.1005, 0.1000, 0.0996, 0.0999, 0.0998, 0.1001, 0.1010, 0.0999, 0.0992, 0.0999]",0.10095062851905823,2025-04-07-16-10-10/SITE115_ORNT115_VIS3mi.png
6,5,"[0.1005, 0.1000, 0.0997, 0.0999, 0.0998, 0.1002, 0.1009, 0.0999, 0.0992, 0.0999]",0.10090750455856323,2024-12-23-15-38-40/SITE355_ORNT70_VIS6mi.png
6,6,"[0.1006, 0.1000, 0.0996, 0.0999, 0.0998, 0.1002, 0.1009, 0.0999, 0.0992, 0.0999]",0.10093200951814651,2024-07-24-16-43-44/SITE234_ORNT350_VIS7mi.png
6,9,"[0.1005, 0.1000, 0.0996, 0.0999, 0.0998, 0.1001, 0.1009, 0.0999, 0.0992, 0.0999]",0.10094757378101349,2024-12-17-16-15-56/SITE80_ORNT83_VIS10+mi.png
6,8,"[0.1005, 0.1000, 0.0997, 0.0999, 0.0998, 0.1002, 0.1009, 0.0999, 0.0992, 0.0999]",0.10091456770896912,2024-06-29-15-18-41/SITE324_ORNT310_VIS9mi.png
6,7,"[0.1005, 0.1000, 0.0996, 0.0999, 0.0998, 0.1002, 0.1009, 0.0999, 0.0992, 0.0999]",0.1009414866566658,2025-04-22-15-39-35/SITE203_ORNT70_VIS8mi.png
6,8,"[0.1005, 0.1000, 0.0997, 0.0999, 0.0998, 0.1002, 0.1009, 0.0999, 0.0992, 0.0999]",0.1009020060300827,2024-07-25-10-00-39/SITE383_ORNT35_VIS9mi.png
6,3,"[0.1005, 0.1000, 0.0996, 0.0999, 0.0998, 0.1001, 0.1010, 0.0999, 0.0992, 0.0999]",0.10095132142305374,2024-10-14-13-08-27/SITE598_ORNT90_VIS4mi.png
6,5,"[0.1006, 0.1000, 0.0996, 0.0999, 0.0998, 0.1002, 0.1009, 0.0999, 0.0992, 0.0999]",0.10094217211008072,2024-09-27-16-12-40/SITE22_ORNT0_VIS6mi.png
6,6,"[0.1006, 0.1000, 0.0997, 0.0999, 0.0998, 0.1002, 0.1009, 0.0999, 0.0992, 0.0999]",0.10092730820178986,2024-12-29-16-00-12/SITE892_ORNT205_VIS7mi.png
6,4,"[0.1006, 0.1000, 0.0996, 0.0999, 0.0998, 0.1002, 0.1009, 0.0999, 0.0992, 0.0999]",0.10093821585178375,2025-03-06-15-10-58/SITE104_ORNT150_VIS5mi.png
6,6,"[0.1006, 0.1000, 0.0997, 0.0999, 0.0998, 0.1002, 0.1009, 0.0999, 0.0992, 0.0999]",0.10092461854219437,2024-07-23-13-08-12/SITE234_ORNT117_VIS7mi.png
6,5,"[0.1006, 0.1000, 0.0996, 0.0999, 0.0998, 0.1002, 0.1009, 0.0999, 0.0992, 0.0999]",0.10093366354703903,2025-03-04-14-20-15/SITE542_ORNT350_VIS6mi.png
6,7,"[0.1006, 0.1000, 0.0996, 0.0999, 0.0998, 0.1002, 0.1009, 0.0999, 0.0992, 0.0999]",0.10094299167394638,2025-01-28-16-10-28/SITE117_ORNT165_VIS8mi.png
6,4,"[0.1006, 0.1000, 0.0996, 0.0999, 0.0998, 0.1002, 0.1009, 0.0999, 0.0992, 0.0999]",0.10093654692173004,2025-03-31-13-29-12/SITE261_ORNT270_VIS5mi.png
6,2,"[0.1006, 0.1000, 0.0996, 0.0999, 0.0998, 0.1002, 0.1009, 0.0999, 0.0992, 0.0999]",0.10094743221998215,2024-07-26-10-22-16/SITE198_ORNT80_VIS3mi.png
6,1,"[0.1005, 0.1000, 0.0996, 0.0999, 0.0998, 0.1002, 0.1009, 0.0999, 0.0992, 0.0999]",0.10093162208795547,2024-05-30-17-47-26/SITE94_ORNT280_VIS2-5mi.png
6,7,"[0.1006, 0.1000, 0.0996, 0.0999, 0.0998, 0.1002, 0.1009, 0.0999, 0.0992, 0.0999]",0.1009424552321434,2024-12-24-15-14-57/SITE18_ORNT210_VIS8mi.png
6,5,"[0.1006, 0.1000, 0.0996, 0.0999, 0.0998, 0.1002, 0.1009, 0.0999, 0.0992, 0.0999]",0.10093390196561813,2025-03-15-15-41-34/SITE230_ORNT45_VIS6mi.png
6,6,"[0.1006, 0.1000, 0.0996, 0.0999, 0.0998, 0.1002, 0.1009, 0.0999, 0.0992, 0.0999]",0.10093313455581665,2025-04-01-16-59-16/SITE561_ORNT145_VIS7mi.png
6,6,"[0.1006, 0.1000, 0.0996, 0.0999, 0.0998, 0.1002, 0.1009, 0.0999, 0.0992, 0.0999]",0.1009354218840599,2024-05-13-18-48-49/SITE129_ORNT109_VIS7mi.png
6,5,"[0.1006, 0.1000, 0.0996, 0.0999, 0.0998, 0.1002, 0.1009, 0.0999, 0.0992, 0.0999]",0.10094854235649109,2024-09-20-16-20-08/SITE22_ORNT0_VIS6mi.png
6,1,"[0.1005, 0.1000, 0.0996, 0.0999, 0.0998, 0.1002, 0.1009, 0.0999, 0.0992, 0.0999]",0.1009315475821495,2024-07-05-14-33-31/SITE217_ORNT100_VIS2mi.png
6,8,"[0.1006, 0.1000, 0.0996, 0.0999, 0.0998, 0.1002, 0.1010, 0.0999, 0.0992, 0.0999]",0.1009526327252388,2025-04-10-17-56-44/SITE522_ORNT270_VIS9mi.png
6,9,"[0.1006, 0.1000, 0.0996, 0.0999, 0.0998, 0.1001, 0.1010, 0.0999, 0.0992, 0.0999]",0.10096447914838791,2025-04-11-14-52-32/SITE831_ORNT260_VIS10+mi.png
6,9,"[0.1005, 0.1000, 0.0996, 0.0999, 0.0998, 0.1002, 0.1009, 0.0999, 0.0992, 0.0999]",0.10092157870531082,2025-02-14-15-24-27/SITE327_ORNT45_VIS10+mi.png
6,7,"[0.1006, 0.1000, 0.0997, 0.0999, 0.0998, 0.1002, 0.1009, 0.0999, 0.0992, 0.0999]",0.10092191398143768,2024-07-04-10-22-12/SITE333_ORNT200_VIS8mi.png
6,4,"[0.1005, 0.1000, 0.0996, 0.0999, 0.0998, 0.1002, 0.1009, 0.0999, 0.0992, 0.0999]",0.10094194859266281,2025-03-11-17-13-52/SITE205_ORNT165_VIS5mi.png
6,4,"[0.1005, 0.1000, 0.0996, 0.0999, 0.0998, 0.1002, 0.1009, 0.0999, 0.0992, 0.0999]",0.10093437880277634,2024-06-01-11-15-19/SITE439_ORNT350_VIS5mi.png
6,2,"[0.1006, 0.1000, 0.0996, 0.0999, 0.0998, 0.1002, 0.1009, 0.0999, 0.0992, 0.0999]",0.10094091296195984,2025-03-02-13-12-40/SITE217_ORNT25_VIS3mi.png
6,9,"[0.1006, 0.1000, 0.0996, 0.0999, 0.0998, 0.1002, 0.1009, 0.0999, 0.0992, 0.0999]",0.10094545781612396,2025-02-10-14-47-56/SITE871_ORNT260_VIS10+mi.png
6,4,"[0.1005, 0.1000, 0.0996, 0.0999, 0.0999, 0.1001, 0.1009, 0.0999, 0.0992, 0.0999]",0.10093938559293747,2025-01-15-12-14-16/SITE358_ORNT290_VIS5mi.png
6,9,"[0.1006, 0.1000, 0.0996, 0.0999, 0.0998, 0.1002, 0.1010, 0.0999, 0.0992, 0.0999]",0.1009511947631836,2024-08-31-14-30-34/SITE81_ORNT326_VIS25mi.png
6,8,"[0.1006, 0.1000, 0.0997, 0.0999, 0.0998, 0.1002, 0.1009, 0.0999, 0.0992, 0.0999]",0.10092780739068985,2024-05-08-14-34-39/SITE239_ORNT110_VIS9mi.png
6,6,"[0.1006, 0.1000, 0.0996, 0.0999, 0.0998, 0.1001, 0.1010, 0.0999, 0.0992, 0.0999]",0.10095512121915817,2025-03-26-14-35-40/SITE5_ORNT155_VIS7mi.png
6,4,"[0.1006, 0.1000, 0.0996, 0.0999, 0.0998, 0.1001, 0.1010, 0.0999, 0.0992, 0.0999]",0.10097247362136841,2024-08-18-19-28-16/SITE42_ORNT330_VIS5mi.png
6,1,"[0.1006, 0.1000, 0.0996, 0.0999, 0.0998, 0.1002, 0.1009, 0.0999, 0.0992, 0.0999]",0.10094913840293884,2024-09-07-11-42-21/SITE208_ORNT18_VIS2-5mi.png
6,0,"[0.1006, 0.1000, 0.0996, 0.0999, 0.0998, 0.1002, 0.1009, 0.0999, 0.0992, 0.0999]",0.10093651711940765,2024-07-28-13-48-26/SITE13_ORNT85_VIS1-25mi.png
6,8,"[0.1005, 0.1000, 0.0996, 0.0999, 0.0998, 0.1002, 0.1009, 0.0999, 0.0992, 0.0999]",0.10091986507177353,2024-09-02-17-43-28/SITE362_ORNT25_VIS9mi.png
6,4,"[0.1005, 0.1000, 0.0997, 0.0999, 0.0998, 0.1002, 0.1009, 0.0999, 0.0992, 0.0999]",0.1009189635515213,2025-03-17-19-09-03/SITE10_ORNT255_VIS5mi.png
6,6,"[0.1005, 0.1000, 0.0997, 0.0999, 0.0998, 0.1002, 0.1009, 0.0999, 0.0992, 0.0999]",0.1009097471833229,2024-07-20-15-11-13/SITE332_ORNT15_VIS7mi.png
6,5,"[0.1005, 0.1000, 0.0997, 0.0999, 0.0998, 0.1002, 0.1009, 0.0999, 0.0992, 0.0999]",0.1009138748049736,2025-02-15-15-20-00/SITE397_ORNT145_VIS6mi.png
6,1,"[0.1006, 0.1000, 0.0997, 0.0999, 0.0998, 0.1002, 0.1009, 0.0999, 0.0992, 0.0999]",0.100929394364357,2025-02-04-15-47-48/SITE219_ORNT264_VIS2-5mi.png
6,9,"[0.1006, 0.1000, 0.0996, 0.0999, 0.0998, 0.1002, 0.1009, 0.0999, 0.0992, 0.0999]",0.10094436258077621,2025-04-13-19-09-12/SITE111_ORNT61_VIS10+mi.png
6,3,"[0.1006, 0.1000, 0.0997, 0.0999, 0.0998, 0.1002, 0.1009, 0.0999, 0.0992, 0.0999]",0.10093571245670319,2025-04-01-16-59-16/SITE111_ORNT246_VIS4mi.png
6,7,"[0.1005, 0.1000, 0.0997, 0.0999, 0.0999, 0.1002, 0.1009, 0.0998, 0.0992, 0.0999]",0.10090678930282593,2024-06-01-16-58-02/SITE455_ORNT0_VIS8mi.png
6,0,"[0.1005, 0.1000, 0.0997, 0.0999, 0.0998, 0.1002, 0.1009, 0.0999, 0.0992, 0.0999]",0.10092299431562424,2024-08-30-17-21-54/SITE53_ORNT170_VIS1-5mi.png
6,9,"[0.1005, 0.1000, 0.0996, 0.0999, 0.0998, 0.1002, 0.1009, 0.0999, 0.0992, 0.0999]",0.1009470522403717,2025-03-05-12-08-53/SITE50_ORNT149_VIS10+mi.png
6,7,"[0.1005, 0.1000, 0.0996, 0.0999, 0.0998, 0.1001, 0.1010, 0.0999, 0.0992, 0.0999]",0.10096623748540878,2025-01-28-16-10-28/SITE208_ORNT330_VIS8mi.png
6,8,"[0.1006, 0.1000, 0.0997, 0.0999, 0.0998, 0.1002, 0.1009, 0.0999, 0.0992, 0.0999]",0.10089215636253357,2024-08-31-14-30-34/SITE314_ORNT35_VIS9mi.png
6,0,"[0.1006, 0.1000, 0.0996, 0.0999, 0.0998, 0.1002, 0.1009, 0.0999, 0.0992, 0.0999]",0.10094057023525238,2025-03-06-15-10-58/SITE171_ORNT23_VIS1mi.png
6,2,"[0.1006, 0.1000, 0.0996, 0.0999, 0.0998, 0.1001, 0.1010, 0.0999, 0.0992, 0.0999]",0.10097634047269821,2025-04-10-17-56-44/SITE443_ORNT67_VIS3mi.png
6,3,"[0.1005, 0.1000, 0.0996, 0.0999, 0.0998, 0.1002, 0.1009, 0.0999, 0.0992, 0.0999]",0.1009255051612854,2024-10-07-12-00-07/SITE8_ORNT123_VIS4mi.png
6,4,"[0.1005, 0.1000, 0.0996, 0.0999, 0.0998, 0.1002, 0.1009, 0.0999, 0.0992, 0.0999]",0.10094549506902695,2024-05-23-15-19-49/SITE13_ORNT10_VIS5mi.png
6,6,"[0.1006, 0.1000, 0.0996, 0.0999, 0.0998, 0.1002, 0.1009, 0.0999, 0.0992, 0.0999]",0.10094276815652847,2024-07-14-10-21-23/SITE177_ORNT200_VIS7mi.png
6,9,"[0.1006, 0.1000, 0.0997, 0.0999, 0.0998, 0.1002, 0.1009, 0.0999, 0.0992, 0.0999]",0.10090091079473495,2025-01-31-13-49-43/SITE7_ORNT312_VIS10+mi.png
6,5,"[0.1005, 0.1000, 0.0996, 0.0999, 0.0998, 0.1002, 0.1009, 0.0999, 0.0992, 0.0999]",0.10094565153121948,2024-06-06-17-01-51/SITE40_ORNT120_VIS6mi.png
6,9,"[0.1005, 0.1000, 0.0997, 0.0999, 0.0999, 0.1002, 0.1009, 0.0998, 0.0992, 0.0999]",0.10090617835521698,2024-06-06-17-01-51/SITE463_ORNT340_VIS15mi.png
6,0,"[0.1005, 0.1000, 0.0996, 0.0999, 0.0998, 0.1002, 0.1009, 0.0999, 0.0992, 0.0999]",0.10093232989311218,2024-05-07-15-42-07/SITE87_ORNT114_VIS1-5mi.png
6,8,"[0.1005, 0.1000, 0.0997, 0.0999, 0.0998, 0.1002, 0.1009, 0.0999, 0.0992, 0.0999]",0.10091003775596619,2025-02-10-14-47-56/SITE477_ORNT160_VIS9mi.png
6,0,"[0.1005, 0.1000, 0.0996, 0.0999, 0.0998, 0.1001, 0.1010, 0.0999, 0.0992, 0.0999]",0.10096307843923569,2024-07-01-19-28-49/SITE239_ORNT245_VIS1-5mi.png
6,5,"[0.1006, 0.1000, 0.0996, 0.0999, 0.0998, 0.1002, 0.1009, 0.0999, 0.0992, 0.0999]",0.10093788802623749,2024-06-10-18-34-10/SITE123_ORNT67_VIS6mi.png
6,7,"[0.1005, 0.1000, 0.0996, 0.0999, 0.0998, 0.1002, 0.1009, 0.0999, 0.0992, 0.0999]",0.10093094408512115,2025-02-10-14-47-56/SITE684_ORNT27_VIS8mi.png
6,3,"[0.1006, 0.1000, 0.0997, 0.0999, 0.0998, 0.1002, 0.1009, 0.0999, 0.0992, 0.0999]",0.10093162208795547,2025-02-12-14-37-35/SITE179_ORNT36_VIS4mi.png
6,2,"[0.1005, 0.1000, 0.0996, 0.0999, 0.0998, 0.1002, 0.1009, 0.0999, 0.0992, 0.0999]",0.10091610252857208,2025-02-11-14-30-47/SITE324_ORNT115_VIS3mi.png
6,7,"[0.1005, 0.1000, 0.0997, 0.0999, 0.0998, 0.1002, 0.1009, 0.0999, 0.0992, 0.0999]",0.10089433193206787,2025-02-17-14-46-26/SITE389_ORNT300_VIS8mi.png
6,0,"[0.1005, 0.1000, 0.0996, 0.0999, 0.0998, 0.1001, 0.1010, 0.0999, 0.0992, 0.0999]",0.10095914453268051,2025-04-01-16-59-16/SITE896_ORNT280_VIS1-75mi.png
6,6,"[0.1006, 0.1000, 0.0997, 0.0999, 0.0998, 0.1002, 0.1009, 0.0999, 0.0992, 0.0999]",0.10092155635356903,2024-07-28-11-17-19/SITE557_ORNT8_VIS7mi.png
6,9,"[0.1006, 0.1000, 0.0996, 0.0999, 0.0998, 0.1002, 0.1009, 0.0999, 0.0992, 0.0999]",0.10093414783477783,2025-02-02-12-13-03/SITE629_ORNT125_VIS10+mi.png
6,7,"[0.1005, 0.1000, 0.0996, 0.0999, 0.0998, 0.1002, 0.1009, 0.0999, 0.0992, 0.0999]",0.10094033926725388,2025-04-13-19-09-12/SITE203_ORNT70_VIS8mi.png
6,9,"[0.1005, 0.1000, 0.0996, 0.0999, 0.0999, 0.1002, 0.1009, 0.0998, 0.0993, 0.0999]",0.10092177987098694,2025-02-05-13-59-56/SITE312_ORNT60_VIS25mi.png
6,2,"[0.1005, 0.1000, 0.0996, 0.0999, 0.0998, 0.1002, 0.1009, 0.0999, 0.0992, 0.0999]",0.10093472898006439,2024-12-29-16-00-12/SITE59_ORNT333_VIS3mi.png
6,6,"[0.1005, 0.1000, 0.0996, 0.0999, 0.0998, 0.1001, 0.1010, 0.0999, 0.0992, 0.0999]",0.10095634311437607,2024-07-07-15-01-32/SITE45_ORNT290_VIS7mi.png
6,4,"[0.1005, 0.1000, 0.0996, 0.0999, 0.0998, 0.1002, 0.1009, 0.0999, 0.0992, 0.0999]",0.10093842446804047,2024-08-15-16-44-48/SITE624_ORNT145_VIS5mi.png
6,5,"[0.1006, 0.1000, 0.0996, 0.0999, 0.0998, 0.1001, 0.1010, 0.0999, 0.0992, 0.0999]",0.10096533596515656,2025-02-19-12-18-05/SITE25_ORNT225_VIS6mi.png
6,5,"[0.1006, 0.1000, 0.0997, 0.0999, 0.0998, 0.1002, 0.1009, 0.0999, 0.0992, 0.0999]",0.10092827677726746,2024-08-10-09-44-28/SITE747_ORNT0_VIS6mi.png
6,1,"[0.1006, 0.1000, 0.0996, 0.0999, 0.0998, 0.1002, 0.1009, 0.0999, 0.0992, 0.0999]",0.10094720125198364,2024-05-08-14-34-39/SITE735_ORNT170_VIS2mi.png
6,4,"[0.1005, 0.1000, 0.0996, 0.0999, 0.0998, 0.1002, 0.1009, 0.0999, 0.0992, 0.0999]",0.10094788670539856,2025-01-31-13-49-43/SITE229_ORNT329_VIS5mi.png
6,3,"[0.1005, 0.1000, 0.0996, 0.0999, 0.0998, 0.1001, 0.1010, 0.0999, 0.0992, 0.0999]",0.10095638036727905,2024-06-23-11-02-14/SITE620_ORNT225_VIS4mi.png
6,8,"[0.1005, 0.1000, 0.0997, 0.1000, 0.0998, 0.1002, 0.1009, 0.0999, 0.0992, 0.0999]",0.10088082402944565,2025-01-15-15-33-17/SITE362_ORNT305_VIS9mi.png
6,2,"[0.1005, 0.1000, 0.0996, 0.0999, 0.0998, 0.1002, 0.1009, 0.0999, 0.0992, 0.0999]",0.10092103481292725,2025-04-01-16-59-16/SITE485_ORNT290_VIS3mi.png
6,9,"[0.1006, 0.1000, 0.0996, 0.0999, 0.0998, 0.1001, 0.1010, 0.0999, 0.0992, 0.0999]",0.10095708072185516,2025-03-26-12-24-08/SITE443_ORNT275_VIS10+mi.png
6,8,"[0.1005, 0.1000, 0.0997, 0.0999, 0.0998, 0.1002, 0.1009, 0.0999, 0.0992, 0.0999]",0.1009131446480751,2024-10-07-12-00-07/SITE472_ORNT275_VIS9mi.png
6,2,"[0.1005, 0.1000, 0.0996, 0.0999, 0.0998, 0.1002, 0.1009, 0.0999, 0.0992, 0.0999]",0.10092750191688538,2025-04-13-19-09-12/SITE607_ORNT90_VIS3mi.png
6,4,"[0.1005, 0.1000, 0.0996, 0.0999, 0.0998, 0.1002, 0.1009, 0.0999, 0.0992, 0.0999]",0.10093238949775696,2025-01-23-15-05-27/SITE508_ORNT135_VIS5mi.png
6,1,"[0.1005, 0.1000, 0.0997, 0.0999, 0.0998, 0.1002, 0.1009, 0.0999, 0.0992, 0.0999]",0.10091559588909149,2024-07-14-16-38-50/SITE178_ORNT300_VIS2mi.png
6,6,"[0.1005, 0.1000, 0.0997, 0.0999, 0.0998, 0.1002, 0.1009, 0.0999, 0.0992, 0.0999]",0.10091112554073334,2025-02-12-14-37-35/SITE362_ORNT305_VIS7mi.png
6,8,"[0.1005, 0.1000, 0.0997, 0.0999, 0.0998, 0.1002, 0.1009, 0.0999, 0.0992, 0.0999]",0.10091809183359146,2024-12-03-11-18-04/SITE401_ORNT250_VIS9mi.png
6,7,"[0.1006, 0.1000, 0.0996, 0.0999, 0.0998, 0.1002, 0.1010, 0.0999, 0.0992, 0.0999]",0.1009543240070343,2024-07-30-14-06-06/SITE735_ORNT75_VIS8mi.png
6,0,"[0.1006, 0.1000, 0.0996, 0.0999, 0.0998, 0.1002, 0.1009, 0.0999, 0.0992, 0.0999]",0.10093913227319717,2025-02-04-15-47-48/SITE41_ORNT335_VIS1mi.png
6,0,"[0.1006, 0.1000, 0.0996, 0.0999, 0.0998, 0.1002, 0.1009, 0.0999, 0.0992, 0.0999]",0.10093589872121811,2024-07-28-11-17-19/SITE13_ORNT240_VIS1-25mi.png
6,6,"[0.1006, 0.1000, 0.0996, 0.0999, 0.0998, 0.1002, 0.1009, 0.0999, 0.0992, 0.0999]",0.10093580186367035,2024-04-25-17-48-06/SITE676_ORNT70_VIS7mi.png
6,9,"[0.1006, 0.1000, 0.0997, 0.0999, 0.0998, 0.1002, 0.1009, 0.0999, 0.0992, 0.0999]",0.10092820227146149,2024-10-10-15-17-15/SITE648_ORNT65_VIS10+mi.png
6,5,"[0.1005, 0.1000, 0.0997, 0.0999, 0.0998, 0.1002, 0.1009, 0.0999, 0.0992, 0.0999]",0.10091711580753326,2024-05-31-15-13-16/SITE343_ORNT360_VIS6mi.png
6,1,"[0.1005, 0.1000, 0.0996, 0.0999, 0.0998, 0.1002, 0.1009, 0.0999, 0.0992, 0.0999]",0.10093498229980469,2024-06-09-10-51-06/SITE581_ORNT70_VIS2-5mi.png
6,2,"[0.1006, 0.1000, 0.0996, 0.0999, 0.0998, 0.1002, 0.1010, 0.0999, 0.0992, 0.0999]",0.10095074772834778,2024-06-20-11-19-17/SITE84_ORNT336_VIS3mi.png
6,8,"[0.1005, 0.1000, 0.0996, 0.0999, 0.0999, 0.1002, 0.1009, 0.0999, 0.0992, 0.0999]",0.10091596096754074,2024-08-29-14-11-27/SITE386_ORNT290_VIS9mi.png
6,1,"[0.1005, 0.1000, 0.0996, 0.0999, 0.0998, 0.1002, 0.1009, 0.0999, 0.0992, 0.0999]",0.10092419385910034,2024-05-03-12-14-06/SITE205_ORNT305_VIS2mi.png
6,3,"[0.1006, 0.1000, 0.0997, 0.0999, 0.0998, 0.1002, 0.1009, 0.0999, 0.0992, 0.0999]",0.10093419998884201,2024-05-21-12-02-34/SITE719_ORNT120_VIS4mi.png
6,3,"[0.1006, 0.1000, 0.0996, 0.0999, 0.0998, 0.1002, 0.1009, 0.0999, 0.0992, 0.0999]",0.10093823075294495,2024-08-02-20-27-22/SITE19_ORNT260_VIS4mi.png
6,7,"[0.1006, 0.1000, 0.0996, 0.0999, 0.0998, 0.1001, 0.1010, 0.0999, 0.0992, 0.0999]",0.10095717012882233,2025-01-26-15-53-06/SITE18_ORNT5_VIS8mi.png
6,1,"[0.1006, 0.1000, 0.0996, 0.0999, 0.0998, 0.1002, 0.1009, 0.0999, 0.0992, 0.0999]",0.10093185305595398,2025-02-04-15-47-48/SITE219_ORNT160_VIS2-5mi.png
6,8,"[0.1005, 0.1000, 0.0997, 0.0999, 0.0998, 0.1002, 0.1009, 0.0998, 0.0992, 0.0999]",0.10089369118213654,2024-07-14-16-38-50/SITE481_ORNT310_VIS9mi.png
6,8,"[0.1005, 0.1000, 0.0996, 0.0999, 0.0998, 0.1002, 0.1009, 0.0999, 0.0992, 0.0999]",0.10092342644929886,2025-03-29-15-28-57/SITE377_ORNT200_VIS9mi.png
6,4,"[0.1005, 0.1000, 0.0996, 0.0999, 0.0999, 0.1002, 0.1009, 0.0999, 0.0993, 0.0999]",0.10093411803245544,2025-02-10-14-47-56/SITE388_ORNT325_VIS5mi.png
6,3,"[0.1006, 0.1000, 0.0996, 0.0999, 0.0998, 0.1002, 0.1009, 0.0999, 0.0992, 0.0999]",0.10094944387674332,2025-03-20-11-55-50/SITE7_ORNT221_VIS4mi.png
6,4,"[0.1005, 0.1000, 0.0996, 0.0999, 0.0998, 0.1002, 0.1009, 0.0999, 0.0992, 0.0999]",0.10093116760253906,2024-08-26-16-02-03/SITE417_ORNT140_VIS5mi.png
6,9,"[0.1006, 0.1000, 0.0996, 0.0999, 0.0998, 0.1002, 0.1009, 0.0999, 0.0992, 0.0999]",0.10093830525875092,2025-04-02-15-05-32/SITE35_ORNT258_VIS10+mi.png
6,5,"[0.1005, 0.1000, 0.0996, 0.0999, 0.0998, 0.1002, 0.1009, 0.0999, 0.0992, 0.0999]",0.10094906389713287,2024-07-29-17-46-25/SITE127_ORNT30_VIS6mi.png
6,5,"[0.1006, 0.1000, 0.0996, 0.0999, 0.0998, 0.1002, 0.1009, 0.0999, 0.0992, 0.0999]",0.10094261914491653,2025-02-15-15-20-00/SITE22_ORNT0_VIS6mi.png
6,4,"[0.1005, 0.1000, 0.0996, 0.0999, 0.0998, 0.1002, 0.1009, 0.0999, 0.0992, 0.0999]",0.10093478113412857,2025-01-15-15-33-17/SITE474_ORNT90_VIS5mi.png
6,5,"[0.1005, 0.1000, 0.0997, 0.0999, 0.0999, 0.1002, 0.1009, 0.0999, 0.0992, 0.0999]",0.10091259330511093,2025-02-10-14-47-56/SITE472_ORNT95_VIS6mi.png
6,9,"[0.1005, 0.1000, 0.0996, 0.0999, 0.0998, 0.1001, 0.1010, 0.0999, 0.0992, 0.0999]",0.10095129907131195,2025-02-19-12-18-05/SITE50_ORNT265_VIS10+mi.png
6,6,"[0.1005, 0.1000, 0.0996, 0.0999, 0.0998, 0.1002, 0.1009, 0.0999, 0.0992, 0.0999]",0.10092746466398239,2024-10-06-17-04-59/SITE253_ORNT195_VIS7mi.png
6,5,"[0.1005, 0.1000, 0.0997, 0.0999, 0.0998, 0.1002, 0.1009, 0.0999, 0.0992, 0.0999]",0.10092543065547943,2025-03-31-15-41-11/SITE178_ORNT300_VIS6mi.png
6,4,"[0.1006, 0.1000, 0.0996, 0.0999, 0.0998, 0.1002, 0.1009, 0.0999, 0.0992, 0.0999]",0.10093645006418228,2024-07-23-10-10-08/SITE581_ORNT160_VIS5mi.png
6,3,"[0.1005, 0.1000, 0.0996, 0.0999, 0.0998, 0.1002, 0.1009, 0.0999, 0.0992, 0.0999]",0.10094510018825531,2024-06-16-19-09-40/SITE722_ORNT315_VIS4mi.png
6,7,"[0.1006, 0.1000, 0.0996, 0.0999, 0.0998, 0.1002, 0.1009, 0.0999, 0.0992, 0.0999]",0.10094721615314484,2024-08-30-17-21-54/SITE40_ORNT295_VIS8mi.png
6,8,"[0.1005, 0.1000, 0.0996, 0.0999, 0.0998, 0.1002, 0.1009, 0.0999, 0.0992, 0.0999]",0.10093434900045395,2024-09-22-16-46-10/SITE203_ORNT220_VIS9mi.png
6,9,"[0.1006, 0.1000, 0.0997, 0.0999, 0.0998, 0.1002, 0.1009, 0.0999, 0.0992, 0.0999]",0.100904680788517,2025-05-16-12-18-46/SITE59_ORNT10_VIS10+mi.png
6,8,"[0.1005, 0.1000, 0.0997, 0.0999, 0.0998, 0.1002, 0.1009, 0.0999, 0.0992, 0.0999]",0.10091713070869446,2025-04-13-19-09-12/SITE343_ORNT90_VIS9mi.png
6,4,"[0.1006, 0.1000, 0.0996, 0.0999, 0.0998, 0.1002, 0.1009, 0.0999, 0.0992, 0.0999]",0.1009460836648941,2024-06-14-11-11-00/SITE18_ORNT210_VIS5mi.png
6,1,"[0.1006, 0.1000, 0.0997, 0.0999, 0.0998, 0.1002, 0.1009, 0.0999, 0.0992, 0.0999]",0.1009281650185585,2024-09-08-13-07-06/SITE22_ORNT285_VIS2-5mi.png
6,9,"[0.1005, 0.1000, 0.0996, 0.0999, 0.0998, 0.1002, 0.1009, 0.0999, 0.0992, 0.0999]",0.10094171017408371,2025-04-22-15-39-35/SITE229_ORNT202_VIS10+mi.png
6,6,"[0.1005, 0.1000, 0.0996, 0.0999, 0.0998, 0.1002, 0.1009, 0.0999, 0.0992, 0.0999]",0.10094829648733139,2024-07-23-13-08-12/SITE584_ORNT225_VIS7mi.png
6,2,"[0.1005, 0.1000, 0.0996, 0.0999, 0.0998, 0.1002, 0.1009, 0.0999, 0.0992, 0.0999]",0.10092666745185852,2025-01-15-12-14-16/SITE471_ORNT255_VIS3mi.png
6,1,"[0.1006, 0.1000, 0.0996, 0.0999, 0.0998, 0.1002, 0.1009, 0.0999, 0.0992, 0.0999]",0.1009448692202568,2024-05-23-15-19-49/SITE41_ORNT170_VIS2-5mi.png
6,8,"[0.1005, 0.1000, 0.0997, 0.1000, 0.0998, 0.1002, 0.1009, 0.0998, 0.0992, 0.0999]",0.10087480396032333,2024-09-18-18-13-42/SITE328_ORNT0_VIS9mi.png
6,6,"[0.1005, 0.1000, 0.0996, 0.0999, 0.0998, 0.1001, 0.1010, 0.0999, 0.0992, 0.0999]",0.10095563530921936,2025-02-11-14-30-47/SITE203_ORNT335_VIS7mi.png
6,9,"[0.1006, 0.1000, 0.0996, 0.0999, 0.0998, 0.1002, 0.1009, 0.0999, 0.0992, 0.0999]",0.10094618797302246,2025-04-11-14-52-32/SITE693_ORNT315_VIS10+mi.png
6,0,"[0.1006, 0.1000, 0.0996, 0.0999, 0.0998, 0.1002, 0.1009, 0.0999, 0.0992, 0.0999]",0.10094261914491653,2025-02-17-14-46-26/SITE19_ORNT170_VIS1-75mi.png
6,0,"[0.1005, 0.1000, 0.0997, 0.0999, 0.0998, 0.1002, 0.1009, 0.0999, 0.0992, 0.0999]",0.10090801119804382,2025-03-31-15-41-11/SITE5_ORNT230_VIS1-25mi.png
6,5,"[0.1005, 0.1000, 0.0996, 0.0999, 0.0998, 0.1002, 0.1009, 0.0999, 0.0992, 0.0999]",0.1009250283241272,2024-12-29-16-00-12/SITE520_ORNT270_VIS6mi.png
6,6,"[0.1005, 0.1000, 0.0996, 0.0999, 0.0998, 0.1002, 0.1009, 0.0999, 0.0992, 0.0999]",0.10094545781612396,2025-03-26-14-35-40/SITE5_ORNT230_VIS7mi.png
6,6,"[0.1006, 0.1000, 0.0997, 0.0999, 0.0998, 0.1002, 0.1009, 0.0999, 0.0992, 0.0999]",0.10093161463737488,2024-07-29-16-41-43/SITE116_ORNT3_VIS7mi.png
6,3,"[0.1006, 0.1000, 0.0996, 0.0999, 0.0998, 0.1002, 0.1010, 0.0999, 0.0992, 0.0999]",0.1009514257311821,2024-07-04-10-22-12/SITE239_ORNT30_VIS4mi.png
6,8,"[0.1005, 0.1000, 0.0997, 0.0999, 0.0998, 0.1002, 0.1009, 0.0999, 0.0992, 0.0999]",0.10090578347444534,2024-10-13-15-24-41/SITE469_ORNT330_VIS9mi.png
6,5,"[0.1005, 0.1000, 0.0996, 0.0999, 0.0998, 0.1002, 0.1009, 0.0999, 0.0992, 0.0999]",0.10092843323945999,2024-10-14-13-08-27/SITE426_ORNT250_VIS6mi.png
6,0,"[0.1005, 0.1000, 0.0996, 0.0999, 0.0998, 0.1002, 0.1009, 0.0999, 0.0992, 0.0999]",0.100937619805336,2025-03-23-13-51-54/SITE9_ORNT200_VIS1mi.png
6,4,"[0.1005, 0.1000, 0.0997, 0.0999, 0.0998, 0.1002, 0.1009, 0.0999, 0.0992, 0.0999]",0.10090947896242142,2025-01-29-12-01-12/SITE397_ORNT270_VIS5mi.png
6,2,"[0.1006, 0.1000, 0.0996, 0.0999, 0.0998, 0.1002, 0.1009, 0.0999, 0.0992, 0.0999]",0.10094185173511505,2024-12-17-16-15-56/SITE442_ORNT210_VIS3mi.png
6,9,"[0.1005, 0.1000, 0.0996, 0.0999, 0.0998, 0.1002, 0.1009, 0.0999, 0.0992, 0.0999]",0.10093478858470917,2024-10-14-13-08-27/SITE593_ORNT160_VIS10+mi.png
6,6,"[0.1006, 0.1000, 0.0996, 0.0999, 0.0998, 0.1001, 0.1010, 0.0999, 0.0992, 0.0999]",0.10096413642168045,2024-07-20-15-11-13/SITE543_ORNT126_VIS7mi.png
6,1,"[0.1006, 0.1000, 0.0996, 0.0999, 0.0998, 0.1002, 0.1010, 0.0999, 0.0992, 0.0999]",0.10095270723104477,2025-02-17-14-46-26/SITE244_ORNT3_VIS2mi.png
6,4,"[0.1006, 0.1000, 0.0996, 0.0999, 0.0998, 0.1002, 0.1009, 0.0999, 0.0992, 0.0999]",0.10094474256038666,2024-08-02-10-36-13/SITE19_ORNT325_VIS5mi.png
6,5,"[0.1005, 0.1000, 0.0996, 0.0999, 0.0998, 0.1001, 0.1010, 0.0999, 0.0992, 0.0999]",0.10095328837633133,2024-05-21-12-02-34/SITE543_ORNT126_VIS6mi.png
6,3,"[0.1006, 0.1000, 0.0996, 0.0999, 0.0998, 0.1002, 0.1009, 0.0999, 0.0992, 0.0999]",0.1009385958313942,2024-09-08-16-00-24/SITE177_ORNT200_VIS4mi.png
6,6,"[0.1006, 0.1000, 0.0996, 0.0999, 0.0998, 0.1002, 0.1009, 0.0999, 0.0992, 0.0999]",0.10094611346721649,2024-07-29-17-46-25/SITE692_ORNT205_VIS7mi.png
6,9,"[0.1005, 0.1000, 0.0997, 0.0999, 0.0998, 0.1002, 0.1009, 0.0999, 0.0992, 0.0999]",0.10090755671262741,2024-07-04-13-27-11/SITE457_ORNT225_VIS12mi.png
6,5,"[0.1006, 0.1000, 0.0996, 0.0999, 0.0998, 0.1002, 0.1009, 0.0999, 0.0992, 0.0999]",0.10094121843576431,2024-07-07-11-04-33/SITE49_ORNT265_VIS6mi.png
6,1,"[0.1005, 0.1000, 0.0996, 0.0999, 0.0998, 0.1002, 0.1009, 0.0999, 0.0992, 0.0999]",0.10094539076089859,2025-02-01-12-44-07/SITE522_ORNT270_VIS2mi.png
6,9,"[0.1005, 0.1000, 0.0996, 0.0999, 0.0998, 0.1002, 0.1009, 0.0999, 0.0992, 0.0999]",0.10091692209243774,2024-07-23-16-31-18/SITE463_ORNT230_VIS15mi.png
6,9,"[0.1006, 0.1000, 0.0996, 0.0999, 0.0998, 0.1002, 0.1009, 0.0999, 0.0992, 0.0999]",0.10093821585178375,2025-03-29-15-28-57/SITE582_ORNT345_VIS10+mi.png
6,4,"[0.1006, 0.1000, 0.0996, 0.0999, 0.0998, 0.1002, 0.1009, 0.0999, 0.0992, 0.0999]",0.10094824433326721,2024-07-02-16-22-41/SITE169_ORNT57_VIS5mi.png
6,5,"[0.1005, 0.1000, 0.0996, 0.0999, 0.0998, 0.1002, 0.1009, 0.0999, 0.0992, 0.0999]",0.10093238949775696,2025-02-05-13-59-56/SITE852_ORNT45_VIS6mi.png
6,2,"[0.1006, 0.1000, 0.0996, 0.0999, 0.0998, 0.1002, 0.1010, 0.0999, 0.0992, 0.0999]",0.10095058381557465,2024-06-10-14-33-22/SITE595_ORNT100_VIS3mi.png
6,2,"[0.1005, 0.1000, 0.0997, 0.0999, 0.0998, 0.1002, 0.1009, 0.0999, 0.0992, 0.0999]",0.1009255051612854,2024-07-18-11-32-15/SITE125_ORNT35_VIS3mi.png
6,7,"[0.1005, 0.1000, 0.0996, 0.0999, 0.0998, 0.1002, 0.1009, 0.0999, 0.0992, 0.0999]",0.10094688832759857,2024-07-26-10-22-16/SITE569_ORNT276_VIS8mi.png
6,1,"[0.1005, 0.1000, 0.0996, 0.0999, 0.0998, 0.1002, 0.1009, 0.0999, 0.0992, 0.0999]",0.10091951489448547,2024-07-23-13-08-12/SITE327_ORNT45_VIS2mi.png
6,3,"[0.1006, 0.1000, 0.0996, 0.0999, 0.0998, 0.1002, 0.1010, 0.0999, 0.0992, 0.0999]",0.10095299780368805,2024-06-15-10-59-58/SITE422_ORNT180_VIS4mi.png
6,5,"[0.1006, 0.1000, 0.0996, 0.0999, 0.0998, 0.1002, 0.1009, 0.0999, 0.0992, 0.0999]",0.10093475133180618,2024-06-29-15-18-41/SITE19_ORNT325_VIS6mi.png
6,3,"[0.1006, 0.1000, 0.0996, 0.0999, 0.0998, 0.1001, 0.1010, 0.0999, 0.0992, 0.0999]",0.10095688700675964,2025-03-29-15-28-57/SITE240_ORNT227_VIS4mi.png
6,4,"[0.1005, 0.1000, 0.0997, 0.1000, 0.0998, 0.1002, 0.1009, 0.0998, 0.0992, 0.0999]",0.10089171677827835,2024-07-24-16-43-44/SITE612_ORNT300_VIS5mi.png
6,6,"[0.1006, 0.1000, 0.0996, 0.0999, 0.0998, 0.1002, 0.1009, 0.0999, 0.0992, 0.0999]",0.10094483941793442,2024-06-28-13-30-05/SITE19_ORNT260_VIS7mi.png
6,8,"[0.1005, 0.1000, 0.0996, 0.0999, 0.0998, 0.1002, 0.1009, 0.0999, 0.0992, 0.0999]",0.10092629492282867,2024-06-06-17-01-51/SITE520_ORNT180_VIS9mi.png
6,1,"[0.1005, 0.1000, 0.0996, 0.0999, 0.0998, 0.1002, 0.1009, 0.0999, 0.0992, 0.0999]",0.1009223610162735,2025-02-12-14-37-35/SITE322_ORNT180_VIS2-25mi.png
6,9,"[0.1005, 0.1000, 0.0996, 0.0999, 0.0998, 0.1002, 0.1009, 0.0999, 0.0992, 0.0999]",0.1009470522403717,2025-03-17-19-09-03/SITE212_ORNT80_VIS10+mi.png
6,7,"[0.1006, 0.1000, 0.0996, 0.0999, 0.0998, 0.1002, 0.1010, 0.0999, 0.0992, 0.0999]",0.10095500200986862,2024-06-17-10-37-40/SITE132_ORNT141_VIS8mi.png
6,4,"[0.1006, 0.1000, 0.0997, 0.0999, 0.0998, 0.1002, 0.1009, 0.0999, 0.0992, 0.0999]",0.10092464834451675,2024-08-26-16-02-03/SITE405_ORNT250_VIS5mi.png
6,6,"[0.1006, 0.1000, 0.0996, 0.0999, 0.0998, 0.1001, 0.1010, 0.0999, 0.0992, 0.0999]",0.10095739364624023,2025-03-11-17-13-52/SITE760_ORNT310_VIS7mi.png
6,0,"[0.1006, 0.1000, 0.0996, 0.0999, 0.0998, 0.1002, 0.1009, 0.0999, 0.0992, 0.0999]",0.100945845246315,2025-03-31-13-29-12/SITE272_ORNT325_VIS1-75mi.png
6,4,"[0.1006, 0.1000, 0.0996, 0.0999, 0.0998, 0.1002, 0.1009, 0.0999, 0.0992, 0.0999]",0.10093386471271515,2024-05-01-16-21-18/SITE41_ORNT335_VIS5mi.png
6,8,"[0.1005, 0.1000, 0.0997, 0.0999, 0.0998, 0.1002, 0.1009, 0.0999, 0.0992, 0.0999]",0.10091165453195572,2024-09-21-11-24-11/SITE371_ORNT315_VIS9mi.png
6,4,"[0.1005, 0.1000, 0.0996, 0.0999, 0.0999, 0.1001, 0.1009, 0.0999, 0.0992, 0.0999]",0.10094112157821655,2025-02-19-12-18-05/SITE309_ORNT325_VIS5mi.png
6,5,"[0.1005, 0.1000, 0.0996, 0.0999, 0.0998, 0.1002, 0.1009, 0.0999, 0.0992, 0.0999]",0.10092046111822128,2025-02-27-11-22-46/SITE471_ORNT255_VIS6mi.png
6,4,"[0.1006, 0.1000, 0.0996, 0.0999, 0.0998, 0.1002, 0.1009, 0.0999, 0.0992, 0.0999]",0.10094551742076874,2024-07-05-10-36-13/SITE203_ORNT220_VIS5mi.png
6,5,"[0.1005, 0.1000, 0.0996, 0.0999, 0.0998, 0.1002, 0.1009, 0.0999, 0.0992, 0.0999]",0.10093735158443451,2024-08-18-13-20-24/SITE203_ORNT220_VIS6mi.png
6,5,"[0.1006, 0.1000, 0.0996, 0.0999, 0.0998, 0.1002, 0.1009, 0.0999, 0.0992, 0.0999]",0.10093069076538086,2025-03-04-14-20-15/SITE542_ORNT305_VIS6mi.png
6,0,"[0.1005, 0.1000, 0.0996, 0.0999, 0.0998, 0.1002, 0.1009, 0.0999, 0.0992, 0.0999]",0.10093197971582413,2024-05-03-12-14-06/SITE41_ORNT25_VIS1-25mi.png
6,0,"[0.1005, 0.1000, 0.0996, 0.0999, 0.0998, 0.1002, 0.1009, 0.0999, 0.0992, 0.0999]",0.10094812512397766,2025-04-13-19-09-12/SITE439_ORNT90_VIS1-75mi.png
6,9,"[0.1006, 0.1000, 0.0996, 0.0999, 0.0998, 0.1002, 0.1009, 0.0999, 0.0992, 0.0999]",0.10093322396278381,2025-03-20-11-55-50/SITE69_ORNT315_VIS10+mi.png
6,3,"[0.1005, 0.1000, 0.0996, 0.0999, 0.0998, 0.1002, 0.1009, 0.0999, 0.0992, 0.0999]",0.10092974454164505,2025-01-29-12-01-12/SITE461_ORNT20_VIS4mi.png
6,2,"[0.1005, 0.1000, 0.0997, 0.0999, 0.0998, 0.1002, 0.1009, 0.0999, 0.0992, 0.0999]",0.1009087935090065,2025-03-06-15-10-58/SITE397_ORNT30_VIS3mi.png
6,5,"[0.1005, 0.1000, 0.0996, 0.0999, 0.0998, 0.1002, 0.1009, 0.0999, 0.0992, 0.0999]",0.10094437748193741,2025-04-02-15-05-32/SITE215_ORNT130_VIS6mi.png
6,2,"[0.1005, 0.1000, 0.0996, 0.0999, 0.0998, 0.1002, 0.1009, 0.0999, 0.0992, 0.0999]",0.10092833638191223,2025-01-31-13-49-43/SITE438_ORNT30_VIS3mi.png
6,0,"[0.1006, 0.1000, 0.0996, 0.0999, 0.0998, 0.1002, 0.1009, 0.0999, 0.0992, 0.0999]",0.10093989968299866,2024-06-09-10-51-06/SITE13_ORNT10_VIS1-5mi.png
6,2,"[0.1005, 0.1000, 0.0996, 0.0999, 0.0998, 0.1002, 0.1009, 0.0999, 0.0992, 0.0999]",0.10094717144966125,2024-07-05-14-33-31/SITE127_ORNT114_VIS3mi.png
6,3,"[0.1006, 0.1000, 0.0996, 0.0999, 0.0998, 0.1002, 0.1009, 0.0999, 0.0992, 0.0999]",0.10093545913696289,2025-02-16-12-49-10/SITE801_ORNT155_VIS4mi.png
6,4,"[0.1006, 0.1000, 0.0996, 0.0999, 0.0998, 0.1002, 0.1010, 0.0999, 0.0992, 0.0999]",0.10095567256212234,2024-07-28-13-48-26/SITE616_ORNT90_VIS5mi.png
6,5,"[0.1006, 0.1000, 0.0996, 0.0999, 0.0998, 0.1002, 0.1009, 0.0999, 0.0992, 0.0999]",0.10094136744737625,2024-07-23-10-10-08/SITE719_ORNT20_VIS6mi.png
6,3,"[0.1005, 0.1000, 0.0996, 0.0999, 0.0998, 0.1002, 0.1009, 0.0999, 0.0992, 0.0999]",0.10093095153570175,2024-08-31-14-30-34/SITE194_ORNT145_VIS4mi.png
6,9,"[0.1005, 0.1000, 0.0996, 0.0999, 0.0999, 0.1002, 0.1009, 0.0999, 0.0992, 0.0999]",0.10091463476419449,2024-05-21-12-02-34/SITE327_ORNT45_VIS15mi.png
6,6,"[0.1006, 0.1000, 0.0996, 0.0999, 0.0998, 0.1002, 0.1009, 0.0999, 0.0992, 0.0999]",0.10093848407268524,2024-09-30-11-56-46/SITE760_ORNT190_VIS7mi.png
6,7,"[0.1006, 0.1000, 0.0996, 0.0999, 0.0998, 0.1002, 0.1009, 0.0999, 0.0992, 0.0999]",0.10093904286623001,2024-06-23-11-02-14/SITE253_ORNT325_VIS8mi.png
6,3,"[0.1006, 0.1000, 0.0996, 0.0999, 0.0998, 0.1001, 0.1010, 0.0999, 0.0992, 0.0999]",0.1009562760591507,2025-02-14-15-24-27/SITE844_ORNT200_VIS4mi.png
6,6,"[0.1006, 0.1000, 0.0996, 0.0999, 0.0998, 0.1002, 0.1009, 0.0999, 0.0992, 0.0999]",0.10094838589429855,2024-08-18-19-28-16/SITE616_ORNT0_VIS7mi.png
6,6,"[0.1006, 0.1000, 0.0997, 0.0999, 0.0998, 0.1002, 0.1009, 0.0999, 0.0992, 0.0999]",0.10093539208173752,2024-07-14-10-21-23/SITE177_ORNT260_VIS7mi.png
6,3,"[0.1005, 0.1000, 0.0996, 0.0999, 0.0998, 0.1001, 0.1009, 0.0999, 0.0992, 0.0999]",0.1009468287229538,2025-03-29-15-28-57/SITE215_ORNT330_VIS4mi.png
6,9,"[0.1006, 0.1000, 0.0997, 0.0999, 0.0998, 0.1002, 0.1009, 0.0999, 0.0992, 0.0999]",0.10090955346822739,2025-03-26-12-24-08/SITE217_ORNT150_VIS10+mi.png
6,2,"[0.1006, 0.1000, 0.0996, 0.0999, 0.0998, 0.1002, 0.1009, 0.0999, 0.0992, 0.0999]",0.10093971341848373,2024-06-23-11-02-14/SITE626_ORNT290_VIS3mi.png
6,4,"[0.1005, 0.1000, 0.0996, 0.0999, 0.0998, 0.1002, 0.1009, 0.0999, 0.0992, 0.0999]",0.10094520449638367,2024-10-13-15-24-41/SITE58_ORNT245_VIS5mi.png
6,7,"[0.1005, 0.1000, 0.0996, 0.0999, 0.0998, 0.1002, 0.1009, 0.0999, 0.0992, 0.0999]",0.10093507915735245,2025-03-02-13-12-40/SITE117_ORNT128_VIS8mi.png
6,4,"[0.1006, 0.1000, 0.0996, 0.0999, 0.0998, 0.1002, 0.1009, 0.0999, 0.0992, 0.0999]",0.10093890875577927,2024-06-27-10-23-10/SITE41_ORNT335_VIS5mi.png
6,9,"[0.1006, 0.1000, 0.0996, 0.0999, 0.0998, 0.1001, 0.1010, 0.0999, 0.0992, 0.0999]",0.1009819358587265,2025-01-31-13-49-43/SITE564_ORNT315_VIS10+mi.png
6,7,"[0.1005, 0.1000, 0.0997, 0.0999, 0.0998, 0.1002, 0.1009, 0.0999, 0.0992, 0.0999]",0.10091342031955719,2025-02-27-11-22-46/SITE325_ORNT145_VIS8mi.png
6,7,"[0.1006, 0.1000, 0.0996, 0.0999, 0.0998, 0.1002, 0.1009, 0.0999, 0.0992, 0.0999]",0.10093242675065994,2025-03-11-17-13-52/SITE198_ORNT80_VIS8mi.png
6,2,"[0.1005, 0.1000, 0.0996, 0.0999, 0.0998, 0.1002, 0.1009, 0.0999, 0.0992, 0.0999]",0.10092565417289734,2024-07-26-10-22-16/SITE747_ORNT255_VIS3mi.png
6,7,"[0.1006, 0.1000, 0.0996, 0.0999, 0.0998, 0.1002, 0.1010, 0.0999, 0.0992, 0.0999]",0.10095513612031937,2024-08-18-19-28-16/SITE272_ORNT67_VIS8mi.png
6,4,"[0.1005, 0.1000, 0.0996, 0.0999, 0.0998, 0.1001, 0.1010, 0.0999, 0.0992, 0.0999]",0.10095065832138062,2025-02-15-15-20-00/SITE215_ORNT330_VIS5mi.png
6,0,"[0.1006, 0.1000, 0.0996, 0.0999, 0.0998, 0.1002, 0.1009, 0.0999, 0.0992, 0.0999]",0.10094510763883591,2024-07-27-10-27-08/SITE215_ORNT235_VIS1mi.png
6,5,"[0.1006, 0.1000, 0.0996, 0.0999, 0.0998, 0.1002, 0.1010, 0.0999, 0.0992, 0.0999]",0.10095519572496414,2024-05-08-14-34-39/SITE388_ORNT115_VIS6mi.png
6,1,"[0.1005, 0.1000, 0.0996, 0.0999, 0.0998, 0.1001, 0.1010, 0.0999, 0.0992, 0.0999]",0.10095231980085373,2024-05-23-15-19-49/SITE203_ORNT70_VIS2mi.png
6,5,"[0.1005, 0.1000, 0.0996, 0.0999, 0.0999, 0.1002, 0.1009, 0.0999, 0.0993, 0.0999]",0.10093528777360916,2025-02-27-11-22-46/SITE358_ORNT285_VIS6mi.png
6,4,"[0.1006, 0.1000, 0.0996, 0.0999, 0.0998, 0.1002, 0.1009, 0.0999, 0.0992, 0.0999]",0.10094331204891205,2025-01-23-15-05-27/SITE420_ORNT275_VIS5mi.png
6,4,"[0.1006, 0.1000, 0.0996, 0.0999, 0.0998, 0.1002, 0.1009, 0.0999, 0.0992, 0.0999]",0.10094011574983597,2024-10-06-17-04-59/SITE251_ORNT140_VIS5mi.png
6,4,"[0.1005, 0.1000, 0.0996, 0.0999, 0.0998, 0.1002, 0.1009, 0.0999, 0.0992, 0.0999]",0.10094118118286133,2025-02-01-12-44-07/SITE446_ORNT165_VIS5mi.png
6,5,"[0.1005, 0.1000, 0.0996, 0.0999, 0.0998, 0.1002, 0.1009, 0.0999, 0.0992, 0.0999]",0.10092911869287491,2024-08-10-09-44-28/SITE747_ORNT315_VIS6mi.png
6,8,"[0.1005, 0.1000, 0.0996, 0.0999, 0.0999, 0.1002, 0.1009, 0.0998, 0.0992, 0.0999]",0.10091198980808258,2024-08-01-13-32-05/SITE353_ORNT135_VIS9mi.png
6,6,"[0.1006, 0.1000, 0.0996, 0.0999, 0.0998, 0.1002, 0.1009, 0.0999, 0.0992, 0.0999]",0.10094795376062393,2025-01-26-15-53-06/SITE734_ORNT225_VIS7mi.png
6,7,"[0.1005, 0.1000, 0.0996, 0.0999, 0.0998, 0.1002, 0.1009, 0.0999, 0.0992, 0.0999]",0.10094330459833145,2024-06-16-19-09-40/SITE422_ORNT30_VIS8mi.png
6,6,"[0.1006, 0.1000, 0.0996, 0.0999, 0.0998, 0.1002, 0.1009, 0.0999, 0.0992, 0.0999]",0.10094178467988968,2024-06-07-11-09-12/SITE760_ORNT190_VIS7mi.png
6,1,"[0.1006, 0.1000, 0.0996, 0.0999, 0.0998, 0.1001, 0.1010, 0.0999, 0.0992, 0.0999]",0.10096025466918945,2024-08-15-16-44-48/SITE437_ORNT340_VIS2-5mi.png
6,7,"[0.1006, 0.1000, 0.0996, 0.0999, 0.0998, 0.1002, 0.1010, 0.0999, 0.0992, 0.0999]",0.10095015168190002,2025-01-17-15-10-02/SITE569_ORNT276_VIS8mi.png
6,6,"[0.1006, 0.1000, 0.0996, 0.0999, 0.0998, 0.1002, 0.1010, 0.0999, 0.0992, 0.0999]",0.10095302760601044,2024-08-31-14-30-34/SITE272_ORNT325_VIS7mi.png
6,0,"[0.1005, 0.1000, 0.0997, 0.0999, 0.0998, 0.1002, 0.1009, 0.0999, 0.0992, 0.0999]",0.10091660171747208,2024-07-14-13-28-24/SITE156_ORNT294_VIS1-75mi.png
6,9,"[0.1006, 0.1000, 0.0996, 0.0999, 0.0998, 0.1002, 0.1010, 0.0999, 0.0992, 0.0999]",0.10095269978046417,2025-04-02-15-05-32/SITE73_ORNT20_VIS10+mi.png
6,0,"[0.1005, 0.1000, 0.0996, 0.0999, 0.0998, 0.1002, 0.1009, 0.0999, 0.0992, 0.0999]",0.10093636065721512,2024-06-17-19-22-23/SITE167_ORNT312_VIS1-25mi.png
6,3,"[0.1006, 0.1000, 0.0996, 0.0999, 0.0998, 0.1002, 0.1009, 0.0999, 0.0992, 0.0999]",0.10094983130693436,2024-12-20-15-16-09/SITE417_ORNT220_VIS4mi.png
6,5,"[0.1006, 0.1000, 0.0997, 0.0999, 0.0998, 0.1002, 0.1009, 0.0999, 0.0992, 0.0999]",0.10092803090810776,2025-03-05-12-08-53/SITE834_ORNT220_VIS6mi.png
6,0,"[0.1005, 0.1000, 0.0996, 0.0999, 0.0998, 0.1002, 0.1009, 0.0999, 0.0992, 0.0999]",0.10094795376062393,2024-05-07-15-42-07/SITE545_ORNT20_VIS1-25mi.png
6,6,"[0.1005, 0.1000, 0.0996, 0.0999, 0.0998, 0.1002, 0.1009, 0.0999, 0.0992, 0.0999]",0.10094009339809418,2024-10-10-15-17-15/SITE411_ORNT220_VIS7mi.png
6,3,"[0.1006, 0.1000, 0.0996, 0.0999, 0.0998, 0.1002, 0.1009, 0.0999, 0.0992, 0.0999]",0.10093529522418976,2024-04-25-17-48-06/SITE435_ORNT15_VIS4mi.png
6,4,"[0.1006, 0.1000, 0.0997, 0.0999, 0.0998, 0.1002, 0.1009, 0.0999, 0.0992, 0.0999]",0.10093038529157639,2024-09-07-11-42-21/SITE10_ORNT10_VIS5mi.png
6,1,"[0.1006, 0.1000, 0.0997, 0.0999, 0.0998, 0.1002, 0.1009, 0.0999, 0.0992, 0.0999]",0.10092850029468536,2024-07-28-11-17-19/SITE117_ORNT320_VIS2mi.png
6,9,"[0.1006, 0.1000, 0.0997, 0.0999, 0.0998, 0.1002, 0.1009, 0.0999, 0.0992, 0.0999]",0.1008959412574768,2025-03-04-14-20-15/SITE219_ORNT264_VIS10+mi.png
6,5,"[0.1006, 0.1000, 0.0996, 0.0999, 0.0998, 0.1001, 0.1010, 0.0999, 0.0992, 0.0999]",0.10095644742250443,2024-07-20-15-11-13/SITE198_ORNT248_VIS6mi.png
6,3,"[0.1005, 0.1000, 0.0996, 0.0999, 0.0998, 0.1002, 0.1009, 0.0999, 0.0992, 0.0999]",0.10093655437231064,2025-04-01-16-59-16/SITE539_ORNT40_VIS4mi.png
6,2,"[0.1006, 0.1000, 0.0997, 0.0999, 0.0998, 0.1002, 0.1009, 0.0999, 0.0992, 0.0999]",0.10093235969543457,2024-06-09-10-51-06/SITE179_ORNT185_VIS3mi.png
6,5,"[0.1005, 0.1000, 0.0996, 0.0999, 0.0998, 0.1002, 0.1009, 0.0999, 0.0992, 0.0999]",0.10092486441135406,2024-06-17-10-37-40/SITE377_ORNT0_VIS6mi.png
6,9,"[0.1006, 0.1000, 0.0997, 0.0999, 0.0998, 0.1002, 0.1009, 0.0999, 0.0992, 0.0999]",0.10090970993041992,2025-04-02-15-05-32/SITE610_ORNT260_VIS10+mi.png
6,8,"[0.1005, 0.1000, 0.0997, 0.1000, 0.0998, 0.1002, 0.1009, 0.0999, 0.0992, 0.0999]",0.10088082402944565,2024-07-27-10-27-08/SITE324_ORNT45_VIS9mi.png
6,6,"[0.1006, 0.1000, 0.0996, 0.0999, 0.0998, 0.1001, 0.1010, 0.0999, 0.0992, 0.0999]",0.10096672922372818,2024-07-02-10-19-43/SITE411_ORNT75_VIS7mi.png
6,9,"[0.1005, 0.1000, 0.0996, 0.0999, 0.0998, 0.1002, 0.1009, 0.0999, 0.0992, 0.0999]",0.1009349673986435,2024-08-10-09-44-28/SITE483_ORNT185_VIS20mi.png
6,2,"[0.1005, 0.1000, 0.0996, 0.0999, 0.0998, 0.1002, 0.1009, 0.0999, 0.0992, 0.0999]",0.10094102472066879,2024-05-31-15-13-16/SITE203_ORNT70_VIS3mi.png
6,5,"[0.1005, 0.1000, 0.0996, 0.0999, 0.0998, 0.1002, 0.1009, 0.0999, 0.0992, 0.0999]",0.10094578564167023,2024-09-07-13-37-18/SITE607_ORNT180_VIS6mi.png
6,8,"[0.1005, 0.1000, 0.0996, 0.0999, 0.0998, 0.1002, 0.1009, 0.0999, 0.0992, 0.0999]",0.10092093795537949,2024-07-28-11-17-19/SITE304_ORNT290_VIS9mi.png
6,9,"[0.1006, 0.1000, 0.0996, 0.0999, 0.0998, 0.1002, 0.1009, 0.0999, 0.0992, 0.0999]",0.1009349450469017,2025-03-31-15-41-11/SITE539_ORNT205_VIS10+mi.png
6,7,"[0.1006, 0.1000, 0.0996, 0.0999, 0.0998, 0.1002, 0.1009, 0.0999, 0.0992, 0.0999]",0.10094679892063141,2024-05-07-15-42-07/SITE569_ORNT211_VIS8mi.png
6,2,"[0.1005, 0.1000, 0.0996, 0.0999, 0.0999, 0.1002, 0.1009, 0.0999, 0.0992, 0.0999]",0.10092127323150635,2024-08-19-10-27-18/SITE322_ORNT0_VIS3mi.png
6,4,"[0.1006, 0.1000, 0.0996, 0.0999, 0.0998, 0.1001, 0.1010, 0.0999, 0.0992, 0.0999]",0.10096199065446854,2025-04-10-17-56-44/SITE831_ORNT125_VIS5mi.png
6,2,"[0.1006, 0.1000, 0.0997, 0.0999, 0.0998, 0.1002, 0.1009, 0.0999, 0.0992, 0.0999]",0.10093078762292862,2024-07-28-13-48-26/SITE116_ORNT277_VIS3mi.png
6,6,"[0.1006, 0.1000, 0.0996, 0.0999, 0.0998, 0.1002, 0.1009, 0.0999, 0.0992, 0.0999]",0.10094616562128067,2024-05-30-17-47-26/SITE22_ORNT190_VIS7mi.png
6,9,"[0.1005, 0.1000, 0.0996, 0.0999, 0.0998, 0.1002, 0.1009, 0.0999, 0.0992, 0.0999]",0.10093280673027039,2025-03-02-11-48-27/SITE684_ORNT267_VIS10+mi.png
6,8,"[0.1005, 0.1000, 0.0996, 0.0999, 0.0999, 0.1002, 0.1009, 0.0999, 0.0992, 0.0999]",0.1009264662861824,2024-08-30-10-00-55/SITE424_ORNT180_VIS9mi.png
6,3,"[0.1006, 0.1000, 0.0996, 0.0999, 0.0998, 0.1002, 0.1009, 0.0999, 0.0992, 0.0999]",0.10094456374645233,2024-07-07-15-01-32/SITE19_ORNT260_VIS4mi.png
6,7,"[0.1005, 0.1000, 0.0996, 0.0999, 0.0998, 0.1002, 0.1009, 0.0999, 0.0992, 0.0999]",0.10092587023973465,2024-06-15-14-23-40/SITE593_ORNT160_VIS8mi.png
6,2,"[0.1006, 0.1000, 0.0997, 0.0999, 0.0998, 0.1002, 0.1009, 0.0999, 0.0992, 0.0999]",0.10092781484127045,2024-09-08-13-07-06/SITE98_ORNT245_VIS3mi.png
6,1,"[0.1005, 0.1000, 0.0996, 0.0999, 0.0999, 0.1002, 0.1009, 0.0998, 0.0993, 0.0999]",0.1009223610162735,2024-08-16-20-03-50/SITE522_ORNT90_VIS2mi.png
6,7,"[0.1005, 0.1000, 0.0997, 0.0999, 0.0998, 0.1002, 0.1009, 0.0999, 0.0992, 0.0999]",0.10091237723827362,2024-11-19-11-24-38/SITE463_ORNT230_VIS8mi.png
6,5,"[0.1006, 0.1000, 0.0996, 0.0999, 0.0998, 0.1002, 0.1009, 0.0999, 0.0992, 0.0999]",0.1009359359741211,2024-07-29-16-41-43/SITE692_ORNT335_VIS6mi.png
6,6,"[0.1006, 0.1000, 0.0996, 0.0999, 0.0998, 0.1002, 0.1009, 0.0999, 0.0992, 0.0999]",0.10094179213047028,2025-04-13-19-09-12/SITE117_ORNT43_VIS7mi.png
6,6,"[0.1006, 0.1000, 0.0996, 0.0999, 0.0998, 0.1002, 0.1009, 0.0999, 0.0992, 0.0999]",0.10093733668327332,2024-07-23-16-31-18/SITE578_ORNT295_VIS7mi.png
6,7,"[0.1005, 0.1000, 0.0997, 0.0999, 0.0998, 0.1002, 0.1009, 0.0999, 0.0992, 0.0999]",0.10090913623571396,2025-04-01-16-59-16/SITE469_ORNT80_VIS8mi.png
6,9,"[0.1006, 0.1000, 0.0997, 0.0999, 0.0998, 0.1002, 0.1009, 0.0999, 0.0992, 0.0999]",0.10091973096132278,2025-03-02-13-12-40/SITE82_ORNT65_VIS10+mi.png
6,4,"[0.1005, 0.1000, 0.0996, 0.0999, 0.0998, 0.1002, 0.1009, 0.0999, 0.0992, 0.0999]",0.10093362629413605,2025-02-16-12-49-10/SITE338_ORNT200_VIS5mi.png
6,5,"[0.1005, 0.1000, 0.0997, 0.0999, 0.0998, 0.1002, 0.1009, 0.0999, 0.0992, 0.0999]",0.1009138748049736,2024-09-07-13-37-18/SITE209_ORNT335_VIS6mi.png
6,2,"[0.1006, 0.1000, 0.0996, 0.0999, 0.0998, 0.1002, 0.1009, 0.0999, 0.0992, 0.0999]",0.10093647986650467,2025-02-11-14-30-47/SITE59_ORNT10_VIS3mi.png
6,7,"[0.1005, 0.1000, 0.0996, 0.0999, 0.0998, 0.1002, 0.1009, 0.0999, 0.0992, 0.0999]",0.10093694925308228,2024-10-14-13-08-27/SITE73_ORNT110_VIS8mi.png
6,0,"[0.1005, 0.1000, 0.0996, 0.0999, 0.0998, 0.1002, 0.1009, 0.0999, 0.0992, 0.0999]",0.1009427085518837,2024-06-20-11-19-17/SITE58_ORNT245_VIS1-25mi.png
6,1,"[0.1006, 0.1000, 0.0996, 0.0999, 0.0998, 0.1002, 0.1009, 0.0999, 0.0992, 0.0999]",0.10094823688268661,2025-02-10-14-47-56/SITE813_ORNT15_VIS2mi.png
6,3,"[0.1006, 0.1000, 0.0996, 0.0999, 0.0998, 0.1002, 0.1009, 0.0999, 0.0992, 0.0999]",0.10093752294778824,2025-04-07-16-10-10/SITE160_ORNT176_VIS4mi.png
6,3,"[0.1006, 0.1000, 0.0996, 0.0999, 0.0998, 0.1002, 0.1009, 0.0999, 0.0992, 0.0999]",0.10093923658132553,2024-08-19-19-34-52/SITE577_ORNT210_VIS4mi.png
6,3,"[0.1006, 0.1000, 0.0996, 0.0999, 0.0998, 0.1001, 0.1010, 0.0999, 0.0992, 0.0999]",0.10095784068107605,2024-07-25-18-03-52/SITE411_ORNT280_VIS4mi.png
6,8,"[0.1005, 0.1000, 0.0996, 0.0999, 0.0999, 0.1002, 0.1009, 0.0999, 0.0992, 0.0999]",0.10092245042324066,2024-08-11-09-28-59/SITE363_ORNT190_VIS9mi.png
6,6,"[0.1005, 0.1000, 0.0996, 0.0999, 0.0998, 0.1002, 0.1009, 0.0999, 0.0992, 0.0999]",0.10093635320663452,2024-09-08-13-07-06/SITE241_ORNT120_VIS7mi.png
6,4,"[0.1005, 0.1000, 0.0996, 0.0999, 0.0998, 0.1002, 0.1009, 0.0999, 0.0992, 0.0999]",0.10093563795089722,2025-05-10-19-27-56/SITE13_ORNT85_VIS5mi.png
6,5,"[0.1006, 0.1000, 0.0996, 0.0999, 0.0998, 0.1002, 0.1009, 0.0999, 0.0992, 0.0999]",0.10093953460454941,2025-02-15-15-20-00/SITE86_ORNT75_VIS6mi.png
6,9,"[0.1005, 0.1000, 0.0996, 0.0999, 0.0998, 0.1001, 0.1009, 0.0999, 0.0992, 0.0999]",0.10094618052244186,2024-12-29-16-00-12/SITE595_ORNT100_VIS10+mi.png
6,6,"[0.1005, 0.1000, 0.0996, 0.0999, 0.0998, 0.1002, 0.1009, 0.0999, 0.0992, 0.0999]",0.10094134509563446,2025-02-15-16-53-20/SITE115_ORNT36_VIS7mi.png
6,3,"[0.1006, 0.1000, 0.0996, 0.0999, 0.0998, 0.1002, 0.1009, 0.0999, 0.0992, 0.0999]",0.10094702243804932,2024-09-07-13-37-18/SITE595_ORNT180_VIS4mi.png
6,6,"[0.1006, 0.1000, 0.0996, 0.0999, 0.0998, 0.1002, 0.1009, 0.0999, 0.0992, 0.0999]",0.10094216465950012,2024-10-06-12-31-10/SITE73_ORNT110_VIS7mi.png
6,0,"[0.1005, 0.1000, 0.0996, 0.0999, 0.0998, 0.1002, 0.1009, 0.0999, 0.0992, 0.0999]",0.10094666481018066,2025-01-23-15-05-27/SITE262_ORNT124_VIS1mi.png
6,6,"[0.1005, 0.1000, 0.0997, 0.0999, 0.0998, 0.1002, 0.1009, 0.0999, 0.0992, 0.0999]",0.100925974547863,2024-07-28-11-17-19/SITE557_ORNT291_VIS7mi.png
6,6,"[0.1006, 0.1000, 0.0996, 0.0999, 0.0998, 0.1002, 0.1009, 0.0999, 0.0992, 0.0999]",0.10094290226697922,2024-06-21-15-35-27/SITE417_ORNT50_VIS7mi.png
6,2,"[0.1006, 0.1000, 0.0996, 0.0999, 0.0998, 0.1001, 0.1010, 0.0999, 0.0992, 0.0999]",0.10095509141683578,2024-07-27-10-27-08/SITE262_ORNT124_VIS3mi.png
6,5,"[0.1005, 0.1000, 0.0996, 0.0999, 0.0999, 0.1002, 0.1009, 0.0998, 0.0992, 0.0999]",0.10091499984264374,2024-07-25-18-03-52/SITE327_ORNT145_VIS6mi.png
6,9,"[0.1005, 0.1000, 0.0996, 0.0999, 0.0998, 0.1002, 0.1009, 0.0999, 0.0992, 0.0999]",0.10092836618423462,2025-03-31-13-29-12/SITE578_ORNT230_VIS10+mi.png
6,1,"[0.1005, 0.1000, 0.0996, 0.0999, 0.0999, 0.1002, 0.1009, 0.0999, 0.0992, 0.0999]",0.10093472898006439,2025-03-26-12-24-08/SITE366_ORNT300_VIS2mi.png
6,7,"[0.1005, 0.1000, 0.0997, 0.0999, 0.0999, 0.1002, 0.1009, 0.0998, 0.0992, 0.0999]",0.1009107157588005,2024-10-15-10-59-57/SITE397_ORNT270_VIS8mi.png
6,0,"[0.1005, 0.1000, 0.0996, 0.0999, 0.0998, 0.1002, 0.1009, 0.0999, 0.0992, 0.0999]",0.10092506557703018,2024-09-08-16-00-24/SITE94_ORNT80_VIS1mi.png
6,4,"[0.1005, 0.1000, 0.0996, 0.0999, 0.0998, 0.1002, 0.1009, 0.0999, 0.0992, 0.0999]",0.10094010084867477,2025-03-04-14-20-15/SITE205_ORNT230_VIS5mi.png
6,3,"[0.1005, 0.1000, 0.0996, 0.0999, 0.0998, 0.1001, 0.1010, 0.0999, 0.0992, 0.0999]",0.10095442086458206,2024-07-05-14-33-31/SITE439_ORNT265_VIS4mi.png
6,8,"[0.1005, 0.1000, 0.0997, 0.1000, 0.0998, 0.1002, 0.1009, 0.0999, 0.0992, 0.0999]",0.10087873041629791,2025-03-20-11-55-50/SITE360_ORNT45_VIS9mi.png
6,9,"[0.1005, 0.1000, 0.0996, 0.0999, 0.0998, 0.1002, 0.1009, 0.0999, 0.0992, 0.0999]",0.10093171894550323,2025-02-15-16-53-20/SITE852_ORNT315_VIS10+mi.png
6,7,"[0.1005, 0.1000, 0.0996, 0.0999, 0.0998, 0.1002, 0.1009, 0.0999, 0.0992, 0.0999]",0.10092667490243912,2024-06-06-17-01-51/SITE258_ORNT170_VIS8mi.png
6,0,"[0.1006, 0.1000, 0.0996, 0.0999, 0.0998, 0.1002, 0.1009, 0.0999, 0.0992, 0.0999]",0.1009477823972702,2024-08-02-10-36-13/SITE215_ORNT40_VIS1-75mi.png
6,4,"[0.1005, 0.1000, 0.0997, 0.0999, 0.0999, 0.1002, 0.1009, 0.0999, 0.0992, 0.0999]",0.10091009736061096,2025-01-31-13-49-43/SITE477_ORNT50_VIS5mi.png
6,0,"[0.1006, 0.1000, 0.0996, 0.0999, 0.0998, 0.1002, 0.1010, 0.0999, 0.0992, 0.0999]",0.10095206648111343,2024-06-01-11-15-19/SITE205_ORNT230_VIS1-75mi.png
6,4,"[0.1005, 0.1000, 0.0996, 0.0999, 0.0998, 0.1002, 0.1009, 0.0999, 0.0992, 0.0999]",0.1009288802742958,2024-07-01-19-28-49/SITE234_ORNT350_VIS5mi.png
6,0,"[0.1005, 0.1000, 0.0996, 0.0999, 0.0999, 0.1002, 0.1009, 0.0999, 0.0992, 0.0999]",0.100919209420681,2025-02-04-15-47-48/SITE377_ORNT110_VIS1mi.png
6,8,"[0.1005, 0.1000, 0.0997, 0.1000, 0.0998, 0.1002, 0.1009, 0.0998, 0.0992, 0.0999]",0.10088414698839188,2025-02-02-12-13-03/SITE281_ORNT20_VIS9mi.png
6,6,"[0.1006, 0.1000, 0.0996, 0.0999, 0.0998, 0.1001, 0.1010, 0.0999, 0.0992, 0.0999]",0.10095696896314621,2024-06-13-13-46-47/SITE760_ORNT140_VIS7mi.png
6,8,"[0.1005, 0.1000, 0.0996, 0.0999, 0.0998, 0.1002, 0.1009, 0.0999, 0.0992, 0.0999]",0.10093750804662704,2024-09-19-14-23-02/SITE612_ORNT30_VIS9mi.png
6,9,"[0.1005, 0.1000, 0.0996, 0.0999, 0.0998, 0.1002, 0.1009, 0.0999, 0.0992, 0.0999]",0.10094376653432846,2025-02-11-14-30-47/SITE208_ORNT270_VIS10+mi.png
6,3,"[0.1006, 0.1000, 0.0996, 0.0999, 0.0998, 0.1002, 0.1010, 0.0999, 0.0992, 0.0999]",0.10095060616731644,2024-06-06-17-01-51/SITE622_ORNT230_VIS4mi.png
6,1,"[0.1005, 0.1000, 0.0997, 0.0999, 0.0998, 0.1002, 0.1009, 0.0999, 0.0992, 0.0999]",0.10090436786413193,2025-03-06-15-10-58/SITE216_ORNT55_VIS2mi.png
6,7,"[0.1005, 0.1000, 0.0996, 0.0999, 0.0998, 0.1002, 0.1009, 0.0999, 0.0992, 0.0999]",0.10092861950397491,2025-02-04-15-47-48/SITE802_ORNT235_VIS8mi.png
6,9,"[0.1005, 0.1000, 0.0996, 0.0999, 0.0998, 0.1002, 0.1009, 0.0999, 0.0992, 0.0999]",0.10094954818487167,2025-03-05-12-08-53/SITE722_ORNT15_VIS10+mi.png
6,9,"[0.1006, 0.1000, 0.0997, 0.0999, 0.0998, 0.1002, 0.1009, 0.0999, 0.0992, 0.0999]",0.1008942499756813,2024-12-24-15-14-57/SITE581_ORNT160_VIS10+mi.png
6,4,"[0.1005, 0.1000, 0.0996, 0.0999, 0.0999, 0.1002, 0.1009, 0.0999, 0.0992, 0.0999]",0.10092980414628983,2024-08-15-16-44-48/SITE522_ORNT0_VIS5mi.png
6,6,"[0.1006, 0.1000, 0.0996, 0.0999, 0.0998, 0.1002, 0.1009, 0.0999, 0.0992, 0.0999]",0.10094911605119705,2024-07-02-16-22-41/SITE760_ORNT190_VIS7mi.png
6,3,"[0.1006, 0.1000, 0.0997, 0.0999, 0.0998, 0.1002, 0.1009, 0.0999, 0.0992, 0.0999]",0.10092664510011673,2024-07-23-10-10-08/SITE434_ORNT230_VIS4mi.png
6,4,"[0.1006, 0.1000, 0.0997, 0.0999, 0.0998, 0.1002, 0.1009, 0.0999, 0.0992, 0.0999]",0.10090892016887665,2024-05-09-16-15-37/SITE418_ORNT260_VIS5mi.png
6,8,"[0.1005, 0.1000, 0.0997, 0.0999, 0.0998, 0.1002, 0.1009, 0.0999, 0.0992, 0.0999]",0.10091208666563034,2025-04-13-19-09-12/SITE477_ORNT240_VIS9mi.png
6,3,"[0.1006, 0.1000, 0.0996, 0.0999, 0.0998, 0.1002, 0.1009, 0.0999, 0.0992, 0.0999]",0.10093813389539719,2024-08-18-13-20-24/SITE438_ORNT208_VIS4mi.png
6,4,"[0.1005, 0.1000, 0.0996, 0.0999, 0.0998, 0.1002, 0.1009, 0.0999, 0.0992, 0.0999]",0.10093212127685547,2025-04-22-15-39-35/SITE94_ORNT10_VIS5mi.png
6,8,"[0.1005, 0.1000, 0.0996, 0.0999, 0.0999, 0.1002, 0.1009, 0.0998, 0.0993, 0.0999]",0.10091618448495865,2024-07-04-13-27-11/SITE367_ORNT165_VIS9mi.png
6,3,"[0.1006, 0.1000, 0.0996, 0.0999, 0.0998, 0.1001, 0.1010, 0.0999, 0.0992, 0.0999]",0.10095669329166412,2025-04-13-19-09-12/SITE602_ORNT0_VIS4mi.png
6,3,"[0.1006, 0.1000, 0.0996, 0.0999, 0.0998, 0.1002, 0.1009, 0.0999, 0.0992, 0.0999]",0.100936658680439,2024-08-10-09-44-28/SITE117_ORNT43_VIS4mi.png
6,4,"[0.1006, 0.1000, 0.0996, 0.0999, 0.0998, 0.1002, 0.1010, 0.0999, 0.0992, 0.0999]",0.10095422714948654,2024-08-31-14-30-34/SITE8_ORNT278_VIS5mi.png
6,2,"[0.1005, 0.1000, 0.0996, 0.0999, 0.0998, 0.1002, 0.1009, 0.0999, 0.0992, 0.0999]",0.10094040632247925,2025-02-04-15-47-48/SITE18_ORNT135_VIS3mi.png
6,2,"[0.1005, 0.1000, 0.0996, 0.0999, 0.0998, 0.1002, 0.1009, 0.0999, 0.0992, 0.0999]",0.10093044489622116,2024-07-26-10-22-16/SITE160_ORNT332_VIS3mi.png
6,4,"[0.1006, 0.1000, 0.0996, 0.0999, 0.0998, 0.1001, 0.1010, 0.0999, 0.0992, 0.0999]",0.10096507519483566,2025-03-26-14-35-40/SITE22_ORNT190_VIS5mi.png
6,8,"[0.1005, 0.1000, 0.0996, 0.0999, 0.0998, 0.1002, 0.1009, 0.0999, 0.0992, 0.0999]",0.10092978924512863,2024-08-02-10-36-13/SITE332_ORNT315_VIS9mi.png
6,0,"[0.1006, 0.1000, 0.0996, 0.0999, 0.0998, 0.1001, 0.1010, 0.0999, 0.0992, 0.0999]",0.10095822066068649,2024-08-19-10-27-18/SITE620_ORNT225_VIS1-75mi.png
6,6,"[0.1006, 0.1000, 0.0997, 0.0999, 0.0998, 0.1002, 0.1009, 0.0999, 0.0992, 0.0999]",0.1009211540222168,2024-08-02-13-37-25/SITE116_ORNT3_VIS7mi.png
6,5,"[0.1006, 0.1000, 0.0996, 0.0999, 0.0998, 0.1002, 0.1010, 0.0999, 0.0992, 0.0999]",0.10095257312059402,2024-07-20-11-08-20/SITE332_ORNT155_VIS6mi.png
6,0,"[0.1006, 0.1000, 0.0996, 0.0999, 0.0998, 0.1002, 0.1009, 0.0999, 0.0992, 0.0999]",0.10093222558498383,2025-01-31-13-49-43/SITE818_ORNT40_VIS1-75mi.png
6,5,"[0.1005, 0.1000, 0.0996, 0.0999, 0.0998, 0.1002, 0.1009, 0.0999, 0.0992, 0.0999]",0.10093709081411362,2024-06-29-15-18-41/SITE19_ORNT60_VIS6mi.png
6,9,"[0.1005, 0.1000, 0.0996, 0.0999, 0.0998, 0.1002, 0.1009, 0.0999, 0.0992, 0.0999]",0.10094094276428223,2025-04-01-16-59-16/SITE617_ORNT315_VIS10+mi.png
6,0,"[0.1005, 0.1000, 0.0996, 0.0999, 0.0998, 0.1001, 0.1010, 0.0999, 0.0992, 0.0999]",0.10095309466123581,2024-12-24-15-14-57/SITE65_ORNT64_VIS1-5mi.png
6,0,"[0.1005, 0.1000, 0.0996, 0.0999, 0.0998, 0.1002, 0.1009, 0.0999, 0.0992, 0.0999]",0.10093343257904053,2024-07-29-16-41-43/SITE13_ORNT240_VIS1mi.png
6,6,"[0.1006, 0.1000, 0.0997, 0.0999, 0.0998, 0.1002, 0.1009, 0.0999, 0.0992, 0.0999]",0.10092514008283615,2025-02-05-13-59-56/SITE212_ORNT12_VIS7mi.png
6,1,"[0.1005, 0.1000, 0.0996, 0.0999, 0.0998, 0.1002, 0.1009, 0.0999, 0.0992, 0.0999]",0.10093796998262405,2024-05-08-14-34-39/SITE48_ORNT115_VIS2-5mi.png
6,6,"[0.1005, 0.1000, 0.0996, 0.0999, 0.0998, 0.1002, 0.1009, 0.0999, 0.0992, 0.0999]",0.1009398028254509,2024-07-01-19-28-49/SITE19_ORNT170_VIS7mi.png
6,3,"[0.1006, 0.1000, 0.0996, 0.0999, 0.0998, 0.1002, 0.1009, 0.0999, 0.0992, 0.0999]",0.1009460836648941,2024-06-10-18-34-10/SITE617_ORNT125_VIS4mi.png
6,6,"[0.1005, 0.1000, 0.0996, 0.0999, 0.0998, 0.1002, 0.1009, 0.0999, 0.0992, 0.0999]",0.1009393185377121,2024-08-19-19-34-52/SITE388_ORNT325_VIS7mi.png
6,6,"[0.1006, 0.1000, 0.0996, 0.0999, 0.0998, 0.1002, 0.1009, 0.0999, 0.0992, 0.0999]",0.10094831883907318,2025-03-26-14-35-40/SITE84_ORNT336_VIS7mi.png
6,5,"[0.1006, 0.1000, 0.0997, 0.0999, 0.0998, 0.1002, 0.1009, 0.0999, 0.0992, 0.0999]",0.10091783106327057,2024-08-02-13-37-25/SITE581_ORNT350_VIS6mi.png
6,0,"[0.1006, 0.1000, 0.0996, 0.0999, 0.0998, 0.1002, 0.1009, 0.0999, 0.0992, 0.0999]",0.10094261914491653,2025-03-03-11-33-30/SITE73_ORNT335_VIS1-5mi.png
6,3,"[0.1006, 0.1000, 0.0996, 0.0999, 0.0998, 0.1001, 0.1010, 0.0999, 0.0992, 0.0999]",0.10095995664596558,2025-01-26-15-53-06/SITE7_ORNT312_VIS4mi.png
6,5,"[0.1006, 0.1000, 0.0996, 0.0999, 0.0998, 0.1002, 0.1009, 0.0999, 0.0992, 0.0999]",0.10094137489795685,2025-03-31-15-41-11/SITE829_ORNT100_VIS6mi.png
6,7,"[0.1006, 0.1000, 0.0996, 0.0999, 0.0998, 0.1001, 0.1010, 0.0999, 0.0992, 0.0999]",0.10096368938684464,2024-06-27-10-23-10/SITE734_ORNT160_VIS8mi.png
6,1,"[0.1006, 0.1000, 0.0996, 0.0999, 0.0998, 0.1001, 0.1010, 0.0999, 0.0992, 0.0999]",0.10095928609371185,2024-05-30-17-47-26/SITE25_ORNT320_VIS2mi.png
6,1,"[0.1005, 0.1000, 0.0996, 0.0999, 0.0998, 0.1002, 0.1009, 0.0999, 0.0992, 0.0999]",0.10094215720891953,2025-04-01-16-59-16/SITE240_ORNT112_VIS2-5mi.png
6,1,"[0.1006, 0.1000, 0.0996, 0.0999, 0.0998, 0.1002, 0.1009, 0.0999, 0.0992, 0.0999]",0.10093630850315094,2025-02-11-14-30-47/SITE568_ORNT349_VIS2mi.png
6,1,"[0.1006, 0.1000, 0.0996, 0.0999, 0.0998, 0.1002, 0.1009, 0.0999, 0.0992, 0.0999]",0.10094549506902695,2024-07-14-16-38-50/SITE420_ORNT275_VIS2-5mi.png
6,6,"[0.1005, 0.1000, 0.0996, 0.0999, 0.0998, 0.1002, 0.1009, 0.0999, 0.0992, 0.0999]",0.10094506293535233,2024-07-23-13-08-12/SITE574_ORNT70_VIS7mi.png
6,2,"[0.1006, 0.1000, 0.0996, 0.0999, 0.0998, 0.1002, 0.1009, 0.0999, 0.0992, 0.0999]",0.10094571113586426,2025-03-06-15-10-58/SITE239_ORNT202_VIS3mi.png
6,0,"[0.1005, 0.1000, 0.0996, 0.0999, 0.0998, 0.1002, 0.1009, 0.0999, 0.0992, 0.0999]",0.10093704611063004,2024-10-13-12-27-42/SITE13_ORNT240_VIS1mi.png
6,8,"[0.1005, 0.1000, 0.0997, 0.0999, 0.0999, 0.1002, 0.1009, 0.0998, 0.0992, 0.0999]",0.10090605914592743,2024-06-14-11-11-00/SITE472_ORNT95_VIS9mi.png
6,1,"[0.1005, 0.1000, 0.0996, 0.0999, 0.0998, 0.1002, 0.1009, 0.0999, 0.0992, 0.0999]",0.10092940926551819,2025-02-15-16-53-20/SITE578_ORNT185_VIS2mi.png
6,8,"[0.1006, 0.1000, 0.0996, 0.0999, 0.0998, 0.1002, 0.1009, 0.0999, 0.0992, 0.0999]",0.10094285756349564,2024-06-15-10-59-58/SITE310_ORNT314_VIS9mi.png
6,1,"[0.1005, 0.1000, 0.0996, 0.0999, 0.0998, 0.1002, 0.1009, 0.0999, 0.0992, 0.0999]",0.10092832893133163,2024-07-05-14-33-31/SITE116_ORNT277_VIS2-5mi.png
6,8,"[0.1005, 0.1000, 0.0996, 0.0999, 0.0999, 0.1001, 0.1009, 0.0999, 0.0992, 0.0999]",0.10094070434570312,2024-07-01-19-28-49/SITE358_ORNT120_VIS9mi.png
6,4,"[0.1005, 0.1000, 0.0997, 0.0999, 0.0998, 0.1002, 0.1009, 0.0999, 0.0992, 0.0999]",0.10091444849967957,2024-06-20-11-19-17/SITE253_ORNT195_VIS5mi.png
6,0,"[0.1005, 0.1000, 0.0996, 0.0999, 0.0998, 0.1002, 0.1009, 0.0999, 0.0992, 0.0999]",0.10094299167394638,2025-02-02-12-13-03/SITE831_ORNT0_VIS1mi.png
6,3,"[0.1006, 0.1000, 0.0996, 0.0999, 0.0998, 0.1002, 0.1009, 0.0999, 0.0992, 0.0999]",0.10094679892063141,2025-04-01-16-59-16/SITE127_ORNT30_VIS4mi.png
6,4,"[0.1006, 0.1000, 0.0996, 0.0999, 0.0998, 0.1001, 0.1010, 0.0999, 0.0992, 0.0999]",0.10095777362585068,2024-09-07-11-42-21/SITE262_ORNT240_VIS5mi.png
6,5,"[0.1005, 0.1000, 0.0996, 0.0999, 0.0998, 0.1001, 0.1010, 0.0999, 0.0992, 0.0999]",0.10095607489347458,2025-02-10-14-47-56/SITE17_ORNT340_VIS6mi.png
6,5,"[0.1006, 0.1000, 0.0997, 0.0999, 0.0998, 0.1002, 0.1009, 0.0999, 0.0992, 0.0999]",0.10092883557081223,2024-09-08-13-07-06/SITE198_ORNT80_VIS6mi.png
6,7,"[0.1005, 0.1000, 0.0996, 0.0999, 0.0998, 0.1002, 0.1009, 0.0999, 0.0992, 0.0999]",0.10094412416219711,2024-07-23-16-31-18/SITE545_ORNT20_VIS8mi.png
6,4,"[0.1006, 0.1000, 0.0997, 0.0999, 0.0998, 0.1002, 0.1009, 0.0999, 0.0992, 0.0999]",0.10093565285205841,2024-06-22-10-56-07/SITE234_ORNT304_VIS5mi.png
6,0,"[0.1006, 0.1000, 0.0996, 0.0999, 0.0998, 0.1001, 0.1010, 0.0999, 0.0992, 0.0999]",0.10096202790737152,2025-04-01-16-59-16/SITE97_ORNT98_VIS1-25mi.png
6,5,"[0.1005, 0.1000, 0.0996, 0.0999, 0.0998, 0.1002, 0.1009, 0.0999, 0.0992, 0.0999]",0.10093951970338821,2024-05-22-13-05-54/SITE13_ORNT240_VIS6mi.png
6,1,"[0.1005, 0.1000, 0.0996, 0.0999, 0.0998, 0.1002, 0.1009, 0.0999, 0.0992, 0.0999]",0.10092857480049133,2024-07-02-10-19-43/SITE747_ORNT0_VIS2-5mi.png
6,2,"[0.1005, 0.1000, 0.0996, 0.0999, 0.0998, 0.1001, 0.1010, 0.0999, 0.0992, 0.0999]",0.10095229744911194,2025-04-22-15-39-35/SITE602_ORNT270_VIS3mi.png
6,3,"[0.1006, 0.1000, 0.0996, 0.0999, 0.0998, 0.1002, 0.1009, 0.0999, 0.0992, 0.0999]",0.10093629360198975,2025-03-04-14-20-15/SITE629_ORNT300_VIS4mi.png
6,4,"[0.1005, 0.1000, 0.0996, 0.0999, 0.0998, 0.1002, 0.1009, 0.0999, 0.0992, 0.0999]",0.10092020779848099,2025-03-29-15-28-57/SITE322_ORNT180_VIS5mi.png
6,6,"[0.1006, 0.1000, 0.0997, 0.0999, 0.0998, 0.1002, 0.1009, 0.0999, 0.0992, 0.0999]",0.10091976076364517,2024-07-30-14-06-06/SITE43_ORNT270_VIS7mi.png
6,7,"[0.1006, 0.1000, 0.0996, 0.0999, 0.0998, 0.1001, 0.1010, 0.0999, 0.0992, 0.0999]",0.10095740109682083,2024-06-10-18-34-10/SITE26_ORNT250_VIS8mi.png
6,1,"[0.1006, 0.1000, 0.0996, 0.0999, 0.0998, 0.1001, 0.1010, 0.0999, 0.0992, 0.0999]",0.10095832496881485,2024-06-07-15-28-05/SITE620_ORNT225_VIS2mi.png
6,1,"[0.1005, 0.1000, 0.0997, 0.0999, 0.0998, 0.1002, 0.1009, 0.0999, 0.0992, 0.0999]",0.10092779248952866,2025-01-31-13-49-43/SITE230_ORNT90_VIS2mi.png
6,0,"[0.1006, 0.1000, 0.0996, 0.0999, 0.0998, 0.1002, 0.1009, 0.0999, 0.0992, 0.0999]",0.10094421356916428,2025-03-03-11-33-30/SITE251_ORNT140_VIS1mi.png
6,2,"[0.1006, 0.1000, 0.0996, 0.0999, 0.0998, 0.1001, 0.1010, 0.0999, 0.0992, 0.0999]",0.100960873067379,2024-07-26-10-22-16/SITE262_ORNT10_VIS3mi.png
6,6,"[0.1005, 0.1000, 0.0996, 0.0999, 0.0998, 0.1002, 0.1009, 0.0999, 0.0992, 0.0999]",0.10092625021934509,2024-05-22-13-05-54/SITE41_ORNT235_VIS7mi.png
6,2,"[0.1005, 0.1000, 0.0996, 0.0999, 0.0998, 0.1002, 0.1009, 0.0999, 0.0992, 0.0999]",0.10093734413385391,2025-03-15-15-41-34/SITE78_ORNT268_VIS3mi.png
6,8,"[0.1005, 0.1000, 0.0996, 0.0999, 0.0999, 0.1002, 0.1009, 0.0999, 0.0992, 0.0999]",0.1009201779961586,2025-03-02-13-12-40/SITE377_ORNT110_VIS9mi.png
6,2,"[0.1005, 0.1000, 0.0996, 0.0999, 0.0998, 0.1002, 0.1009, 0.0999, 0.0992, 0.0999]",0.10093434900045395,2025-04-14-19-44-02/SITE13_ORNT85_VIS3mi.png
6,0,"[0.1005, 0.1000, 0.0996, 0.0999, 0.0998, 0.1002, 0.1009, 0.0999, 0.0992, 0.0999]",0.10091856867074966,2025-03-15-15-41-34/SITE352_ORNT175_VIS1mi.png
6,4,"[0.1006, 0.1000, 0.0997, 0.0999, 0.0998, 0.1002, 0.1009, 0.0999, 0.0992, 0.0999]",0.10093674063682556,2025-04-07-16-10-10/SITE117_ORNT320_VIS5mi.png
6,9,"[0.1005, 0.1000, 0.0996, 0.0999, 0.0998, 0.1002, 0.1009, 0.0999, 0.0992, 0.0999]",0.10093129426240921,2025-03-02-11-48-27/SITE648_ORNT220_VIS10+mi.png
6,1,"[0.1005, 0.1000, 0.0996, 0.0999, 0.0998, 0.1002, 0.1009, 0.0999, 0.0992, 0.0999]",0.1009291484951973,2025-04-02-15-05-32/SITE786_ORNT40_VIS2mi.png
6,9,"[0.1006, 0.1000, 0.0997, 0.0999, 0.0998, 0.1002, 0.1009, 0.0999, 0.0992, 0.0999]",0.10090141743421555,2024-12-29-16-00-12/SITE76_ORNT60_VIS10+mi.png
6,8,"[0.1005, 0.1000, 0.0997, 0.1000, 0.0998, 0.1002, 0.1009, 0.0998, 0.0992, 0.0999]",0.1008683294057846,2024-05-22-13-05-54/SITE281_ORNT20_VIS9mi.png
6,5,"[0.1005, 0.1000, 0.0996, 0.0999, 0.0999, 0.1002, 0.1009, 0.0999, 0.0993, 0.0999]",0.10092809796333313,2025-03-02-11-48-27/SITE203_ORNT70_VIS6mi.png
6,5,"[0.1005, 0.1000, 0.0997, 0.0999, 0.0998, 0.1002, 0.1009, 0.0999, 0.0992, 0.0999]",0.10092438757419586,2025-01-28-16-10-28/SITE5_ORNT155_VIS6mi.png
6,3,"[0.1006, 0.1000, 0.0996, 0.0999, 0.0998, 0.1002, 0.1009, 0.0999, 0.0992, 0.0999]",0.10093332082033157,2024-05-08-14-34-39/SITE684_ORNT179_VIS4mi.png
6,7,"[0.1005, 0.1000, 0.0997, 0.0999, 0.0999, 0.1002, 0.1009, 0.0999, 0.0992, 0.0999]",0.10090862959623337,2024-07-22-20-17-56/SITE533_ORNT120_VIS8mi.png
6,0,"[0.1006, 0.1000, 0.0996, 0.0999, 0.0998, 0.1001, 0.1010, 0.0999, 0.0992, 0.0999]",0.10095856338739395,2025-03-05-12-08-53/SITE601_ORNT90_VIS1-75mi.png
6,2,"[0.1005, 0.1000, 0.0996, 0.0999, 0.0998, 0.1002, 0.1009, 0.0999, 0.0992, 0.0999]",0.10093683004379272,2025-03-26-14-35-40/SITE76_ORNT250_VIS3mi.png
6,0,"[0.1006, 0.1000, 0.0996, 0.0999, 0.0998, 0.1002, 0.1010, 0.0999, 0.0992, 0.0999]",0.10095604509115219,2024-12-24-15-14-57/SITE658_ORNT305_VIS1mi.png
6,5,"[0.1006, 0.1000, 0.0996, 0.0999, 0.0998, 0.1002, 0.1009, 0.0999, 0.0992, 0.0999]",0.10093509405851364,2024-07-04-10-22-12/SITE421_ORNT170_VIS6mi.png
6,2,"[0.1006, 0.1000, 0.0996, 0.0999, 0.0998, 0.1001, 0.1010, 0.0999, 0.0992, 0.0999]",0.10095825791358948,2024-08-31-14-30-34/SITE58_ORNT15_VIS3mi.png
6,3,"[0.1006, 0.1000, 0.0996, 0.0999, 0.0998, 0.1002, 0.1009, 0.0999, 0.0992, 0.0999]",0.10093660652637482,2024-05-14-16-18-20/SITE41_ORNT235_VIS4mi.png
6,7,"[0.1005, 0.1000, 0.0996, 0.0999, 0.0998, 0.1002, 0.1009, 0.0999, 0.0992, 0.0999]",0.10093571990728378,2024-12-29-16-00-12/SITE808_ORNT135_VIS8mi.png
6,2,"[0.1006, 0.1000, 0.0997, 0.0999, 0.0998, 0.1002, 0.1009, 0.0999, 0.0992, 0.0999]",0.10092475265264511,2024-09-27-16-12-40/SITE438_ORNT110_VIS3mi.png
6,6,"[0.1006, 0.1000, 0.0996, 0.0999, 0.0998, 0.1002, 0.1009, 0.0999, 0.0992, 0.0999]",0.10093795508146286,2024-07-23-10-10-08/SITE578_ORNT295_VIS7mi.png
6,8,"[0.1006, 0.1000, 0.0996, 0.0999, 0.0998, 0.1001, 0.1010, 0.0999, 0.0992, 0.0999]",0.10096162557601929,2024-09-08-16-00-24/SITE358_ORNT290_VIS9mi.png
6,5,"[0.1005, 0.1000, 0.0996, 0.0999, 0.0999, 0.1002, 0.1009, 0.0998, 0.0992, 0.0999]",0.10091264545917511,2025-01-28-16-10-28/SITE377_ORNT200_VIS6mi.png
6,5,"[0.1005, 0.1000, 0.0996, 0.0999, 0.0998, 0.1002, 0.1009, 0.0999, 0.0992, 0.0999]",0.10092928260564804,2025-04-14-19-44-02/SITE165_ORNT205_VIS6mi.png
6,4,"[0.1006, 0.1000, 0.0996, 0.0999, 0.0998, 0.1002, 0.1009, 0.0999, 0.0992, 0.0999]",0.1009477749466896,2025-03-29-15-28-57/SITE598_ORNT285_VIS5mi.png
6,6,"[0.1006, 0.1000, 0.0997, 0.0999, 0.0998, 0.1002, 0.1009, 0.0999, 0.0992, 0.0999]",0.10093606263399124,2024-08-16-20-03-50/SITE111_ORNT246_VIS7mi.png
6,2,"[0.1005, 0.1000, 0.0996, 0.0999, 0.0998, 0.1002, 0.1009, 0.0999, 0.0992, 0.0999]",0.10092975944280624,2025-03-11-17-13-52/SITE508_ORNT135_VIS3mi.png
6,9,"[0.1006, 0.1000, 0.0996, 0.0999, 0.0998, 0.1002, 0.1009, 0.0999, 0.0992, 0.0999]",0.10094433277845383,2025-04-22-15-39-35/SITE167_ORNT60_VIS10+mi.png
6,2,"[0.1005, 0.1000, 0.0996, 0.0999, 0.0998, 0.1001, 0.1009, 0.0999, 0.0992, 0.0999]",0.10094328969717026,2025-04-16-13-54-24/SITE45_ORNT290_VIS3mi.png
6,0,"[0.1005, 0.1000, 0.0997, 0.0999, 0.0998, 0.1002, 0.1009, 0.0999, 0.0992, 0.0999]",0.10092680156230927,2025-02-05-13-59-56/SITE438_ORNT110_VIS1-5mi.png
6,8,"[0.1005, 0.1000, 0.0996, 0.0999, 0.0998, 0.1002, 0.1009, 0.0999, 0.0992, 0.0999]",0.10091809928417206,2024-05-23-15-19-49/SITE506_ORNT90_VIS9mi.png
6,8,"[0.1005, 0.1000, 0.0996, 0.0999, 0.0998, 0.1002, 0.1009, 0.0999, 0.0992, 0.0999]",0.10093050450086594,2024-08-02-13-37-25/SITE492_ORNT20_VIS9mi.png
6,9,"[0.1006, 0.1000, 0.0996, 0.0999, 0.0998, 0.1001, 0.1010, 0.0999, 0.0992, 0.0999]",0.10095850378274918,2025-02-12-14-37-35/SITE111_ORNT61_VIS10+mi.png
6,2,"[0.1005, 0.1000, 0.0997, 0.0999, 0.0998, 0.1002, 0.1009, 0.0999, 0.0992, 0.0999]",0.10092424601316452,2025-01-15-15-33-17/SITE41_ORNT235_VIS3mi.png
6,2,"[0.1005, 0.1000, 0.0996, 0.0999, 0.0998, 0.1002, 0.1009, 0.0999, 0.0992, 0.0999]",0.10093432664871216,2024-05-07-15-42-07/SITE561_ORNT350_VIS3mi.png
6,4,"[0.1005, 0.1000, 0.0996, 0.0999, 0.0998, 0.1002, 0.1009, 0.0999, 0.0992, 0.0999]",0.10093779116868973,2024-04-25-17-48-06/SITE244_ORNT177_VIS5mi.png
6,7,"[0.1006, 0.1000, 0.0996, 0.0999, 0.0998, 0.1002, 0.1009, 0.0999, 0.0992, 0.0999]",0.1009482741355896,2024-10-06-17-04-59/SITE215_ORNT235_VIS8mi.png
6,2,"[0.1006, 0.1000, 0.0996, 0.0999, 0.0998, 0.1002, 0.1009, 0.0999, 0.0992, 0.0999]",0.10094405710697174,2025-02-05-13-59-56/SITE18_ORNT135_VIS3mi.png
6,6,"[0.1005, 0.1000, 0.0997, 0.0999, 0.0998, 0.1002, 0.1009, 0.0999, 0.0992, 0.0999]",0.10091320425271988,2024-09-19-16-37-08/SITE365_ORNT100_VIS7mi.png
6,7,"[0.1006, 0.1000, 0.0996, 0.0999, 0.0998, 0.1002, 0.1010, 0.0999, 0.0992, 0.0999]",0.10095104575157166,2025-02-14-15-24-27/SITE595_ORNT180_VIS8mi.png
6,9,"[0.1005, 0.1000, 0.0997, 0.1000, 0.0998, 0.1002, 0.1009, 0.0998, 0.0992, 0.0999]",0.10087552666664124,2025-03-02-11-48-27/SITE521_ORNT325_VIS30mi.png
6,1,"[0.1005, 0.1000, 0.0996, 0.0999, 0.0999, 0.1001, 0.1009, 0.0999, 0.0992, 0.0999]",0.10093910992145538,2024-07-22-11-13-59/SITE330_ORNT20_VIS2-5mi.png
6,5,"[0.1006, 0.1000, 0.0996, 0.0999, 0.0998, 0.1002, 0.1010, 0.0999, 0.0992, 0.0999]",0.10095448791980743,2025-03-17-19-09-03/SITE22_ORNT285_VIS6mi.png
6,9,"[0.1005, 0.1000, 0.0996, 0.0999, 0.0998, 0.1002, 0.1009, 0.0999, 0.0992, 0.0999]",0.10093637555837631,2025-01-28-16-10-28/SITE639_ORNT270_VIS10+mi.png
6,1,"[0.1005, 0.1000, 0.0996, 0.0999, 0.0998, 0.1002, 0.1009, 0.0999, 0.0992, 0.0999]",0.10092290490865707,2024-12-16-12-39-30/SITE521_ORNT150_VIS2mi.png
6,5,"[0.1005, 0.1000, 0.0996, 0.0999, 0.0999, 0.1001, 0.1009, 0.0999, 0.0993, 0.0999]",0.10094616562128067,2025-02-11-14-30-47/SITE340_ORNT330_VIS6mi.png
6,3,"[0.1005, 0.1000, 0.0996, 0.0999, 0.0998, 0.1002, 0.1009, 0.0999, 0.0992, 0.0999]",0.10094612091779709,2025-03-06-15-10-58/SITE207_ORNT235_VIS4mi.png
6,8,"[0.1005, 0.1000, 0.0996, 0.0999, 0.0998, 0.1001, 0.1010, 0.0999, 0.0992, 0.0999]",0.10096766799688339,2024-12-03-11-18-04/SITE301_ORNT275_VIS9mi.png
6,3,"[0.1006, 0.1000, 0.0996, 0.0999, 0.0998, 0.1002, 0.1009, 0.0999, 0.0992, 0.0999]",0.10094427317380905,2024-05-08-14-34-39/SITE616_ORNT270_VIS4mi.png
6,2,"[0.1006, 0.1000, 0.0996, 0.0999, 0.0998, 0.1002, 0.1009, 0.0999, 0.0992, 0.0999]",0.10093960165977478,2024-10-06-12-31-10/SITE117_ORNT43_VIS3mi.png
6,1,"[0.1005, 0.1000, 0.0997, 0.0999, 0.0998, 0.1002, 0.1009, 0.0999, 0.0992, 0.0999]",0.1009180024266243,2025-02-17-14-46-26/SITE355_ORNT70_VIS2-25mi.png
6,3,"[0.1006, 0.1000, 0.0996, 0.0999, 0.0998, 0.1002, 0.1009, 0.0999, 0.0992, 0.0999]",0.10093948245048523,2025-02-01-17-30-02/SITE66_ORNT323_VIS4mi.png
6,2,"[0.1005, 0.1000, 0.0996, 0.0999, 0.0999, 0.1002, 0.1009, 0.0999, 0.0992, 0.0999]",0.10092145949602127,2025-02-17-14-46-26/SITE353_ORNT135_VIS3mi.png
6,0,"[0.1006, 0.1000, 0.0996, 0.0999, 0.0998, 0.1001, 0.1010, 0.0999, 0.0992, 0.0999]",0.10096216946840286,2024-10-05-11-04-16/SITE161_ORNT141_VIS1-5mi.png
6,0,"[0.1006, 0.1000, 0.0996, 0.0999, 0.0998, 0.1002, 0.1009, 0.0999, 0.0992, 0.0999]",0.10093378275632858,2025-03-01-18-07-41/SITE49_ORNT15_VIS1-75mi.png
6,7,"[0.1006, 0.1000, 0.0996, 0.0999, 0.0998, 0.1002, 0.1009, 0.0999, 0.0992, 0.0999]",0.10093884915113449,2024-07-18-11-32-15/SITE94_ORNT280_VIS8mi.png
6,0,"[0.1006, 0.1000, 0.0996, 0.0999, 0.0998, 0.1002, 0.1009, 0.0999, 0.0992, 0.0999]",0.10094483941793442,2024-06-21-15-35-27/SITE87_ORNT329_VIS1-75mi.png
6,9,"[0.1006, 0.1000, 0.0996, 0.0999, 0.0998, 0.1002, 0.1009, 0.0999, 0.0992, 0.0999]",0.10094085335731506,2025-04-13-19-09-12/SITE446_ORNT165_VIS10+mi.png
6,9,"[0.1006, 0.1000, 0.0996, 0.0999, 0.0998, 0.1002, 0.1009, 0.0999, 0.0992, 0.0999]",0.10093731433153152,2024-12-16-12-39-30/SITE639_ORNT10_VIS10+mi.png
6,1,"[0.1006, 0.1000, 0.0996, 0.0999, 0.0998, 0.1002, 0.1009, 0.0999, 0.0992, 0.0999]",0.10094109922647476,2024-07-22-11-13-59/SITE98_ORNT245_VIS2mi.png
6,1,"[0.1006, 0.1000, 0.0996, 0.0999, 0.0998, 0.1001, 0.1010, 0.0999, 0.0992, 0.0999]",0.10096485167741776,2024-08-11-09-28-59/SITE411_ORNT75_VIS2-5mi.png
6,7,"[0.1005, 0.1000, 0.0996, 0.0999, 0.0998, 0.1002, 0.1009, 0.0999, 0.0992, 0.0999]",0.10092608630657196,2024-06-30-10-21-08/SITE587_ORNT280_VIS8mi.png
6,7,"[0.1006, 0.1000, 0.0996, 0.0999, 0.0998, 0.1002, 0.1009, 0.0999, 0.0992, 0.0999]",0.10093951970338821,2024-07-24-16-43-44/SITE583_ORNT285_VIS8mi.png
6,1,"[0.1006, 0.1000, 0.0996, 0.0999, 0.0998, 0.1002, 0.1010, 0.0999, 0.0992, 0.0999]",0.10095036029815674,2024-06-06-10-38-22/SITE725_ORNT180_VIS2mi.png
6,6,"[0.1005, 0.1000, 0.0997, 0.0999, 0.0998, 0.1002, 0.1009, 0.0999, 0.0992, 0.0999]",0.10091464221477509,2025-02-15-16-53-20/SITE538_ORNT192_VIS7mi.png
6,1,"[0.1005, 0.1000, 0.0996, 0.0999, 0.0998, 0.1002, 0.1009, 0.0999, 0.0992, 0.0999]",0.1009242907166481,4-9-24-5-23-PM/SITE100_ORNT210_VIS2mi.png
6,8,"[0.1005, 0.1000, 0.0996, 0.0999, 0.0998, 0.1002, 0.1009, 0.0999, 0.0992, 0.0999]",0.10093487054109573,2025-03-26-12-24-08/SITE522_ORNT270_VIS9mi.png
6,1,"[0.1006, 0.1000, 0.0996, 0.0999, 0.0998, 0.1002, 0.1009, 0.0999, 0.0992, 0.0999]",0.10093599557876587,2024-09-08-13-07-06/SITE13_ORNT85_VIS2mi.png
6,8,"[0.1005, 0.1000, 0.0996, 0.0999, 0.0998, 0.1001, 0.1010, 0.0999, 0.0992, 0.0999]",0.10095522552728653,2024-08-01-13-32-05/SITE330_ORNT215_VIS9mi.png
6,2,"[0.1006, 0.1000, 0.0996, 0.0999, 0.0998, 0.1001, 0.1010, 0.0999, 0.0992, 0.0999]",0.10095706582069397,2024-07-14-13-28-24/SITE7_ORNT221_VIS3mi.png
6,9,"[0.1006, 0.1000, 0.0996, 0.0999, 0.0998, 0.1002, 0.1009, 0.0999, 0.0992, 0.0999]",0.10093408823013306,2025-03-03-11-33-30/SITE616_ORNT0_VIS10+mi.png
6,6,"[0.1006, 0.1000, 0.0996, 0.0999, 0.0998, 0.1001, 0.1010, 0.0999, 0.0992, 0.0999]",0.10095684975385666,2025-01-29-12-01-12/SITE25_ORNT320_VIS7mi.png
6,8,"[0.1005, 0.1000, 0.0996, 0.0999, 0.0998, 0.1002, 0.1009, 0.0999, 0.0992, 0.0999]",0.10093450546264648,2024-07-07-15-01-32/SITE376_ORNT70_VIS9mi.png
6,7,"[0.1006, 0.1000, 0.0997, 0.0999, 0.0998, 0.1002, 0.1009, 0.0999, 0.0992, 0.0999]",0.10093076527118683,2025-02-11-14-30-47/SITE683_ORNT240_VIS8mi.png
6,8,"[0.1005, 0.1000, 0.0996, 0.0999, 0.0999, 0.1001, 0.1010, 0.0999, 0.0993, 0.0999]",0.10095496475696564,2025-03-31-13-29-12/SITE340_ORNT55_VIS9mi.png
6,8,"[0.1005, 0.1000, 0.0997, 0.1000, 0.0998, 0.1002, 0.1009, 0.0998, 0.0992, 0.0999]",0.10087371617555618,2025-03-29-15-28-57/SITE399_ORNT45_VIS9mi.png
6,1,"[0.1006, 0.1000, 0.0997, 0.0999, 0.0998, 0.1002, 0.1009, 0.0999, 0.0992, 0.0999]",0.10092364996671677,2025-02-01-17-30-02/SITE212_ORNT170_VIS2-5mi.png
6,5,"[0.1005, 0.1000, 0.0996, 0.0999, 0.0999, 0.1002, 0.1009, 0.0999, 0.0993, 0.0999]",0.10092219710350037,2024-06-16-15-28-51/SITE483_ORNT95_VIS6mi.png
6,8,"[0.1005, 0.1000, 0.0997, 0.0999, 0.0998, 0.1002, 0.1009, 0.0999, 0.0992, 0.0999]",0.10089613497257233,2024-07-23-10-10-08/SITE328_ORNT180_VIS9mi.png
6,8,"[0.1005, 0.1000, 0.0996, 0.0999, 0.0998, 0.1002, 0.1009, 0.0999, 0.0992, 0.0999]",0.10092535614967346,2024-07-05-10-36-13/SITE366_ORNT200_VIS9mi.png
6,8,"[0.1005, 0.1000, 0.0997, 0.1000, 0.0998, 0.1002, 0.1009, 0.0999, 0.0992, 0.0999]",0.10087862610816956,2024-07-26-10-22-16/SITE477_ORNT160_VIS9mi.png
6,4,"[0.1006, 0.1000, 0.0996, 0.0999, 0.0998, 0.1002, 0.1009, 0.0999, 0.0992, 0.0999]",0.10093142092227936,2024-07-22-20-17-56/SITE19_ORNT60_VIS5mi.png
6,9,"[0.1005, 0.1000, 0.0997, 0.0999, 0.0998, 0.1002, 0.1009, 0.0999, 0.0992, 0.0999]",0.1009223610162735,2025-03-11-17-13-52/SITE813_ORNT15_VIS10+mi.png
6,0,"[0.1005, 0.1000, 0.0996, 0.0999, 0.0998, 0.1002, 0.1009, 0.0999, 0.0992, 0.0999]",0.10092733055353165,2025-01-17-15-10-02/SITE438_ORNT30_VIS1-5mi.png
6,5,"[0.1006, 0.1000, 0.0996, 0.0999, 0.0998, 0.1002, 0.1009, 0.0999, 0.0992, 0.0999]",0.10094402730464935,2024-07-24-16-43-44/SITE111_ORNT246_VIS6mi.png
6,9,"[0.1005, 0.1000, 0.0996, 0.0999, 0.0998, 0.1002, 0.1009, 0.0999, 0.0992, 0.0999]",0.10092612355947495,2025-01-15-12-14-16/SITE683_ORNT90_VIS10+mi.png
6,6,"[0.1005, 0.1000, 0.0996, 0.0999, 0.0998, 0.1002, 0.1009, 0.0999, 0.0992, 0.0999]",0.10093796998262405,2024-08-19-10-27-18/SITE612_ORNT30_VIS7mi.png
6,1,"[0.1006, 0.1000, 0.0996, 0.0999, 0.0998, 0.1001, 0.1010, 0.0999, 0.0992, 0.0999]",0.10096188634634018,2024-12-24-15-14-57/SITE40_ORNT295_VIS2mi.png
6,2,"[0.1005, 0.1000, 0.0996, 0.0999, 0.0998, 0.1002, 0.1009, 0.0999, 0.0992, 0.0999]",0.10092075169086456,2025-04-16-13-54-24/SITE323_ORNT135_VIS3mi.png
6,1,"[0.1006, 0.1000, 0.0997, 0.0999, 0.0998, 0.1002, 0.1009, 0.0999, 0.0992, 0.0999]",0.10092221945524216,2024-08-19-19-34-52/SITE253_ORNT280_VIS2mi.png
6,3,"[0.1006, 0.1000, 0.0996, 0.0999, 0.0998, 0.1001, 0.1010, 0.0999, 0.0992, 0.0999]",0.10096495598554611,2024-07-29-17-46-25/SITE411_ORNT220_VIS4mi.png
6,5,"[0.1005, 0.1000, 0.0996, 0.0999, 0.0998, 0.1001, 0.1010, 0.0999, 0.0992, 0.0999]",0.10095668584108353,2024-05-13-18-48-49/SITE203_ORNT335_VIS6mi.png
6,8,"[0.1005, 0.1000, 0.0996, 0.0999, 0.0999, 0.1002, 0.1009, 0.0999, 0.0992, 0.0999]",0.10091733932495117,2024-07-28-11-17-19/SITE386_ORNT125_VIS9mi.png
6,2,"[0.1005, 0.1000, 0.0996, 0.0999, 0.0999, 0.1001, 0.1009, 0.0999, 0.0992, 0.0999]",0.10094688087701797,2024-12-29-16-00-12/SITE617_ORNT40_VIS3mi.png
6,4,"[0.1006, 0.1000, 0.0997, 0.0999, 0.0998, 0.1002, 0.1009, 0.0999, 0.0992, 0.0999]",0.1009286418557167,2024-07-20-15-11-13/SITE234_ORNT260_VIS5mi.png
6,9,"[0.1005, 0.1000, 0.0996, 0.0999, 0.0998, 0.1002, 0.1009, 0.0999, 0.0992, 0.0999]",0.10094378888607025,2025-02-16-12-49-10/SITE897_ORNT300_VIS10+mi.png
6,3,"[0.1005, 0.1000, 0.0996, 0.0999, 0.0998, 0.1002, 0.1009, 0.0999, 0.0992, 0.0999]",0.10092858970165253,2025-04-07-16-10-10/SITE314_ORNT35_VIS4mi.png
6,8,"[0.1005, 0.1000, 0.0997, 0.0999, 0.0998, 0.1002, 0.1009, 0.0999, 0.0992, 0.0999]",0.10092616081237793,2024-09-02-17-43-28/SITE593_ORNT110_VIS9mi.png
6,4,"[0.1005, 0.1000, 0.0997, 0.0999, 0.0998, 0.1002, 0.1009, 0.0999, 0.0992, 0.0999]",0.10090625286102295,2024-08-19-10-27-18/SITE401_ORNT350_VIS5mi.png
6,9,"[0.1006, 0.1000, 0.0996, 0.0999, 0.0998, 0.1002, 0.1009, 0.0999, 0.0992, 0.0999]",0.1009470522403717,2025-04-02-15-05-32/SITE417_ORNT50_VIS10+mi.png
6,3,"[0.1005, 0.1000, 0.0996, 0.0999, 0.0998, 0.1001, 0.1010, 0.0999, 0.0992, 0.0999]",0.10095438361167908,2024-05-07-15-42-07/SITE127_ORNT114_VIS4mi.png
6,6,"[0.1005, 0.1000, 0.0996, 0.0999, 0.0998, 0.1002, 0.1009, 0.0999, 0.0992, 0.0999]",0.10094009339809418,2024-07-29-16-41-43/SITE82_ORNT135_VIS7mi.png
6,7,"[0.1006, 0.1000, 0.0996, 0.0999, 0.0998, 0.1002, 0.1010, 0.0999, 0.0992, 0.0999]",0.10095366090536118,2024-12-10-14-08-09/SITE186_ORNT275_VIS8mi.png
6,8,"[0.1005, 0.1000, 0.0997, 0.0999, 0.0998, 0.1002, 0.1009, 0.0999, 0.0992, 0.0999]",0.1009087786078453,2025-03-31-15-41-11/SITE343_ORNT90_VIS9mi.png
6,2,"[0.1006, 0.1000, 0.0996, 0.0999, 0.0998, 0.1002, 0.1009, 0.0999, 0.0992, 0.0999]",0.10093887150287628,2024-05-23-15-19-49/SITE422_ORNT85_VIS3mi.png
6,5,"[0.1006, 0.1000, 0.0996, 0.0999, 0.0998, 0.1002, 0.1009, 0.0999, 0.0992, 0.0999]",0.10094867646694183,2025-03-26-12-24-08/SITE11_ORNT308_VIS6mi.png
6,7,"[0.1005, 0.1000, 0.0996, 0.0999, 0.0998, 0.1002, 0.1009, 0.0999, 0.0992, 0.0999]",0.10093220323324203,2025-03-31-13-29-12/SITE18_ORNT135_VIS8mi.png
6,8,"[0.1006, 0.1000, 0.0996, 0.0999, 0.0998, 0.1002, 0.1009, 0.0999, 0.0992, 0.0999]",0.1009494885802269,2024-12-10-14-08-09/SITE802_ORNT45_VIS9mi.png
6,7,"[0.1006, 0.1000, 0.0996, 0.0999, 0.0998, 0.1002, 0.1009, 0.0999, 0.0992, 0.0999]",0.10094545036554337,2025-03-23-13-51-54/SITE203_ORNT220_VIS8mi.png
6,5,"[0.1005, 0.1000, 0.0996, 0.0999, 0.0998, 0.1002, 0.1009, 0.0999, 0.0992, 0.0999]",0.10094434022903442,2025-03-15-15-41-34/SITE437_ORNT260_VIS6mi.png
6,7,"[0.1005, 0.1000, 0.0996, 0.0999, 0.0998, 0.1002, 0.1009, 0.0999, 0.0992, 0.0999]",0.10094119608402252,2025-04-02-15-05-32/SITE439_ORNT350_VIS8mi.png
6,0,"[0.1006, 0.1000, 0.0996, 0.0999, 0.0998, 0.1002, 0.1009, 0.0999, 0.0992, 0.0999]",0.10093465447425842,2024-07-14-16-38-50/SITE13_ORNT240_VIS1-5mi.png
6,3,"[0.1005, 0.1000, 0.0996, 0.0999, 0.0998, 0.1002, 0.1009, 0.0999, 0.0992, 0.0999]",0.10091762244701385,2025-02-04-15-47-48/SITE485_ORNT210_VIS4mi.png
6,5,"[0.1006, 0.1000, 0.0997, 0.0999, 0.0998, 0.1002, 0.1009, 0.0999, 0.0992, 0.0999]",0.10092159360647202,2025-01-15-15-33-17/SITE629_ORNT125_VIS6mi.png
6,6,"[0.1006, 0.1000, 0.0996, 0.0999, 0.0998, 0.1002, 0.1010, 0.0999, 0.0992, 0.0999]",0.1009536162018776,2024-05-01-16-21-18/SITE542_ORNT140_VIS7mi.png
6,7,"[0.1005, 0.1000, 0.0996, 0.0999, 0.0998, 0.1002, 0.1009, 0.0999, 0.0992, 0.0999]",0.10094094276428223,2025-03-04-14-20-15/SITE78_ORNT322_VIS8mi.png
6,3,"[0.1005, 0.1000, 0.0996, 0.0999, 0.0998, 0.1002, 0.1009, 0.0999, 0.0992, 0.0999]",0.10092476010322571,2025-03-26-12-24-08/SITE169_ORNT228_VIS4mi.png
6,7,"[0.1005, 0.1000, 0.0997, 0.0999, 0.0998, 0.1002, 0.1009, 0.0999, 0.0992, 0.0999]",0.10090827196836472,2025-03-05-12-08-53/SITE468_ORNT80_VIS8mi.png
6,4,"[0.1005, 0.1000, 0.0996, 0.0999, 0.0998, 0.1002, 0.1009, 0.0999, 0.0992, 0.0999]",0.10093268752098083,2025-02-14-15-24-27/SITE807_ORNT90_VIS5mi.png
6,9,"[0.1005, 0.1000, 0.0996, 0.0999, 0.0999, 0.1002, 0.1009, 0.0998, 0.0993, 0.0999]",0.10091064125299454,2025-04-11-14-52-32/SITE467_ORNT55_VIS15mi.png
6,1,"[0.1005, 0.1000, 0.0996, 0.0999, 0.0998, 0.1001, 0.1010, 0.0999, 0.0992, 0.0999]",0.10097607225179672,2024-05-23-15-19-49/SITE203_ORNT335_VIS2mi.png
6,6,"[0.1005, 0.1000, 0.0996, 0.0999, 0.0999, 0.1002, 0.1009, 0.0999, 0.0992, 0.0999]",0.10091489553451538,2024-05-13-18-48-49/SITE327_ORNT330_VIS7mi.png
6,4,"[0.1006, 0.1000, 0.0996, 0.0999, 0.0998, 0.1002, 0.1009, 0.0999, 0.0992, 0.0999]",0.10094021260738373,2024-08-01-10-54-34/SITE5_ORNT155_VIS5mi.png
6,0,"[0.1006, 0.1000, 0.0997, 0.0999, 0.0998, 0.1002, 0.1009, 0.0999, 0.0992, 0.0999]",0.10092046111822128,2024-05-21-12-02-34/SITE435_ORNT15_VIS1-25mi.png
6,2,"[0.1005, 0.1000, 0.0996, 0.0999, 0.0999, 0.1002, 0.1009, 0.0999, 0.0992, 0.0999]",0.10091371089220047,2025-02-17-14-46-26/SITE386_ORNT290_VIS3mi.png
6,7,"[0.1006, 0.1000, 0.0996, 0.0999, 0.0998, 0.1002, 0.1009, 0.0999, 0.0992, 0.0999]",0.10094993561506271,2025-03-05-12-08-53/SITE610_ORNT0_VIS8mi.png
6,6,"[0.1005, 0.1000, 0.0996, 0.0999, 0.0998, 0.1002, 0.1009, 0.0999, 0.0992, 0.0999]",0.10093415528535843,2025-03-31-15-41-11/SITE59_ORNT333_VIS7mi.png
6,4,"[0.1005, 0.1000, 0.0996, 0.0999, 0.0998, 0.1002, 0.1009, 0.0999, 0.0992, 0.0999]",0.10092555731534958,2024-12-03-11-18-04/SITE721_ORNT90_VIS5mi.png
6,7,"[0.1005, 0.1000, 0.0996, 0.0999, 0.0998, 0.1002, 0.1009, 0.0999, 0.0992, 0.0999]",0.10093653202056885,2024-08-15-16-44-48/SITE40_ORNT180_VIS8mi.png
6,9,"[0.1005, 0.1000, 0.0996, 0.0999, 0.0998, 0.1002, 0.1009, 0.0999, 0.0992, 0.0999]",0.10092660784721375,2024-07-05-14-33-31/SITE406_ORNT190_VIS14mi.png
6,6,"[0.1005, 0.1000, 0.0996, 0.0999, 0.0998, 0.1002, 0.1009, 0.0999, 0.0992, 0.0999]",0.1009419783949852,2025-01-28-16-10-28/SITE760_ORNT140_VIS7mi.png
6,9,"[0.1006, 0.1000, 0.0996, 0.0999, 0.0998, 0.1002, 0.1010, 0.0999, 0.0992, 0.0999]",0.10095052421092987,2025-02-11-14-30-47/SITE50_ORNT265_VIS10+mi.png
6,6,"[0.1006, 0.1000, 0.0997, 0.0999, 0.0998, 0.1002, 0.1009, 0.0999, 0.0992, 0.0999]",0.10091904550790787,2024-08-15-16-44-48/SITE683_ORNT325_VIS7mi.png
6,7,"[0.1005, 0.1000, 0.0997, 0.0999, 0.0998, 0.1002, 0.1009, 0.0998, 0.0992, 0.0999]",0.10090544819831848,2024-10-14-13-08-27/SITE477_ORNT50_VIS8mi.png
6,5,"[0.1006, 0.1000, 0.0997, 0.0999, 0.0998, 0.1002, 0.1009, 0.0999, 0.0992, 0.0999]",0.10092973709106445,2024-08-30-17-21-54/SITE22_ORNT100_VIS6mi.png
6,4,"[0.1005, 0.1000, 0.0996, 0.0999, 0.0998, 0.1002, 0.1009, 0.0999, 0.0992, 0.0999]",0.10094787925481796,2024-09-08-16-00-24/SITE545_ORNT320_VIS5mi.png
6,8,"[0.1006, 0.1000, 0.0996, 0.0999, 0.0998, 0.1002, 0.1009, 0.0999, 0.0992, 0.0999]",0.10094041377305984,2025-03-23-13-51-54/SITE45_ORNT5_VIS9mi.png
6,8,"[0.1005, 0.1000, 0.0997, 0.0999, 0.0998, 0.1002, 0.1009, 0.0998, 0.0992, 0.0999]",0.10089953243732452,2025-02-19-12-18-05/SITE528_ORNT35_VIS9mi.png
6,9,"[0.1005, 0.1000, 0.0996, 0.0999, 0.0998, 0.1002, 0.1009, 0.0999, 0.0992, 0.0999]",0.10092781484127045,2025-02-12-14-37-35/SITE485_ORNT120_VIS15mi.png
6,5,"[0.1005, 0.1000, 0.0996, 0.0999, 0.0998, 0.1002, 0.1009, 0.0999, 0.0992, 0.0999]",0.10093306005001068,2024-05-28-11-05-32/SITE747_ORNT315_VIS6mi.png
6,1,"[0.1005, 0.1000, 0.0996, 0.0999, 0.0998, 0.1001, 0.1009, 0.0999, 0.0992, 0.0999]",0.10094645619392395,2024-05-27-19-19-47/SITE610_ORNT90_VIS2-5mi.png
6,1,"[0.1005, 0.1000, 0.0996, 0.0999, 0.0998, 0.1001, 0.1010, 0.0999, 0.0992, 0.0999]",0.10096511244773865,2025-02-11-14-30-47/SITE80_ORNT192_VIS2-5mi.png
6,7,"[0.1006, 0.1000, 0.0996, 0.0999, 0.0998, 0.1002, 0.1009, 0.0999, 0.0992, 0.0999]",0.10094034671783447,2025-03-06-15-10-58/SITE474_ORNT270_VIS8mi.png
6,5,"[0.1006, 0.1000, 0.0996, 0.0999, 0.0998, 0.1002, 0.1009, 0.0999, 0.0992, 0.0999]",0.10093292593955994,4-9-24-5-23-PM/SITE75_ORNT75_VIS6mi.png
6,6,"[0.1006, 0.1000, 0.0996, 0.0999, 0.0998, 0.1002, 0.1009, 0.0999, 0.0992, 0.0999]",0.10094175487756729,2025-03-15-15-41-34/SITE735_ORNT0_VIS7mi.png
6,1,"[0.1006, 0.1000, 0.0996, 0.0999, 0.0998, 0.1002, 0.1009, 0.0999, 0.0992, 0.0999]",0.10094116628170013,2024-08-02-10-36-13/SITE29_ORNT200_VIS2-5mi.png
6,4,"[0.1006, 0.1000, 0.0996, 0.0999, 0.0998, 0.1002, 0.1009, 0.0999, 0.0992, 0.0999]",0.10094594210386276,2024-07-26-10-22-16/SITE259_ORNT59_VIS5mi.png
6,8,"[0.1005, 0.1000, 0.0997, 0.0999, 0.0999, 0.1002, 0.1009, 0.0998, 0.0993, 0.0999]",0.10090722143650055,2024-05-22-13-05-54/SITE506_ORNT0_VIS9mi.png
6,4,"[0.1005, 0.1000, 0.0996, 0.0999, 0.0999, 0.1001, 0.1009, 0.0999, 0.0993, 0.0999]",0.10093788057565689,2025-02-27-11-22-46/SITE385_ORNT230_VIS5mi.png
6,8,"[0.1005, 0.1000, 0.0997, 0.0999, 0.0999, 0.1002, 0.1009, 0.0998, 0.0993, 0.0999]",0.10091002285480499,2024-07-18-11-32-15/SITE375_ORNT330_VIS9mi.png
6,9,"[0.1005, 0.1000, 0.0996, 0.0999, 0.0998, 0.1001, 0.1010, 0.0999, 0.0992, 0.0999]",0.10095467418432236,2025-02-11-14-30-47/SITE733_ORNT230_VIS10+mi.png
6,0,"[0.1006, 0.1000, 0.0997, 0.0999, 0.0998, 0.1002, 0.1009, 0.0999, 0.0992, 0.0999]",0.10091438889503479,2025-02-16-12-49-10/SITE593_ORNT10_VIS1-5mi.png
6,5,"[0.1006, 0.1000, 0.0996, 0.0999, 0.0998, 0.1001, 0.1010, 0.0999, 0.0992, 0.0999]",0.1009562537074089,2024-07-28-11-17-19/SITE12_ORNT270_VIS6mi.png
6,6,"[0.1006, 0.1000, 0.0996, 0.0999, 0.0998, 0.1002, 0.1009, 0.0999, 0.0992, 0.0999]",0.10094385594129562,2024-06-10-14-33-22/SITE760_ORNT140_VIS7mi.png
6,5,"[0.1005, 0.1000, 0.0997, 0.0999, 0.0998, 0.1002, 0.1009, 0.0999, 0.0992, 0.0999]",0.10091531276702881,2025-04-13-19-09-12/SITE156_ORNT247_VIS6mi.png
6,4,"[0.1006, 0.1000, 0.0996, 0.0999, 0.0998, 0.1001, 0.1010, 0.0999, 0.0992, 0.0999]",0.10095773637294769,2024-07-14-10-21-23/SITE127_ORNT272_VIS5mi.png
6,1,"[0.1005, 0.1000, 0.0996, 0.0999, 0.0998, 0.1002, 0.1009, 0.0999, 0.0992, 0.0999]",0.10093294084072113,2025-04-01-16-59-16/SITE69_ORNT315_VIS2mi.png
6,7,"[0.1005, 0.1000, 0.0997, 0.0999, 0.0998, 0.1002, 0.1009, 0.0999, 0.0992, 0.0999]",0.10092443227767944,2025-02-04-15-47-48/SITE268_ORNT255_VIS8mi.png
6,6,"[0.1005, 0.1000, 0.0996, 0.0999, 0.0998, 0.1001, 0.1010, 0.0999, 0.0992, 0.0999]",0.10096488147974014,2024-07-18-14-04-18/SITE760_ORNT190_VIS7mi.png
6,3,"[0.1006, 0.1000, 0.0996, 0.0999, 0.0998, 0.1002, 0.1010, 0.0999, 0.0992, 0.0999]",0.1009518951177597,2025-01-26-15-53-06/SITE7_ORNT55_VIS4mi.png
6,0,"[0.1005, 0.1000, 0.0996, 0.0999, 0.0998, 0.1002, 0.1009, 0.0999, 0.0992, 0.0999]",0.10092781484127045,2024-05-07-15-42-07/SITE43_ORNT10_VIS1-75mi.png
6,7,"[0.1005, 0.1000, 0.0996, 0.0999, 0.0998, 0.1002, 0.1009, 0.0999, 0.0992, 0.0999]",0.10093650221824646,2025-02-14-15-24-27/SITE65_ORNT180_VIS8mi.png
6,6,"[0.1006, 0.1000, 0.0996, 0.0999, 0.0998, 0.1002, 0.1009, 0.0999, 0.0992, 0.0999]",0.10093653947114944,2025-02-04-15-47-48/SITE205_ORNT305_VIS7mi.png
6,0,"[0.1005, 0.1000, 0.0996, 0.0999, 0.0998, 0.1002, 0.1009, 0.0999, 0.0992, 0.0999]",0.1009395495057106,2025-01-26-15-53-06/SITE40_ORNT120_VIS1mi.png
6,9,"[0.1005, 0.1000, 0.0996, 0.0999, 0.0998, 0.1002, 0.1009, 0.0999, 0.0992, 0.0999]",0.10092990100383759,2025-02-01-17-30-02/SITE128_ORNT135_VIS10+mi.png
6,7,"[0.1006, 0.1000, 0.0996, 0.0999, 0.0998, 0.1001, 0.1010, 0.0999, 0.0992, 0.0999]",0.10095854103565216,2024-08-02-10-36-13/SITE45_ORNT290_VIS8mi.png
6,2,"[0.1005, 0.1000, 0.0996, 0.0999, 0.0998, 0.1002, 0.1009, 0.0999, 0.0992, 0.0999]",0.10093561559915543,2024-06-17-19-22-23/SITE84_ORNT336_VIS3mi.png
6,9,"[0.1005, 0.1000, 0.0996, 0.0999, 0.0998, 0.1001, 0.1010, 0.0999, 0.0992, 0.0999]",0.10096339881420135,2024-10-11-15-41-13/SITE595_ORNT270_VIS10+mi.png
6,7,"[0.1005, 0.1000, 0.0997, 0.0999, 0.0998, 0.1002, 0.1009, 0.0999, 0.0992, 0.0999]",0.10092372447252274,2024-07-25-10-00-39/SITE405_ORNT250_VIS8mi.png
6,9,"[0.1005, 0.1000, 0.0997, 0.0999, 0.0998, 0.1002, 0.1009, 0.0999, 0.0992, 0.0999]",0.10091041773557663,2024-04-30-13-21-52/SITE533_ORNT120_VIS15mi.png
6,9,"[0.1005, 0.1000, 0.0997, 0.1000, 0.0998, 0.1002, 0.1009, 0.0999, 0.0992, 0.0999]",0.10087978839874268,2025-04-10-17-56-44/SITE453_ORNT135_VIS15mi.png
6,8,"[0.1005, 0.1000, 0.0997, 0.0999, 0.0998, 0.1002, 0.1009, 0.0999, 0.0992, 0.0999]",0.1009083241224289,2024-04-30-13-21-52/SITE528_ORNT235_VIS9mi.png
6,7,"[0.1005, 0.1000, 0.0996, 0.0999, 0.0998, 0.1002, 0.1009, 0.0999, 0.0992, 0.0999]",0.10092979669570923,2025-02-04-15-47-48/SITE802_ORNT150_VIS8mi.png
6,7,"[0.1006, 0.1000, 0.0996, 0.0999, 0.0998, 0.1001, 0.1010, 0.0999, 0.0992, 0.0999]",0.10095484554767609,2025-02-05-13-59-56/SITE575_ORNT85_VIS8mi.png
6,4,"[0.1006, 0.1000, 0.0996, 0.0999, 0.0998, 0.1002, 0.1010, 0.0999, 0.0992, 0.0999]",0.10095058381557465,2024-06-16-19-09-40/SITE19_ORNT325_VIS5mi.png
6,3,"[0.1005, 0.1000, 0.0997, 0.0999, 0.0998, 0.1002, 0.1009, 0.0999, 0.0992, 0.0999]",0.1009027287364006,2025-03-28-10-38-15/SITE371_ORNT315_VIS4mi.png
6,5,"[0.1005, 0.1000, 0.0997, 0.0999, 0.0998, 0.1002, 0.1009, 0.0999, 0.0992, 0.0999]",0.10091278702020645,2025-02-10-14-47-56/SITE362_ORNT25_VIS6mi.png
6,9,"[0.1005, 0.1000, 0.0996, 0.0999, 0.0998, 0.1002, 0.1009, 0.0999, 0.0992, 0.0999]",0.10094564408063889,2025-04-01-16-59-16/SITE747_ORNT60_VIS10+mi.png
6,9,"[0.1005, 0.1000, 0.0996, 0.0999, 0.0998, 0.1002, 0.1009, 0.0999, 0.0992, 0.0999]",0.10092253983020782,2025-03-18-13-52-55/SITE66_ORNT95_VIS10+mi.png
6,1,"[0.1005, 0.1000, 0.0996, 0.0999, 0.0998, 0.1002, 0.1009, 0.0999, 0.0992, 0.0999]",0.10094353556632996,2025-01-28-16-10-28/SITE78_ORNT322_VIS2-5mi.png
6,6,"[0.1006, 0.1000, 0.0996, 0.0999, 0.0998, 0.1002, 0.1009, 0.0999, 0.0992, 0.0999]",0.10094034671783447,2024-09-08-16-00-24/SITE169_ORNT157_VIS7mi.png
6,5,"[0.1005, 0.1000, 0.0996, 0.0999, 0.0999, 0.1002, 0.1009, 0.0999, 0.0993, 0.0999]",0.10093313455581665,2024-12-17-16-15-56/SITE366_ORNT40_VIS6mi.png
6,1,"[0.1005, 0.1000, 0.0996, 0.0999, 0.0999, 0.1002, 0.1009, 0.0999, 0.0992, 0.0999]",0.10091346502304077,2024-07-29-17-46-25/SITE426_ORNT250_VIS2-25mi.png
6,9,"[0.1006, 0.1000, 0.0996, 0.0999, 0.0998, 0.1001, 0.1010, 0.0999, 0.0992, 0.0999]",0.10096333920955658,2025-01-26-15-53-06/SITE73_ORNT110_VIS10+mi.png
6,3,"[0.1005, 0.1000, 0.0996, 0.0999, 0.0998, 0.1002, 0.1009, 0.0999, 0.0992, 0.0999]",0.10092698782682419,2024-09-08-16-00-24/SITE53_ORNT170_VIS4mi.png
6,8,"[0.1005, 0.1000, 0.0996, 0.0999, 0.0999, 0.1002, 0.1009, 0.0999, 0.0992, 0.0999]",0.10091512650251389,2024-06-07-11-09-12/SITE353_ORNT135_VIS9mi.png
6,4,"[0.1006, 0.1000, 0.0996, 0.0999, 0.0998, 0.1002, 0.1009, 0.0999, 0.0992, 0.0999]",0.10094806551933289,2024-04-30-13-21-52/SITE14_ORNT150_VIS5mi.png
6,9,"[0.1006, 0.1000, 0.0996, 0.0999, 0.0998, 0.1002, 0.1009, 0.0999, 0.0992, 0.0999]",0.10093360394239426,2025-02-01-12-44-07/SITE561_ORNT60_VIS10+mi.png
6,5,"[0.1005, 0.1000, 0.0996, 0.0999, 0.0998, 0.1002, 0.1009, 0.0999, 0.0992, 0.0999]",0.1009175106883049,2025-02-02-12-13-03/SITE325_ORNT60_VIS6mi.png
6,3,"[0.1006, 0.1000, 0.0996, 0.0999, 0.0998, 0.1002, 0.1009, 0.0999, 0.0992, 0.0999]",0.10094678401947021,2024-07-05-14-33-31/SITE129_ORNT266_VIS4mi.png
6,8,"[0.1005, 0.1000, 0.0996, 0.0999, 0.0999, 0.1002, 0.1009, 0.0999, 0.0992, 0.0999]",0.10091656446456909,2024-08-01-10-54-34/SITE333_ORNT280_VIS9mi.png
6,8,"[0.1005, 0.1000, 0.0996, 0.0999, 0.0998, 0.1002, 0.1009, 0.0999, 0.0992, 0.0999]",0.1009284183382988,2024-09-19-16-37-08/SITE508_ORNT135_VIS9mi.png
6,1,"[0.1005, 0.1000, 0.0996, 0.0999, 0.0998, 0.1002, 0.1009, 0.0999, 0.0992, 0.0999]",0.10093362629413605,2024-06-05-18-49-24/SITE464_ORNT90_VIS2-25mi.png
6,7,"[0.1006, 0.1000, 0.0996, 0.0999, 0.0998, 0.1002, 0.1009, 0.0999, 0.0992, 0.0999]",0.10093715786933899,2024-07-28-13-48-26/SITE417_ORNT220_VIS8mi.png
6,3,"[0.1005, 0.1000, 0.0996, 0.0999, 0.0998, 0.1002, 0.1009, 0.0999, 0.0992, 0.0999]",0.1009320467710495,2024-07-14-16-38-50/SITE194_ORNT145_VIS4mi.png
6,9,"[0.1005, 0.1000, 0.0996, 0.0999, 0.0998, 0.1002, 0.1009, 0.0999, 0.0992, 0.0999]",0.10093989223241806,2025-02-04-15-47-48/SITE78_ORNT268_VIS10+mi.png
6,8,"[0.1005, 0.1000, 0.0996, 0.0999, 0.0999, 0.1002, 0.1009, 0.0999, 0.0992, 0.0999]",0.10092343389987946,2024-08-11-13-07-09/SITE471_ORNT90_VIS9mi.png
6,2,"[0.1005, 0.1000, 0.0997, 0.0999, 0.0998, 0.1002, 0.1009, 0.0999, 0.0992, 0.0999]",0.1009209156036377,2024-07-14-10-21-23/SITE747_ORNT255_VIS3mi.png
6,8,"[0.1006, 0.1000, 0.0996, 0.0999, 0.0998, 0.1001, 0.1010, 0.0999, 0.0992, 0.0999]",0.10097691416740417,2024-06-28-13-30-05/SITE486_ORNT220_VIS9mi.png
6,4,"[0.1005, 0.1000, 0.0996, 0.0999, 0.0999, 0.1002, 0.1009, 0.0999, 0.0992, 0.0999]",0.10092011094093323,2025-02-04-15-47-48/SITE490_ORNT280_VIS5mi.png
6,9,"[0.1006, 0.1000, 0.0996, 0.0999, 0.0998, 0.1002, 0.1009, 0.0999, 0.0992, 0.0999]",0.1009361520409584,2024-10-11-15-41-13/SITE405_ORNT250_VIS15mi.png
6,1,"[0.1005, 0.1000, 0.0996, 0.0999, 0.0998, 0.1002, 0.1009, 0.0999, 0.0992, 0.0999]",0.10093430429697037,2025-01-28-16-10-28/SITE229_ORNT202_VIS2mi.png
6,9,"[0.1006, 0.1000, 0.0996, 0.0999, 0.0998, 0.1002, 0.1009, 0.0999, 0.0992, 0.0999]",0.1009400337934494,2025-03-11-17-13-52/SITE587_ORNT280_VIS10+mi.png
6,9,"[0.1005, 0.1000, 0.0996, 0.0999, 0.0998, 0.1002, 0.1009, 0.0999, 0.0992, 0.0999]",0.10093119740486145,2024-07-23-10-10-08/SITE483_ORNT5_VIS20mi.png
6,5,"[0.1006, 0.1000, 0.0997, 0.0999, 0.0998, 0.1002, 0.1009, 0.0999, 0.0992, 0.0999]",0.10091368854045868,2025-04-01-16-59-16/SITE597_ORNT350_VIS6mi.png
6,4,"[0.1005, 0.1000, 0.0996, 0.0999, 0.0998, 0.1001, 0.1010, 0.0999, 0.0992, 0.0999]",0.10095655918121338,2024-07-07-15-01-32/SITE251_ORNT335_VIS5mi.png
6,7,"[0.1005, 0.1000, 0.0997, 0.0999, 0.0998, 0.1002, 0.1009, 0.0999, 0.0992, 0.0999]",0.10091239959001541,2025-02-01-12-44-07/SITE332_ORNT155_VIS8mi.png
6,7,"[0.1006, 0.1000, 0.0996, 0.0999, 0.0998, 0.1002, 0.1009, 0.0999, 0.0992, 0.0999]",0.10094287246465683,2024-07-24-16-43-44/SITE579_ORNT210_VIS8mi.png
6,9,"[0.1005, 0.1000, 0.0996, 0.0999, 0.0999, 0.1002, 0.1009, 0.0999, 0.0992, 0.0999]",0.10091329365968704,2024-05-03-12-14-06/SITE485_ORNT20_VIS15mi.png
6,1,"[0.1006, 0.1000, 0.0996, 0.0999, 0.0998, 0.1002, 0.1009, 0.0999, 0.0992, 0.0999]",0.10094285756349564,2024-05-23-15-19-49/SITE104_ORNT325_VIS2mi.png
6,6,"[0.1005, 0.1000, 0.0996, 0.0999, 0.0998, 0.1002, 0.1009, 0.0999, 0.0992, 0.0999]",0.10094086080789566,2024-10-18-12-30-03/SITE95_ORNT317_VIS7mi.png
6,2,"[0.1006, 0.1000, 0.0996, 0.0999, 0.0998, 0.1001, 0.1010, 0.0999, 0.0992, 0.0999]",0.10095780342817307,2024-08-19-10-27-18/SITE411_ORNT220_VIS3mi.png
6,9,"[0.1006, 0.1000, 0.0996, 0.0999, 0.0998, 0.1002, 0.1009, 0.0999, 0.0992, 0.0999]",0.10094752907752991,2025-04-02-15-05-32/SITE417_ORNT220_VIS10+mi.png
6,8,"[0.1005, 0.1000, 0.0996, 0.0999, 0.0999, 0.1001, 0.1009, 0.0999, 0.0993, 0.0999]",0.10093993693590164,2024-07-02-10-19-43/SITE385_ORNT50_VIS9mi.png
6,3,"[0.1005, 0.1000, 0.0996, 0.0999, 0.0998, 0.1002, 0.1009, 0.0999, 0.0992, 0.0999]",0.10094602406024933,2024-08-16-20-03-50/SITE208_ORNT330_VIS4mi.png
6,2,"[0.1006, 0.1000, 0.0996, 0.0999, 0.0998, 0.1002, 0.1009, 0.0999, 0.0992, 0.0999]",0.10094062238931656,2024-10-11-15-41-13/SITE442_ORNT40_VIS3mi.png
6,3,"[0.1005, 0.1000, 0.0997, 0.0999, 0.0998, 0.1002, 0.1009, 0.0999, 0.0992, 0.0999]",0.10091729462146759,2024-08-29-17-58-30/SITE98_ORNT80_VIS4mi.png
6,8,"[0.1005, 0.1000, 0.0996, 0.0999, 0.0998, 0.1002, 0.1009, 0.0999, 0.0992, 0.0999]",0.10092506557703018,2024-08-02-20-27-22/SITE333_ORNT280_VIS9mi.png
6,0,"[0.1005, 0.1000, 0.0996, 0.0999, 0.0998, 0.1002, 0.1009, 0.0999, 0.0992, 0.0999]",0.10092253237962723,2024-05-08-14-34-39/SITE205_ORNT305_VIS1mi.png
6,7,"[0.1006, 0.1000, 0.0997, 0.0999, 0.0998, 0.1002, 0.1009, 0.0999, 0.0992, 0.0999]",0.10092928260564804,2024-06-07-15-28-05/SITE98_ORNT245_VIS8mi.png
6,8,"[0.1005, 0.1000, 0.0996, 0.0999, 0.0998, 0.1002, 0.1009, 0.0999, 0.0992, 0.0999]",0.10091851651668549,2024-06-20-11-19-17/SITE377_ORNT110_VIS9mi.png
6,2,"[0.1005, 0.1000, 0.0996, 0.0999, 0.0998, 0.1001, 0.1009, 0.0999, 0.0992, 0.0999]",0.10094287991523743,2024-06-13-13-46-47/SITE115_ORNT36_VIS3mi.png
6,5,"[0.1006, 0.1000, 0.0996, 0.0999, 0.0998, 0.1002, 0.1009, 0.0999, 0.0992, 0.0999]",0.10093717277050018,2024-08-12-20-17-35/SITE22_ORNT0_VIS6mi.png
6,7,"[0.1006, 0.1000, 0.0996, 0.0999, 0.0998, 0.1002, 0.1009, 0.0999, 0.0992, 0.0999]",0.10094210505485535,2025-03-05-12-08-53/SITE610_ORNT260_VIS8mi.png
6,0,"[0.1006, 0.1000, 0.0996, 0.0999, 0.0998, 0.1002, 0.1009, 0.0999, 0.0992, 0.0999]",0.10094878077507019,2025-03-31-13-29-12/SITE626_ORNT290_VIS1mi.png
6,2,"[0.1006, 0.1000, 0.0996, 0.0999, 0.0998, 0.1001, 0.1010, 0.0999, 0.0992, 0.0999]",0.1009569838643074,2024-08-18-13-20-24/SITE446_ORNT165_VIS3mi.png
6,6,"[0.1005, 0.1000, 0.0996, 0.0999, 0.0999, 0.1001, 0.1009, 0.0999, 0.0993, 0.0999]",0.10093775391578674,2025-04-11-14-52-32/SITE507_ORNT0_VIS7mi.png
6,3,"[0.1006, 0.1000, 0.0996, 0.0999, 0.0998, 0.1002, 0.1009, 0.0999, 0.0992, 0.0999]",0.10094628483057022,2024-10-11-15-41-13/SITE75_ORNT170_VIS4mi.png
6,4,"[0.1005, 0.1000, 0.0996, 0.0999, 0.0998, 0.1002, 0.1009, 0.0999, 0.0992, 0.0999]",0.10094978660345078,2025-02-01-17-30-02/SITE546_ORNT40_VIS5mi.png
6,8,"[0.1005, 0.1000, 0.0997, 0.0999, 0.0999, 0.1002, 0.1009, 0.0998, 0.0992, 0.0999]",0.1009017750620842,2024-06-03-13-44-33/SITE477_ORNT340_VIS9mi.png
6,3,"[0.1006, 0.1000, 0.0996, 0.0999, 0.0998, 0.1002, 0.1009, 0.0999, 0.0992, 0.0999]",0.10094384849071503,2024-07-28-19-40-21/SITE215_ORNT235_VIS4mi.png
6,3,"[0.1006, 0.1000, 0.0996, 0.0999, 0.0998, 0.1002, 0.1010, 0.0999, 0.0992, 0.0999]",0.10095153003931046,2024-07-27-10-27-08/SITE33_ORNT215_VIS4mi.png
6,9,"[0.1005, 0.1000, 0.0996, 0.0999, 0.0998, 0.1002, 0.1009, 0.0999, 0.0992, 0.0999]",0.10094580054283142,2025-03-28-10-38-15/SITE544_ORNT291_VIS10+mi.png
6,1,"[0.1005, 0.1000, 0.0997, 0.1000, 0.0998, 0.1002, 0.1009, 0.0998, 0.0992, 0.0999]",0.10089059919118881,2025-02-01-17-30-02/SITE328_ORNT0_VIS2mi.png
6,7,"[0.1006, 0.1000, 0.0996, 0.0999, 0.0998, 0.1002, 0.1009, 0.0999, 0.0992, 0.0999]",0.10093219578266144,2024-07-28-11-17-19/SITE692_ORNT60_VIS8mi.png
6,7,"[0.1005, 0.1000, 0.0997, 0.0999, 0.0998, 0.1002, 0.1009, 0.0999, 0.0992, 0.0999]",0.10091202706098557,2024-12-23-15-38-40/SITE332_ORNT315_VIS8mi.png
6,3,"[0.1006, 0.1000, 0.0997, 0.0999, 0.0998, 0.1002, 0.1009, 0.0999, 0.0992, 0.0999]",0.10092848539352417,2024-07-07-15-01-32/SITE179_ORNT185_VIS4mi.png
6,8,"[0.1005, 0.1000, 0.0996, 0.0999, 0.0998, 0.1002, 0.1009, 0.0999, 0.0992, 0.0999]",0.10093353688716888,2024-10-15-10-59-57/SITE407_ORNT215_VIS9mi.png
6,6,"[0.1006, 0.1000, 0.0996, 0.0999, 0.0998, 0.1002, 0.1009, 0.0999, 0.0992, 0.0999]",0.10093625634908676,2025-02-27-11-22-46/SITE253_ORNT195_VIS7mi.png
6,8,"[0.1005, 0.1000, 0.0996, 0.0999, 0.0999, 0.1002, 0.1009, 0.0999, 0.0992, 0.0999]",0.10093161463737488,2025-04-16-13-54-24/SITE358_ORNT120_VIS9mi.png
6,3,"[0.1005, 0.1000, 0.0996, 0.0999, 0.0998, 0.1002, 0.1009, 0.0999, 0.0992, 0.0999]",0.10094606131315231,2024-07-07-11-04-33/SITE411_ORNT280_VIS4mi.png
6,7,"[0.1005, 0.1000, 0.0997, 0.0999, 0.0998, 0.1002, 0.1009, 0.0999, 0.0992, 0.0999]",0.10092753171920776,2024-05-30-17-47-26/SITE747_ORNT255_VIS8mi.png
6,5,"[0.1006, 0.1000, 0.0996, 0.0999, 0.0998, 0.1002, 0.1009, 0.0999, 0.0992, 0.0999]",0.10093560814857483,2024-07-29-17-46-25/SITE623_ORNT180_VIS6mi.png
6,6,"[0.1006, 0.1000, 0.0996, 0.0999, 0.0998, 0.1001, 0.1010, 0.0999, 0.0992, 0.0999]",0.10095839202404022,2024-08-19-19-34-52/SITE58_ORNT90_VIS7mi.png
6,0,"[0.1005, 0.1000, 0.0996, 0.0999, 0.0998, 0.1002, 0.1009, 0.0999, 0.0992, 0.0999]",0.10093915462493896,2025-02-04-15-47-48/SITE639_ORNT10_VIS1mi.png
6,4,"[0.1005, 0.1000, 0.0996, 0.0999, 0.0998, 0.1002, 0.1009, 0.0999, 0.0992, 0.0999]",0.10093607008457184,2024-06-10-18-34-10/SITE540_ORNT178_VIS5mi.png
6,1,"[0.1005, 0.1000, 0.0996, 0.0999, 0.0998, 0.1002, 0.1009, 0.0999, 0.0992, 0.0999]",0.10093393176794052,2025-02-16-12-49-10/SITE411_ORNT220_VIS2mi.png
6,9,"[0.1006, 0.1000, 0.0997, 0.0999, 0.0998, 0.1002, 0.1009, 0.0999, 0.0992, 0.0999]",0.10089367628097534,2024-12-27-14-55-32/SITE15_ORNT350_VIS10+mi.png
6,9,"[0.1006, 0.1000, 0.0997, 0.0999, 0.0998, 0.1002, 0.1009, 0.0999, 0.0992, 0.0999]",0.10090623050928116,2024-10-19-10-55-55/SITE539_ORNT110_VIS10+mi.png
6,1,"[0.1006, 0.1000, 0.0996, 0.0999, 0.0998, 0.1001, 0.1010, 0.0999, 0.0992, 0.0999]",0.10095644742250443,2024-08-30-10-00-55/SITE161_ORNT316_VIS2-5mi.png
6,9,"[0.1006, 0.1000, 0.0997, 0.0999, 0.0998, 0.1002, 0.1009, 0.0999, 0.0992, 0.0999]",0.10092310607433319,2025-03-26-12-24-08/SITE82_ORNT302_VIS10+mi.png
6,1,"[0.1006, 0.1000, 0.0997, 0.0999, 0.0998, 0.1002, 0.1009, 0.0999, 0.0992, 0.0999]",0.10092692077159882,2025-01-15-15-33-17/SITE129_ORNT356_VIS2mi.png
6,0,"[0.1006, 0.1000, 0.0996, 0.0999, 0.0998, 0.1001, 0.1010, 0.0999, 0.0992, 0.0999]",0.10095689445734024,2025-01-31-13-49-43/SITE658_ORNT260_VIS1mi.png
6,7,"[0.1005, 0.1000, 0.0996, 0.0999, 0.0998, 0.1002, 0.1009, 0.0999, 0.0992, 0.0999]",0.10094398260116577,2024-05-21-12-02-34/SITE58_ORNT175_VIS8mi.png
6,7,"[0.1005, 0.1000, 0.0996, 0.0999, 0.0999, 0.1001, 0.1009, 0.0999, 0.0993, 0.0999]",0.1009392961859703,2024-07-23-10-10-08/SITE404_ORNT350_VIS8mi.png
6,8,"[0.1005, 0.1000, 0.0996, 0.0999, 0.0998, 0.1002, 0.1009, 0.0999, 0.0992, 0.0999]",0.10091934353113174,2024-07-27-10-27-08/SITE486_ORNT0_VIS9mi.png
6,0,"[0.1005, 0.1000, 0.0996, 0.0999, 0.0998, 0.1002, 0.1009, 0.0999, 0.0992, 0.0999]",0.10093503445386887,2024-12-17-16-15-56/SITE576_ORNT235_VIS1-75mi.png
6,5,"[0.1005, 0.1000, 0.0996, 0.0999, 0.0998, 0.1002, 0.1009, 0.0999, 0.0992, 0.0999]",0.100945383310318,2024-07-05-10-36-13/SITE7_ORNT55_VIS6mi.png
6,0,"[0.1005, 0.1000, 0.0996, 0.0999, 0.0998, 0.1002, 0.1009, 0.0999, 0.0992, 0.0999]",0.10093517601490021,2025-04-14-19-44-02/SITE76_ORNT147_VIS1-5mi.png
6,3,"[0.1005, 0.1000, 0.0997, 0.0999, 0.0998, 0.1002, 0.1009, 0.0999, 0.0992, 0.0999]",0.10091858357191086,2024-12-10-14-08-09/SITE98_ORNT80_VIS4mi.png
6,3,"[0.1005, 0.1000, 0.0996, 0.0999, 0.0998, 0.1001, 0.1010, 0.0999, 0.0992, 0.0999]",0.10095348954200745,2024-12-29-16-00-12/SITE164_ORNT68_VIS4mi.png
6,0,"[0.1005, 0.1000, 0.0996, 0.0999, 0.0998, 0.1002, 0.1009, 0.0999, 0.0992, 0.0999]",0.10092468559741974,2024-06-29-10-50-12/SITE747_ORNT315_VIS1-25mi.png
6,3,"[0.1005, 0.1000, 0.0996, 0.0999, 0.0998, 0.1002, 0.1009, 0.0999, 0.0992, 0.0999]",0.10092577338218689,2024-08-29-14-11-27/SITE17_ORNT340_VIS4mi.png
6,4,"[0.1005, 0.1000, 0.0996, 0.0999, 0.0998, 0.1002, 0.1009, 0.0999, 0.0992, 0.0999]",0.10092950612306595,2024-08-11-09-28-59/SITE581_ORNT350_VIS5mi.png
6,3,"[0.1006, 0.1000, 0.0996, 0.0999, 0.0998, 0.1002, 0.1009, 0.0999, 0.0992, 0.0999]",0.1009398102760315,2024-06-03-13-44-33/SITE33_ORNT215_VIS4mi.png
6,4,"[0.1005, 0.1000, 0.0996, 0.0999, 0.0999, 0.1001, 0.1009, 0.0998, 0.0993, 0.0999]",0.10093989223241806,2025-03-28-10-38-15/SITE385_ORNT230_VIS5mi.png
6,1,"[0.1006, 0.1000, 0.0997, 0.0999, 0.0998, 0.1002, 0.1009, 0.0999, 0.0992, 0.0999]",0.10093244165182114,2025-01-31-13-49-43/SITE230_ORNT280_VIS2mi.png
6,0,"[0.1005, 0.1000, 0.0996, 0.0999, 0.0998, 0.1002, 0.1009, 0.0999, 0.0992, 0.0999]",0.10094936192035675,2025-01-15-15-33-17/SITE186_ORNT110_VIS1-75mi.png
6,9,"[0.1006, 0.1000, 0.0996, 0.0999, 0.0998, 0.1002, 0.1009, 0.0999, 0.0992, 0.0999]",0.10094344615936279,2025-02-01-12-44-07/SITE586_ORNT180_VIS10+mi.png
6,3,"[0.1005, 0.1000, 0.0996, 0.0999, 0.0998, 0.1002, 0.1009, 0.0999, 0.0992, 0.0999]",0.10093626379966736,2025-03-23-13-51-54/SITE29_ORNT350_VIS4mi.png
6,9,"[0.1006, 0.1000, 0.0997, 0.0999, 0.0998, 0.1002, 0.1009, 0.0999, 0.0992, 0.0999]",0.10089632123708725,2024-12-24-15-14-57/SITE259_ORNT314_VIS10+mi.png
6,3,"[0.1005, 0.1000, 0.0996, 0.0999, 0.0998, 0.1002, 0.1009, 0.0999, 0.0992, 0.0999]",0.10091749578714371,2025-03-05-12-08-53/SITE386_ORNT290_VIS4mi.png
6,9,"[0.1005, 0.1000, 0.0996, 0.0999, 0.0998, 0.1002, 0.1009, 0.0999, 0.0992, 0.0999]",0.10092850029468536,2025-03-05-12-08-53/SITE20_ORNT285_VIS10+mi.png
6,8,"[0.1005, 0.1000, 0.0996, 0.0999, 0.0998, 0.1002, 0.1009, 0.0999, 0.0992, 0.0999]",0.10092251002788544,2024-06-28-13-30-05/SITE386_ORNT130_VIS9mi.png
6,4,"[0.1005, 0.1000, 0.0996, 0.0999, 0.0998, 0.1001, 0.1009, 0.0999, 0.0992, 0.0999]",0.10094459354877472,2024-05-01-16-21-18/SITE483_ORNT5_VIS5mi.png
6,3,"[0.1006, 0.1000, 0.0996, 0.0999, 0.0998, 0.1001, 0.1010, 0.0999, 0.0992, 0.0999]",0.100958913564682,2024-05-28-11-05-32/SITE406_ORNT190_VIS4mi.png
6,8,"[0.1005, 0.1000, 0.0996, 0.0999, 0.0999, 0.1002, 0.1009, 0.0999, 0.0992, 0.0999]",0.10091717541217804,2024-07-23-16-31-18/SITE386_ORNT125_VIS9mi.png
6,1,"[0.1006, 0.1000, 0.0996, 0.0999, 0.0998, 0.1001, 0.1010, 0.0999, 0.0992, 0.0999]",0.10095987468957901,2024-10-07-14-17-08/SITE622_ORNT285_VIS2mi.png
6,2,"[0.1006, 0.1000, 0.0996, 0.0999, 0.0998, 0.1002, 0.1009, 0.0999, 0.0992, 0.0999]",0.10094806551933289,2024-07-05-10-36-13/SITE420_ORNT170_VIS3mi.png
6,4,"[0.1006, 0.1000, 0.0996, 0.0999, 0.0998, 0.1002, 0.1009, 0.0999, 0.0992, 0.0999]",0.10093915462493896,2024-05-09-16-15-37/SITE418_ORNT138_VIS5mi.png
6,1,"[0.1006, 0.1000, 0.0996, 0.0999, 0.0998, 0.1002, 0.1009, 0.0999, 0.0992, 0.0999]",0.10094065964221954,2024-09-08-13-07-06/SITE171_ORNT23_VIS2-5mi.png
6,7,"[0.1006, 0.1000, 0.0997, 0.0999, 0.0998, 0.1002, 0.1009, 0.0999, 0.0992, 0.0999]",0.10093113034963608,2025-02-10-14-47-56/SITE128_ORNT303_VIS8mi.png
6,1,"[0.1006, 0.1000, 0.0996, 0.0999, 0.0998, 0.1002, 0.1009, 0.0999, 0.0992, 0.0999]",0.1009427085518837,2024-07-05-10-36-13/SITE219_ORNT344_VIS2-5mi.png
6,7,"[0.1006, 0.1000, 0.0996, 0.0999, 0.0998, 0.1002, 0.1009, 0.0999, 0.0992, 0.0999]",0.10093335062265396,2024-10-06-17-04-59/SITE215_ORNT40_VIS8mi.png
6,0,"[0.1005, 0.1000, 0.0997, 0.0999, 0.0998, 0.1002, 0.1009, 0.0999, 0.0992, 0.0999]",0.10090973228216171,2025-03-04-14-20-15/SITE134_ORNT165_VIS1mi.png
6,7,"[0.1005, 0.1000, 0.0996, 0.0999, 0.0998, 0.1002, 0.1009, 0.0999, 0.0992, 0.0999]",0.10092411190271378,2024-10-06-17-04-59/SITE442_ORNT40_VIS8mi.png
6,8,"[0.1005, 0.1000, 0.0996, 0.0999, 0.0999, 0.1002, 0.1009, 0.0999, 0.0992, 0.0999]",0.10092078149318695,2024-09-22-16-46-10/SITE454_ORNT90_VIS9mi.png
6,3,"[0.1006, 0.1000, 0.0997, 0.0999, 0.0998, 0.1002, 0.1009, 0.0999, 0.0992, 0.0999]",0.10092593729496002,2025-03-17-19-09-03/SITE725_ORNT180_VIS4mi.png
6,1,"[0.1006, 0.1000, 0.0996, 0.0999, 0.0998, 0.1001, 0.1010, 0.0999, 0.0992, 0.0999]",0.10095475614070892,2024-07-25-10-00-39/SITE616_ORNT0_VIS2mi.png
6,5,"[0.1005, 0.1000, 0.0996, 0.0999, 0.0998, 0.1002, 0.1009, 0.0999, 0.0992, 0.0999]",0.1009318083524704,2024-09-08-13-07-06/SITE623_ORNT180_VIS6mi.png
6,9,"[0.1005, 0.1000, 0.0996, 0.0999, 0.0998, 0.1002, 0.1009, 0.0999, 0.0992, 0.0999]",0.10093936324119568,2025-03-29-15-28-57/SITE813_ORNT135_VIS10+mi.png
6,2,"[0.1005, 0.1000, 0.0996, 0.0999, 0.0998, 0.1002, 0.1009, 0.0999, 0.0992, 0.0999]",0.10093776136636734,2025-04-14-19-44-02/SITE407_ORNT215_VIS3mi.png
6,9,"[0.1006, 0.1000, 0.0997, 0.0999, 0.0998, 0.1002, 0.1009, 0.0999, 0.0992, 0.0999]",0.10091685503721237,2025-03-04-14-20-15/SITE230_ORNT214_VIS10+mi.png
6,6,"[0.1006, 0.1000, 0.0996, 0.0999, 0.0998, 0.1002, 0.1009, 0.0999, 0.0992, 0.0999]",0.10093323141336441,2025-04-11-14-52-32/SITE760_ORNT140_VIS7mi.png
6,6,"[0.1006, 0.1000, 0.0996, 0.0999, 0.0998, 0.1002, 0.1010, 0.0999, 0.0992, 0.0999]",0.10095158219337463,2024-07-14-13-28-24/SITE48_ORNT275_VIS7mi.png
6,0,"[0.1005, 0.1000, 0.0996, 0.0999, 0.0998, 0.1002, 0.1009, 0.0999, 0.0992, 0.0999]",0.10092923045158386,2025-02-01-12-44-07/SITE721_ORNT320_VIS1-25mi.png
6,4,"[0.1005, 0.1000, 0.0996, 0.0999, 0.0998, 0.1002, 0.1009, 0.0999, 0.0992, 0.0999]",0.1009465828537941,2025-02-11-14-30-47/SITE569_ORNT54_VIS5mi.png
6,0,"[0.1005, 0.1000, 0.0996, 0.0999, 0.0998, 0.1002, 0.1009, 0.0999, 0.0992, 0.0999]",0.100937120616436,2025-01-31-13-49-43/SITE22_ORNT285_VIS1mi.png
6,2,"[0.1005, 0.1000, 0.0996, 0.0999, 0.0998, 0.1002, 0.1009, 0.0999, 0.0992, 0.0999]",0.10093896090984344,2025-04-01-16-59-16/SITE82_ORNT135_VIS3mi.png
6,9,"[0.1006, 0.1000, 0.0996, 0.0999, 0.0998, 0.1002, 0.1009, 0.0999, 0.0992, 0.0999]",0.10094846040010452,2024-10-13-15-24-41/SITE95_ORNT67_VIS10+mi.png
6,5,"[0.1005, 0.1000, 0.0996, 0.0999, 0.0998, 0.1002, 0.1009, 0.0999, 0.0992, 0.0999]",0.10094553977251053,2024-08-18-19-28-16/SITE203_ORNT220_VIS6mi.png
6,4,"[0.1006, 0.1000, 0.0996, 0.0999, 0.0998, 0.1002, 0.1010, 0.0999, 0.0992, 0.0999]",0.10095468908548355,2025-03-31-13-29-12/SITE261_ORNT150_VIS5mi.png
6,2,"[0.1006, 0.1000, 0.0996, 0.0999, 0.0998, 0.1002, 0.1009, 0.0999, 0.0992, 0.0999]",0.10093645751476288,2024-07-26-10-22-16/SITE160_ORNT237_VIS3mi.png
6,7,"[0.1005, 0.1000, 0.0996, 0.0999, 0.0998, 0.1002, 0.1009, 0.0999, 0.0992, 0.0999]",0.10093781352043152,2024-07-14-13-28-24/SITE251_ORNT335_VIS8mi.png
6,4,"[0.1005, 0.1000, 0.0996, 0.0999, 0.0999, 0.1002, 0.1009, 0.0999, 0.0993, 0.0999]",0.1009259968996048,2025-01-17-15-10-02/SITE380_ORNT220_VIS5mi.png
6,1,"[0.1006, 0.1000, 0.0996, 0.0999, 0.0998, 0.1002, 0.1010, 0.0999, 0.0992, 0.0999]",0.1009507030248642,2024-10-11-15-41-13/SITE40_ORNT295_VIS2-5mi.png
6,5,"[0.1006, 0.1000, 0.0996, 0.0999, 0.0998, 0.1002, 0.1009, 0.0999, 0.0992, 0.0999]",0.1009417176246643,2024-07-25-18-03-52/SITE24_ORNT30_VIS6mi.png
6,6,"[0.1005, 0.1000, 0.0996, 0.0999, 0.0998, 0.1001, 0.1010, 0.0999, 0.0992, 0.0999]",0.10095863789319992,2024-10-20-11-35-46/SITE574_ORNT170_VIS7mi.png
6,8,"[0.1005, 0.1000, 0.0996, 0.0999, 0.0999, 0.1002, 0.1009, 0.0999, 0.0992, 0.0999]",0.10092929005622864,2025-03-15-15-41-34/SITE508_ORNT315_VIS9mi.png
6,6,"[0.1006, 0.1000, 0.0996, 0.0999, 0.0998, 0.1002, 0.1009, 0.0999, 0.0992, 0.0999]",0.10093661397695541,2024-12-20-15-16-09/SITE760_ORNT310_VIS7mi.png
6,5,"[0.1005, 0.1000, 0.0996, 0.0999, 0.0998, 0.1002, 0.1009, 0.0999, 0.0992, 0.0999]",0.10092630982398987,2024-08-16-20-03-50/SITE194_ORNT194_VIS6mi.png
6,2,"[0.1005, 0.1000, 0.0996, 0.0999, 0.0998, 0.1001, 0.1009, 0.0999, 0.0992, 0.0999]",0.10094918310642242,2025-02-14-15-24-27/SITE12_ORNT270_VIS3mi.png
6,6,"[0.1005, 0.1000, 0.0996, 0.0999, 0.0998, 0.1002, 0.1009, 0.0999, 0.0992, 0.0999]",0.10093432664871216,2024-06-27-10-23-10/SITE19_ORNT260_VIS7mi.png
6,2,"[0.1006, 0.1000, 0.0997, 0.0999, 0.0998, 0.1002, 0.1009, 0.0999, 0.0992, 0.0999]",0.1009272113442421,2024-08-18-13-20-24/SITE179_ORNT185_VIS3mi.png
6,5,"[0.1005, 0.1000, 0.0996, 0.0999, 0.0998, 0.1002, 0.1009, 0.0999, 0.0992, 0.0999]",0.10094662755727768,2025-03-28-10-38-15/SITE606_ORNT180_VIS6mi.png
6,3,"[0.1005, 0.1000, 0.0997, 0.0999, 0.0999, 0.1002, 0.1009, 0.0998, 0.0992, 0.0999]",0.10091106593608856,2024-07-20-15-11-13/SITE528_ORNT35_VIS4mi.png
6,7,"[0.1005, 0.1000, 0.0996, 0.0999, 0.0998, 0.1002, 0.1009, 0.0999, 0.0992, 0.0999]",0.10093896090984344,2024-05-08-14-34-39/SITE25_ORNT150_VIS8mi.png
6,3,"[0.1006, 0.1000, 0.0996, 0.0999, 0.0998, 0.1002, 0.1009, 0.0999, 0.0992, 0.0999]",0.10094669461250305,2024-10-07-12-00-07/SITE595_ORNT100_VIS4mi.png
6,6,"[0.1006, 0.1000, 0.0996, 0.0999, 0.0998, 0.1002, 0.1009, 0.0999, 0.0992, 0.0999]",0.1009497418999672,2024-06-23-11-02-14/SITE595_ORNT180_VIS7mi.png
6,2,"[0.1005, 0.1000, 0.0997, 0.0999, 0.0998, 0.1002, 0.1009, 0.0999, 0.0992, 0.0999]",0.10091205686330795,2024-07-24-16-43-44/SITE528_ORNT35_VIS3mi.png
6,1,"[0.1006, 0.1000, 0.0996, 0.0999, 0.0998, 0.1001, 0.1010, 0.0999, 0.0992, 0.0999]",0.10095828771591187,2025-02-12-14-37-35/SITE259_ORNT205_VIS2mi.png
6,6,"[0.1005, 0.1000, 0.0997, 0.0999, 0.0998, 0.1002, 0.1009, 0.0999, 0.0992, 0.0999]",0.10091278702020645,2025-04-02-15-05-32/SITE331_ORNT315_VIS7mi.png
6,5,"[0.1006, 0.1000, 0.0996, 0.0999, 0.0998, 0.1001, 0.1010, 0.0999, 0.0992, 0.0999]",0.10097071528434753,2024-10-10-15-17-15/SITE161_ORNT192_VIS6mi.png
6,2,"[0.1006, 0.1000, 0.0996, 0.0999, 0.0998, 0.1002, 0.1009, 0.0999, 0.0992, 0.0999]",0.10093085467815399,2024-12-17-16-15-56/SITE442_ORNT300_VIS3mi.png
6,8,"[0.1005, 0.1000, 0.0996, 0.0999, 0.0998, 0.1002, 0.1009, 0.0999, 0.0992, 0.0999]",0.10092230886220932,2024-07-28-13-48-26/SITE386_ORNT290_VIS9mi.png
6,3,"[0.1005, 0.1000, 0.0996, 0.0999, 0.0998, 0.1002, 0.1009, 0.0999, 0.0992, 0.0999]",0.10093683749437332,2025-04-01-16-59-16/SITE852_ORNT45_VIS4mi.png
6,0,"[0.1005, 0.1000, 0.0996, 0.0999, 0.0998, 0.1002, 0.1009, 0.0999, 0.0992, 0.0999]",0.10094422101974487,2025-03-01-18-07-41/SITE240_ORNT112_VIS1-75mi.png
6,0,"[0.1005, 0.1000, 0.0996, 0.0999, 0.0998, 0.1002, 0.1009, 0.0999, 0.0992, 0.0999]",0.10094282776117325,2024-09-08-13-07-06/SITE111_ORNT336_VIS1-5mi.png
6,3,"[0.1005, 0.1000, 0.0997, 0.0999, 0.0998, 0.1002, 0.1009, 0.0999, 0.0992, 0.0999]",0.10091555863618851,2025-02-01-12-44-07/SITE331_ORNT315_VIS4mi.png
6,7,"[0.1006, 0.1000, 0.0996, 0.0999, 0.0998, 0.1002, 0.1009, 0.0999, 0.0992, 0.0999]",0.10093169659376144,2024-07-02-16-22-41/SITE129_ORNT109_VIS8mi.png
6,6,"[0.1005, 0.1000, 0.0996, 0.0999, 0.0998, 0.1002, 0.1009, 0.0999, 0.0992, 0.0999]",0.10093475133180618,2024-07-22-20-17-56/SITE561_ORNT145_VIS7mi.png
6,2,"[0.1006, 0.1000, 0.0996, 0.0999, 0.0998, 0.1002, 0.1009, 0.0999, 0.0992, 0.0999]",0.10093499720096588,2024-09-08-13-07-06/SITE167_ORNT60_VIS3mi.png
6,2,"[0.1006, 0.1000, 0.0996, 0.0999, 0.0998, 0.1002, 0.1009, 0.0999, 0.0992, 0.0999]",0.10093389451503754,2024-07-14-10-21-23/SITE8_ORNT278_VIS3mi.png
6,8,"[0.1006, 0.1000, 0.0996, 0.0999, 0.0998, 0.1002, 0.1009, 0.0999, 0.0992, 0.0999]",0.10094017535448074,2025-03-02-13-12-40/SITE53_ORNT223_VIS9mi.png
6,8,"[0.1005, 0.1000, 0.0996, 0.0999, 0.0999, 0.1002, 0.1009, 0.0999, 0.0992, 0.0999]",0.10091626644134521,2025-03-31-15-41-11/SITE377_ORNT200_VIS9mi.png
6,1,"[0.1006, 0.1000, 0.0997, 0.0999, 0.0998, 0.1002, 0.1009, 0.0999, 0.0992, 0.0999]",0.10092803090810776,2024-08-15-16-44-48/SITE22_ORNT0_VIS2-5mi.png
6,8,"[0.1005, 0.1000, 0.0996, 0.0999, 0.0999, 0.1002, 0.1009, 0.0999, 0.0992, 0.0999]",0.10092034190893173,2024-05-23-15-19-49/SITE471_ORNT255_VIS9mi.png
6,1,"[0.1006, 0.1000, 0.0996, 0.0999, 0.0998, 0.1002, 0.1009, 0.0999, 0.0992, 0.0999]",0.10093843936920166,2024-12-17-16-15-56/SITE41_ORNT235_VIS2mi.png
6,7,"[0.1006, 0.1000, 0.0996, 0.0999, 0.0998, 0.1002, 0.1009, 0.0999, 0.0992, 0.0999]",0.10093873739242554,2025-02-05-13-59-56/SITE41_ORNT25_VIS8mi.png
6,0,"[0.1005, 0.1000, 0.0996, 0.0999, 0.0998, 0.1002, 0.1009, 0.0999, 0.0992, 0.0999]",0.10092424601316452,2024-07-05-14-33-31/SITE94_ORNT80_VIS1-75mi.png
6,5,"[0.1006, 0.1000, 0.0997, 0.0999, 0.0998, 0.1002, 0.1009, 0.0999, 0.0992, 0.0999]",0.10091123729944229,2024-07-14-16-38-50/SITE597_ORNT115_VIS6mi.png
6,9,"[0.1006, 0.1000, 0.0996, 0.0999, 0.0998, 0.1002, 0.1009, 0.0999, 0.0992, 0.0999]",0.10094018280506134,2025-02-15-15-20-00/SITE193_ORNT5_VIS10+mi.png
6,9,"[0.1005, 0.1000, 0.0996, 0.0999, 0.0999, 0.1002, 0.1009, 0.0999, 0.0992, 0.0999]",0.10091488808393478,2025-03-26-12-24-08/SITE467_ORNT225_VIS15mi.png
6,0,"[0.1005, 0.1000, 0.0996, 0.0999, 0.0998, 0.1001, 0.1010, 0.0999, 0.0992, 0.0999]",0.10095232725143433,2025-02-14-15-24-27/SITE30_ORNT170_VIS1-75mi.png
6,4,"[0.1006, 0.1000, 0.0996, 0.0999, 0.0998, 0.1001, 0.1010, 0.0999, 0.0992, 0.0999]",0.10096832364797592,2025-03-15-15-41-34/SITE538_ORNT139_VIS5mi.png
6,1,"[0.1006, 0.1000, 0.0996, 0.0999, 0.0998, 0.1002, 0.1010, 0.0999, 0.0992, 0.0999]",0.10095246881246567,2024-10-11-15-41-13/SITE446_ORNT101_VIS2-5mi.png
6,2,"[0.1006, 0.1000, 0.0996, 0.0999, 0.0998, 0.1002, 0.1009, 0.0999, 0.0992, 0.0999]",0.10094765573740005,2025-02-10-14-47-56/SITE53_ORNT115_VIS3mi.png
6,0,"[0.1005, 0.1000, 0.0996, 0.0999, 0.0998, 0.1002, 0.1009, 0.0999, 0.0992, 0.0999]",0.10093944519758224,2025-03-31-13-29-12/SITE106_ORNT12_VIS1-5mi.png
6,1,"[0.1006, 0.1000, 0.0997, 0.0999, 0.0998, 0.1002, 0.1009, 0.0999, 0.0992, 0.0999]",0.10092916339635849,2025-03-02-13-12-40/SITE171_ORNT315_VIS2mi.png
6,5,"[0.1006, 0.1000, 0.0996, 0.0999, 0.0998, 0.1002, 0.1009, 0.0999, 0.0992, 0.0999]",0.10094168782234192,2024-06-29-10-50-12/SITE276_ORNT225_VIS6mi.png
6,6,"[0.1006, 0.1000, 0.0996, 0.0999, 0.0998, 0.1001, 0.1010, 0.0999, 0.0992, 0.0999]",0.10097096860408783,2024-10-10-15-17-15/SITE411_ORNT280_VIS7mi.png
6,8,"[0.1005, 0.1000, 0.0997, 0.1000, 0.0998, 0.1002, 0.1009, 0.0998, 0.0992, 0.0999]",0.10087072849273682,2025-03-18-13-52-55/SITE331_ORNT315_VIS9mi.png
6,5,"[0.1005, 0.1000, 0.0996, 0.0999, 0.0998, 0.1002, 0.1009, 0.0999, 0.0992, 0.0999]",0.100938580930233,2024-08-11-13-07-09/SITE747_ORNT0_VIS6mi.png
6,1,"[0.1005, 0.1000, 0.0996, 0.0999, 0.0998, 0.1002, 0.1009, 0.0999, 0.0992, 0.0999]",0.10093507170677185,2024-12-29-16-00-12/SITE561_ORNT60_VIS2-5mi.png
6,7,"[0.1005, 0.1000, 0.0997, 0.0999, 0.0998, 0.1002, 0.1009, 0.0999, 0.0992, 0.0999]",0.10091178119182587,2024-07-20-15-11-13/SITE453_ORNT270_VIS8mi.png
6,0,"[0.1005, 0.1000, 0.0996, 0.0999, 0.0998, 0.1002, 0.1009, 0.0999, 0.0992, 0.0999]",0.10094992816448212,2025-01-28-16-10-28/SITE132_ORNT305_VIS1mi.png
6,3,"[0.1005, 0.1000, 0.0996, 0.0999, 0.0998, 0.1001, 0.1010, 0.0999, 0.0992, 0.0999]",0.10095034539699554,2024-07-26-10-22-16/SITE240_ORNT48_VIS4mi.png
6,3,"[0.1005, 0.1000, 0.0996, 0.0999, 0.0998, 0.1002, 0.1009, 0.0999, 0.0992, 0.0999]",0.10093503445386887,2025-02-17-14-46-26/SITE812_ORNT335_VIS4mi.png
6,1,"[0.1006, 0.1000, 0.0996, 0.0999, 0.0998, 0.1002, 0.1009, 0.0999, 0.0992, 0.0999]",0.10093218833208084,2024-06-09-10-51-06/SITE581_ORNT350_VIS2-5mi.png
6,9,"[0.1005, 0.1000, 0.0996, 0.0999, 0.0998, 0.1002, 0.1009, 0.0999, 0.0992, 0.0999]",0.1009422317147255,2025-03-01-18-07-41/SITE897_ORNT205_VIS10+mi.png
6,7,"[0.1006, 0.1000, 0.0997, 0.0999, 0.0998, 0.1002, 0.1009, 0.0999, 0.0992, 0.0999]",0.10093139857053757,2024-10-10-15-17-15/SITE17_ORNT95_VIS8mi.png
6,5,"[0.1006, 0.1000, 0.0997, 0.0999, 0.0998, 0.1002, 0.1009, 0.0999, 0.0992, 0.0999]",0.10091906040906906,2025-02-04-15-47-48/SITE725_ORNT75_VIS6mi.png
6,1,"[0.1005, 0.1000, 0.0996, 0.0999, 0.0998, 0.1002, 0.1009, 0.0999, 0.0992, 0.0999]",0.10093650221824646,2025-04-22-15-39-35/SITE606_ORNT90_VIS2-5mi.png
6,2,"[0.1006, 0.1000, 0.0996, 0.0999, 0.0998, 0.1002, 0.1009, 0.0999, 0.0992, 0.0999]",0.10093365609645844,2024-05-08-14-34-39/SITE566_ORNT75_VIS3mi.png
6,7,"[0.1005, 0.1000, 0.0997, 0.0999, 0.0998, 0.1002, 0.1009, 0.0999, 0.0992, 0.0999]",0.10091210901737213,2025-01-22-12-38-15/SITE324_ORNT225_VIS8mi.png
6,1,"[0.1005, 0.1000, 0.0997, 0.1000, 0.0998, 0.1002, 0.1009, 0.0998, 0.0992, 0.0999]",0.10088425129652023,2025-02-14-15-24-27/SITE394_ORNT0_VIS2-25mi.png
6,3,"[0.1006, 0.1000, 0.0996, 0.0999, 0.0998, 0.1002, 0.1009, 0.0999, 0.0992, 0.0999]",0.10094583034515381,2024-08-18-13-20-24/SITE11_ORNT253_VIS4mi.png
6,0,"[0.1005, 0.1000, 0.0996, 0.0999, 0.0998, 0.1002, 0.1009, 0.0999, 0.0992, 0.0999]",0.10093768686056137,2024-12-10-14-08-09/SITE606_ORNT90_VIS1-75mi.png
6,8,"[0.1005, 0.1000, 0.0997, 0.0999, 0.0998, 0.1002, 0.1009, 0.0999, 0.0992, 0.0999]",0.10091262310743332,2025-02-11-14-30-47/SITE355_ORNT130_VIS9mi.png
6,9,"[0.1006, 0.1000, 0.0997, 0.0999, 0.0998, 0.1002, 0.1009, 0.0999, 0.0992, 0.0999]",0.1009019985795021,2025-01-15-15-33-17/SITE240_ORNT286_VIS10+mi.png
6,8,"[0.1005, 0.1000, 0.0997, 0.0999, 0.0998, 0.1002, 0.1009, 0.0999, 0.0992, 0.0999]",0.1009114608168602,2024-08-10-09-44-28/SITE324_ORNT225_VIS9mi.png
6,4,"[0.1006, 0.1000, 0.0997, 0.0999, 0.0998, 0.1002, 0.1009, 0.0999, 0.0992, 0.0999]",0.10092615336179733,2024-05-03-12-14-06/SITE49_ORNT15_VIS5mi.png
6,8,"[0.1005, 0.1000, 0.0996, 0.0999, 0.0999, 0.1002, 0.1009, 0.0999, 0.0993, 0.0999]",0.10092572867870331,2024-08-02-20-27-22/SITE424_ORNT180_VIS9mi.png
6,0,"[0.1006, 0.1000, 0.0997, 0.0999, 0.0998, 0.1002, 0.1009, 0.0999, 0.0992, 0.0999]",0.10092749446630478,2025-01-17-15-10-02/SITE438_ORNT110_VIS1-5mi.png
6,0,"[0.1006, 0.1000, 0.0996, 0.0999, 0.0998, 0.1002, 0.1009, 0.0999, 0.0992, 0.0999]",0.10093820840120316,2025-02-05-13-59-56/SITE179_ORNT36_VIS1mi.png
6,5,"[0.1006, 0.1000, 0.0996, 0.0999, 0.0998, 0.1002, 0.1009, 0.0999, 0.0992, 0.0999]",0.1009383574128151,2024-08-24-10-27-52/SITE253_ORNT65_VIS6mi.png
6,4,"[0.1006, 0.1000, 0.0996, 0.0999, 0.0998, 0.1002, 0.1009, 0.0999, 0.0992, 0.0999]",0.10094019025564194,2024-07-25-10-00-39/SITE581_ORNT160_VIS5mi.png
6,9,"[0.1005, 0.1000, 0.0996, 0.0999, 0.0998, 0.1001, 0.1010, 0.0999, 0.0992, 0.0999]",0.10095208883285522,2025-02-05-13-59-56/SITE834_ORNT220_VIS10+mi.png
6,8,"[0.1005, 0.1000, 0.0997, 0.0999, 0.0999, 0.1002, 0.1009, 0.0998, 0.0992, 0.0999]",0.10090234130620956,2024-06-22-15-38-49/SITE477_ORNT160_VIS9mi.png
6,5,"[0.1005, 0.1000, 0.0997, 0.0999, 0.0998, 0.1002, 0.1009, 0.0999, 0.0992, 0.0999]",0.10090896487236023,2025-03-02-13-12-40/SITE5_ORNT230_VIS6mi.png
6,2,"[0.1006, 0.1000, 0.0996, 0.0999, 0.0998, 0.1002, 0.1009, 0.0999, 0.0992, 0.0999]",0.10094335675239563,2024-09-08-13-07-06/SITE129_ORNT266_VIS3mi.png
6,0,"[0.1005, 0.1000, 0.0996, 0.0999, 0.0998, 0.1001, 0.1009, 0.0999, 0.0992, 0.0999]",0.10094698518514633,2025-03-06-15-10-58/SITE45_ORNT290_VIS1mi.png
6,0,"[0.1006, 0.1000, 0.0996, 0.0999, 0.0998, 0.1002, 0.1010, 0.0999, 0.0992, 0.0999]",0.10095446556806564,2024-12-09-12-13-38/SITE186_ORNT217_VIS1-25mi.png
6,4,"[0.1006, 0.1000, 0.0997, 0.0999, 0.0998, 0.1002, 0.1009, 0.0999, 0.0992, 0.0999]",0.10093028098344803,2024-05-09-16-15-37/SITE418_ORNT195_VIS5mi.png
6,8,"[0.1005, 0.1000, 0.0997, 0.0999, 0.0998, 0.1002, 0.1009, 0.0999, 0.0992, 0.0999]",0.10090920329093933,2024-05-07-15-42-07/SITE401_ORNT350_VIS9mi.png
6,3,"[0.1006, 0.1000, 0.0996, 0.0999, 0.0998, 0.1002, 0.1009, 0.0999, 0.0992, 0.0999]",0.1009381115436554,2024-12-10-14-08-09/SITE117_ORNT165_VIS4mi.png
6,8,"[0.1005, 0.1000, 0.0997, 0.0999, 0.0998, 0.1002, 0.1009, 0.0999, 0.0992, 0.0999]",0.10090632736682892,2025-01-26-13-23-03/SITE339_ORNT90_VIS9mi.png
6,7,"[0.1005, 0.1000, 0.0996, 0.0999, 0.0998, 0.1002, 0.1009, 0.0999, 0.0992, 0.0999]",0.10094817727804184,2024-08-02-20-27-22/SITE203_ORNT70_VIS8mi.png
6,4,"[0.1005, 0.1000, 0.0996, 0.0999, 0.0999, 0.1002, 0.1009, 0.0999, 0.0992, 0.0999]",0.10091832280158997,2025-02-14-15-24-27/SITE377_ORNT0_VIS5mi.png
6,2,"[0.1005, 0.1000, 0.0996, 0.0999, 0.0998, 0.1002, 0.1009, 0.0999, 0.0992, 0.0999]",0.10093165934085846,2024-08-29-14-11-27/SITE29_ORNT270_VIS3mi.png
6,9,"[0.1005, 0.1000, 0.0996, 0.0999, 0.0998, 0.1002, 0.1009, 0.0999, 0.0992, 0.0999]",0.10092611610889435,2024-10-18-12-30-03/SITE540_ORNT256_VIS10+mi.png
6,8,"[0.1005, 0.1000, 0.0996, 0.0999, 0.0998, 0.1002, 0.1009, 0.0999, 0.0992, 0.0999]",0.10092128813266754,2024-06-28-13-30-05/SITE336_ORNT180_VIS9mi.png
6,6,"[0.1006, 0.1000, 0.0996, 0.0999, 0.0998, 0.1001, 0.1010, 0.0999, 0.0992, 0.0999]",0.1009690910577774,2024-08-02-10-36-13/SITE241_ORNT34_VIS7mi.png
6,8,"[0.1005, 0.1000, 0.0996, 0.0999, 0.0998, 0.1002, 0.1009, 0.0999, 0.0992, 0.0999]",0.10094190388917923,2024-07-07-11-04-33/SITE299_ORNT260_VIS9mi.png
6,4,"[0.1006, 0.1000, 0.0996, 0.0999, 0.0998, 0.1002, 0.1010, 0.0999, 0.0992, 0.0999]",0.10095319151878357,2025-02-01-12-44-07/SITE734_ORNT160_VIS5mi.png
6,6,"[0.1006, 0.1000, 0.0996, 0.0999, 0.0998, 0.1002, 0.1009, 0.0999, 0.0992, 0.0999]",0.10094918310642242,2024-06-16-19-09-40/SITE22_ORNT0_VIS7mi.png
6,3,"[0.1006, 0.1000, 0.0996, 0.0999, 0.0998, 0.1002, 0.1009, 0.0999, 0.0992, 0.0999]",0.10093328356742859,2024-07-01-19-28-49/SITE117_ORNT43_VIS4mi.png
6,6,"[0.1006, 0.1000, 0.0996, 0.0999, 0.0998, 0.1002, 0.1009, 0.0999, 0.0992, 0.0999]",0.10094005614519119,2024-07-18-14-04-18/SITE22_ORNT0_VIS7mi.png
6,6,"[0.1005, 0.1000, 0.0996, 0.0999, 0.0998, 0.1001, 0.1010, 0.0999, 0.0992, 0.0999]",0.10096070170402527,2024-07-14-16-38-50/SITE30_ORNT345_VIS7mi.png
6,6,"[0.1006, 0.1000, 0.0996, 0.0999, 0.0998, 0.1002, 0.1009, 0.0999, 0.0992, 0.0999]",0.10093918442726135,2024-09-02-17-43-28/SITE106_ORNT12_VIS7mi.png
6,6,"[0.1006, 0.1000, 0.0996, 0.0999, 0.0998, 0.1002, 0.1009, 0.0999, 0.0992, 0.0999]",0.10094228386878967,2024-09-07-11-42-21/SITE595_ORNT270_VIS7mi.png
6,8,"[0.1005, 0.1000, 0.0997, 0.0999, 0.0998, 0.1002, 0.1009, 0.0999, 0.0992, 0.0999]",0.10092174261808395,2024-08-30-10-00-55/SITE336_ORNT180_VIS9mi.png
6,0,"[0.1005, 0.1000, 0.0996, 0.0999, 0.0998, 0.1002, 0.1009, 0.0999, 0.0992, 0.0999]",0.10093501955270767,2025-04-16-13-54-24/SITE9_ORNT200_VIS1-75mi.png
6,7,"[0.1006, 0.1000, 0.0996, 0.0999, 0.0998, 0.1002, 0.1009, 0.0999, 0.0992, 0.0999]",0.10094466805458069,2024-04-25-17-48-06/SITE241_ORNT214_VIS8mi.png
6,4,"[0.1005, 0.1000, 0.0996, 0.0999, 0.0998, 0.1002, 0.1009, 0.0999, 0.0992, 0.0999]",0.10092493891716003,2025-04-16-13-54-24/SITE807_ORNT90_VIS5mi.png
6,2,"[0.1005, 0.1000, 0.0996, 0.0999, 0.0998, 0.1001, 0.1009, 0.0999, 0.0992, 0.0999]",0.1009494736790657,2024-07-05-10-36-13/SITE193_ORNT80_VIS3mi.png
6,5,"[0.1005, 0.1000, 0.0996, 0.0999, 0.0998, 0.1001, 0.1010, 0.0999, 0.0992, 0.0999]",0.10095148533582687,2025-03-31-15-41-11/SITE193_ORNT295_VIS6mi.png
6,0,"[0.1006, 0.1000, 0.0997, 0.0999, 0.0998, 0.1002, 0.1009, 0.0999, 0.0992, 0.0999]",0.10092570632696152,2025-03-04-14-20-15/SITE165_ORNT100_VIS1-25mi.png
6,7,"[0.1005, 0.1000, 0.0996, 0.0999, 0.0998, 0.1002, 0.1009, 0.0999, 0.0992, 0.0999]",0.10093097388744354,2024-07-22-20-17-56/SITE241_ORNT311_VIS8mi.png
6,4,"[0.1005, 0.1000, 0.0996, 0.0999, 0.0998, 0.1002, 0.1009, 0.0999, 0.0992, 0.0999]",0.10094080120325089,2025-02-14-15-24-27/SITE813_ORNT15_VIS5mi.png
6,9,"[0.1006, 0.1000, 0.0996, 0.0999, 0.0998, 0.1002, 0.1010, 0.0999, 0.0992, 0.0999]",0.10095608234405518,2025-01-28-16-10-28/SITE658_ORNT120_VIS10+mi.png
6,7,"[0.1005, 0.1000, 0.0996, 0.0999, 0.0998, 0.1001, 0.1010, 0.0999, 0.0992, 0.0999]",0.10095424205064774,2024-09-08-16-00-24/SITE203_ORNT335_VIS8mi.png
6,1,"[0.1006, 0.1000, 0.0996, 0.0999, 0.0998, 0.1002, 0.1009, 0.0999, 0.0992, 0.0999]",0.10094935446977615,2025-02-16-12-49-10/SITE442_ORNT210_VIS2-5mi.png
6,0,"[0.1005, 0.1000, 0.0996, 0.0999, 0.0998, 0.1002, 0.1009, 0.0999, 0.0992, 0.0999]",0.10093645006418228,2024-05-07-15-42-07/SITE132_ORNT30_VIS1-75mi.png
6,1,"[0.1006, 0.1000, 0.0996, 0.0999, 0.0998, 0.1002, 0.1009, 0.0999, 0.0992, 0.0999]",0.1009344756603241,2025-02-04-15-47-48/SITE219_ORNT70_VIS2-5mi.png
6,0,"[0.1005, 0.1000, 0.0996, 0.0999, 0.0998, 0.1002, 0.1009, 0.0999, 0.0992, 0.0999]",0.10093303769826889,2025-03-31-15-41-11/SITE606_ORNT180_VIS1-75mi.png
6,4,"[0.1005, 0.1000, 0.0996, 0.0999, 0.0998, 0.1002, 0.1009, 0.0999, 0.0992, 0.0999]",0.10092773288488388,2024-09-21-11-24-11/SITE460_ORNT350_VIS5mi.png
6,7,"[0.1005, 0.1000, 0.0997, 0.0999, 0.0998, 0.1002, 0.1009, 0.0999, 0.0992, 0.0999]",0.10091855376958847,2024-05-23-15-19-49/SITE15_ORNT170_VIS8mi.png
6,2,"[0.1006, 0.1000, 0.0996, 0.0999, 0.0998, 0.1002, 0.1009, 0.0999, 0.0992, 0.0999]",0.1009494811296463,2024-08-18-13-20-24/SITE48_ORNT275_VIS3mi.png
6,0,"[0.1005, 0.1000, 0.0996, 0.0999, 0.0998, 0.1001, 0.1010, 0.0999, 0.0992, 0.0999]",0.10095477849245071,2025-03-06-15-10-58/SITE896_ORNT210_VIS1mi.png
6,9,"[0.1006, 0.1000, 0.0996, 0.0999, 0.0998, 0.1001, 0.1010, 0.0999, 0.0992, 0.0999]",0.10095729678869247,2025-03-05-12-08-53/SITE119_ORNT96_VIS10+mi.png
6,9,"[0.1006, 0.1000, 0.0997, 0.0999, 0.0998, 0.1002, 0.1009, 0.0999, 0.0992, 0.0999]",0.10092619061470032,2025-03-06-17-34-12/SITE10_ORNT255_VIS10+mi.png
6,4,"[0.1006, 0.1000, 0.0996, 0.0999, 0.0998, 0.1002, 0.1009, 0.0999, 0.0992, 0.0999]",0.10094859451055527,2024-08-11-09-28-59/SITE569_ORNT211_VIS5mi.png
6,2,"[0.1005, 0.1000, 0.0996, 0.0999, 0.0998, 0.1002, 0.1009, 0.0999, 0.0992, 0.0999]",0.1009349673986435,2025-01-23-15-05-27/SITE19_ORNT170_VIS3mi.png
6,2,"[0.1005, 0.1000, 0.0996, 0.0999, 0.0999, 0.1002, 0.1009, 0.0999, 0.0992, 0.0999]",0.10092464089393616,2025-02-04-15-47-48/SITE522_ORNT90_VIS3mi.png
6,3,"[0.1005, 0.1000, 0.0996, 0.0999, 0.0998, 0.1002, 0.1009, 0.0999, 0.0992, 0.0999]",0.10092723369598389,2024-05-22-13-05-54/SITE205_ORNT100_VIS4mi.png
6,0,"[0.1005, 0.1000, 0.0996, 0.0999, 0.0998, 0.1002, 0.1009, 0.0999, 0.0992, 0.0999]",0.10093151777982712,2024-07-02-16-22-41/SITE198_ORNT20_VIS1-75mi.png
6,9,"[0.1005, 0.1000, 0.0996, 0.0999, 0.0998, 0.1002, 0.1009, 0.0999, 0.0992, 0.0999]",0.10092654824256897,2024-08-01-13-32-05/SITE512_ORNT90_VIS15mi.png
6,5,"[0.1005, 0.1000, 0.0996, 0.0999, 0.0998, 0.1001, 0.1010, 0.0999, 0.0992, 0.0999]",0.10098738223314285,2024-06-14-14-13-33/SITE239_ORNT202_VIS6mi.png
6,5,"[0.1005, 0.1000, 0.0996, 0.0999, 0.0999, 0.1001, 0.1010, 0.0999, 0.0992, 0.0999]",0.10095024853944778,2025-02-11-14-30-47/SITE340_ORNT55_VIS6mi.png
6,2,"[0.1005, 0.1000, 0.0996, 0.0999, 0.0998, 0.1001, 0.1009, 0.0999, 0.0992, 0.0999]",0.10094880312681198,2024-09-07-13-37-18/SITE58_ORNT175_VIS3mi.png
6,8,"[0.1005, 0.1000, 0.0997, 0.0999, 0.0998, 0.1002, 0.1009, 0.0999, 0.0992, 0.0999]",0.10092172026634216,2024-08-15-16-44-48/SITE179_ORNT108_VIS9mi.png
6,1,"[0.1005, 0.1000, 0.0997, 0.0999, 0.0998, 0.1002, 0.1009, 0.0999, 0.0992, 0.0999]",0.10092491656541824,2025-04-16-13-54-24/SITE684_ORNT179_VIS2-5mi.png
6,8,"[0.1005, 0.1000, 0.0996, 0.0999, 0.0998, 0.1002, 0.1009, 0.0999, 0.0992, 0.0999]",0.10094475746154785,2025-02-01-17-30-02/SITE132_ORNT265_VIS9mi.png
6,2,"[0.1005, 0.1000, 0.0996, 0.0999, 0.0999, 0.1002, 0.1009, 0.0999, 0.0992, 0.0999]",0.10093268752098083,2025-04-16-13-54-24/SITE366_ORNT95_VIS3mi.png
6,2,"[0.1006, 0.1000, 0.0996, 0.0999, 0.0998, 0.1002, 0.1009, 0.0999, 0.0992, 0.0999]",0.10094091296195984,2024-08-29-14-11-27/SITE29_ORNT200_VIS3mi.png
6,1,"[0.1005, 0.1000, 0.0996, 0.0999, 0.0998, 0.1002, 0.1009, 0.0999, 0.0992, 0.0999]",0.10093241930007935,2024-07-05-14-33-31/SITE217_ORNT150_VIS2mi.png
6,5,"[0.1005, 0.1000, 0.0997, 0.0999, 0.0998, 0.1002, 0.1009, 0.0999, 0.0992, 0.0999]",0.1009136512875557,2025-02-02-12-13-03/SITE325_ORNT280_VIS6mi.png
6,6,"[0.1006, 0.1000, 0.0996, 0.0999, 0.0998, 0.1002, 0.1009, 0.0999, 0.0992, 0.0999]",0.10094296187162399,2024-06-30-10-21-08/SITE417_ORNT315_VIS7mi.png
6,7,"[0.1005, 0.1000, 0.0996, 0.0999, 0.0998, 0.1002, 0.1009, 0.0999, 0.0992, 0.0999]",0.10094797611236572,2024-07-29-16-41-43/SITE261_ORNT270_VIS8mi.png
6,9,"[0.1006, 0.1000, 0.0996, 0.0999, 0.0998, 0.1002, 0.1009, 0.0999, 0.0992, 0.0999]",0.10093667358160019,2024-10-14-13-08-27/SITE59_ORNT10_VIS10+mi.png
6,9,"[0.1005, 0.1000, 0.0996, 0.0999, 0.0998, 0.1002, 0.1009, 0.0999, 0.0992, 0.0999]",0.100925013422966,2024-04-30-13-21-52/SITE512_ORNT340_VIS15mi.png
